device_id,temp,vibration,voltage,temp_trend,vib_trend,voltage_std,packet_loss,latency,link_errors,network_score
0,40.30415367706676,0.019940586418219393,12.05258093418704,-0.22731746640678097,0.0005457063288830527,0.0892715086381374,0.1297604413878061,2.583952473709368,0.0,1.5514971196302962
0,40.32251161246833,0.020263107943543107,12.034849974599126,0.01835793540157482,0.0003225215253237143,0.08750360448452037,0.042468511431871,2.922538421377768,0.0,1.546206233552626
0,40.146436568293005,0.02001237397557919,12.02447074393304,-0.17607504417532738,-0.00025073396796391687,0.07568903492854051,0.4783099480238043,1.28130323968343,0.0,1.5972715158893236
0,39.8010147920824,0.0200100949658256,12.027646479414532,-0.3454217762106069,-2.27900975359116e-06,0.07452650084893181,0.1150359016990046,4.697646359987967,0.0,2.5788949833919927
0,39.95292220434733,0.02043778389902634,12.0176258104162,0.15190741226493287,0.00042768893320074136,0.08812479720643449,0.1406978657438747,2.230130741196004,0.0,1.3964611020857514
0,39.57987102890926,0.02035406734513274,12.012825315582464,-0.3730511754380714,-8.371655389360216e-05,0.08674525192847586,0.0315468320021281,4.300582666768568,0.0,2.21338499738854
0,39.69000679636146,0.02043614916990057,12.003534980706812,0.11013576745219922,8.208182476783163e-05,0.07384211325806896,0.0154783474653418,2.969041691011409,0.0,1.515477540436388
0,39.51882338296976,0.02046257901961526,11.999216029087657,-0.1711834133917023,2.6429849714688924e-05,0.07400423260372416,0.1052365253785053,3.244864585757169,0.0,1.832905343635595
0,39.56492978562511,0.020469585483727428,11.991428276051916,0.04610640265535437,7.006464112169208e-06,0.07305941511779951,0.0079231150315081,2.047215855004396,0.0,1.0394541575652143
0,39.7438201421389,0.01999243766725601,12.016792628846098,0.17889035651379004,-0.00047714781647141893,0.07701344885880566,0.2607752072069784,4.611501596086023,0.0,2.8273012124569683
0,39.87939494515897,0.019602420348765547,11.99772988600898,0.13557480302007008,-0.0003900173184904626,0.07931271164033799,0.4856313175121877,4.707872916732387,0.0,3.3251990933905686
0,39.82080737805661,0.019590877918747883,11.997282768172463,-0.058587567102364346,-1.154243001766364e-05,0.07954257052411452,0.2933495536305973,4.715667992152657,0.0,2.944533103337523
0,39.877523249252896,0.01981230623508657,11.991380068861758,0.05671587119628896,0.0002214283163386871,0.07638702786287788,0.1243383674200148,2.2672947628797355,0.0,1.3823241162798974
0,40.026568409888185,0.01988847728505308,11.989016280468109,0.14904516063528916,7.617104996650997e-05,0.07586346488947705,0.2605273660347196,1.1973517303171968,0.0,1.1197305972280376
0,39.97210354464339,0.01961172254252729,12.016513738106475,-0.0544648652447961,-0.00027675474252579144,0.07899270087408192,0.1962380658436852,4.236307394787675,0.0,2.510629829081208
0,40.220671448757884,0.02031756775016579,12.035118258051288,0.2485679041144948,0.0007058452076385002,0.09793093378493686,0.3397226636077001,1.318171754866464,0.0,1.3385312046486322
0,40.333704701286294,0.02005187294781155,12.027426063410461,0.11303325252841034,-0.00026569480235423895,0.0985953156001331,0.0909386934218846,2.0271216043173697,0.0,1.195438189002454
0,40.250581537564074,0.01980920319378002,12.033799834669892,-0.08312316372222028,-0.0002426697540315291,0.09704158034250841,0.3770415854434874,4.79705977663828,0.0,3.152613059206115
0,40.2104090096053,0.02007297558646223,12.047410636093502,-0.040172527958773685,0.0002637723926822086,0.09576478844313982,0.1849605357713555,2.503244419015538,0.0,1.62154328105048
0,40.45739401209566,0.02079985197546033,12.027290037358568,0.24698500249036215,0.0007268763889981024,0.09494266217238995,0.4655499498111386,3.707960016272508,0.0,2.785079907758531
0,40.42650879807311,0.02105197215187323,12.025742571298832,-0.030885214022553953,0.0002521201764128997,0.0972824494326842,0.2084512532965529,1.7713282008147448,0.0,1.3025666070004782
0,40.35444717477337,0.02138666255674822,12.027502743992754,-0.07206162329973864,0.00033469040487498977,0.09608288334155511,0.4618028192815869,3.506316778476498,0.0,2.676764027801423
0,40.227872006719096,0.021665790461164507,12.025311801221543,-0.1265751680542735,0.00027912790441628546,0.0969664151328381,0.1863792791847629,1.2890457517362992,0.0,1.0172814342376755
0,40.450523778689096,0.021082718128645962,12.030332180510248,0.22265177196999986,-0.0005830723325185444,0.09643769371793136,0.2335003317453958,3.038171339208205,0.0,1.9860863330948941
0,40.36309224870216,0.021391053236922274,12.018899308042569,-0.0874315299869366,0.0003083351082763114,0.08725355550764574,0.1264776311102918,1.400379285247428,0.0,0.9531449048442976
0,40.34121652761231,0.020878432564666434,12.00571439253606,-0.02187572108984881,-0.0005126206722558396,0.06363045497452793,0.2572576953790295,2.903337392616121,0.0,1.9661840870661194
0,40.277814090116514,0.02071924131867914,12.005164590914188,-0.063402437495796,-0.00015919124598729253,0.06385103702676133,0.1290089308574534,1.7168969658978854,0.0,1.1164663446638494
0,40.53389317029612,0.02099048564527784,12.009033684369307,0.2560790801796031,0.0002712443265986998,0.06734201946461581,0.4934508652135815,4.017024091547906,0.0,2.995413776201116
0,40.525210282494186,0.02064918303241805,11.990423674920262,-0.008682887801931827,-0.00034130261285979235,0.06492143075887694,0.0645351438392174,2.2159130535717693,0.0,1.2370268144643195
0,40.02423568404191,0.02025300605856829,11.974004813350634,-0.5009745984522738,-0.00039617697384975933,0.0934938268399035,0.0716464992682352,4.438737492311947,0.0,2.3626617446924443
0,39.94143352270231,0.02011483607089518,11.972466525603883,-0.08280216133960039,-0.00013816998767311045,0.09517773063333484,0.2553033539968285,1.2726390343278116,0.0,1.146926225157563
0,40.08465765345869,0.01968483228261663,11.95885409082938,0.14322413075637996,-0.0004300037882785483,0.10392873843246583,0.0757678098250437,2.579057549976997,0.0,1.441064394638586
0,40.058106364164544,0.019169341031872192,11.964108233997816,-0.026551289294147296,-0.000515491250744439,0.10643798044076808,0.019962780110954,2.364555839162087,0.0,1.2222034798029515
0,39.79069189588215,0.01963744464356869,11.962650086834044,-0.26741446828239646,0.0004681036116964965,0.10531957992901404,0.2030170319896118,4.436285686988617,0.0,2.624176907473532
0,39.774520719574255,0.019735832351495487,11.95841246886559,-0.016171176307892665,9.83877079267989e-05,0.10296245664761615,0.3181635979926889,2.1511506003474974,0.0,1.7119024961591265
0,39.46878908997403,0.0197375905218763,11.949535467662518,-0.30573162960022415,1.7581703808111637e-06,0.09605637854836083,0.2242133258943711,3.595406953692496,0.0,2.24613012863499
0,39.61474098128934,0.019564151869460988,11.969250631533455,0.14595189131530617,-0.00017343865241531073,0.12014222198263745,0.1698379140699288,2.2387554470378803,0.0,1.4590535516587977
0,39.36795509183511,0.01960609162597074,11.971206734173121,-0.2467858894542303,4.193975650975193e-05,0.12228074667557583,0.3915139299343372,3.5272562332348407,0.0,2.546655976486095
0,39.41529950284881,0.0200846064997364,11.958155389424112,0.04734441101370379,0.00047851487376565985,0.1352883487207538,0.3535663412337088,3.68865763604894,0.0,2.5514615004918877
0,39.63369249475604,0.019905126901893437,11.966899105053384,0.21839299190722983,-0.00017947959784296239,0.12461687064035178,0.067222479507513,2.4826957691305043,0.0,1.3757928435802782
0,39.70074426202704,0.02015941919010917,11.993100311373489,0.06705176727099627,0.00025429228821573224,0.13001590989381934,0.1382606746142752,1.334702516162368,0.0,0.9438726073097343
0,39.52905273775205,0.02000071136667744,11.998055347366362,-0.17169152427498346,-0.00015870782343173004,0.12435363577785517,0.3181696391444792,1.9852113403685,0.0,1.6289449484732086
0,39.70965329029571,0.019956598333806967,11.981459549809214,0.18060055254365892,-4.411303287047211e-05,0.1301180659979797,0.492920767234162,3.3722191022371586,0.0,2.6719510855869033
0,39.727001507487145,0.0201372624627095,11.966791365160955,0.01734821719143298,0.00018066412890253153,0.1323891325685025,0.1290815405061388,4.1158927860933625,0.0,2.3161094740589587
0,39.73630319779182,0.019545156135989637,11.960871026420197,0.009301690304674537,-0.0005921063267198615,0.1324862493533895,0.0108043417870705,2.373830388836672,0.0,1.208523877992477
0,39.882295437757136,0.019926829997867913,11.950205733027923,0.14599223996531663,0.0003816738618782761,0.13510805243252183,0.0485784274361613,4.148038970122012,0.0,2.1711763399333286
0,39.889068256552235,0.02011506033123689,11.927899779081821,0.006772818795099056,0.00018823033336897582,0.10952820674431721,0.1517203141371219,4.095398057484523,0.0,2.3511396570165055
0,39.961204592484805,0.01983452503381754,11.913722759903376,0.0721363359325693,-0.000280535297419348,0.09277542346493439,0.4029179400973705,2.569469632662699,0.0,2.0905706965260906
0,40.089488843771164,0.019391381545332962,11.933704252194522,0.12828425128635956,-0.0004431434884845792,0.08267778796291488,0.2060951575537992,4.552151244123387,0.0,2.688265937169292
0,39.95821794132792,0.01984905020902161,11.953609879343578,-0.1312709024432408,0.00045766866368864706,0.08770745388981842,0.1181045131043682,3.471650973771089,0.0,1.972034513094281
0,39.99468405192468,0.01958787248821317,11.925735790353547,0.03646611059675564,-0.00026117772080843857,0.06519368933456121,0.430214410138695,3.2813361958449607,0.0,2.5010969181998703
0,40.248512389892845,0.01996853534846316,11.933857257001865,0.25382833796816584,0.00038066286024998966,0.06524344671300818,0.3564151891719431,1.335263166007973,0.0,1.3804619613478728
0,40.28133725869818,0.01964606191652695,11.953645878115186,0.03282486880533497,-0.0003224734319362092,0.07233758181460366,0.3833091840701396,4.50948157719637,0.0,3.0213591567384643
0,40.295885000693836,0.019096802143754452,11.962312576840125,0.014547741995656338,-0.0005492597727724986,0.0679229005408817,0.0300110143997904,4.012813238320564,0.0,2.066428647959863
0,40.219450847399,0.0193410067158742,11.97193892968279,-0.0764341532948336,0.00024420457211974875,0.06998292974679937,0.2973997337546731,1.2808213633681476,0.0,1.23521014919342
0,40.326883583114835,0.01920660937479251,12.000771348450087,0.10743273571583245,-0.00013439734108169205,0.08274358314318893,0.3005357369951049,3.6174272018807967,0.0,2.4097850749306082
0,40.15973661856026,0.01930932529629182,11.990063349412157,-0.16714696455457556,0.00010271592149931064,0.09545475251372594,0.4239727671608861,3.6915103901674335,0.0,2.693700729405489
0,40.28367080607858,0.0197091730331668,12.002115787983985,0.12393418751832286,0.0003998477368749795,0.0984487125481581,0.4687363889153613,2.242926220201367,0.0,2.058935887931406
0,40.18630923040482,0.019646837382514378,11.99059805231072,-0.0973615756737658,-6.2335650652421e-05,0.10718922079516614,0.2960575486208868,3.758645041141405,0.0,2.471437617812476
0,40.051877713057536,0.01971981180764462,11.974237342315757,-0.13443151734728076,7.297442513024346e-05,0.10747080988569764,0.4486689183610213,1.387913285966102,0.0,1.5912944797050936
0,40.06895271205856,0.01964575597336029,11.992157934927913,0.01707499900102505,-7.405583428433254e-05,0.10023918593008696,0.2453219238319777,3.629100408924529,0.0,2.30519405212622
0,39.968205692826906,0.01937663501190319,12.00277910382239,-0.10074701923165463,-0.00026912096145709913,0.10330063776714232,0.002312947235019,4.048108945175109,0.0,2.0286803670575924
0,39.833533253768806,0.019817940431863364,12.008003021680889,-0.13467243905810022,0.00044130541996017375,0.10800434345559767,0.1370309617578076,4.899697667438055,0.0,2.7239107572346426
0,40.09691381816932,0.020194242715837397,12.018446577606378,0.2633805644005136,0.00037630228397403376,0.10887696454469714,0.4993565587335067,2.419999116076185,0.0,2.208712675505106
0,40.07023927615402,0.020284905798678133,12.022314485604422,-0.026674542015300062,9.066308284073551e-05,0.10995698240932852,0.4369461477580895,4.771711652921438,0.0,3.259748121976898
0,39.94267693476296,0.020331595787755653,11.996485790313033,-0.12756234139106226,4.668998907752034e-05,0.10394888994230872,0.0142325385527851,2.0405289529320694,0.0,1.0487295535716048
0,39.89133313505744,0.02018096948874294,12.012259359286606,-0.05134379970552061,-0.00015062629901271482,0.08968065562133078,0.4421542218886926,4.597573239016233,0.0,3.183095063285502
0,39.74473704347705,0.01998473993182415,12.016029017653674,-0.14659609158038478,-0.00019622955691878802,0.09346476441989537,0.1088817188531921,4.871678862460034,0.0,2.6536028689364013
0,39.82295125370967,0.01997400664268495,12.036898158645124,0.07821421023261621,-1.0733289139201047e-05,0.07906415000798084,0.0380305165000124,4.573513412708751,0.0,2.3628177393544
0,40.056919097977655,0.01995729334406036,12.056952994428162,0.2339678442679869,-1.6713298624588396e-05,0.06422877602442409,0.0309136605857311,1.721290958609491,0.0,0.9224728004762077
0,40.16461973910482,0.01975001845585343,12.054445063575393,0.10770064112716682,-0.00020727488820693196,0.06565152515490978,0.1742312999523713,1.5369844454056123,0.0,1.1169548226075487
0,40.102925162518574,0.01993714347178708,12.048357711302959,-0.06169457658624822,0.00018712501593365002,0.0661506355988354,0.4640005282167518,4.86910943201906,0.0,3.362555772443034
0,40.147497746042134,0.019751885905247058,12.041006494929274,0.04457258352356064,-0.00018525756654002093,0.06158622163413273,0.3026948843944506,3.3871973407167792,0.0,2.2989884391472906
0,40.033663011915124,0.02005480705268742,12.024099474635367,-0.1138347341270105,0.00030292114744036314,0.07366722342018203,0.2686981398648109,4.488297469423316,0.0,2.78154501444128
0,40.0989595210158,0.02031185447749246,12.038327184841055,0.0652965091006763,0.0002570474248050382,0.09388495834846713,0.2036242795447075,3.715064827199529,0.0,2.2647809726891794
0,40.25685151936943,0.01987648352303659,12.044395431938387,0.15789199835362666,-0.0004353709544558694,0.08574952632133653,0.0485891319444983,3.558160830153671,0.0,1.8762586789658322
0,40.19333918120794,0.019942621416824322,12.051181147117873,-0.06351233816148749,6.613789378773216e-05,0.08491569701579392,0.1409217993069105,2.110095283345657,0.0,1.3368912402866495
0,40.097558915671826,0.019948282164245452,12.050418484749887,-0.09578026553611352,5.660747421129542e-06,0.08430364660852432,0.1718216218853242,4.757914354678478,0.0,2.7226004211098873
0,39.92718828989941,0.019664779775675822,12.04265134320666,-0.17037062577241358,-0.0002835023885696293,0.0851323458122568,0.1291001346772317,1.655390454784751,0.0,1.085895496746839
0,39.797060050644646,0.0195439091702264,12.033967166415945,-0.13012823925476624,-0.00012087060544942185,0.08309387192211411,0.1614882741845851,2.1578713576329007,0.0,1.4019122271856206
0,39.551110162932424,0.019740289248095972,12.02925532710162,-0.24594988771222148,0.00019638007786957137,0.08589254894960109,0.1958320195294898,3.08317480346924,0.0,1.9332514407935997
0,39.71070125378023,0.01965244286723113,12.016157947477046,0.15959109084780465,-8.78463808648422e-05,0.09734364604732029,0.2617812133539958,4.991008965324561,0.0,3.019066909370272
0,39.73046038336578,0.01957970472530995,12.014462683365641,0.019759129585551705,-7.273814192117894e-05,0.09695916987372546,0.1255012579118855,4.925258106732203,0.0,2.7136315691898725
0,39.62272508355277,0.01900602721636018,12.027290026303788,-0.10773529981300811,-0.0005736775089497693,0.088953655493125,0.2424963136661482,4.229393402306968,0.0,2.5996893284857805
0,39.837377228287046,0.01912859725848639,11.992299423745822,0.21465214473427352,0.0001225700421262077,0.07738580672200736,0.4284429642234506,3.989911071281971,0.0,2.8518414640878866
0,39.648356739458045,0.01947127982327941,11.996119131410325,-0.18902048882900147,0.0003426825647930218,0.07673698369033757,0.4708958213916426,3.4509043909252584,0.0,2.6672438382459145
0,39.950957863407716,0.01967349649440036,11.9875534622916,0.3026011239496711,0.0002022166711209486,0.07192056573044552,0.3250285948539601,1.788311148595452,0.0,1.5442127640056462
0,40.23891736428233,0.01959896091291431,11.97500017836045,0.28795950087461364,-7.453558148605086e-05,0.05818681907783608,0.3852640818217278,2.0988711309652937,0.0,1.8199637291261024
0,40.432348991330095,0.019349153392670997,11.97605269373454,0.19343162704776518,-0.00024980752024331143,0.05877276012312367,0.1902605694530496,1.3016411907463747,0.0,1.0313417342792865
0,40.53216968260526,0.01913615064691731,11.979763925012875,0.09982069127516269,-0.0002130027457536883,0.06240081522815859,0.0778161238226128,2.992290762880025,0.0,1.6517776290852382
0,40.431269928834425,0.01951172686850999,11.974449575496681,-0.10089975377083249,0.0003755762215926807,0.06614850968142333,0.0516637706667659,2.5654357922749544,0.0,1.386045437471009
0,40.33090077539334,0.019614110998466622,11.984125091548316,-0.10036915344108621,0.00010238412995663276,0.058234540599914376,0.3736229820422655,1.1548075891552192,0.0,1.3246497586621406
0,40.25540699053235,0.01959413689021361,11.99702709967941,-0.07549378486098846,-1.9974108253013184e-05,0.07921817659139742,0.3911153276400619,2.457402939874847,0.0,2.0109321252175474
0,40.36140516521174,0.0194632218324494,12.010010669784391,0.10599817467939232,-0.0001309150577642089,0.09483354051429027,0.35957809670159,1.2321829918789184,0.0,1.3352476893426393
0,40.32751321524786,0.01924213530098243,12.0143534306346,-0.03389194996388056,-0.00022108653146696994,0.08792229283325478,0.1219451572919272,4.931644613379492,0.0,2.7097126212736002
0,40.49080319538589,0.0188516969252603,12.007613312078037,0.16328998013802476,-0.0003904383757221304,0.09152451268548234,0.2992194183074056,3.2745352173108757,0.0,2.235706445270249
0,40.143442982996945,0.01872672846107974,12.020007546345342,-0.3473602123889421,-0.00012496846418056165,0.09661665395041114,0.1683646838131363,3.181541233918366,0.0,1.9274999845854557
0,40.00037808626771,0.01847927528676177,12.030748719659014,-0.1430648967292356,-0.00024745317431796796,0.09795287007015197,0.3439259482683723,4.238749808475538,0.0,2.807226800774514
0,39.99824079577938,0.0194273300775343,12.017774426625452,-0.002137290488327892,0.000948054790772531,0.10896665231427398,0.0416464684632148,1.898692871882293,0.0,1.0326393728675762
0,39.83916930620183,0.01927070467817427,12.012368548182923,-0.15907148957754913,-0.00015662539936003167,0.10854305967741198,0.2363650899207668,2.332686211495904,0.0,1.6390732855894856
0,40.13072834998472,0.01950680299093812,12.021791330301557,0.29155904378288966,0.0002360983127638501,0.10256955081168694,0.0310988594496829,4.744433117943862,0.0,2.4344142778712965
0,40.06214781458773,0.01958870071980864,12.027457080702726,-0.06858053539698972,8.189772887052041e-05,0.10168112885044699,0.247017541313158,3.806173420652555,0.0,2.3971217929525936
0,39.99539210545945,0.01980860505691663,12.01202132939289,-0.06675570912828022,0.00021990433710799076,0.09123198244195344,0.0796640783529037,4.46516039319192,0.0,2.3919083533017673
0,40.01958934300893,0.01978048866266911,11.982251700786644,0.024197237549479667,-2.8116394247521687e-05,0.0849805330455688,0.3995407143983536,2.331016909531188,0.0,1.9645898835623012
0,39.85000929259395,0.01925018121456011,12.000405554139316,-0.1695800504149787,-0.0005303074481089985,0.085561546438829,0.2473393357695437,2.82102719538788,0.0,1.9051922692330274
0,39.728008154758186,0.019192614914963168,11.998497139434697,-0.12200113783576683,-5.7566299596942955e-05,0.08739728765473978,0.1765149599522445,3.330069944619696,0.0,2.018064892214337
0,39.98602710745153,0.01953296176238244,11.997358482254528,0.25801895269334096,0.00034034684741927196,0.08583518761768008,0.0473020479198211,2.1835243010577474,0.0,1.1863662463685158
0,40.07229967095143,0.02007873606280655,11.99439265588811,0.08627256349990375,0.0005457743004241115,0.08273586471027351,0.1187533000583158,4.810999645129903,0.0,2.6430064226815833
0,40.17077211815325,0.019712361420002898,12.003537439128937,0.09847244720182147,-0.00036637464280365323,0.0732384973465643,0.2982244257499243,2.7429195947093423,0.0,1.9679086488545199
0,40.42003796079485,0.019856952778685648,12.01852402992077,0.24926584264159857,0.00014459135868274964,0.08572766141696449,0.225728413201321,2.3109228737910392,0.0,1.6069182632981616
0,40.356509777779436,0.01912759282277328,12.015368616796138,-0.06352818301541419,-0.000729359955912369,0.08689568364996413,0.0897389034185561,4.569410476486152,0.0,2.4641830450801883
0,40.29989493297262,0.01917198021475671,12.00123144779823,-0.05661484480681622,4.438739198343172e-05,0.09392278130350169,0.0693772905532418,3.5398132197949894,0.0,1.9086611910039784
0,40.40280373369826,0.01893924913701341,11.992286961594996,0.10290880072564335,-0.0002327310777433013,0.098079741749048,0.169117915102092,3.0022929411565213,0.0,1.8393823007824448
0,40.20824987644811,0.01940236686202494,12.017084390202696,-0.19455385725015617,0.000463117725011529,0.0935481440650696,0.3248321904938744,1.3797835616635798,0.0,1.3395561618195386
0,40.27908137391271,0.01950837496176601,12.014688762751017,0.07083149746460293,0.00010600809974107075,0.09192095954515694,0.0539146322957002,4.343446733229662,0.0,2.2795526312062315
0,40.18501473440935,0.019624051598402543,12.020389971418657,-0.09406663950336025,0.00011567663663653374,0.08667200454728079,0.292751109719765,3.340306912069143,0.0,2.2556556754741015
0,40.021814304012565,0.01938195493305039,12.027810259226367,-0.16320043039678467,-0.00024209666535215252,0.09675657224874737,0.3760491305184145,1.101072134413518,0.0,1.302634328243588
0,40.09648778953577,0.018942840046464782,12.016109788278822,0.0746734855232063,-0.0004391148865856079,0.09942642008541955,0.4882491975621453,4.811776417670516,0.0,3.3823866039595485
0,40.01935224494466,0.01914607137455213,12.012819378505682,-0.07713554459110838,0.00020323132808734712,0.10157714586973053,0.4328971814000767,4.881309151249665,0.0,3.306448938424986
0,39.70211643260323,0.01929951309053704,11.98390293477473,-0.31723581234142983,0.00015344171598491094,0.10074047688317687,0.084246079446209,1.6520540655141498,0.0,0.9945191916494929
0,39.592529361223036,0.01950548695482428,11.983564970646032,-0.10958707138019719,0.00020597386428724065,0.10078895731526297,0.4310815189128874,3.286351884509076,0.0,2.505338980080313
0,39.764418395489876,0.019643103946900158,11.991630325480441,0.1718890342668402,0.00013761699207587644,0.09623114977954095,0.2915138070796413,3.610257074764812,0.0,2.3881561515416885
0,39.81376731119046,0.01968551292116259,11.983312295118447,0.04934891570058397,4.240897426243187e-05,0.10689454649119744,0.3264581894847849,1.2592626128271478,0.0,1.2825476853831437
0,39.79131095904628,0.019502404663989052,11.972833513009009,-0.02245635214418229,-0.0001831082571735372,0.09750157599575261,0.4630943674054133,3.705706524271132,0.0,2.7790419969463924
0,39.729049088813916,0.01981767650669932,11.954901923607245,-0.06226187023236207,0.00031527184271026854,0.0960455454820337,0.2350195627485058,4.2219998672183205,0.0,2.581039059106172
0,39.859183598407064,0.020122999754024432,11.963928256547645,0.1301345095931481,0.0003053232473251115,0.10189962653690308,0.2719761859959439,1.8008664471143203,0.0,1.4443855955490479
0,39.75322829113589,0.020252946144997938,11.94708920884917,-0.10595530727117364,0.00012994639097350588,0.07335733542361096,0.0173411895670378,3.69476963029377,0.0,1.8820671942809606
0,39.55649144498568,0.020177810400646902,11.96480843922706,-0.19673684615020903,-7.513574435103615e-05,0.09150040065631783,0.3543885081156208,1.7043774087153063,0.0,1.5609657205888947
0,39.611622684228905,0.020087668583989752,11.96230158884686,0.05513123924322372,-9.014181665715007e-05,0.09262586516288014,0.3076817186354697,3.422544880886386,0.0,2.3266358777141325
0,39.88553235022424,0.02000415173285757,11.97744857879486,0.2739096659953333,-8.351685113218085e-05,0.08549656327538094,0.2691885578953595,2.6327529739705,0.0,1.8547536027759688
0,39.95908349824127,0.01979876909139979,11.977523229757193,0.07355114801703166,-0.00020538264145777974,0.08548872633002377,0.2256703582186485,4.61323824490045,0.0,2.757959838887522
0,39.90269502848714,0.01910116190954407,11.994333377952584,-0.056388469754132586,-0.0006976071818557208,0.10072391759511064,0.2741982997299212,3.101992046211373,0.0,2.099392622565529
0,39.90875257596527,0.019228656550873902,12.015349390865257,0.006057547478135916,0.00012749464132983182,0.08262355166726786,0.4734128669513114,2.092654981811813,0.0,1.9931532248085295
0,40.107216685102344,0.018922518414346747,12.014640747031256,0.19846410913707047,-0.0003061381365271551,0.08272271431127644,0.2296066746978356,1.6273122267299094,0.0,1.2728694627606258
0,40.11292576369125,0.01894325629697311,12.022354729120988,0.005709078588907346,2.0737882626364196e-05,0.07177772070919265,0.3787302266504877,4.276782492635365,0.0,2.895851699618658
0,40.20518263638034,0.01881834818783083,12.031942970252324,0.09225687268909155,-0.00012490810914228198,0.08320379057746655,0.0334402319920584,3.727402984023305,0.0,1.9305819559957693
0,40.30699533512992,0.018685329437472243,12.04654088665853,0.10181269874957621,-0.0001330187503585864,0.0904408818722835,0.061725408049585,1.1208404025825205,0.0,0.6838710173904302
0,40.44028591349273,0.01909065050666587,12.0265789061084,0.13329057836281066,0.0004053210691936267,0.09425123374711773,0.4621471808874121,1.640024348265042,0.0,1.744306535907345
0,40.300676202249214,0.018968649283191,12.02495721215737,-0.13960971124351573,-0.00012200122347487061,0.09651913938659411,0.1073657151675405,4.550898855681023,0.0,2.4901808581755924
0,40.16850499792672,0.019146197991249562,12.013786591089916,-0.1321712043224963,0.00017754870805856277,0.1048218183263736,0.2988030154793113,4.8095274554093335,0.0,3.0023697586632894
0,40.05362802927901,0.01971299843762061,12.021773135218027,-0.11487696864770669,0.000566800446371047,0.10413676831997701,0.1492270818572073,1.6838805600591065,0.0,1.140394443743968
0,39.94814900881879,0.01989580288096349,12.007207052134836,-0.10547902046022273,0.00018280444334288146,0.09459138860537775,0.2696022733912776,3.2198309889014145,0.0,2.1491200412332625
0,39.822669992655086,0.019807966697090548,12.000422339505032,-0.12547901616370183,-8.783618387294204e-05,0.09450182261504964,0.1472297719149917,3.902415484182344,0.0,2.2456672859211553
0,39.640470200761,0.020072275333443863,12.011137961486487,-0.1821997918940852,0.0002643086363533151,0.10046665403894271,0.2708417038335435,1.822811353743727,0.0,1.4530890845389504
0,39.63258469862828,0.01971253702408421,12.034377769812721,-0.007885502132722877,-0.0003597383093596543,0.11301308607270248,0.2203986668243192,3.936682907809049,0.0,2.4091387875531627
0,39.53912028629218,0.01968034565958132,12.011193728608953,-0.09346441233609681,-3.2191364502890535e-05,0.10847879459213824,0.0064973592019205,1.453485935431674,0.0,0.739737686119678
0,39.549909859679566,0.01953074400624419,11.993593560877407,0.010789573387384621,-0.00014960165333713013,0.09694552558675058,0.1572400931955378,2.178941273852959,0.0,1.403950823317555
0,39.370932868892666,0.01932684541806741,12.004206309700706,-0.1789769907869001,-0.00020389858817677908,0.09386162165183803,0.456284802681359,3.3308767510348325,0.0,2.5780079808801344
0,39.26698438471219,0.01952753109350829,12.03676346144913,-0.10394848418047786,0.00020068567544087937,0.10815335339864082,0.3779082156949331,2.730705738473437,0.0,2.1211693006265846
0,39.2989451753257,0.019323333903499447,12.041057826686313,0.031960790613510426,-0.0002041971900088417,0.10266421444430933,0.4965551247557667,2.1848814001760504,0.0,2.0855509495995586
0,39.10139451495147,0.01893848605434216,12.043447535909694,-0.19755066037422608,-0.0003848478491572868,0.10316327109304187,0.3773456918158079,2.904969893459538,0.0,2.207176330361385
0,39.289391755122146,0.01894896763226213,12.039667380731458,0.18799724017067376,1.048157791996851e-05,0.1055856102937166,0.0690832260250025,1.9273529790629529,0.0,1.1018429415814814
0,39.52822157922582,0.01914409133234849,12.033973422084937,0.23882982410367504,0.00019512370008636232,0.11109102095137481,0.1024849428770832,1.507791067645759,0.0,0.958865419577046
0,39.7206039581465,0.019470650714653228,12.013795154705177,0.19238237892067644,0.00032655938230473705,0.11438813032137791,0.1508808699161354,2.558317441099228,0.0,1.5809204603818847
0,39.88540389170115,0.01978542341665322,11.987756013579807,0.1647999335546544,0.00031477270199999074,0.0980893665580375,0.0246013124747038,4.061149037510374,0.0,2.0797771437045944
0,40.04213263670068,0.01992523474821566,11.996505814125573,0.15672874499952627,0.0001398113315624408,0.09588175976896465,0.419171460258469,2.36207735022956,0.0,2.019381595631718
0,40.106269927616395,0.02015910600132377,12.007129919262423,0.06413729091571696,0.00023387125310811094,0.09906339435881638,0.1192768408861648,4.24529142706397,0.0,2.3611993953043147
0,40.211435749440035,0.02000337853039109,12.023383793049614,0.10516582182363976,-0.0001557274709326796,0.11477637491826272,0.2331648168893876,2.413759815136709,0.0,1.6732095413471297
0,40.47755478804887,0.02021650754055318,12.003358075145917,0.266119038608835,0.00021312901016208932,0.09106494602573725,0.1872184720573815,1.434278380627958,0.0,1.091576134428742
0,40.48673384442093,0.02057190398342005,12.012136365538007,0.009179056372062178,0.00035539644286686906,0.08837593639132171,0.3574663370528712,3.4071217834957905,0.0,2.4184935658536375
0,40.94031927142999,0.02072134421670695,11.98796660487833,0.45358542700905957,0.0001494402332869009,0.1017537968449379,0.0567433183541899,3.2555219472765287,0.0,1.741247610346644
0,40.807850019894566,0.02052607721246162,12.006141267385143,-0.13246925153542577,-0.00019526700424532875,0.11236954010624618,0.2803807209145609,2.118942241430916,0.0,1.6202325625445797
0,40.7691821618776,0.02047544100091203,12.014683031082361,-0.038667858016964374,-5.063621154959008e-05,0.10774485652831552,0.1399766992478503,3.864891524349978,0.0,2.2123991606706896
0,40.610388051051196,0.02040512292855784,12.02861819066032,-0.15879411082640615,-7.031807235419185e-05,0.10098543486379682,0.2988693876101291,2.012668389598619,0.0,1.6040729700195677
0,40.40217645395766,0.01997299333824979,12.034579032729635,-0.20821159709353765,-0.0004321295903080488,0.09619106788583805,0.4668120656975792,4.912516815866248,0.0,3.3898825393282825
0,40.2881893960604,0.01998347393320282,12.02374656600008,-0.11398705789725483,1.0480594953028027e-05,0.1045225655451523,0.3702295235734572,3.5528056701063537,0.0,2.516861882200091
0,40.14425012213494,0.0196324721504215,12.031350899557719,-0.14393927392546146,-0.000351001782781319,0.11168826569523886,0.1516136503642337,4.366366016955484,0.0,2.4864103092062093
0,40.270847750398275,0.020094531838743032,12.01045250502822,0.1265976282633332,0.0004620596883215325,0.09744078175999445,0.3834541723974892,3.4582173655789608,0.0,2.496017027584459
0,40.10628443339955,0.01999400648925643,12.005384915904461,-0.1645633169987235,-0.00010052534948660347,0.09803632004050723,0.4709954965407751,1.083902504499191,0.0,1.4839422453311457
0,40.185821681189815,0.01950376387927078,11.986912303258478,0.07953724779026317,-0.0004902426099856472,0.1101823679213099,0.1000091012614132,4.923741746918848,0.0,2.6618890759822507
0,40.058096492543385,0.01926610013337523,11.994427026715218,-0.1277251886464299,-0.00023766374589555272,0.10057515066681486,0.0661514041855331,1.127101658362804,0.0,0.6958536375524682
0,40.22379906291587,0.01979289316810024,11.989713968667237,0.16570257037248837,0.0005267930347250122,0.09364167761496729,0.3254514136155497,1.3967091603377475,0.0,1.349257407399973
0,40.19234665391674,0.01975737692827751,11.982072148962931,-0.03145240899912949,-3.5516239822730444e-05,0.09584717361551358,0.3484543938952398,4.908467826842882,0.0,3.1511427012119206
0,40.22345446836688,0.019526865066253278,11.990441234594886,0.031107814450137994,-0.00023051186202423246,0.10522194297187928,0.2579678688296125,2.3000007317541318,0.0,1.665936103536291
0,40.29895144029621,0.020186161024878108,11.989302959952823,0.0754969719293257,0.0006592959586248295,0.10528835132831858,0.4632314176355644,4.5966983426718375,0.0,3.2248120066070474
0,40.167399684712144,0.020199341198848773,11.997732010898481,-0.13155175558406285,1.3180173970665787e-05,0.1011286363714271,0.2346310143538278,2.9145255268866523,0.0,1.9265247921509818
0,40.35066835262937,0.02014867277425185,11.999144901418243,0.18326866791722551,-5.066842459692383e-05,0.10367169877869441,0.0300945214546722,1.4445010306523698,0.0,0.7824395582355292
0,40.27873167671662,0.019719119092499498,12.00640712811452,-0.07193667591275243,-0.0004295536817523517,0.10476363865300571,0.4583676097868692,4.777358639638415,0.0,3.3054145393929457
0,40.32452033377446,0.01935370360878399,12.00761048904837,0.045788657057840965,-0.0003654154837155095,0.10439608176681894,0.3882927429347297,3.6329187953305855,0.0,2.593044883534752
0,40.22789261582851,0.01947508913931348,12.018728463491556,-0.0966277179459496,0.00012138553052949003,0.08970697883516117,0.0992143720450284,3.607459059873651,0.0,2.002158274026882
0,40.28410698986824,0.01964237665528734,12.021057592777852,0.05621437403973317,0.00016728751597386293,0.08673677986537871,0.0606423518140576,4.958425271736406,0.0,2.600497339496318
0,40.131135675739195,0.01941749476906565,12.027964615839974,-0.1529713141290472,-0.00022488188622169294,0.0957453068482965,0.3121889597825753,4.6489776725726735,0.0,2.9488667558514874
0,40.18217806343991,0.01969158080698227,12.024710795596528,0.05104238770071845,0.000274086037916621,0.10015722087181367,0.4136461103045867,3.0750646410339866,0.0,2.3648245411261666
0,40.186848684843035,0.01966271880958618,12.040429418678878,0.0046706214031218,-2.8861997396090883e-05,0.1271259192229215,0.4275893603042057,2.340041014788093,0.0,2.0251992280024576
0,40.284189391877554,0.01938292835357398,12.024085273092116,0.09734070703451891,-0.00027979045601219873,0.14517579201607314,0.1441502300693123,3.1794587833335943,0.0,1.8780298518054217
0,40.335133707801695,0.01922613651326298,12.01855802802758,0.05094431592414139,-0.0001567918403110012,0.14765619316559783,0.0624419640702603,1.823627857456862,0.0,1.0366978568689516
0,40.3321849140883,0.0194755534868082,12.005071519868148,-0.002948793713393627,0.00024941697354522244,0.13798939371491117,0.1254929893655893,4.745860224066368,0.0,2.6239160907643626
0,40.18709056512905,0.02002694026529134,12.021125764953366,-0.14509434895925466,0.00055138677848314,0.15275846006640892,0.3328187463885741,3.7959884899671104,0.0,2.563631737760703
0,40.202769201194386,0.020291166391207142,12.019767262960517,0.01567863606533848,0.00026422612591580144,0.15318239243682283,0.3814697296621199,2.9756484287293383,0.0,2.250763673688909
0,40.282194272379904,0.019864431066729183,12.007962324123477,0.07942507118551845,-0.0004267353244779594,0.16309679235069854,0.1041616903684256,2.448286092593313,0.0,1.4324664270335077
0,40.17096980752392,0.01985281429843806,12.014347956275767,-0.11122446485598658,-1.161676829112418e-05,0.16095360424164112,0.3897813136310513,2.9073509477660813,0.0,2.233238101145143
0,40.27482927489528,0.020070641597796028,11.995444240745567,0.10385946737136464,0.00021782729935796927,0.15199579962238124,0.1686279905446902,4.377227158925145,0.0,2.5258695605519526
0,40.18191029800298,0.02008090781300333,12.018276377056088,-0.09291897689229955,1.0266215207301727e-05,0.151634262697225,0.3753362669374011,2.812984168634604,0.0,2.1571646181921045
0,40.28801772971929,0.02017984516494661,11.984779711522272,0.10610743171631043,9.89373519432804e-05,0.1193182963805282,0.443779755365473,3.8697512010382393,0.0,2.8224351112500656
0,40.132890720181436,0.02026244151913941,12.007843708532256,-0.15512700953785696,8.259635419280084e-05,0.10423750806741955,0.4473347737564795,3.6408161475524663,0.0,2.715077621289192
0,40.25444976611671,0.020528192051144013,12.011116547843972,0.12155904593527112,0.0002657505320046022,0.10217393464008506,0.2699258050927133,4.126644924754448,0.0,2.6031740725626507
0,40.45804757072885,0.020751408773392398,12.019971307635995,0.20359780461214427,0.0002232167222483844,0.10827460547430312,0.1386018236431949,4.6693678178104046,0.0,2.611887556191592
0,40.63605788520142,0.02043972526135429,11.998356709610057,0.17801031447256577,-0.00031168351203810646,0.08419304634312251,0.3630234914518455,2.1398933791769834,0.0,1.7959936724921826
0,40.6011163586615,0.02034214577031435,12.004409793977242,-0.034941526539917334,-9.757949103994176e-05,0.08415900873708133,0.1487534289981047,3.302278079036162,0.0,1.9486458975142904
0,40.61879845757933,0.02106824183708762,12.020966390288597,0.017682098917831013,0.0007260960667732699,0.06001889486674508,0.2292129609323847,1.4928024244437736,0.0,1.2048271340866563
0,40.530905977159776,0.02129934907777068,12.014540918360387,-0.08789248041955489,0.00023110724068306152,0.0663186627875664,0.4667830328820596,1.609009224789336,0.0,1.7380706781587871
0,40.35867576843696,0.021224208148126377,12.017718541777764,-0.1722302087228158,-7.514092964430383e-05,0.06507555546137267,0.2233723832476596,3.607996526708544,0.0,2.250743029849591
0,40.320855808883344,0.02122071074401886,12.025337868508277,-0.037819959553615945,-3.497404107516422e-06,0.08079503066706602,0.3227717782413958,1.4951055834768474,0.0,1.3930963482212153
0,40.23342154995431,0.02103156504108063,12.04821001438862,-0.08743425892903645,-0.00018914570293823013,0.08952740286240257,0.1274378570187547,4.87964832769145,0.0,2.6946998778832345
0,40.27604247121705,0.0207976266270693,12.063044115992323,0.042620921262745526,-0.00023393841401133167,0.10068738738024799,0.3747172681925257,3.5487322056083546,0.0,2.5238006391892287
0,40.23028101886628,0.02027311142981066,12.082647044962915,-0.045761452350774334,-0.0005245151972586397,0.09904022600453023,0.3298832937432418,1.3766866949375012,0.0,1.3481099349552341
0,39.9538612259297,0.02046331983211231,12.064059860569344,-0.27641979293657926,0.00019020840230165106,0.10729283555683802,0.0203995527606154,2.0271491206736045,0.0,1.0543736658580332
0,39.91796573500086,0.0203522956480647,12.057718635945104,-0.03589549092883715,-0.00011102418404761172,0.11336039118259802,0.4360918632807769,2.2486856912119277,0.0,1.9965265721675176
0,39.89170967475102,0.02026291775826053,12.061690376989072,-0.026256060249842506,-8.937788980416944e-05,0.11302419982860859,0.0364114364829167,1.6848635311751663,0.0,0.9152546385534166
0,39.90950333445936,0.019730346320054486,12.065069525591948,0.017793659708338794,-0.0005325714382060434,0.11149874348717514,0.1257746379588799,4.486592067923215,0.0,2.4948453098793673
0,40.06638470104675,0.019819727715136713,12.07592561379752,0.15688136658739182,8.938139508222684e-05,0.10173139665912966,0.2738913773184566,4.033376710332621,0.0,2.5644711098032236
0,40.21373825943309,0.019539072709394388,12.092349579350673,0.14735355838634234,-0.00028065500574232446,0.10295621180180278,0.3296476487443943,2.8191440558652108,0.0,2.068867325421394
0,40.19551229169302,0.0192846536171756,12.08868825655781,-0.018225967740072235,-0.00025441909221878695,0.09949085307625015,0.3069007688974564,4.8383206613720935,0.0,3.0329618684809594
0,40.36795472030211,0.01939154904114304,12.083039162500489,0.17244242860908798,0.00010689542396744023,0.09521702688819828,0.334932480994452,2.326733461081106,0.0,1.833231692529457
0,40.417452092005846,0.01960966603044518,12.058776528089734,0.0494973717037368,0.00021811698930213758,0.09465688566796807,0.2548559251848578,4.830490719376105,0.0,2.9249572100577677
0,40.429309691074245,0.01998639605780772,12.0547500414507,0.011857599068399338,0.0003767300273625415,0.0904805462661868,0.3048577051952611,3.2117995926004004,0.0,2.2156152066907224
0,40.487903450098486,0.019799513910799073,12.061086473797385,0.05859375902424091,-0.00018688214700864764,0.08343305349691228,0.1738834171283667,4.532282966984423,0.0,2.613908317748945
0,40.35063962120976,0.01999553307091581,12.070900675228382,-0.13726382888872735,0.00019601916011673798,0.07180802251765174,0.2215450146423332,2.670017256350894,0.0,1.7780986574601134
0,40.41841095712236,0.02025919928529619,12.054680691213965,0.06777133591260309,0.0002636662143803807,0.08823746693829765,0.4295353637895136,1.2914172649616966,0.0,1.5047793600598756
0,40.23534357347845,0.02044273536015882,12.04694259396678,-0.18306738364390895,0.00018353607486262802,0.09342813066804906,0.1961634447492302,2.0405162167133346,0.0,1.4125849978551277
0,40.25131660412093,0.02008713949180695,12.036675774334459,0.01597303064247768,-0.0003555958683518698,0.09988347474711341,0.2073060503178415,3.396107965156437,0.0,2.1126660832139015
0,39.99723092053709,0.02068518323651631,12.018648046243399,-0.2540856835838383,0.0005980437447093596,0.0880923525026004,0.2732447792815584,4.079646394388354,0.0,2.586312755757294
0,40.01246785023791,0.02080118461018183,12.014775421681843,0.015236929700819246,0.00011600137366551966,0.081897681264601,0.0611936943767502,4.347576318628601,0.0,2.2961755480678008
0,39.8326724847962,0.0210674512243768,11.997867458303556,-0.17979536544171282,0.0002662666141949703,0.07392988214660057,0.3238720607145897,2.3709709751888943,0.0,1.8332296090236264
0,39.911225280512994,0.02100556682063532,11.997084731229034,0.07855279571679574,-6.188440374147938e-05,0.07451367891044425,0.4882527743250466,4.597118626100532,0.0,3.2750648617003595
0,39.984940118576965,0.021063135894045938,11.984053106727698,0.07371483806397094,5.756907341061823e-05,0.06002387767225546,0.0455079430868085,3.337842328119276,0.0,1.759937050233255
0,39.908191589233,0.02067880244390306,11.986145987583434,-0.07674852934396625,-0.0003843334501428784,0.06109604081338747,0.4304865506463403,2.383589523865373,0.0,2.052767863225367
0,39.89081132398116,0.020600309597974216,11.993282397607965,-0.017380265251837557,-7.849284592884379e-05,0.07052809613621128,0.3679457229899471,2.691989565642152,0.0,2.08188622880097
0,39.65959970500079,0.02053032942276397,11.993673921445891,-0.23121161898037457,-6.998017521024635e-05,0.07001563467182353,0.4875333954060108,4.0310421643553225,0.0,2.990587872989683
0,39.71146333689476,0.02072672353372992,12.015393245416561,0.051863631893972695,0.00019639411096595075,0.08867423551723826,0.0222832412545235,4.13200215250714,0.0,2.110567558762617
0,39.67301417912013,0.02081187247396973,12.015058550299415,-0.03844915777462887,8.514894023980979e-05,0.08901378812174296,0.3263749630348495,4.482690738017209,0.0,2.894095295078303
0,39.7070046010393,0.02038505199281995,12.020800220625661,0.0339904219191709,-0.0004268204811497811,0.08927344014856914,0.4575996192078686,1.3231621073201736,0.0,1.576780292075824
0,39.686556600277854,0.020472076770331932,12.017211380967712,-0.020448000761447815,8.70247775119834e-05,0.08549683991668784,0.1599215183304291,2.153042852278255,0.0,1.3963644627999858
0,39.6946454328003,0.02040319414035517,12.028183487022115,0.00808883252244641,-6.8882629976761e-05,0.08362107102583143,0.2098465106876665,3.116112644322139,0.0,1.9777493435364024
0,39.60275141264031,0.020177412223550524,12.037889607006274,-0.09189402015999093,-0.00022578191680464738,0.07818693215761008,0.3685149707116228,3.750345455975948,0.0,2.6122026694112197
0,39.54155481669217,0.019960677255209343,12.032205182366317,-0.06119659594813953,-0.00021673496834118122,0.0837067447794439,0.2184541435634576,3.125858267838552,0.0,1.999837421046191
0,39.47127846624384,0.020136367190437522,12.025782255145614,-0.07027635044833147,0.00017568993522817933,0.08685512099283303,0.3054298142543101,2.2441612502015023,0.0,1.7329402536093714
0,39.66240571209205,0.02005848849904087,12.013277942064772,0.1911272458482145,-7.787869139665171e-05,0.08332348372127482,0.2983013387385165,3.34716729819521,0.0,2.2701863265746383
0,39.81303462494945,0.02011599250252968,12.018730560555642,0.15062891285739965,5.7504003488809824e-05,0.07759431732558968,0.4598115111621289,4.622023080706208,0.0,3.230634562677362
0,39.75220663101983,0.01974940387400994,12.003688907658134,-0.060827993929621016,-0.00036658862851974075,0.05547445219835034,0.0944937907199752,2.251784655900949,0.0,1.3148799093904249
0,39.64435541548968,0.01933807411344616,12.011365994592317,-0.10785121553015387,-0.00041132976056378057,0.049508996611785795,0.2291183643782164,1.6493354856442457,0.0,1.2829044715785556
0,39.83734845810653,0.01916728221856533,12.019014477269312,0.19299304261685535,-0.00017079189488082916,0.060805433685190896,0.4333215717622721,3.7353209650416415,0.0,2.734303626045365
0,39.792911130789285,0.018933736469701378,12.01496564477763,-0.044437327317247366,-0.00023354574886395169,0.05725490330028115,0.1855098992765017,3.8771408277890056,0.0,2.3095902124475063
0,39.828908421038015,0.01870304269272598,12.00504548538976,0.035997290248729996,-0.00023069377697539778,0.056295618597068574,0.0021028634038425,3.790233124467481,0.0,1.8993222890414254
0,39.78247824049346,0.01934351910146468,11.990424889305562,-0.04643018054455439,0.0006404764087387001,0.06438248469189566,0.4648761711092797,1.0135439857445356,0.0,1.4365243350908272
0,39.973946026563794,0.019436106843852,11.993566092785468,0.19146778607033355,9.25877423873199e-05,0.062153418962225516,0.0890927496562535,4.81746407524307,0.0,2.586917536934042
0,40.13640933264489,0.01970396948323469,11.99510643087998,0.1624633060810936,0.0002678626393826898,0.061394895816873685,0.1829235567908766,4.108354859534511,0.0,2.420024543349009
0,39.96441755056493,0.01983689782596363,11.990576493113393,-0.17199178207995658,0.00013292834272893989,0.0643453384577039,0.1691999152092534,4.525548230548104,0.0,2.6011739456925587
0,40.05639956450237,0.01982909779064613,12.007524818088978,0.09198201393743943,-7.800035317501175e-06,0.07830492714691932,0.2300797616903301,1.288016586107632,0.0,1.1041678164344761
0,40.11205972730377,0.019857087511279257,12.010304414170282,0.05566016280140218,2.7989720633128656e-05,0.07944220650072437,0.2399199674059818,2.3698415134249458,0.0,1.6647606915244364
0,40.1440601425549,0.02022791908173863,12.00620145150901,0.03200041525112596,0.00037083157045937273,0.0805571077641633,0.4718168244692589,3.7825823101676295,0.0,2.8349248040223323
0,39.93384056207216,0.020981222516969184,11.993942486655685,-0.21021958048273603,0.0007533034352305533,0.06861668312572208,0.4901961319183535,3.620446827090833,0.0,2.7906156773821236
0,40.06448561079551,0.02113341995739835,11.988901931865396,0.13064504872334481,0.0001521974404291651,0.06640082338146655,0.3947230080959189,2.208006928836165,0.0,1.8934494806099202
0,40.02178147278344,0.02093235391937935,11.998501938538709,-0.04270413801206985,-0.00020106603801899742,0.06948483709990395,0.1361259295147115,1.0501423420520508,0.0,0.7973230300554484
0,40.17125448751053,0.02044440466121046,12.004916257756229,0.14947301472709285,-0.00048794925816889045,0.061306499606777365,0.448462355238329,2.883551941414624,0.0,2.33870068118397
0,39.88253773706254,0.02054958516796657,12.004301956452624,-0.28871675044798906,0.00010518050675610915,0.06175449850120265,0.246674310410991,1.7821725235557748,0.0,1.3844348825998694
0,39.80460001003424,0.01995766058794533,12.024342209849927,-0.07793772702829926,-0.00059192458002124,0.08068246759383906,0.3945292734562829,2.2776779707906125,0.0,1.9278975323078722
0,39.96955151367667,0.01990876302123724,12.03963796530873,0.1649515036424276,-4.889756670808931e-05,0.07586816105950732,0.2840282328084783,2.992664808940641,0.0,2.064388870087277
0,39.8239407201434,0.01991504866952155,12.031100789614262,-0.14561079353327244,6.285648284309886e-06,0.06814737452819684,0.0894563816957649,1.3665288830382596,0.0,0.8621772049106596
0,40.02252583814477,0.020246667771271282,12.027985213352268,0.19858511800137535,0.0003316191017497319,0.06780433998442101,0.425564257658269,3.25729049776954,0.0,2.4797737642013082
0,40.0150269270752,0.019947941714562913,12.022652051099765,-0.0074989110695753425,-0.0002987260567083698,0.07477105398183277,0.424525443641513,4.437983025714736,0.0,3.068042400140394
0,40.25806148469434,0.01945922360569358,12.024272440200413,0.24303455761913995,-0.0004887181088693328,0.07450089673284589,0.0299973724447408,2.8739254838165973,0.0,1.4969574867977802
0,40.09148417633639,0.01915501594321432,12.017471793808834,-0.16657730835795093,-0.00030420766247925973,0.08053912727657939,0.2723910707661131,1.6297558667183225,0.0,1.3596600748913874
0,39.981518271092426,0.019482000420578068,12.01611925005649,-0.10996590524396055,0.00032698447736374814,0.07983090942244644,0.383763848131214,4.238568527089631,0.0,2.8868119598072437
0,40.002462759743125,0.019768701234329188,12.01124963029557,0.020944488650698645,0.0002867008137511194,0.08503555495576877,0.2215851281111723,3.3700009414972767,0.0,2.128170726970983
0,40.09339443979704,0.019601934896176232,12.025913090586682,0.09093168005391306,-0.00016676633815295577,0.08802701751317908,0.2030484267201782,4.9515563123548905,0.0,2.8818750096178016
0,40.12181627631331,0.020359514538073213,12.004369762909702,0.028421836516272947,0.0007575796418969813,0.07245356689342557,0.0432206830282475,1.782534402867621,0.0,0.9777085674903055
0,40.00332964635177,0.02033687869763985,11.99750779303456,-0.11848662996153791,-2.263584043336181e-05,0.06686638573976439,0.0913634349706535,2.1351512479168364,0.0,1.2503024938997251
0,39.988245634411136,0.02028154023572305,12.003829184525285,-0.015084011940636799,-5.5338461916801945e-05,0.07500843492339461,0.3318652245358104,4.713429229902841,0.0,3.0204450640230416
0,40.00116717842926,0.020150534953480383,12.011917565117143,0.012921544018126951,-0.00013100528224266675,0.08114026128571783,0.366602672576034,3.831419638539212,0.0,2.648915164421674
0,39.96468696043438,0.02026159437384232,12.008840598534961,-0.03648021799488532,0.00011105942036193639,0.08568659995347659,0.2264679501041545,3.201874608734576,0.0,2.053873204575597
0,39.86480916606628,0.02028541568361129,12.0071375220961,-0.09987779436809774,2.382130976897115e-05,0.08560130153691554,0.2487855656293304,2.389905734544408,0.0,1.6925239985308649
0,39.97756340827506,0.020479679094753574,12.032444894746746,0.11275424220877994,0.0001942634111422835,0.09543875914261588,0.3085591127393236,2.859112015033792,0.0,2.046674232995543
0,40.31510751452512,0.01998206483200214,12.040043848406288,0.33754410625005704,-0.0004976142627514321,0.09972783025443722,0.0027563624330617,1.849061272681284,0.0,0.9300433612067655
0,40.16504088231078,0.01977601881340462,12.04432672164535,-0.15006663221434025,-0.00020604601859752075,0.09429623667761164,0.3320004151055207,4.012021759334635,0.0,2.670011709878359
0,40.30826685763519,0.01998322254359537,12.033454549828344,0.1432259753244125,0.0002072037301907477,0.09241542497717783,0.1978242625097906,2.0984648129686896,0.0,1.444880931503926
0,40.35390869351302,0.0194004438115225,12.039689665968519,0.04564183587783077,-0.0005827787320728701,0.08891831643706928,0.300032406935129,3.6884578424898815,0.0,2.444293735115199
0,40.38614182503356,0.01922717505901591,12.036657798000332,0.03223313152054175,-0.00017326875250658902,0.09025910921811782,0.4693899617880117,3.855311108595516,0.0,2.8664354778737815
0,40.571619437314055,0.01904478656202106,12.019776687706376,0.18547761228049353,-0.00018238849699485013,0.08986668360165877,0.1693182965213209,2.5673983429520657,0.0,1.6223357645186747
0,40.13113076177753,0.01894176807645506,11.997094313509518,-0.44048867553652826,-0.00010301848556600046,0.09538007761436035,0.3486749754469916,2.853369414611992,0.0,2.1240346581999794
0,40.09833232555913,0.019066984211560757,12.03136775578886,-0.03279843621839973,0.00012521613510569837,0.11061613245600817,0.1887403498485125,1.0465748547604132,0.0,0.9007681270772316
0,40.05466696731663,0.01896119645053911,12.044292337711195,-0.04366535824249951,-0.00010578776102164802,0.11446054764558054,0.4652842638605237,1.3668042680697483,0.0,1.6139706617559215
0,40.13997002174577,0.01893816734279595,12.031594711889639,0.08530305442913999,-2.3029107743158944e-05,0.10459826964539463,0.1433061223565142,4.155966917602608,0.0,2.3645957035143326
0,40.0283953273587,0.01968975644023222,12.016903002417989,-0.11157469438706613,0.0007515890974362713,0.10044197560533083,0.4866457068758681,3.1227377305303543,0.0,2.5346602790169133
0,40.064820561319536,0.019235542998619428,12.023964626130436,0.03642523396083419,-0.0004542134416127934,0.09788990311373583,0.1535333373911626,4.004745975562187,0.0,2.3094396625634186
0,39.929197390963296,0.01929801815525396,12.017429652135748,-0.13562317035624005,6.247515663453107e-05,0.10183856193066086,0.327432394311168,1.4774677039145678,0.0,1.39359864057962
0,39.798400720012935,0.019611160421314,12.001166636306735,-0.1307966709503603,0.00031314226606004095,0.1133644005542339,0.3568942092397317,1.96282140977696,0.0,1.6951991233679435
0,39.58571777837134,0.02003739268487046,11.998247444451405,-0.21268294164159585,0.00042623226355646,0.11413276148741056,0.4735277612301918,1.055847906632137,0.0,1.474979475776452
0,39.50352474324809,0.02001529342499118,12.00409710017765,-0.08219303512324672,-2.2099259879278937e-05,0.11262922792265515,0.0469661295012245,4.624569478465276,0.0,2.406216998235087
0,39.7181440719099,0.02051937679627239,12.031330468378561,0.21461932866180433,0.0005040833712812096,0.11079112460599212,0.3373724672998605,2.7679601109432754,0.0,2.058724990071359
0,39.95545444667006,0.020311709554977922,11.983299888618948,0.23731037476016326,-0.0002076672412944687,0.12033268593236363,0.1732945516730361,4.732219494542037,0.0,2.712698850617091
0,40.113078120084616,0.02006076033971654,11.9811938861154,0.1576236734145553,-0.00025094921526138195,0.11758263446135361,0.2281215764202668,1.52185301544765,0.0,1.2171696605643585
0,40.19821443202346,0.020133998303850348,11.965259245121377,0.08513631193884663,7.323796413380781e-05,0.11786534545185814,0.0637943212224677,1.5356603932555193,0.0,0.895418839072695
0,39.88837350178237,0.019795346778408877,11.968700323076792,-0.30984093024109427,-0.0003386515254414704,0.1187417846751117,0.2666228197065611,1.4019947222751932,0.0,1.2342430005507188
0,39.987175007121735,0.020388103251372462,11.972546782709054,0.09880150533936671,0.0005927564729635848,0.12130896530490776,0.313902505508857,2.1605654317839638,0.0,1.708087726909696
0,39.94731047001225,0.019998546408776907,11.978185227127579,-0.03986453710948723,-0.00038955684259555506,0.1206118890067029,0.008724050531832,2.336167328664048,0.0,1.185531765395688
0,39.93987714402353,0.019777317874987422,12.000378251530085,-0.007433325988721151,-0.00022122853378948523,0.11666980997942614,0.460780510830813,4.619802843302081,0.0,3.231462443312666
0,40.03044798099101,0.01961262115918054,12.008435455745062,0.09057083696748691,-0.00016469671580688142,0.116211922624815,0.0115089510102493,1.2311380102922826,0.0,0.6385869071666399
0,39.89357092483003,0.019790691381859328,12.013395510285552,-0.13687705616098356,0.00017807022267878753,0.11706607253425215,0.3646463715551384,1.809927393140557,0.0,1.6342564396805552
0,39.96847362199722,0.019561289699014668,11.991828006258746,0.07490269716718956,-0.0002294016828446599,0.10930749033932667,0.4676849094516727,4.538908944724767,0.0,3.2048242912657288
0,39.74999733534367,0.01979438784846263,12.018229099090899,-0.2184762866535479,0.00023309814944796198,0.06726950658606969,0.301076344810262,3.831290463521577,0.0,2.5177979213813124
0,39.806828086293486,0.02004409913053787,12.012973744838517,0.056830750949814046,0.0002497112820752413,0.060925119740450936,0.0169779580627469,4.461931082949784,0.0,2.2649214576003858
0,39.60515826018845,0.01976631319597405,12.017908598559677,-0.20166982610503226,-0.0002777859345638213,0.05123650017108828,0.4958124117911662,1.3320605638348977,0.0,1.6576551054997812
0,39.864567402559445,0.01994539698204134,12.019228036028952,0.2594091423709912,0.00017908378606729114,0.05121740206225468,0.1672966540499142,2.7377639146467505,0.0,1.7034752654232037
0,39.88787621856665,0.019322380993434467,12.014392876841141,0.023308816007208577,-0.0006230159886068745,0.04896888558237228,0.0509167751041493,2.51965457030388,0.0,1.3616608353602386
0,39.80443013880007,0.019256328999402682,12.01320960169406,-0.08344607976658125,-6.605199403178497e-05,0.049757741412417414,0.2325331348501365,2.2878078495821965,0.0,1.6089701944913712
0,39.812231353386395,0.018996210264061248,11.993686219162084,0.007801214586322658,-0.00026011873534143373,0.05774239771404737,0.3588582886296059,2.034564930128574,0.0,1.7349990423234989
0,39.97171475653097,0.018879347109414548,11.983888995432775,0.1594834031445771,-0.0001168631546467,0.05756045083716829,0.4682708317296423,4.781132162964948,0.0,3.3271077449417583
0,40.20425958222006,0.0186892164237853,11.983546994857766,0.2325448256890894,-0.00019013068562924798,0.05710733716145702,0.4583813045228867,4.758482275424127,0.0,3.2960037467578367
0,40.38658634884347,0.0182289748277912,11.998591129871617,0.18232676662341163,-0.0004602415959941014,0.061496506562214774,0.1573508257173839,2.2391788249864564,0.0,1.434291063927996
0,40.50344849131137,0.018319555390848154,11.997404215155122,0.11686214246789461,9.058056305695505e-05,0.06135524450215029,0.2226832379208306,1.114950459960569,0.0,1.0028417058219459
0,40.52245585241822,0.01835929691161543,11.966691289469495,0.019007361106851306,3.974152076727591e-05,0.094845259155057,0.4857779544281674,1.937189005369124,0.0,1.940150411540897
0,40.580592328599664,0.01883157520817867,11.96926765775393,0.05813647618144557,0.00047227829656323883,0.0944194743861926,0.1618678367400448,3.144946597250187,0.0,1.8962089721051831
0,40.680024431712376,0.01875493325856979,11.97583486382922,0.09943210311271145,-7.664194960887993e-05,0.10075882935162445,0.242421460265,3.802432588790357,0.0,2.3860592149251785
0,40.406452831121975,0.019482038902925262,11.9692482284849,-0.273571600590401,0.000727105644355474,0.10016690726203197,0.0795205682794038,4.645000393486415,0.0,2.481541333302015
0,40.50146244780446,0.019933861778357813,11.970584155160685,0.09500961668248209,0.0004518228754325504,0.10038938969613397,0.4979057876461432,1.823886018887284,0.0,1.9077545847359283
0,40.59562508611439,0.02055024441084568,11.974687787186818,0.09416263830993188,0.0006163826324878663,0.09734225290886625,0.0364343983607609,3.6653937051341416,0.0,1.9055656492885926
0,40.384811207550165,0.02029402578658705,11.989465940437764,-0.21081387856422396,-0.00025621862425862993,0.10269089136816528,0.1547793835112296,3.3599784947718287,0.0,1.9895480144083737
0,40.13967382618306,0.02035736630829743,12.006378613050172,-0.24513738136710117,6.334052171038176e-05,0.1252793688531763,0.3992141055389128,4.834854205531907,0.0,3.215855313843779
0,39.7761503155251,0.02061469034844831,12.003744704219585,-0.36352351065796285,0.0002573240401508789,0.12378403046903505,0.3713394646305202,2.785390728776952,0.0,2.1353742936495164
0,39.7976751941844,0.02028575370076064,11.987443868459037,0.021524878659299418,-0.0003289366476876693,0.1347756428034198,0.2592487630786121,3.943382183918749,0.0,2.4901886181165986
0,39.74856095084793,0.020263219781649668,12.013194671908996,-0.04911424333646863,-2.2533919110973022e-05,0.10636331408656655,0.4836654431832524,3.341861590664095,0.0,2.6382616816985522
0,39.825217239984035,0.02010433078580503,12.01702213065666,0.07665628913610334,-0.00015888899584463878,0.10518992336866105,0.0845871543726427,4.203636885432987,0.0,2.2709927514617787
0,39.627421961682806,0.020024397514959512,12.010090759420859,-0.19779527830122845,-7.993327084551693e-05,0.1020718148494449,0.1779170145201824,2.81088227317384,0.0,1.7612751656272847
0,39.7251821092429,0.01954898759001532,12.018094048126605,0.09776014756009488,-0.00047540992494419024,0.09975048207893182,0.3355051351931236,2.8140328554093914,0.0,2.0780266980909428
0,39.77748592881362,0.01948756565508545,12.01903556462791,0.05230381957071728,-6.142193492987211e-05,0.09951705907221532,0.1676424198366889,4.285434627061018,0.0,2.4780021532038865
0,39.62688259925428,0.018994268282171593,12.020461236298146,-0.1506033295593383,-0.0004932973729138562,0.09814606380359274,0.3863282449608869,2.389525795582996,0.0,1.9674193877132717
0,39.64840293350647,0.01900841922095332,12.003107168613372,0.021520334252187467,1.4150938781726935e-05,0.10009296397434857,0.1386653264734122,2.616176501580329,0.0,1.585418903736989
0,39.865428286050545,0.01895053594383565,11.995111824052312,0.21702535254407707,-5.788327711767072e-05,0.08254159856729007,0.1451055650492394,1.5782805685579726,0.0,1.0793514143774652
0,40.095965993945036,0.0190802247549008,11.989518889211988,0.23053770789449146,0.00012968881106515187,0.07984423604891412,0.3310083318839018,3.918562028007413,0.0,2.6212976777715102
0,39.94822826950839,0.01971158612642001,12.00822684178082,-0.14773772443664512,0.0006313613715192082,0.058970329717884316,0.3222066673337432,2.176829523276007,0.0,1.7328280963054898
0,39.856009459933105,0.019485941418647863,11.994010219885402,-0.09221880957528583,-0.00022564470777214699,0.07391407521158733,0.3469206716344336,4.40915041675457,0.0,2.898416551646152
0,39.79337581950591,0.019281418214269604,11.996338816860389,-0.06263364042719388,-0.00020452320437825897,0.07466388013590057,0.0352213247768917,4.548413727245285,0.0,2.3446495131764262
0,39.76895874928265,0.01948058895638501,11.991092607092254,-0.02441707022325801,0.00019917074211540584,0.07459282003972695,0.1248718824150477,2.869334567227127,0.0,1.6844110484436587
0,39.64474587512498,0.01967975680019623,11.994738284086006,-0.12421287415767068,0.0001991678438112189,0.07742166381818338,0.2918645663935479,2.365057227874148,0.0,1.76625774672417
0,39.69217228102486,0.01964275615884587,11.997361233930334,0.04742640589987701,-3.700064135035708e-05,0.07810025833323302,0.1363009996105458,1.0062202076975528,0.0,0.7757121030698679
0,39.89222248050666,0.019854693067468978,11.995310634299749,0.20005019948180092,0.00021193690862310668,0.07998114815100373,0.059283000837087,2.1401391229484465,0.0,1.1886355631483974
0,40.09550737787671,0.01965584083169826,12.001850294271057,0.20328489737004674,-0.00019885223577071828,0.07521716128056294,0.3381427015163726,4.253708035455085,0.0,2.8031394207602878
0,40.11369024789341,0.01967156655909528,11.973215750087324,0.018182870016701713,1.5725727397018774e-05,0.07137978202972467,0.1987635504269059,1.6122955287257414,0.0,1.2036748652166827
0,39.93707223185688,0.01973736104433736,11.989217234569617,-0.17661801603652805,6.579448524208012e-05,0.09270102953176569,0.1080231659911377,2.1845050119985934,0.0,1.308298837981572
0,40.17709248490663,0.01913310230837519,12.003252927050493,0.2400202530497495,-0.0006042587359621696,0.10774164464153083,0.1705114052663212,2.383892378196308,0.0,1.5329689996307962
0,40.00152233506828,0.019084006389645178,12.00212395127608,-0.17557014983835018,-4.9095918730011207e-05,0.10937273364485368,0.4511464228412437,3.275934574931449,0.0,2.540260133148212
0,39.738271279904964,0.01938577697847516,11.977752336064956,-0.26325105516331604,0.0003017705888299811,0.1283821180154134,0.3926623118365358,1.5769868885349347,0.0,1.5738180679405391
0,39.79964746304998,0.01906834418376253,11.97036550383418,0.06137618314501481,-0.0003174327947126285,0.13107720241499163,0.189498118066142,1.5149999185871446,0.0,1.1364961954258563
0,39.93794276789184,0.01899025562400391,11.960450847361733,0.13829530484186137,-7.808855975862186e-05,0.12687121077101174,0.4780203466248902,2.688859763971936,0.0,2.300470575235748
0,40.00074998855017,0.01907506672289208,11.950994694216837,0.06280722065832833,8.481109888817256e-05,0.12484536103038253,0.2347311805287908,4.717512914813186,0.0,2.8282188184641748
0,39.8064110052082,0.01900468508189796,11.952426783890157,-0.19433898334197153,-7.03816409941202e-05,0.12454271481325745,0.203647134099133,4.712649744874906,0.0,2.763619140635719
0,39.73928829273853,0.01952221726514943,11.959420433927225,-0.0671227124696685,0.0005175321832514707,0.12819821704664555,0.0459297336040468,4.026675620875218,0.0,2.1051972776457024
0,39.814399929290026,0.01997579614690631,11.984068351903385,0.07511163655149744,0.00045357888175687894,0.12919753520694857,0.0430997632677636,1.99886012860919,0.0,1.0856295908401221
0,39.71146332995049,0.01986015771351791,11.971140398517914,-0.10293659933953592,-0.00011563843338839933,0.11541358839247928,0.0011477122891292,4.72279023292176,0.0,2.3636905410391384
0,39.420590679638735,0.020236805457947503,11.957615191394122,-0.2908726503117549,0.0003766477444295917,0.09685528144738151,0.1082862115473905,3.631526644495591,0.0,2.0323357453425768
0,39.571718206736165,0.02037093650410817,11.981936868964729,0.1511275270974295,0.00013413104616066818,0.09898628427223781,0.2548284210480525,1.8706038213701015,0.0,1.4449587527811558
0,39.71416827036042,0.02046416244242111,11.990956651908771,0.14245006362425272,9.32259383129401e-05,0.08159069778268732,0.0190623815408761,3.1647936636149576,0.0,1.620521594889231
0,39.75310948334446,0.02093084777435599,12.016321226259205,0.038941212984042295,0.0004666853319348803,0.08749446111872931,0.4035826680028922,1.6009234978160745,0.0,1.6076270849138217
0,39.785636656325224,0.02126874722676788,12.031141958670448,0.03252717298076391,0.00033789945241188835,0.09035537228139806,0.1978695552714069,3.236212537978699,0.0,2.0138453795321634
0,39.38333300698641,0.02065431228283137,12.034042300739122,-0.4023036493388119,-0.0006144349439365093,0.08725705108311804,0.157914995941494,3.564509999311292,0.0,2.098084991538634
0,39.406146909536815,0.021051643771246912,12.025502522525525,0.022813902550403498,0.0003973314884155414,0.10109249343615342,0.2229019375491467,1.8925704305846065,0.0,1.3920890903905967
0,39.200081652057506,0.02111110189807681,12.023277324885076,-0.2060652574793096,5.9458126829899094e-05,0.10072930851008097,0.3659400290925188,1.6942582750307942,0.0,1.5790091957004346
0,38.941879123401755,0.02082051882197018,12.02629470265178,-0.258202528655751,-0.0002905830761066319,0.10368096001695368,0.1270749638855189,2.529866662403524,0.0,1.5190832589727998
0,39.237573449669824,0.02065011581025104,12.019410787649761,0.2956943262680696,-0.00017040301171913907,0.10565001238366077,0.161003880986594,3.337521041330775,0.0,1.9907682826385755
0,39.3071382233565,0.02057204688809328,12.022761780520394,0.0695647736866789,-7.806892215776046e-05,0.10647453983925977,0.1214149688853129,1.2661801831108046,0.0,0.8759200293260281
0,39.224564963113764,0.021020356835374336,12.009062622425441,-0.08257326024273937,0.0004483099472810566,0.1043521996770227,0.2456692099219123,3.86478203728754,0.0,2.4237294384875945
0,39.22631104580434,0.02060575019101797,12.027740253471997,0.001746082690573303,-0.0004146066443563648,0.09384242234029054,0.1737121942621284,4.727894603231059,0.0,2.7113716901397864
0,39.234267905911125,0.02039859048784205,12.01038267263897,0.007956860106787644,-0.00020715970317592217,0.08469900037440008,0.0616095510643801,1.0462709824411842,0.0,0.6463545933493523
0,39.41837313385237,0.02016916839161555,11.988608373811136,0.18410522794124518,-0.00022942209622649895,0.08328258011898727,0.1948502631121665,2.486332160421296,0.0,1.6328666064349808
0,39.51961008428642,0.02079525586345399,12.005396417151562,0.10123695043404979,0.0006260874718384407,0.09354663754293019,0.042611995363704,2.105350122060203,0.0,1.1378990517575094
0,39.650731760190546,0.02077801153898709,12.024351179646391,0.13112167590412582,-1.7244324466900857e-05,0.07607889050835309,0.0832254522225531,2.0337478795439123,0.0,1.1833248442170623
0,39.90486920003135,0.020783542321558768,12.023933601934747,0.25413743984080384,5.530782571677717e-06,0.07606756587775565,0.1508136969260999,4.92960693653925,0.0,2.7664308621218248
0,39.94587834662388,0.020507476117566478,11.999389148057485,0.04100914659252908,-0.00027606620399229023,0.07767460057074535,0.3021789594836964,4.796651791368545,0.0,3.002683814651665
0,39.72283818924713,0.020545645027130157,11.989511170965468,-0.22304015737675087,3.8168909563679465e-05,0.08854964906913801,0.038484580757977,3.8239722010716046,0.0,1.9889552620517563
0,39.74663712317896,0.02021149140182164,11.98458216287369,0.02379893393182897,-0.000334153625308517,0.08542452471024944,0.1184251273431725,1.7347442470923462,0.0,1.104222378232518
0,39.87470770738487,0.019669331891758936,12.004617335750472,0.12807058420591488,-0.0005421595100627043,0.10154363443843978,0.0991669276123496,3.6390731959547793,0.0,2.017870453202089
0,39.85872093133857,0.01964589754809214,12.011577361883877,-0.015986776046304385,-2.343434366679567e-05,0.10805985226628279,0.1494703904978845,4.441592346493088,0.0,2.519736954242313
0,39.82805367106117,0.01969629453468496,12.02971632213562,-0.03066726027739719,5.039698659281902e-05,0.11608823171653217,0.3284207985601299,2.61379243818974,0.0,1.9637378162151298
0,39.61736994744597,0.019932002180296622,12.042521497529663,-0.2106837236151975,0.00023570764561166302,0.10629263836776658,0.2877338063977313,2.964478841153123,0.0,2.057707033372024
0,39.8448005214673,0.02008682409879611,12.012449352911254,0.2274305740213265,0.0001548219184994877,0.12051034538634889,0.0647538582443475,2.0554116099113835,0.0,1.1572135214443868
0,39.85444620025693,0.02011044154424769,12.015236398177787,0.009645678789631518,2.3617445451578484e-05,0.1215184941999883,0.3263020111014288,2.237872933271105,0.0,1.77154048883841
0,39.801969753315326,0.01971201532294725,12.018863160939143,-0.05247644694160414,-0.00039842622130043664,0.12234456885403679,0.3412376491555642,2.2352747793527588,0.0,1.8001126879875078
0,39.910231889068555,0.019838858166503343,12.018804158227956,0.10826213575322896,0.00012684284355609157,0.12241673718683233,0.4559073705911973,4.5884174593092535,0.0,3.2060234708370214
0,40.09718021856634,0.01979789484928781,12.035261840968733,0.18694832949778828,-4.096331721553312e-05,0.10947877518123954,0.3922779041287376,3.0479925047420413,0.0,2.3085520606284957
0,40.19139629587201,0.02009244588992406,12.020602181327934,0.09421607730566706,0.0002945510406362484,0.12202951805864887,0.4034238739510356,3.1054419478525266,0.0,2.3595687218283343
0,40.154720283931674,0.020308160573054613,12.013773977699312,-0.03667601194033665,0.0002157146831305544,0.11491228414774252,0.126004708252041,2.0916301577654783,0.0,1.2978244953868212
0,40.25847007409594,0.020476375596946338,12.002342541932235,0.10374979016426522,0.00016821502389172474,0.10737084204367216,0.1537683156841311,3.2838837131297334,0.0,1.9494784879331288
0,40.43418252586107,0.02041787007846212,11.99590718889736,0.17571245176512917,-5.850551848421773e-05,0.09871888674861504,0.2707855497269574,4.317993294817022,0.0,2.7005677468624256
0,40.34461594647787,0.02027208277902974,11.977253896188834,-0.08956657938319523,-0.00014578729943237959,0.10989651930749093,0.3708704346831727,1.1366332842388025,0.0,1.3100575114857467
0,40.22470745999235,0.01977798343203729,11.995406960463566,-0.11990848648552088,-0.00049409934699245,0.0968855716291042,0.3574351993163119,2.688154651860829,0.0,2.0589477245630383
0,40.32510414366174,0.019824258582385727,11.97710986304502,0.1003966836693877,4.627515034843696e-05,0.0990785257072268,0.2774427485831424,1.4716849971821149,0.0,1.2907279957573423
0,40.400828041628905,0.020013113173256887,11.967598967963681,0.0757238979671655,0.00018885459087115974,0.0946859776581587,0.2795587453943928,2.304316794330169,0.0,1.71127588795387
0,40.205647275942844,0.020008895947589197,11.974881271950931,-0.1951807656860609,-4.2172256676902e-06,0.09022170474484713,0.4754920069922762,2.265581819860308,0.0,2.0837749239147065
0,40.19347600301969,0.01986845799982964,11.962224148088108,-0.012171272923154675,-0.00014043794775955853,0.09092855813936536,0.1651115500441068,1.055570776951534,0.0,0.8580084885639805
0,40.19631339226875,0.02019040757730852,11.972101446080027,0.0028373892490591857,0.0003219495774788826,0.08437587127075828,0.1626809924279001,4.161168462363958,0.0,2.405946216037779
0,40.1078672438998,0.01985581096847897,11.957072856225134,-0.08844614836895204,-0.00033459660882955225,0.07280586083873712,0.4690083979226297,4.26232255024553,0.0,3.0691780709680243
0,40.0526223904079,0.02017418651814289,11.967829327880525,-0.05524485349189945,0.00031837554966392123,0.08881183157479967,0.2200603643916814,1.3326076334403938,0.0,1.1064245455035597
0,39.72469831616557,0.01994720443517031,11.962958740947267,-0.3279240742423255,-0.00022698208297258077,0.08236980594135389,0.3191339800060997,2.1763393895166687,0.0,1.7264376547705338
0,39.71580059399385,0.01981911119537709,11.976499146722707,-0.008897722171724354,-0.00012809323979321927,0.06949782151620429,0.1971461584105784,1.8255784324394275,0.0,1.3070815330408705
0,39.86593401427235,0.01981079422894493,11.967194365653922,0.1501334202785003,-8.31696643216126e-06,0.07067329951192494,0.4595903874135974,1.1986681141988584,0.0,1.5185148319266242
0,39.7309160198019,0.01946052384668506,11.985941367474158,-0.13501799447044505,-0.00035027038225986934,0.07107623675045689,0.0800820008270962,3.658918051525863,0.0,1.9896230274171238
0,39.5904972083553,0.01954916116743676,11.98838930175964,-0.14041881144660096,8.863732075170203e-05,0.07069807532132338,0.2678469884505746,4.12291648993876,0.0,2.597152221870529
0,39.813314915560476,0.019380518311625492,11.995769566237234,0.22281770720517358,-0.00016864285581126917,0.07086770763711188,0.1345619374338613,3.133044334072556,0.0,1.8356460419040004
0,39.67819504797341,0.01984996878455175,12.009406929510906,-0.13511986758706485,0.0004694504729262569,0.06325618638014138,0.1113008582938985,2.2864991388515707,0.0,1.3658512860135823
0,39.709078629173646,0.0194950859675777,12.00780783208398,0.03088358120023571,-0.00035488281697404825,0.06471095861391117,0.2845478311167569,1.754642787105292,0.0,1.44641705578616
0,39.92346932887608,0.01972122037573727,12.00062199366818,0.21439069970243452,0.000226134408159568,0.07565985134851419,0.0934671185344259,4.409964628580315,0.0,2.3919165513590093
0,39.9119853436825,0.01925105416229484,11.992820548388377,-0.011483985193578405,-0.00047016621344242795,0.06470087133210316,0.0213269467997448,2.141925633106263,0.0,1.113616710152621
0,40.053816160193605,0.01957720874459003,11.98428199733686,0.14183081651110285,0.00032615458229518987,0.06296457719572975,0.2974608284342766,3.3571567204229584,0.0,2.2735000170800324
0,40.11263237110896,0.019127548371115872,11.9910026239405,0.05881621091535294,-0.0004496603734741589,0.06511305605362908,0.0793140921816678,1.46164146071186,0.0,0.8894489147192656
0,40.13152229637892,0.01931267883122575,12.011053284250629,0.018889925269959917,0.00018513046010987938,0.07055813031483216,0.0380459216400508,4.540390085547417,0.0,2.34628688605381
0,40.035406046621475,0.01933748454647543,11.978385894309714,-0.09611624975744348,2.48057152496782e-05,0.10606285662262524,0.4766329243566476,1.4265866486672594,0.0,1.666559173046925
0,40.207118062193324,0.018792738858912812,11.974656074854973,0.171712015571849,-0.0005447456875626172,0.10628225297650887,0.0395718178470396,1.129205619586589,0.0,0.6437464454873737
0,40.218345405391446,0.01914880761343831,11.969187315715446,0.011227343198122242,0.0003560687545254987,0.10448444506461399,0.26494985227496,2.91404624392853,0.0,1.986922826514185
0,40.14077198777663,0.01912097184785167,11.956066105883188,-0.07757341761481484,-2.7835765586639583e-05,0.10324140751242546,0.170772081619802,2.163330350760277,0.0,1.4232093386197424
0,40.0335349644356,0.018888410747178862,11.967864752385784,-0.10723702334102825,-0.00023256110067280955,0.10883590644468023,0.2494719835532803,1.3336542306686776,0.0,1.1657710824408993
0,39.92348342989787,0.01890349820729278,11.985770194597816,-0.11005153453773175,1.508746011391962e-05,0.10601152233628193,0.4405947120807414,4.360219038611339,0.0,3.0612989434671523
0,39.93355911747217,0.01912539263778349,11.985141435100761,0.010075687574300218,0.0002218944304907093,0.10562965994750483,0.4468320072069167,4.585787250371313,0.0,3.18655763959949
0,39.81347690677446,0.018758973129568958,11.990256103821448,-0.12008221069770997,-0.00036641950821453273,0.10538271062566179,0.2198048002766379,4.89774086009135,0.0,2.888480030598951
0,39.67529634368594,0.01935750175980452,11.985652664098007,-0.13818056308851823,0.0005985286302355626,0.10398043255996704,0.3569623345120939,2.249831364978059,0.0,1.8388403515132172
0,39.68993622509315,0.01917690836470061,11.971685622038986,0.014639881407205735,-0.00018059339510391112,0.09305509511723717,0.2532382290265151,4.9665195407135485,0.0,2.9897362284098046
0,39.720385373966636,0.01929900074346738,12.002306620371904,0.03044914887348682,0.00012209237876677215,0.05109310003619785,0.3535797571527,1.4809795589218884,0.0,1.4476492937663443
0,39.4269110214626,0.01980545121397259,12.0338390866787,-0.29347435250403464,0.0005064504705052097,0.09511031538322584,0.4086527130844117,3.192337189415735,0.0,2.413474020876691
0,39.310533149001365,0.01974560863053057,12.015257626250847,-0.11637787246123565,-5.984258344202131e-05,0.12205325098266878,0.0706040259294712,1.9560755919316577,0.0,1.1192458478247713
0,39.44681653790245,0.01935732032362751,12.014829600900335,0.13628338890108438,-0.00038828830690305904,0.12248619601428587,0.4441984081391611,3.078038267415264,0.0,2.4274159499859542
0,39.51825148962486,0.019833356009014598,12.003710491435907,0.07143495172240932,0.000476035685387087,0.12235047205185735,0.4335574119018247,1.0854158919129393,0.0,1.4098227697601189
0,39.38052371028891,0.01982543259269619,11.99948115143947,-0.13772777933594682,-7.92341631840679e-06,0.12125664134116322,0.0272686893764058,4.718007471738961,0.0,2.413541114622292
0,39.42850375312385,0.01936183117538098,12.000571654741048,0.0479800428349364,-0.00046360141731521115,0.12171124262454801,0.0983544083175992,4.9349286861345565,0.0,2.6641731597024765
0,39.58498384219314,0.019666421433846882,12.020397857089055,0.15648008906929078,0.0003045902584659019,0.13820989682039472,0.4129057839049928,1.1888077218218709,0.0,1.420215428720921
0,39.796831437608766,0.01937879346060155,12.023030424003712,0.2118475954156267,-0.00028762797324533365,0.13789386861146605,0.0119779187085677,2.47711139177397,0.0,1.2625115333041204
0,39.53768849188216,0.01982905679014885,12.021941483502768,-0.2591429457266088,0.000450263329547302,0.13832961955772308,0.0267434983872439,1.0702656781031208,0.0,0.5886198358260482
0,39.485732487502354,0.019828900861242837,12.029948294727621,-0.051956004379803744,-1.5592890601281995e-07,0.14246734892062826,0.043588802163652,3.0227432141470394,0.0,1.5985492114008237
0,39.8349826127002,0.02016501549972382,12.017483244521099,0.34925012519784815,0.00033611463848098183,0.12356541834462309,0.2804031489100007,3.902423702325733,0.0,2.5120181489828677
0,39.82095589138482,0.0199371687751757,12.03730768087153,-0.014026721315381963,-0.00022784672454811972,0.0957828742966782,0.3096074404492444,2.983658338973362,0.0,2.1110440503851695
0,40.041098623970136,0.02007060923211468,12.044375226558358,0.22014273258531603,0.00013344045693898174,0.08684709882703037,0.2961379781971138,4.411784869839051,0.0,2.7981683913137534
0,39.999935444997135,0.01993935665024166,12.056582742372537,-0.041163178973000925,-0.00013125258187302036,0.08129344132851403,0.1575399396222463,4.789038315556983,0.0,2.709599037022984
0,40.20444899868458,0.01988714357988206,12.053368766048303,0.20451355368744828,-5.221307035960243e-05,0.0839832495840052,0.1653642465966838,3.091719610586804,0.0,1.8765882984867697
0,40.12682415947962,0.02006096956322336,12.050842519008103,-0.07762483920496521,0.0001738259833413032,0.08443919774305043,0.2200725733252299,1.736677713145952,0.0,1.3084840032234357
0,40.14677782753434,0.01990485550591585,12.04745827101949,0.019953668054725426,-0.00015611405730751177,0.07791340962089696,0.1653200798492384,3.6233488360679087,0.0,2.142314577732431
0,40.19426021922672,0.02014080684990907,12.033293369158429,0.04748239169237678,0.00023595134399322093,0.09456462767719755,0.2443704395785149,4.760967679965731,0.0,2.869224719139895
0,40.295301215281945,0.01990365839942813,12.049902080527215,0.10104099605522521,-0.00023714845048094027,0.09625643806916709,0.4181293039515957,1.8554705762388628,0.0,1.763993896022623
0,40.32093105424518,0.01989910572299213,12.02913198019164,0.025629838963233453,-4.552676435998909e-06,0.09911256218929697,0.1176438296222322,1.5951861467285973,0.0,1.032880732608763
0,40.355818604844345,0.01958217512622911,12.008431431234325,0.034887550599165706,-0.00031693059676302093,0.09420083363294715,0.0193476476880299,3.5509446408776286,0.0,1.814167615814874
0,40.577695183711576,0.01982784932700258,12.001678040039469,0.22187657886723144,0.0002456742007734686,0.0981513972989896,0.3204702892461889,1.3278177389958654,0.0,1.3048494479903106
0,40.331083971353806,0.020017556981055378,12.001776784363702,-0.24661121235777017,0.0001897076540527988,0.09811901720429166,0.4472834370223586,4.868619059654505,0.0,3.32887640387197
0,40.404764900656104,0.01989825418610921,11.976979828123833,0.07368092930229864,-0.0001193027949461696,0.10782345619185345,0.3717535978219671,3.4350865716805283,0.0,2.4610504814841985
0,40.39240358201532,0.02003472018096924,11.975484653748056,-0.012361318640785157,0.00013646599486002997,0.10793197915696644,0.4983182754489347,4.990903557047739,0.0,3.4920883294217386
0,40.44479579790811,0.0205754928431959,11.95388984261277,0.05239221589278742,0.0005407726622266608,0.11789118462020438,0.2774601928711423,3.803468236301229,0.0,2.4566545038928993
0,40.43632412257567,0.020557041893299162,11.94814109274591,-0.0084716753324372,-1.8450949896737373e-05,0.10690329308421162,0.0470180796560695,1.5535116034062573,0.0,0.8707919610152677
0,40.36578528027242,0.02066307459789411,11.981286084338596,-0.07053884230325025,0.00010603270459494732,0.13141906105057546,0.3061114115104769,1.7815913084034567,0.0,1.5030184772226822
0,40.52608734663319,0.020489886670186638,11.947021476201309,0.16030206636077082,-0.0001731879277074716,0.13202274584923032,0.2558263980157877,4.262263846147123,0.0,2.642784719105137
0,40.74428539647422,0.02045759017289991,11.971563401575796,0.2181980498410283,-3.229649728672679e-05,0.14891092913563186,0.4417026034760626,1.577315414719184,0.0,1.6720629143117172
0,40.533510394413355,0.02037994876047973,11.99696098672719,-0.21077500206086341,-7.764141242018116e-05,0.16313535813540228,0.3900415138057991,4.481559929995022,0.0,3.0208629926091093
0,40.437015900902445,0.020022182955170182,11.994816963403368,-0.09649449351091022,-0.0003577658053095477,0.16438577014957484,0.4340291977195574,3.0497391115786825,0.0,2.3929279512284563
0,40.42276467326907,0.01950542274570986,11.992174797358695,-0.014251227633373276,-0.0005167602094603221,0.16498202956527072,0.1662308429258728,2.342169603870975,0.0,1.5035464877872333
0,40.482793399047445,0.01917441645629913,12.02725020085934,0.06002872577837337,-0.00033100628941072976,0.16374655230868118,0.2499675430577186,1.9810628368570464,0.0,1.4904665045439605
0,40.58586892364232,0.01902627861526069,12.05017610339571,0.10307552459487823,-0.00014813784103843985,0.16949876376898423,0.4128811455889689,2.736472798472537,0.0,2.1939986904142064
0,40.615962534124506,0.018807189965951238,12.060217300611335,0.030093610482182953,-0.00021908864930945265,0.15612638077709642,0.3789337067628391,4.047848686911966,0.0,2.781791756981661
0,40.523098980926925,0.01869413974783506,12.044852440329752,-0.09286355319758144,-0.00011305021811617785,0.1576216271548075,0.1065397453554689,2.0261750222439523,0.0,1.226167001832914
0,40.732136518438935,0.01844018792775453,12.014939725135955,0.20903753751201037,-0.00025395182008053005,0.15109685370337195,0.1350144888685848,4.318501358352836,0.0,2.4292796569135877
0,40.55610620434723,0.01863003120994696,12.046885075320365,-0.17603031409170455,0.00018984328219243118,0.13084188564043414,0.1256432110270804,4.655297312322917,0.0,2.5789350782156193
0,40.30924921198562,0.01865979424114097,12.028908931891802,-0.2468569923616073,2.9763031194007805e-05,0.12439067440129965,0.4870275148916463,1.762937013316368,0.0,1.8555235364414766
0,40.4953058355586,0.018740936376508067,12.013322410085058,0.18605662357297348,8.11421353670988e-05,0.11102425857534742,0.3333785439322201,3.5045625812125296,0.0,2.419038378470705
0,40.48314528288442,0.01911795686707228,12.02753751390901,-0.012160552674174596,0.000377020490564213,0.10364584915266245,0.3411127018506384,1.413688099397422,0.0,1.3890694533999879
0,40.399826291998934,0.01951900049764374,12.049360263124038,-0.08331899088548766,0.00040104363057145986,0.1076625380835924,0.2845397055806685,1.7081062910304443,0.0,1.4231325566765591
0,40.19781911442004,0.02011556986962879,12.039125647296013,-0.20200717757889208,0.0005965693719850486,0.09833733437437064,0.1980177981303678,2.269713410712639,0.0,1.530892301617055
0,39.888214234537486,0.02022369313278917,11.998333917063842,-0.30960487988255636,0.00010812326316038054,0.11200713502205527,0.080802754886146,3.6241681580394767,0.0,1.9736895887920303
0,39.78232660219826,0.019846729631054598,11.991742685597124,-0.10588763233922549,-0.00037696350173457155,0.11945746491950135,0.2472728778109734,2.379963424490059,0.0,1.6845274678669764
0,39.88989185208082,0.01994339958937744,12.008268036527767,0.10756524988256189,9.666995832284184e-05,0.12612552173241215,0.2759006991936759,4.000524472646273,0.0,2.552063634710488
0,39.75376596077065,0.02013797182953298,12.025629364166127,-0.13612589131017216,0.00019457224015554178,0.12310592084503943,0.1715598105031843,1.1705345110800431,0.0,0.9283868765463902
0,39.88170573027357,0.020270132254563523,12.016131157612195,0.12793976950292318,0.00013216042503054123,0.11946663397301825,0.1094420280346195,2.331342795079958,0.0,1.384555453609218
0,39.97258244313864,0.02032474838115019,12.02355947879866,0.09087671286506804,5.461612658666862e-05,0.11991701027550711,0.205910347000727,4.450600753429192,0.0,2.63712107071605
0,39.83205248914071,0.02084633104776917,12.022378285313367,-0.1405299539979339,0.0005215826666189784,0.11986057167196854,0.4132863984359412,1.6643274997986426,0.0,1.6587365467712036
0,39.73559558671695,0.020775345951740597,12.021172318363645,-0.09645690242376048,-7.098509602857309e-05,0.11970889596531974,0.1571591934983829,4.6254226051675005,0.0,2.627029689580516
0,40.01459651026063,0.02096024872286529,12.017452110086637,0.2790009235436841,0.00018490277112469256,0.11523472894117374,0.483208133426924,4.816922507327907,0.0,3.3748775205178014
0,39.98039668715268,0.02059484748965903,12.020841395562323,-0.03419982310795433,-0.0003654012332062577,0.1176708459200852,0.2038455625039613,1.9592038981680215,0.0,1.3872930740919334
0,40.13577239754507,0.020671518844726032,12.027327872134212,0.1553757103923914,7.667135506700049e-05,0.10411325118500128,0.3089456381997745,3.1864323324955968,0.0,2.2111074426473474
0,40.106948629279984,0.02077059957775689,12.048290036595175,-0.028823768265084482,9.908073303085962e-05,0.08191441276516444,0.0404284404972949,1.336861313047086,0.0,0.7492875375181328
0,39.95115452059942,0.02086798777472177,12.039326537661562,-0.15579410868056698,9.738819696487877e-05,0.07707872725885212,0.4543698273333253,3.411895050315185,0.0,2.614687179824243
0,39.93633679775012,0.02059982879506687,12.04067606020629,-0.014817722849294057,-0.00026815897965489985,0.07806446820155125,0.1311975232729837,2.227015357129337,0.0,1.375902725110636
0,39.72640771254734,0.020431916720130838,12.043717993550356,-0.20992908520278064,-0.0001679120749360323,0.07755302669539209,0.422019758032558,4.942984164939663,0.0,3.3155315985349474
0,39.708984194561374,0.02057537386535247,12.01793649638259,-0.017423517985967862,0.00014345714522163294,0.1073635670737393,0.4458662551169913,1.8599350085351856,0.0,1.8217000145015754
0,39.754672934387436,0.01981710421860543,12.0061390580202,0.04568873982606192,-0.0007582696467470403,0.11316568517280427,0.2063385387880105,1.3972736643140355,0.0,1.1113139097330387
0,39.789765166598634,0.01975391713262815,12.00419133820229,0.03509223221119839,-6.318708597728012e-05,0.11288995872191264,0.420149584931983,3.3813802524118093,0.0,2.5309892960698708
0,39.659898457056116,0.01968141982472243,12.002128633589766,-0.12986670954251878,-7.249730790571951e-05,0.110543238591423,0.2350048207340137,4.390992876381347,0.0,2.6655060796587007
0,39.79473828423489,0.019920232852128968,11.992703975496415,0.13483982717877296,0.0002388130274065363,0.10401426105008138,0.4911158409725958,4.929292213756813,0.0,3.446877788823598
0,39.902909731182696,0.01961601676009707,12.006448340416886,0.10817144694780723,-0.000304216092031899,0.09102622696754356,0.4194475345147198,4.832103430182251,0.0,3.254946784120565
0,39.97833813612134,0.01944439292601243,12.00943082197013,0.07542840493864134,-0.00017162383408463738,0.09321844334580423,0.2082939318164856,2.552870565912503,0.0,1.6930231465892227
0,40.196340701600576,0.01947625375548372,12.014584675830701,0.2180025654792388,3.1860829471288404e-05,0.09632133951991415,0.1037710961319479,4.385479490674257,0.0,2.400281937601024
0,40.04253634405687,0.01983721768191754,12.003238897671647,-0.1538043575437058,0.0003609639264338209,0.09202383299417936,0.3703941967688674,2.838705423472759,0.0,2.160141105274114
0,40.141913434930494,0.01973808302310385,11.993357166374938,0.09937709087362379,-9.913465881369182e-05,0.09227093512066718,0.1950913730754566,1.0485502256636725,0.0,0.9144578589827494
0,40.108213568623626,0.01937405456646207,12.00860554203896,-0.03369986630686839,-0.0003640284566417788,0.06693538546808543,0.3418960837130816,2.870940355712422,0.0,2.1192623452823742
0,40.17412329242575,0.019590126709806567,12.024270505424596,0.06590972380212179,0.00021607214334449718,0.057457177277772754,0.4441350607849717,4.029400170343365,0.0,2.902970206741626
0,40.174601448774425,0.01976294224967057,12.017750510443168,0.0004781563486773166,0.00017281553986400397,0.06273514356072898,0.3717669513569569,1.9867643544512088,0.0,1.7369160799395182
0,40.16824459881722,0.01969740680973609,11.999576002361621,-0.006356849957207089,-6.553543993447972e-05,0.060205676374405215,0.2323405595672482,4.164779181795463,0.0,2.5470707100322283
0,40.071114647670356,0.01911911329105749,12.0007569874567,-0.09712995114686152,-0.0005782935186786006,0.06070311767169164,0.3178589567906982,4.069467732107945,0.0,2.670451779635369
0,39.84898678768101,0.019002108566614252,12.003684497651353,-0.22212785998934947,-0.00011700472444323845,0.060583844076370096,0.2799034860913102,2.5262906660005973,0.0,1.822952305182919
0,39.75434551928781,0.019338860101041487,12.011151434848042,-0.09464126839319675,0.0003367515344272348,0.07454674772199035,0.0397922208407386,4.936730260705408,0.0,2.5479495720341814
0,39.565717180795396,0.01921983978938645,12.013777891813394,-0.18862833849241412,-0.00011902031165503604,0.07798279057622652,0.4820521742378237,1.0981549145947866,0.0,1.5131818057730406
0,39.670813692970185,0.01895185726089653,12.007238880967702,0.10509651217478932,-0.0002679825284899219,0.08329135920519001,0.0394073193006012,3.700664238710068,0.0,1.9291467579562362
0,39.59087717921828,0.01916674989176681,11.993165739718936,-0.07993651375190325,0.00021489263087028088,0.10395980480254421,0.0346684769190853,1.4669638182234923,0.0,0.8028188629499168
0,39.56113053417535,0.01933484087025374,12.005444775257603,-0.029746645042934006,0.00016809097848692958,0.10658765984608436,0.2324544856323757,2.136203436230963,0.0,1.5330106893802329
0,39.54046528746834,0.01941873236175384,11.995915133579071,-0.020665246707004314,8.389149150010017e-05,0.10533199153343493,0.268885427286388,1.6949354436277586,0.0,1.3852385763866553
0,39.52833169759074,0.01896935563092113,12.002383916830059,-0.01213358987760671,-0.0004493767308327082,0.10380757444685407,0.0899729751214061,4.716644903642054,0.0,2.538268402063839
0,39.48099493626532,0.01912718502441524,12.014040553151947,-0.04733676132541831,0.00015782939349410705,0.10071228072924053,0.1457138021449839,1.0876265234424642,0.0,0.8352408660111998
0,39.46498956428122,0.01948609283840766,12.01541752184507,-0.016005371984100236,0.00035890781399242067,0.10103298954089275,0.3014247243038224,1.020605178938608,0.0,1.1131520380769486
0,39.652659721824946,0.02008223544855987,12.01417947807322,0.18767015754372807,0.0005961426101522109,0.10111946621012857,0.4408760934307635,2.8946962718263856,0.0,2.32910032277472
0,39.61038452686756,0.01997874541100661,11.996611275566634,-0.04227519495738363,-0.00010349003755326033,0.08762805409171712,0.2604044189441897,2.16201563657796,0.0,1.6018166561773595
0,39.8236593988065,0.01977738015929234,11.97574993516418,0.21327487193893546,-0.00020136525171426944,0.08077195260908529,0.4133395548685386,4.501156190851862,0.0,3.0772572051630083
0,39.871624712969776,0.01976233490537432,11.97857170273606,0.047965314163278094,-1.504525391802028e-05,0.07903938530089752,0.1073388863038706,4.169962155869808,0.0,2.299658850542645
0,39.885336604237274,0.01944794937449591,12.00002451160368,0.013711891267497833,-0.00031438553087841103,0.05124911045518597,0.1149022378041813,3.3166085191412424,0.0,1.8881087351789838
0,40.038190563064326,0.01937070066976744,12.008301305193235,0.15285395882705188,-7.724870472846854e-05,0.06928548163121782,0.0879671887734497,4.200716761342295,0.0,2.2762927582180468
0,39.75917560441969,0.01944992274656012,12.004524728740156,-0.27901495864463755,7.922207679268017e-05,0.07281134461616814,0.4476577597932207,1.6747117069571833,0.0,1.732671373065033
0,39.81182652150101,0.019782224018830553,11.987383436186295,0.052650917081322746,0.000332301272270432,0.08976223594439442,0.2085521750360037,1.2337341778700908,0.0,1.0339714390070527
0,39.93968677883927,0.01973217542186623,12.003776472621634,0.12786025733825568,-5.004859696432218e-05,0.11285508308166416,0.4008297004835613,1.309580233365886,0.0,1.4564495176500656
0,39.90674965128231,0.01995807372028742,12.00901621882768,-0.03293712755695566,0.00022589829842118922,0.11603759242433229,0.4004836277707693,3.15970588198345,0.0,2.3808201965332634
0,39.97464265131492,0.019608513687152627,12.010008088255868,0.0678930000326119,-0.0003495600331347923,0.1160157589145152,0.1728647047644199,4.967358328424737,0.0,2.8294085737412082
0,40.1982257610574,0.01901149195061336,12.018411289408148,0.22358310974247786,-0.0005970217365392667,0.116864701157828,0.3011637114811922,4.836124271593334,0.0,3.0203895587590517
0,40.12994486301526,0.01929932497232305,12.057076925657245,-0.06828089804213988,0.00028783302170969083,0.13789788757829344,0.0155272869148088,1.9474549224678797,0.0,1.0047820350635575
0,40.0062040307768,0.01924677552349579,12.065367014226856,-0.123740832238461,-5.254944882726251e-05,0.13295598919650667,0.2765277992490274,2.7783455478207064,0.0,1.942228372408408
0,39.9028058711976,0.019728615399006822,12.056131518250286,-0.10339815957919996,0.000481839875511033,0.13945879547907256,0.2692490752170469,3.656799759659812,0.0,2.3668980302639997
0,39.942920329793296,0.019803472598751128,12.03956916454923,0.04011445859569562,7.485719974430552e-05,0.13502268512061,0.0358114180933664,3.800630822145527,0.0,1.9719382472594964
0,40.07218068398604,0.0200516794801186,12.057144803596845,0.12926035419274484,0.0002482068813674729,0.13021529497806122,0.3034317620801812,1.6064456649308467,0.0,1.4100863566257857
0,40.09809317902352,0.02011131257727427,12.061771724095443,0.025912495037481165,5.9633097155668835e-05,0.12213043776377916,0.466409977893316,1.9682789857370189,0.0,1.9169594486551413
0,40.06896868454398,0.01970565102134198,12.02656092710496,-0.029124494479539464,-0.0004056615559322879,0.1266077944510981,0.4197934649829418,4.02669145708663,0.0,2.8529326585091987
0,40.24280429837105,0.01970094344472206,12.020459233198858,0.17383561382706603,-4.707576619921577e-06,0.1243854348906302,0.0674393355251259,3.772018630132113,0.0,2.0208879861163083
0,39.98905306591372,0.02001705733880263,12.028548185526335,-0.25375123245732567,0.0003161138940805698,0.12640054108380291,0.0656273188051177,2.993876764623965,0.0,1.6281930199222179
0,39.91724262511261,0.02067715659073373,12.013105737399423,-0.07181044080111576,0.0006600992519311018,0.13057058545613034,0.4299603054611721,1.631143466877146,0.0,1.6754923443609173
0,39.769177098886374,0.020648022555629822,11.968403028371828,-0.14806552622623315,-2.9134035103909467e-05,0.09583437785452614,0.4128933109913849,4.382140144144167,0.0,3.0168566940548533
0,39.96417858716036,0.02077061314680831,11.995422527641527,0.1950014882739879,0.00012259059117848692,0.142070850363183,0.4682047385662207,2.351350190223319,0.0,2.112084572244101
0,40.08992631624339,0.020360163757784287,12.01130353643308,0.1257477290830309,-0.00041044938902402156,0.14260383397840196,0.1654197590742973,4.901727966284208,0.0,2.781703501290699
0,39.99101788338576,0.019900522543816402,12.015408353887677,-0.09890843285763395,-0.0004596412139678853,0.14277291740590353,0.1656289385577693,2.418719689542949,0.0,1.540617721887013
0,40.17532795107563,0.01939105507173715,12.01049406976139,0.18431006768987146,-0.0005094674720792502,0.1402235040164444,0.0962201647397396,3.5917911427734146,0.0,1.9883359008661865
0,40.11487192999725,0.01957981464771804,12.017707613620962,-0.06045602107838022,0.00018875957598088813,0.13475168825556263,0.4745161489385762,4.401420840484924,0.0,3.1497427181196143
0,40.156154407371574,0.01980462082929761,12.04781986617547,0.04128247737432389,0.00022480618157957183,0.12752542267582537,0.241849092720946,3.0328332389148103,0.0,2.0001148048992974
0,40.045585994277566,0.019334641572444838,12.048474902719931,-0.11056841309400767,-0.000469979256852774,0.12746415190224497,0.395620339351556,2.987899392414904,0.0,2.285190374910564
0,40.04907192454386,0.01909292471598131,12.029082906864485,0.0034859302662937353,-0.00024171685646352803,0.1344848761698937,0.3436588947139398,4.928885874976501,0.0,3.1517607269161303
0,39.92063109755685,0.019069965419832573,12.02504342575537,-0.12844082698700987,-2.2959296148736957e-05,0.1389132072221348,0.2301392257805197,3.0842866157032462,0.0,2.0024217594126625
0,39.83913200098125,0.019008385307944912,12.040841431286797,-0.08149909657559817,-6.158011188766091e-05,0.12458476949437199,0.2125107948952331,4.161664841845194,0.0,2.505854010713063
0,39.71926263214165,0.01864837303599784,12.002073938186323,-0.11986936883960198,-0.00036001227194707233,0.09058689359043702,0.393858403773363,1.957013896859724,0.0,1.766223755976588
0,39.74567411165857,0.018809220618110772,11.98633540063502,0.026411479516923464,0.00016084758211293293,0.08780885937808967,0.3266263021484817,1.688715565507838,0.0,1.4976103870508823
0,39.710751253291505,0.019005497055496052,11.977852699723343,-0.03492285836706799,0.00019627643738527947,0.08622067921054308,0.0259089534088657,1.8545030421360529,0.0,0.9790694278857578
0,39.58738547829975,0.0188753736537628,11.984495443965066,-0.12336577499175405,-0.00013012340173325018,0.09489940205299842,0.0879108623209195,3.5158431194381023,0.0,1.9337432843608902
0,39.481027019955675,0.01872581736311876,11.972223618111858,-0.10635845834407576,-0.00014955629064404216,0.10621016450801199,0.0542774181224149,3.284796552856137,0.0,1.7509531126728983
0,39.356963446673284,0.01897994333724979,11.957754914631163,-0.12406357328239181,0.0002541259741310302,0.08658653495697904,0.1432255532551837,3.9013477417348503,0.0,2.2371249773777926
0,39.30429848668961,0.019525036962751482,11.941003002931279,-0.05266495998367304,0.0005450936255016921,0.08494781110411483,0.4419308909573379,3.640133867953653,0.0,2.7039287158915024
0,39.45740862215424,0.01936563450661094,11.948387836177341,0.1531101354646296,-0.00015940245614054147,0.08411019729951853,0.2854852412802299,4.262510409142369,0.0,2.7022256871316443
0,39.69746750374854,0.01934531298487596,11.944095819782383,0.240058881594301,-2.0321521734981834e-05,0.08937210891202375,0.3570076325389556,1.1038566538402297,0.0,1.2659435919980262
0,39.957964881092224,0.0196439291820282,11.918644933697859,0.2604973773436825,0.0002986161971522405,0.10514204818569131,0.2824300588543513,4.405163022121607,0.0,2.767441628769506
0,40.05240709614294,0.019977958448658382,11.939062004257138,0.09444221505071937,0.0003340292666301828,0.12225460336871323,0.450678576161634,3.904450742922249,0.0,2.853582523784392
0,40.12605876113589,0.019559148257584667,11.935224856162026,0.07365166499294418,-0.0004188101910737145,0.1231803896910944,0.3095150262696008,4.552078421097424,0.0,2.8950692630879136
0,40.2349652160217,0.019586808494424412,11.938771282430926,0.10890645488581185,2.766023683974453e-05,0.12429741508417334,0.4743781455517867,3.4674310411886564,0.0,2.6824718116979014
0,40.13936246493866,0.019403997096636948,11.927528682401363,-0.09560275108304239,-0.00018281139778746416,0.1102917541681357,0.0903859237160141,4.37487499919,0.0,2.3682093470270282
0,40.27880060002428,0.019749704490867843,11.946701002265339,0.1394381350856264,0.0003457073942308951,0.10880125981768689,0.1494738970298031,3.2330587440947243,0.0,1.9154771661069683
0,40.34817637860925,0.019311441814823187,11.944048755775832,0.0693757785849698,-0.00043826267604465605,0.10739239622422793,0.3166429984618747,4.950392812221204,0.0,3.108482403034351
0,40.335217739943474,0.019147607945762448,11.948856327447732,-0.012958638665779176,-0.00016383386906073868,0.10491437429259586,0.0024450646177383,1.983506152852692,0.0,0.9966432056618226
0,40.399430554155586,0.01929292945734275,11.938893397400319,0.06421281421211233,0.00014532151158030276,0.10707610828370266,0.2272499332621164,2.301897971572658,0.0,1.605448852310562
0,40.557788479345234,0.019592654515576728,11.952541821554847,0.15835792518964809,0.00029972505823397735,0.09998632571892077,0.2268084062295459,3.8485760018553457,0.0,2.3779048133867646
0,40.36849088685027,0.01927629001666053,11.973079531207137,-0.1892975924949667,-0.00031636449891619955,0.07046889452263601,0.0935810798339261,1.9179033378744357,0.0,1.14611382860507
0,40.25115653967122,0.01905384645447816,11.952883238209642,-0.117334347179046,-0.00022244356218236935,0.05097789461927633,0.0234408045041909,1.7579562606566306,0.0,0.9258597393366971
0,40.157440569278336,0.01933612963809941,11.964067379660154,-0.0937159703928856,0.0002822831836212514,0.04815899845157197,0.2259976623140361,2.8256961313079083,0.0,1.8648433902820263
0,40.12086434092693,0.01968128191038866,11.979914006249874,-0.03657622835140728,0.00034515227228924805,0.07574206998287984,0.0290850855061817,3.209132860265851,0.0,1.6627366011452889
0,40.16284035082991,0.02032211128711877,11.985604318736383,0.04197600990298156,0.0006408293767301114,0.0801339851932806,0.479049089673358,4.95049105398484,0.0,3.4333437063391363
0,40.21756317364228,0.01988088957091668,11.996700878374362,0.05472282281237284,-0.0004412217162020893,0.09290822061681867,0.4406249473802393,3.145644084508528,0.0,2.4540719370147426
0,40.06117895490979,0.02041393428961375,11.98268801364569,-0.15638421873249087,0.0005330447186970705,0.10486902762246772,0.1123799855905454,4.263343763050878,0.0,2.35643185270653
0,40.173206912317575,0.020514836497231622,12.003183490222295,0.11202795740778271,0.00010090220761787075,0.11135419552089094,0.4205203454233591,3.054925027336429,0.0,2.3685032045149326
0,39.950342223063814,0.02056644078053163,12.016909729103032,-0.22286468925376113,5.1604283300008685e-05,0.10160671256421258,0.4583416886223053,4.877304707988937,0.0,3.3553357312390792
0,39.74708560130769,0.020124813556900885,12.026222765463922,-0.20325662175612536,-0.00044162722363074586,0.10064037991204407,0.4329875023327255,2.5635673184807315,0.0,2.1477586639058166
0,39.8654205019738,0.02012151501150888,12.024649168869795,0.11833490066611319,-3.298545392004665e-06,0.10198729447658178,0.337426152914802,2.085719370324918,0.0,1.717711990992063
0,39.81847371754106,0.020311173968594963,12.027910593245386,-0.04694678443274114,0.0001896589570860828,0.09854550299803268,0.2630788965244844,1.7365966078525612,0.0,1.3944560969752495
0,39.98583579739417,0.02048679175804834,12.03192324868076,0.16736207985310614,0.0001756177894533771,0.09824182856541783,0.2023632971628314,2.674099159606373,0.0,1.7417761741288493
0,39.85454406673392,0.020026639715040533,12.030927939235712,-0.13129173066024435,-0.0004601520430078075,0.0969743280444684,0.1282085809738836,4.493365717036368,0.0,2.503100020465951
0,39.91571092787944,0.01981685434369855,12.029551213825503,0.06116686114551584,-0.000209785371341982,0.096528050590717,0.2252348989579881,2.7714745475934275,0.0,1.83620707171269
0,39.74927707525883,0.01973259760087063,12.018332573572613,-0.16643385262060661,-8.4256742827922e-05,0.08896925639943046,0.1230851722320092,4.436992383572664,0.0,2.4646665362503506
0,39.87317955157156,0.020040970860416348,12.027273971679827,0.12390247631272899,0.0003083732595457189,0.0724180992828236,0.2395478752613682,1.3547562335395176,0.0,1.1564738672924952
0,39.72696904918119,0.01988019640859351,12.001667651808079,-0.14621050239036748,-0.0001607744518228385,0.07856198412783792,0.2303283818658654,4.412704556664433,0.0,2.6670090420639476
0,39.894171233890475,0.0197783349587399,11.998186524100742,0.16720218470928216,-0.00010186144985360746,0.07889159718764284,0.2994026021444779,4.61630741579525,0.0,2.906958912186581
0,39.79867464023168,0.01964100801263504,11.987353804250485,-0.09549659365879393,-0.00013732694610486124,0.07707741560320562,0.0891855015998074,1.1738721653634414,0.0,0.7653070858813356
0,39.96106213109876,0.01967664619996089,12.000862922690075,0.1623874908670757,3.563818732585031e-05,0.07956084324530438,0.2661647834391109,3.9935414785455934,0.0,2.5291003061510184
0,40.12110789165051,0.01982865030152978,12.010903824415497,0.16004576055175335,0.00015200410156888944,0.07838516660088421,0.07305071218789,3.3529029279815097,0.0,1.822552888366535
0,39.849078401972506,0.01989499685250985,11.984115988662351,-0.27202948967800467,6.634655098006897e-05,0.10673752944505409,0.3734171120498157,4.804535275232951,0.0,3.149101861716107
0,40.03757790395433,0.02024264597531382,11.956762568286004,0.18849950198182341,0.00034764912280397034,0.09747631557994095,0.4619372538728448,2.213844429090379,0.0,2.030796722290879
0,40.04614184226331,0.0204191539677605,11.972231151602305,0.008563938308981278,0.00017650799244667975,0.1231007708033904,0.3350948860160096,4.260176460523386,0.0,2.8002780022937124
0,40.15080450153293,0.02048898319250095,11.963533945497705,0.10466265926962137,6.982922474045236e-05,0.12209796776540659,0.2335617030153708,2.0620841694412126,0.0,1.498165490751348
0,40.225142512466576,0.0200482186082622,11.965256425251479,0.07433801093364423,-0.00044076458423875087,0.12174154661135911,0.4371970527685408,3.7673471487819175,0.0,2.7580676799280406
0,40.24307666881104,0.02033624132543729,11.97756903725544,0.0179341563444666,0.00028802271717508904,0.11719398639747725,0.3057891708849028,2.61938950024108,0.0,1.9212730918903458
0,40.29050415612599,0.02058938110090167,11.966324365961714,0.04742748731494828,0.00025313977546437966,0.1226488788034852,0.2491804508147375,2.305947653691917,0.0,1.6513347284754334
0,40.37571814429786,0.020684210552345508,11.968150780294318,0.08521398817187276,9.482945144383831e-05,0.1225206677718434,0.4228306802799602,3.318599585698033,0.0,2.504961153408937
0,40.089781356914514,0.02038521624482706,11.978424168375458,-0.28593678738334916,-0.00029899430751844855,0.13600448188626033,0.4704412791256823,3.4721354157337485,0.0,2.6769502661182387
0,39.855154739170516,0.02051877305165745,11.96362520083874,-0.23462661774399862,0.00013355680683039065,0.1356720535371447,0.1207925297865532,1.7999907312237275,0.0,1.1415804251849702
0,40.01566037376263,0.020387570410057627,11.97697526975358,0.16050563459211276,-0.00013120264159982228,0.12085160360997454,0.3881086414471981,1.9230782219294404,0.0,1.7377563938591165
0,39.87855492215421,0.02003914106370134,11.997441820097588,-0.13710545160842003,-0.0003484293463562882,0.11701027153119385,0.3676171244912312,4.549934924530669,0.0,3.010201711247797
0,39.71983934025735,0.02024776522686382,11.976690114380187,-0.15871558189685686,0.00020862416316248106,0.0914752783228478,0.2562130066786239,3.54555346341779,0.0,2.285202745066143
0,39.56438040808035,0.02014662856499665,11.973939277389672,-0.15545893217699813,-0.00010113666186717038,0.09319493333158266,0.0335597194010263,4.727899161002751,0.0,2.431069019303428
0,39.41774201161421,0.02004600141230551,11.96116496903027,-0.14663839646614463,-0.00010062715269113995,0.10482420930109027,0.2993743281157235,2.0206414080425263,0.0,1.6090693602527102
0,39.47736744975655,0.0198872311752389,11.968476246369491,0.05962543814234067,-0.00015877023706660845,0.10974598683498749,0.4527719819534954,1.362099700527038,0.0,1.5865938141705098
0,39.3892648828527,0.01974219435846259,11.922958508954178,-0.08810256690384932,-0.00014503681677631095,0.20831417717698428,0.0712300798212411,2.598579321231689,0.0,1.4417498202583268
0,39.53209456686234,0.02000343007923524,11.861345917981565,0.1428296840096408,0.00026123572077264845,0.27405000630562776,0.2974732791793887,2.0697538882992776,0.0,1.6298235025084162
0,39.76249180921408,0.020313477971741982,11.7909417929982,0.2303972423517422,0.0003100478925067429,0.27428361286864217,-0.0731484343799715,0.4569532743842542,1.0,5.082179768432184
0,40.04982126790625,0.02005898405951999,11.789916407237186,0.2873294586921702,-0.0002544939122219904,0.2738503622742482,0.1179157013439891,0.3397008446258533,1.0,5.405681825000904
0,40.061527035106884,0.020120180292147318,11.857865433528833,0.011705767200631101,6.11962326273266e-05,0.37300282921899586,-0.0446801408426634,3.875404359035464,1.0,6.848341897832405
0,40.1343720341118,0.02068809559306939,11.832614884332402,0.07284499900491426,0.0005679153009220707,0.36556042303074543,0.2038405080931671,2.570213655384188,0.0,1.6927878438784283
0,40.51701594594922,0.02035888547144098,11.820709093951063,0.38264391183741964,-0.00032921012162840865,0.3614642186197449,0.1026573243939112,1.2852176892174318,0.0,0.8479234933965383
0,40.61833571185552,0.020828914173381292,11.787275781336728,0.10131976590630387,0.00047002870194031224,0.36773523879215353,-0.0657966964803487,0.9191289542755838,0.0,0.32797108417709453
0,40.41351482549373,0.02048719680683659,11.858178608531507,-0.2048208863617944,-0.00034171736654470264,0.4371048455328026,-0.0836013379101059,-0.2398083668685218,1.0,4.7128931407455275
0,40.47037347308136,0.02041358932269659,11.802231693628338,0.056858647587631594,-7.360748413999876e-05,0.4432569205199431,0.1629922808372687,3.0640704102146565,1.0,6.858019766781865
0,40.550386851766994,0.020694881918871193,11.76847829888108,0.08001337868563496,0.0002812925961746017,0.48726361143494334,0.027951817054487,3.301408947563723,0.0,1.7066081078908355
0,40.43949226017931,0.02090215743401115,11.893762470066113,-0.11089459158768733,0.0002072755151399583,0.5278016455336235,-0.1044183757161144,2.779314441474102,1.0,6.180820469304822
0,40.34657222633867,0.02110861312414736,11.916706255574534,-0.09292003384063463,0.00020645569013620982,0.5122511099913154,0.2243600953974893,2.2070894678655693,1.0,6.552264924727764
0,40.10626277837283,0.02141393907776201,11.986609802208289,-0.24030944796584208,0.0003053259536146477,0.5541150162778997,-0.2848488293588005,1.585083357430752,1.0,5.222844019997775
0,40.18529725866674,0.02154270652489576,11.89649296419237,0.07903448029391313,0.00012876744713375202,0.5174373341495571,0.1854496555771057,3.30576480747591,1.0,7.023781714892166
0,40.12644297013063,0.02141911846414234,11.883893105503395,-0.058854288536110744,-0.00012358806075342052,0.5211105906428537,-0.0002495109433212,0.2616029647122195,0.0,0.13030246046946736
0,39.899739131313005,0.02194865497038066,11.874968032611461,-0.22670383881762746,0.0005295365062383192,0.5219541302601025,0.1358984725369176,0.8094684354116384,1.0,5.676531162779654
0,39.98692746365791,0.021716840828808488,11.967744708297115,0.0871883323449083,-0.00023181414157217098,0.5447236774601752,0.054735385935152,1.0947485253813212,0.0,0.6568450345609645
0,40.30262818027558,0.0223915315122387,11.96416454124447,0.31570071661766974,0.0006746906834302104,0.5407089498583078,0.1784810516801383,1.6410945875301275,0.0,1.1775093971253403
0,40.340164464706206,0.022637498258042107,11.97836025012423,0.0375362844306224,0.00024596674580340885,0.5291093538702586,-0.019673803382789,2.053082094441414,0.0,0.987193440455129
0,40.24541727047245,0.02265644176900486,12.0578939676624,-0.09474719423375433,1.894351096275171e-05,0.4275318427031756,-0.150190127231244,2.054079789784518,0.0,0.7266596404297709
0,40.151256365488585,0.022758603596332368,12.005392490972927,-0.09416090498386609,0.0001021618273275085,0.38272306017379276,-0.1436569170442448,3.0304478438197626,1.0,6.2279100878213915
0,40.16636703251838,0.02274145199679337,12.07949950885661,0.01511066702979491,-1.715159953899828e-05,0.38929979680730636,-0.1287022016220692,0.8370319048694799,1.0,5.161111549190601
0,40.298662898593385,0.023302979576157363,12.048146030160037,0.13229586607500465,0.0005615275793639934,0.3548470360291884,0.0227451424256348,0.4494345982979486,0.0,0.2702075840002439
0,40.428267423091384,0.02338108914486828,12.112728703264551,0.1296045244979993,7.810956871091845e-05,0.3403336349031234,-0.0595933171204851,1.1433906451255256,1.0,5.452508688321792
0,40.58923081652187,0.02365221958561739,12.135047184918587,0.16096339343048527,0.0002711304407491087,0.31605253214743917,0.2063585088662819,2.846814016853944,1.0,6.836124026159536
0,40.73075756507616,0.02346851556477704,12.145611804614822,0.14152674855429126,-0.0001837040208403501,0.3048197094431119,-0.042819292901096,2.668525882376508,1.0,6.248624355386062
0,40.702461117530646,0.023677488633725038,12.086792828592467,-0.028296447545514525,0.0002089730689479978,0.2842397130918806,-0.1127282310634507,0.5910664497450736,1.0,5.070076762745636
0,40.6259899372002,0.023674965115956112,12.059033721062736,-0.07647118033044364,-2.5235177689257593e-06,0.25153206528473443,-0.2725850501175993,1.275255171159905,1.0,5.092457485344754
0,40.610935225332476,0.02409906241216541,12.143021174332628,-0.015054711867726667,0.0004240972962092984,0.23927771063514003,-0.0773240343899467,2.8569373011083536,1.0,6.273820581774284
0,40.66492412167972,0.02392916761275847,12.098930790425914,0.05398889634724213,-0.00016989479940694024,0.32223657330364436,0.2351309397671102,2.50423580674994,1.0,6.72237978290919
0,40.92816520032614,0.0238339084161799,12.025301428751561,0.26324107864642343,-9.525919657856971e-05,0.4013643902332875,0.0284030040207224,1.4981349894928149,0.0,0.8058735027878522
0,40.91680688869055,0.02404815529779956,11.92560954312896,-0.011358311635589757,0.0002142468816196605,0.40958781949737855,0.1171465377303472,2.3438297278898608,0.0,1.4062079394056248
0,41.051893936476255,0.023785108377956977,11.896006853625085,0.1350870477857029,-0.00026304691984258347,0.39184136343134357,0.0669772068712782,3.0297307412077163,1.0,6.648819784346415
0,41.151025058654454,0.02412243592319163,11.79354303854603,0.09913112217819986,0.00033732754523465094,0.39876627839657364,0.0879136538338066,4.132314364633181,0.0,2.2419844899842034
0,41.055618637202926,0.02417550622421396,11.815775426093282,-0.09540642145152844,5.3070301022330874e-05,0.4122075737270273,-0.0151316426303177,2.125427070469545,1.0,6.032450249974137
0,40.907873541056446,0.024277072886571,11.939550894099057,-0.14774509614647968,0.00010156666235704159,0.5875452820489067,-0.2423833483619123,1.3198316286578406,1.0,5.175149117605096
0,40.90822535645903,0.02484336120321684,11.92690025973975,0.0003518154025812237,0.0005662883166458396,0.5894948058549111,0.019338728956566,4.025496281820279,0.0,2.0514255988232715
0,41.38980658994934,0.025062788974547178,11.89625784969798,0.48158123349031,0.0002194277713303376,0.5805671518183941,0.1707244973856115,1.6768669421372762,1.0,6.179882465839861
0,41.57877419347154,0.02445595972198465,11.857348738809886,0.188967603522201,-0.0006068292525625296,0.5486061449221111,0.0120123894284432,1.009677997284903,1.0,5.528863777499338
0,41.6722100534139,0.025013520070885493,11.901499127316994,0.09343585994236037,0.0005575603489008443,0.5273057024814166,0.1351592265570118,3.650480692778868,1.0,7.095558799503458
0,41.40167879850765,0.025080788388173854,11.92055507544683,-0.2705312549062455,6.726831728836105e-05,0.5080116141253778,-0.110510565017615,2.59852759684876,0.0,1.07824266838915
0,41.411185900682476,0.02550662885723707,12.010137119460158,0.009507102174822535,0.0004258404690632156,0.49399683993935906,0.0977240224552141,3.4342399923559803,1.0,6.912568041088418
0,41.2732885853205,0.02547306536915538,11.946651099681846,-0.13789731536197536,-3.356348808168999e-05,0.5373369705792256,0.0152140100343899,4.03321545691257,0.0,2.0470357485250648
0,41.163237846996985,0.025491039482058407,12.032329040513437,-0.11005073832351542,1.7974112903027667e-05,0.49053050230090495,0.0596474135402222,2.0142791427761426,0.0,1.1264343984685157
0,41.23252246745723,0.025432196264189588,12.096106484886011,0.06928462046024464,-5.88432178688196e-05,0.5441079764024855,-0.1821967738960955,0.6567975806828057,1.0,4.964005242549212
0,41.25587178613385,0.025667083486597568,11.949813855725091,0.023349318676622488,0.00023488722240798052,0.4155791254303701,0.0438053075051146,2.117989111874678,0.0,1.1466051709475682
0,41.2430469428744,0.025455303383264433,11.970225438288157,-0.012824843259451768,-0.0002117801033331354,0.4117625471942801,0.2253528576021715,3.7046289727857182,1.0,7.303020201597202
0,40.87911959266368,0.025135892812932083,11.902402156400782,-0.363927350210723,-0.00031941057033234993,0.4736650469230305,0.1918443404626558,2.586670848364088,0.0,1.6770241051073556
0,40.745863685805745,0.025830138069330273,11.86546497275968,-0.13325590685793287,0.0006942452563981905,0.47096887205335114,0.20596114490196,2.0662102694189803,0.0,1.4450274245134103
0,40.82975350857052,0.02592058767748297,11.878791257698534,0.08388982276477464,9.044960815269773e-05,0.47288576412112104,0.2032330697484638,0.7246841567410663,0.0,0.7688082178674608
0,40.886664842185375,0.026349171543740314,11.908912726140073,0.05691133361485612,0.0004285838662573434,0.457880373729393,-0.0451900158457298,1.6883363843691588,0.0,0.7537881604931198
0,40.90079857308537,0.02618877372452108,11.806888298437531,0.014133730899992258,-0.00016039781921923374,0.46410388138139924,0.2212053758200992,1.0191102244384032,0.0,0.9519658638594
0,41.16166229395399,0.026201966365313984,11.970372741309124,0.2608637208686204,1.3192640792903526e-05,0.5608445620309152,0.3796521077452694,1.3470422761256908,0.0,1.4328253535533841
0,40.96758137859874,0.026341546132267718,11.99370953715162,-0.19408091535525074,0.00013957976695373395,0.5745396882265609,0.04594781698505,2.366584540689938,1.0,6.275187904315069
0,41.00792122564815,0.02664071093157485,11.916332224697733,0.04033984704940963,0.00029916479930713197,0.505725287386822,0.2644590043023229,3.7385007056426582,1.0,7.3981683614259754
0,41.07881096930037,0.0264270214944936,11.955206193529031,0.07088974365222356,-0.0002136894370812492,0.49966923728832724,0.2738538924126458,3.212233613264021,1.0,7.153824591457302
0,41.32737560908423,0.026222697552748298,11.947609414711497,0.2485646397838579,-0.00020432394174530258,0.4996173373648916,0.2872121216983506,1.326776971362428,0.0,1.2378127290779153
0,41.305972390134755,0.026705729459055416,11.982371941412193,-0.021403218949473057,0.000483031906307118,0.45446644280487364,-0.0328085910136042,3.8429129689371857,1.0,6.855839302441384
0,41.39303938126436,0.027294901192223754,11.978820111700916,0.08706699112960337,0.000589171733168338,0.45678844510213723,0.0112328207311539,0.5207932465144445,0.0,0.28286226471953
0,41.4494776697412,0.02725582008091702,11.994582923394486,0.056438288476840626,-3.90811113067345e-05,0.46030115395173643,0.1347311157526752,3.50474103255381,0.0,2.0218327477822555
0,41.53262857962956,0.027330134125932992,12.021962366094888,0.08315090988836005,7.431404501597252e-05,0.45794434783209637,0.2778843769100693,1.2872987658151902,0.0,1.1994181367277337
0,41.64434829125147,0.027375085478261403,12.204006457467528,0.11171971162190886,4.495135232841091e-05,0.5080739440072616,0.2394065187578257,3.276372499853793,0.0,2.116999287442548
0,41.39006105093962,0.027511179408938158,12.148728677012636,-0.2542872403118466,0.00013609393067675474,0.4398841510932107,0.0043483625995539,1.5326506419301096,1.0,5.775022046164162
0,41.55645312835427,0.0274753585054823,12.129686644444611,0.166392077414649,-3.5820903455857644e-05,0.43191705744556796,0.013591217406384,2.991439562093888,1.0,6.5229022158597125
0,41.61181270725471,0.027614785061932424,12.129420673538156,0.05535957890043619,0.0001394265564501236,0.43200628740674035,0.1282925137944454,3.710601772004838,1.0,7.11188591359131
0,41.734874858974564,0.027886582890025168,12.095560369615779,0.12306215171985713,0.0002717978280927444,0.4509368282654053,0.2480241363493075,1.8146532213095383,1.0,6.403374883353385
0,41.641826794680235,0.028409909641915844,12.10253225370928,-0.09304806429432944,0.0005233267518906758,0.448392503910054,0.1264277306788358,3.690573712476776,0.0,2.0981423175960594
0,41.91223697195109,0.028391641545769737,12.221132021246824,0.27041017727085404,-1.8268096146106805e-05,0.45200158152097814,-0.0416581009258919,3.370504554184998,0.0,1.601936075240715
0,41.92592107882464,0.02770026188266314,12.300508316607338,0.013684106873554924,-0.0006913796631065963,0.4176880607394071,-0.0218058891224071,2.434666149656201,0.0,1.1737212965832864
0,41.95344827898647,0.02762019477413513,12.186147282040569,0.027527200161827636,-8.006710852800913e-05,0.584461868844653,0.2657599030098174,1.0010014692147284,1.0,6.032020540626998
0,41.8826106846202,0.028030910328211624,12.174017622153585,-0.07083759436627446,0.000410715554076492,0.5874778751290657,0.2265727230745622,1.9173755876823293,0.0,1.411833239990289
0,41.742581204086,0.028470242231599774,12.022206864568291,-0.14002948053419573,0.00043933190338815015,0.49873059356712823,0.1934048345331372,0.3807751245186725,0.0,0.5771972313256106
0,41.58246623056976,0.028756083427278173,11.973606038958872,-0.1601149735162437,0.00028584119567839905,0.47824716311428156,-0.0417532952051135,1.2734698614430269,1.0,5.5532283403112865
0,41.55854328739162,0.028938546737872252,11.983883958687183,-0.02392294317813537,0.000182463310594079,0.48490553799959857,-0.1707508009027183,3.586214810678481,1.0,6.451605803533804
0,41.43871882094715,0.029201211013518157,12.026873971170463,-0.11982446644447009,0.00026266427564590467,0.5049198209221575,-0.0353530248284683,2.2298036128027405,1.0,6.0441957567444335
0,41.42039202910858,0.02961568612254286,12.163350522995728,-0.018326791838575218,0.0004144751090247034,0.5902990747350101,-0.0779224113728617,2.884599202418967,1.0,6.28645477846376
0,41.41036284968674,0.02921459346555925,12.153329039808483,-0.01002917942183501,-0.0004010926569836086,0.5944763266793357,-0.0353552158963666,3.9526195840212206,0.0,1.9055993602178771
0,41.338041530365764,0.02932850001875642,12.065847856546691,-0.0723213193209773,0.00011390655319716905,0.5573160374082811,0.2210019305559194,2.5160616175690302,1.0,6.700034669896354
0,41.42421441299139,0.029521816196708506,12.013217996839723,0.08617288262562539,0.00019331617795208603,0.5374629040133286,0.0880659266844785,0.7544503881694924,0.0,0.5533570474537032
0,41.405410772711676,0.029793679726874616,12.099496445836085,-0.018803640279713818,0.0002718635301661096,0.4143689900011672,0.2342127608381398,0.7941210009362116,1.0,5.865486022144386
0,41.742478555323956,0.029362236070607246,12.167038857018149,0.3370677826122801,-0.0004314436562673704,0.4479197904909777,0.2814725092959798,3.624178475160953,1.0,7.375034256172436
0,42.002278341078764,0.029588417324099708,12.216384904336726,0.259799785754808,0.00022618125349246204,0.40684400616434774,0.2408380049014082,0.8199431135825928,1.0,5.891647566594113
0,42.40380315922185,0.030006811065980687,12.23594057596478,0.4015248181430877,0.0004183937418809798,0.39666592100685694,0.0266936865994396,0.8215893058301134,1.0,5.464182026113936
0,42.52344956210328,0.029885224970063184,12.144868691267073,0.11964640288142903,-0.00012158609591750302,0.4744583799813393,0.2796493542446728,1.017340279825018,1.0,6.067968848401854
0,42.7274707462716,0.030014352496986484,12.201176549413217,0.20402118416831883,0.00012912752692329985,0.5405612989328165,0.1601321475546449,1.5014150894016955,0.0,1.0709718398101375
0,42.685154997004695,0.02933762799921454,12.135255496138162,-0.042315749266904845,-0.0006767244977719453,0.4539492981681502,0.2407587208446104,0.5593116228856222,0.0,0.7611732531320319
0,42.79432152897724,0.02940600147425921,12.009646575713969,0.10916653197254789,6.837347504467031e-05,0.6583470814060085,0.0041084186195323,2.803821979534599,1.0,6.410127827006364
0,42.77419919675572,0.0297220542058875,12.042636685392587,-0.020122332221525596,0.0003160527316282899,0.6600796222232963,0.3424256770308015,4.21863089576307,1.0,7.794166801943138
0,42.82830812048003,0.03003306600337897,11.99187386305093,0.054108923724314195,0.0003110117974914721,0.6859628344890881,0.0470896509251581,1.171297716128337,0.0,0.6798281599144848
0,42.69731045835012,0.03045487400673364,12.02020290133129,-0.13099766212991426,0.0004218080033546699,0.6865253463121619,-0.1500267285579459,3.818583089124436,1.0,6.609238087446326
0,42.77746121766332,0.031195986242167822,11.950381922032765,0.08015075931320581,0.0007411122354341812,0.6482428377369626,0.105231598123408,2.9224669792686817,0.0,1.6716966858811568
0,42.747730979757605,0.030875872405385068,12.000082029901083,-0.02973023790571716,-0.00032011383678275454,0.6807800142735642,0.3775767881972465,3.44582608632897,1.0,7.4780666195589784
0,42.90827507992089,0.03036561716556927,12.050523149936549,0.16054410016328546,-0.0005102552398157968,0.7100083092715805,-0.0162533625980715,0.9665472209997042,1.0,5.450766885303709
0,42.75348216411012,0.03085612930186536,12.19636749938073,-0.15479291581077348,0.0004905121362960875,0.711370731431643,0.1580511598295265,3.635415808634802,0.0,2.133810223976454
0,42.56863767575801,0.030546377848894045,12.118873491061295,-0.18484448835210543,-0.0003097514529713137,0.6552077755003316,0.2787000979258461,3.11289453685431,1.0,7.113847464278847
0,42.62496028633616,0.0315992593007402,12.042647171684411,0.05632261057814958,0.0010528814518461563,0.6597529134132575,0.1716986281947511,3.4735481413386067,1.0,7.080171327058805
0,42.72115750189462,0.03201723421305981,12.180516961163432,0.09619721555846183,0.00041797491231961026,0.4387759567700856,0.3451304812192043,2.785768325608918,0.0,2.0831451252428677
0,42.77565986522707,0.03226628844647525,12.16791944055088,0.05450236333244618,0.0002490542334154383,0.43925279515800464,0.0766628648552548,3.749008874219525,1.0,7.027830166820272
0,42.56624729722853,0.032449979458126534,12.20187558033937,-0.20941256799854102,0.00018369101165128382,0.38813275358688504,-0.0456672693877256,1.591644613174025,0.0,0.7044877678115613
0,42.6516612264616,0.031917684329063514,12.242981426679716,0.08541392923307001,-0.0005322951290630193,0.4046157958285262,0.0535340490217682,1.700038482843196,0.0,0.9570873394651345
0,42.41912536611285,0.03227148857517514,12.261105970680642,-0.2325358603487473,0.00035380424611162337,0.3947450201775527,0.2151127078075419,1.6181896499224302,1.0,6.239320240576299
0,42.14366012016008,0.03225912461649451,12.250520403924149,-0.27546524595277333,-1.2363958680629283e-05,0.3855037305106579,0.2214434822605683,3.0794523151502093,0.0,1.9826131220962413
0,41.980780591285885,0.032672815643124895,12.256861301915455,-0.16287952887419266,0.00041369102663038615,0.39307199287573913,0.341259977139284,3.8795460278071294,0.0,2.6222929681821325
0,42.399778843724235,0.03241797516403155,12.241713750637157,0.41899825243834954,-0.00025484047909334756,0.3695177853453829,0.5111544450113008,2.4338259231071366,0.0,2.23922185157617
0,42.5684139966869,0.032721066880707514,12.279795555561902,0.16863515296266485,0.00030309171667596696,0.3858182589699038,0.1392489405422081,2.936827728523083,1.0,6.746911745345958
0,42.692933180609394,0.03235254362740866,12.310832245773032,0.12451918392249439,-0.00036852325329885666,0.3406473916368685,0.1503970039559798,0.7680760790926604,1.0,5.68483204745829
0,42.532439464128714,0.03300796088273307,12.268166028754717,-0.1604937164806799,0.0006554172553244128,0.40360831236747846,0.3140215395373398,1.156279901672475,0.0,1.206183029910917
0,42.516947140898935,0.03296719239098886,12.325401133538984,-0.015492323229779004,-4.076849174421138e-05,0.41688794324650047,0.1801325253090641,4.453181731599493,1.0,7.586855916417875
0,42.46788852968891,0.03298368003508134,12.280093956055934,-0.04905861121002175,1.6487644092483267e-05,0.4978053598707478,0.0570768991064873,3.985895445666888,1.0,7.107101521046419
0,42.34347490448141,0.03340897603822089,12.18237362141199,-0.12441362520750232,0.00042529600313954974,0.5292726065827266,0.0669407172522724,2.863450242661664,0.0,1.5656065558353767
0,42.48099814163358,0.033220149901918086,12.186521173274377,0.1375232371521662,-0.00018882613630280543,0.5291250408089514,0.3944698960557924,3.959133800019943,0.0,2.7685066921215564
0,42.683224001227785,0.03353488425499737,12.04376642095747,0.2022258595942077,0.0003147343530792851,0.6175207527355131,0.3589245703422354,0.9930066533519192,1.0,6.21435246736043
0,42.824846927043836,0.034198070009656974,11.905576454356119,0.1416229258160513,0.0006631857546596023,0.6080114570823132,0.1881498241137883,4.589986794352386,0.0,2.6712930454037696
0,42.58823265378466,0.034946840892102385,11.78467052507959,-0.23661427325917828,0.0007487708824454112,0.5481689899271758,0.107530588908896,2.41255729501903,0.0,1.421339825327307
0,42.64939951222182,0.03523983082341538,11.744685484781229,0.06116685843716141,0.00029298993131299245,0.49429537861119716,-0.0366701092953077,4.29467514018736,0.0,2.0739973515030647
0,42.59264576803481,0.03520732416644196,11.77302938214652,-0.056753744187012956,-3.250665697341476e-05,0.5165755200106814,0.2777304093690569,0.8456482953879035,0.0,0.9782849664320656
0,42.53525451953275,0.03533925036556169,11.864419045168926,-0.057391248502057124,0.00013192619911972514,0.5581794695516624,-0.084728249963105,2.9809347156017374,0.0,1.3210108578746587
0,42.77875412911497,0.035367434596844084,11.766991873812193,0.24349960958222283,2.8184231282396555e-05,0.48204791021683285,0.3945363384638351,1.655582052608586,1.0,6.616863703231964
0,43.05080234267952,0.03565048112960269,11.847034588818738,0.27204821356454545,0.0002830465327586032,0.46976705991252937,0.2073258221110039,2.045445605382169,1.0,6.4373744469130925
0,43.213550632134385,0.03603422754018905,11.94962294902569,0.16274828945486775,0.00038374641058636083,0.517874900317579,0.1270723570535062,4.116896423600769,0.0,2.312592925907397
0,43.18311559136488,0.03600238664742946,12.025269667174316,-0.030435040769503985,-3.1840892759586736e-05,0.604591636045473,0.1618006879077265,3.4213173498481217,1.0,7.034260050739514
0,43.479594827055465,0.035831808173872895,12.066012739576973,0.2964792356905832,-0.00017057847355656658,0.5447152482330887,0.0168570906660393,4.9515836927469135,0.0,2.509506027705535
0,43.454672786507494,0.0352875277806798,12.184210003975878,-0.024922040547970425,-0.0005442803931930973,0.49082735559994445,0.3187748770440554,1.187949407899613,0.0,1.2315244580379172
0,43.46971341976503,0.0350564299482498,12.220159815636013,0.015040633257534353,-0.00023109783242999948,0.4461207141893714,0.1817553864019279,2.2305720352682785,1.0,6.478796790437995
0,43.57324039675739,0.0350810488569071,12.177832258607232,0.10352697699236302,2.4618908657299265e-05,0.4681204821517919,0.2130849526396829,2.6772012033727783,0.0,1.764770506965755
0,43.59115013514445,0.03543618337772495,12.080685158056264,0.017909738387061225,0.0003551345208178541,0.544217670071079,0.0093632877955157,3.8600990843083496,1.0,6.948776117745206
0,43.78689674256872,0.03529441156339571,12.03918897061801,0.19574660742426886,-0.0001417718143292418,0.5245082727602562,0.039638597407385,1.6627404232206209,1.0,5.91064740642508
0,43.84914678512042,0.03523890216173759,12.087699338004109,0.06225004255169608,-5.5509401658118684e-05,0.5113394341481371,0.1648815782030261,3.922972334552478,1.0,7.291249323682291
0,43.823712480870135,0.03525460274098766,12.044273715352057,-0.02543430425028248,1.5700579250071955e-05,0.5245312105348678,0.0404039059584358,1.550995252154875,1.0,5.856305437994309
0,44.012907366800654,0.03526141706564486,11.95149087925056,0.1891948859305188,6.814324657197779e-06,0.4925227809333325,0.0657265735763551,4.568236201270798,1.0,7.415571247788109
0,43.92538762825991,0.03562213390508587,11.852361628780773,-0.0875197385407418,0.0003607168394410068,0.3493594051472379,-0.1234408599289567,1.2550781823617791,0.0,0.38065737132297617
0,43.69299827706233,0.03627601689501208,11.844287911772149,-0.23238935119758253,0.0006538829899262119,0.3594688944051198,0.154958848788914,1.959054805900165,0.0,1.2894451005279104
0,43.64357252444581,0.03658324775393753,11.786579087567068,-0.04942575261652138,0.0003072308589254502,0.27922022830766247,0.3219286617497179,1.1017295792840032,1.0,6.194722113141437
0,43.62481800131282,0.036566336238261186,11.799368758919519,-0.01875452313299064,-1.6911515676343303e-05,0.2856892869692893,0.1427409693962482,3.781561910803649,0.0,2.1762628941943207
0,43.520116497408466,0.036708278824450366,11.821387059937601,-0.10470150390435151,0.0001419425861891796,0.2918939370233705,0.0757475863849717,3.5919900518420147,1.0,6.947490198690951
0,43.63066211964016,0.03669280540228973,11.887608234413621,0.11054562223169029,-1.5473422160634798e-05,0.2244283099053784,0.0940300267131049,3.0047770868139128,1.0,6.690448596833166
0,43.76449279983903,0.036595569631622034,11.89256348243772,0.13383068019887645,-9.72357706676974e-05,0.2296559799726268,0.3223868779632826,4.592991098966953,1.0,7.941269305410042
0,43.508686377803734,0.037126575022696826,11.868865961178056,-0.2558064220352989,0.0005310053910747917,0.2079649075427819,0.4010687075225563,3.598246459947006,0.0,2.6012606450186153
0,43.47840636256662,0.03714755576146511,11.875339086998128,-0.030280015237110547,2.0980738768286433e-05,0.2033314536098616,-0.0004037425453674,2.599024572114145,1.0,6.298704800966338
0,43.19234507021359,0.037330194682672305,11.921933670751837,-0.28606129235303257,0.00018263892120719272,0.20989500964795477,-0.0141758138695228,0.8720740522004657,1.0,5.4076853983611874
0,43.43245664787412,0.03689449072186262,11.929298949000186,0.24011157766052804,-0.0004357039608096844,0.21239971933909668,0.1114248123449422,1.9623395678706728,0.0,1.2040194086252207
0,43.45605203310266,0.03689957432229296,11.937893993314498,0.0235953852285391,5.08360043034034e-06,0.18948912794008008,0.1728888081107011,2.554985292951784,0.0,1.6232702626972941
0,43.73653538449737,0.036809862744683855,11.966043303759253,0.2804833513947145,-8.971157760910564e-05,0.20765527915204302,0.0943646515664166,1.9253124823795285,0.0,1.1513855443225975
0,43.89816337237484,0.03718226207763027,11.961859580407808,0.16162798787746624,0.0003723993329464159,0.20764112781051566,0.1523160580001609,1.7304933431081528,1.0,6.169878787554398
0,43.91127390706689,0.037206091418169676,11.955841074253414,0.013110534692053477,2.382934053940522e-05,0.20748749420317944,0.0241164762485338,1.1587014909900262,0.0,0.6275836979920807
0,43.756909833968436,0.03752937341508885,12.013300539792205,-0.15436407309845634,0.00032328199691917386,0.27418912398584744,0.1137433861336177,2.2865598366467816,0.0,1.3707666905906262
0,43.629280097603896,0.037734233723396585,12.025590782387424,-0.12762973636453978,0.00020486030830773466,0.28264691607370385,-0.0115482218362819,3.0373998700490805,0.0,1.4956034913519765
0,43.582920194301224,0.03746983119126382,12.098578789793873,-0.04635990330267248,-0.0002644025321327653,0.3459508690566485,-0.0449348326633685,0.95838516086405,0.0,0.389322915105288
0,43.70547565821447,0.03762589152178039,12.13740174337617,0.12255546391324401,0.00015606033051657198,0.3264628385618633,0.218401944431731,2.844332230673987,1.0,6.858970004200455
0,43.82912040341371,0.03772933202264994,12.134867724472766,0.12364474519924329,0.00010344050086955048,0.32638522075669807,0.1484855256881403,1.534479908971193,0.0,1.064211005861877
0,43.44178676645527,0.03792547686055451,12.101882629443377,-0.3873336369584379,0.00019614483790456744,0.35399051815797994,-0.1311967758958093,3.099059780260601,1.0,6.287136338338682
0,43.368585243329186,0.037925760001763995,12.124726952867821,-0.07320152312608741,2.8314120948530475e-07,0.31574407444893066,0.2757751776777189,3.1080265688378725,0.0,2.105563639774374
0,42.97113698891057,0.03818136282823438,12.08783920507335,-0.3974482544186131,0.0002556028264703858,0.326299327155876,0.2179946290220754,3.111205174887652,1.0,6.991591845487976
0,42.81724263051895,0.03858039444909252,12.08413355909219,-0.15389435839162502,0.0003990316208581368,0.32832272333305174,0.3975025693987349,4.600948742523929,0.0,3.0954795100594343
0,42.84854028731729,0.03886635405946423,12.075416597817409,0.031297656798344065,0.0002859596103717138,0.33387584448130847,0.3517890218475107,1.4097452293288435,0.0,1.4084506583594432
0,42.953513052926546,0.03919513179414806,12.04530284777248,0.10497276560925428,0.00032877773468383,0.30092664635335614,0.1445926738222729,1.482009076151079,1.0,6.030189885720086
0,42.82121184160623,0.03940144272997001,12.066023272315439,-0.1323012113203177,0.00020631093582194893,0.32315504689103447,0.3617516409407324,0.9254579926771564,0.0,1.186232278220043
0,42.97055451710325,0.03996479507808921,12.007113879907948,0.1493426754970244,0.0005633523481192032,0.24445161898557685,0.2457067481997817,1.034406296188759,1.0,6.008616644493943
0,42.86092796668758,0.04030227852901956,11.95865388856561,-0.10962655041566904,0.00033748345093034815,0.2583659880410787,0.1760983051354674,3.0368476043984467,1.0,6.870620412470158
0,42.97690112345808,0.0402938272466471,11.980057751268935,0.1159731567704938,-8.451282372458346e-06,0.2821370775333402,-0.0291018569996854,4.031323254148789,0.0,1.9574579130750236
0,43.22266538509143,0.0408169200425158,11.971507303587583,0.2457642616333544,0.0005230927958687001,0.29275707366927034,0.2867851686831089,2.85887452599433,1.0,7.003007600363382
0,43.34914876789888,0.04092884873600714,12.128977076667216,0.12648338280745008,0.000111928693491338,0.4966842114326228,0.1846575468528375,2.1483551552689546,0.0,1.4434926713401524
0,43.40015678722126,0.04122581730884672,12.182325165272912,0.051008019322381415,0.000296968572839576,0.49071228750641804,-0.1049743504567593,3.293344329500663,1.0,6.436723463836813
0,43.39592189701258,0.04107026473797902,12.193397248273872,-0.0042348902086857265,-0.00015555257086769664,0.4850160337072516,0.165913127640025,4.413959795261043,1.0,7.538806152910571
0,43.3532048460825,0.04115550844698659,12.15722960964562,-0.04271705093007938,8.524370900756667e-05,0.5255607028973358,-0.073810331274059,3.802453544801528,1.0,6.753606109852646
0,43.346186786609316,0.04130870972707664,12.11072143054371,-0.007018059473182348,0.00015320128009005396,0.5395497531897813,0.2213015692423637,1.8973646286590735,1.0,6.391285452814264
0,43.49046804534432,0.04125983501983019,12.102204481624366,0.1442812587350062,-4.887470724645321e-05,0.5340584720346837,0.2736409980175251,2.643914787322685,0.0,1.8692393896963928
0,43.66591237536967,0.04123266266938834,12.092850024764063,0.17544433002534987,-2.717235044184807e-05,0.5352449333411062,0.0797362375986654,2.834209454886671,1.0,6.576577202640666
0,43.811944588118465,0.04126931215492521,12.136128656751485,0.14603221274879274,3.6649485536867366e-05,0.5148690180237383,0.2930644568178033,4.687331339515488,0.0,2.9297945833933507
0,43.804886686653944,0.04185849024372979,12.054599479712765,-0.007057901464520455,0.0005891780888045844,0.541706195672322,0.0043000655323417,4.42505553179713,1.0,7.221127896963249
0,43.94963177396315,0.04155118071438782,12.114565306692274,0.14474508730920377,-0.0003073095293419717,0.5199870476841328,0.1664737846282262,4.394652439425637,0.0,2.530273788969271
0,43.98878345672307,0.04138483170223765,12.01271194360385,0.03915168275992187,-0.0001663490121501729,0.32611049443653367,0.315495477232676,1.033487652190106,0.0,1.147734780560405
0,44.303244849641644,0.041507437816176676,12.03036991326208,0.3144613929185738,0.00012260611393902915,0.35155387662442455,0.4613054538159036,2.4440929216812477,0.0,2.144657368472431
0,44.63389476279024,0.04119718472904697,12.04763447610828,0.3306499131485978,-0.0003102530871297027,0.35506403394113917,0.3310826271958382,2.1199810302036592,0.0,1.7221557694935061
0,44.96689221590003,0.04118003251412069,12.007857075161004,0.33299745310979034,-1.7152214926284548e-05,0.4377839327852929,0.4148408720413091,3.9983399997910913,1.0,7.828851743978164
0,44.96821029504889,0.04080790389249564,12.059357455573231,0.0013180791488593968,-0.0003721286216250494,0.43531468375601035,-0.0088236878553467,1.879897499742541,1.0,5.922301374160577
0,44.8891033642454,0.041156040282177134,12.055972359528177,-0.07910693080349063,0.0003481363896814943,0.4327080669142381,0.2481014272334974,2.4370942239689475,0.0,1.7147499664514685
0,44.84388673975272,0.04151677589095884,12.006618886634268,-0.04521662449268149,0.0003607356087817065,0.4678243734161412,0.3276559515662232,3.9551984129894633,1.0,7.6329111096271784
0,44.84789298370589,0.04144404377920166,12.012594285464132,0.0040062439531709515,-7.273211175717886e-05,0.4696469291084251,-0.0012360359989058,4.222966360730728,0.0,2.1090111083675525
0,44.966155291709825,0.04139943072831,12.019960344599568,0.11826230800393489,-4.4613050891664785e-05,0.46176946534815194,0.3374625414787051,2.735305258929202,1.0,7.042577712422011
0,44.91982899937318,0.04187877617717871,11.944716115088283,-0.046326292336644315,0.0004793454488687121,0.4876909868222927,0.3081594096451621,1.0894768347096355,1.0,6.161057236645142
0,45.13573414556695,0.04224344687593664,11.919841717192117,0.21590514619376933,0.00036467069875793096,0.4749164068970517,0.422536206256186,5.075916616920734,1.0,8.383030720972739
0,45.02404646657609,0.04227849859850704,11.790438941407814,-0.11168767899086163,3.505172257040057e-05,0.4604430782812625,0.2697984166314581,2.191721587530815,1.0,6.635457627028323
0,44.85450920150134,0.0426933631692425,11.769694145421706,-0.16953726507475153,0.0004148645707354598,0.4448515088980077,0.0132019713158797,4.03700135774976,1.0,7.044904621506639
0,44.63272857110965,0.04297501021432494,11.915624369528464,-0.2217806303916845,0.0002816470450824407,0.4352336743549712,0.3855472714946331,4.679923460174889,1.0,8.111056273076711
0,44.66550587212136,0.04341761470977708,11.909179475421112,0.03277730101170562,0.00044260449545213687,0.4298090556436832,0.3852050363573844,2.584547501626199,1.0,7.062683823527868
0,44.79115890725218,0.04304281254106375,11.92592958158475,0.12565303513082426,-0.0003748021687133285,0.45125853236098956,0.4099318373701743,0.9212051758055504,1.0,6.280466262643124
0,44.65027231139027,0.04288947073661957,11.93877894517526,-0.14088659586191454,-0.00015334180444417922,0.43933411674537387,0.0546033969306883,3.1702136618560623,1.0,6.694313624789408
0,44.70235104887111,0.04271002092935578,11.899142842663013,0.05207873748084069,-0.00017944980726378873,0.4341901850962892,0.4776486294529066,4.217160128185045,1.0,8.063877322998335
0,44.61000502204404,0.04243830329460358,11.97978931532398,-0.09234602682706594,-0.0002717176347521999,0.44813151400377194,0.4512036331331335,1.339655952318469,0.0,1.5722352424255015
0,44.7053889200469,0.042489434607219094,12.056781962120601,0.09538389800285785,5.1131312615512736e-05,0.4135018986737879,0.4130364416666112,4.207914983850233,1.0,7.9300303752583385
0,44.524957660043995,0.04306856498866767,12.031704559169514,-0.180431260002905,0.0005791303814485782,0.42278187986653054,0.1558620052336865,3.1900270949635563,1.0,6.9067375579491515
0,44.50082598309216,0.04306412337600381,12.100275564479741,-0.02413167695183205,-4.441612663864947e-06,0.32778226784492737,0.0404108693653015,3.171270350748971,0.0,1.6664569141050884
0,44.420665880985,0.0429953893663505,12.161910095852816,-0.08016010210716473,-6.873400965330678e-05,0.35958568229859106,0.0346761696517772,3.587017938052447,0.0,1.862861308329778
0,44.25450094698952,0.04280221302874111,12.136152336290296,-0.16616493399547494,-0.00019317633760938813,0.3375491680302458,0.0615759490767199,2.701379244117676,0.0,1.4738415202122779
0,44.305374325001715,0.042757696122452477,12.007612777873703,0.050873378012191495,-4.4516906288635805e-05,0.5086172725763696,0.2909560873941681,2.4091673956383355,0.0,1.786495872607504
0,44.3976047169273,0.043140954253358274,11.95608311994217,0.09223039192558247,0.0003832581309057975,0.47731346574875794,0.0619961755602794,2.464925977186151,1.0,6.3564553397136345
0,44.31568802363826,0.04270846316924603,11.959179034997003,-0.08191669328903828,-0.00043249108411224507,0.4750200230684665,0.3279924968622434,0.9193503049544552,0.0,1.1156601462017144
0,44.4456128971279,0.043048276141005384,11.895894875494568,0.12992487348964232,0.0003398129717593554,0.5404118892150388,0.2289609739102125,2.478250183252529,0.0,1.6970470394466897
0,44.49082311912521,0.042774110015290766,11.936689265934254,0.04521022199730851,-0.00027416612571461857,0.5961658203280423,0.1132019950679039,1.347682958850296,0.0,0.9002454695609559
0,44.46316097955501,0.04276227578044941,11.930360545363303,-0.027662139570196587,-1.1834234841356928e-05,0.5930474329353231,0.0203807725821743,3.2037148870065497,0.0,1.6426189886676235
0,44.39916728393793,0.04254884137242383,11.922336644689057,-0.06399369561708568,-0.00021343440802557706,0.5958501271349764,0.4121289924883785,1.003352026366132,0.0,1.3259339981598228
0,44.624030057315785,0.04268748164102831,11.788795664921285,0.22486277337785765,0.0001386402686044813,0.7265371644049022,0.5677315425380399,1.780695360322162,0.0,2.0258107652371606
0,44.773795889371705,0.043129771520492285,11.778463181524227,0.14976583205591965,0.00044228987946397236,0.7143693886986382,0.4866541643692584,2.25223624076705,1.0,7.099426449122042
0,44.855712959388065,0.043809342489841877,11.746681385430458,0.08191707001635962,0.000679570969349591,0.6959836377926489,0.3825302764730214,4.552810572320561,1.0,8.041465839106323
0,45.078921476279994,0.044421869063254196,11.844932553505734,0.22320851689192978,0.0006125265734123198,0.6332154152078256,0.3267543755060645,2.302988684408924,1.0,6.805003093216591
0,45.226842974770705,0.04440068323326046,11.860147117782333,0.14792149849071023,-2.1185829993733418e-05,0.638989255823183,0.1821952152118253,2.073247033836999,1.0,6.40101394734215
0,45.26708010778634,0.04493140240185972,11.85068179949767,0.04023713301563703,0.0005307191685992585,0.6430433531201101,0.3110795668571029,4.166901458961287,1.0,7.70560986319485
0,45.08959545181286,0.04511354576045494,11.95607579251411,-0.17748465597347973,0.00018214335859521869,0.5982395060700728,0.3994626361781134,4.491155666789628,0.0,3.0445031057510406
0,45.15450342059534,0.04598342068582569,11.840905175966723,0.06490796878247806,0.0008698749253707519,0.5192393196352244,0.1241394843381917,2.6411716566525416,1.0,6.568864797002654
0,45.259714802052756,0.04646988659053802,11.853875705790328,0.1052113814574156,0.00048646590471233125,0.5297637888149703,0.2407416575668734,4.347808177918507,1.0,7.655387404093
0,45.557950689662576,0.04666902230881994,11.956104464808487,0.29823588760982034,0.00019913571828191617,0.5916534561837878,0.3427743786522633,2.5894092475982635,0.0,1.9802533811036582
0,45.32934414510188,0.04677002031480927,12.115781975671558,-0.22860654456069796,0.00010099800598933201,0.354651174467614,0.1500929662143917,2.24404367035343,1.0,6.4222077676054985
0,45.366495836017485,0.046729397525670714,12.110766436644957,0.037151690915607105,-4.062278913855716e-05,0.34899323989421477,0.1960344666443437,2.512637758548431,0.0,1.6483878125629028
0,45.466580924185116,0.04648540418116154,12.179162487352285,0.1000850881676314,-0.00024399334450917604,0.3838030731574829,0.1955419313225362,4.58287193009877,1.0,7.682519827694458
0,45.37326207353149,0.04577125202368366,12.162532252620501,-0.093318850653624,-0.0007141521574778806,0.40025577843488724,0.4260313901459549,1.4259739135806089,0.0,1.5650497370822143
0,45.1751460246244,0.04598029827982205,12.145759791628032,-0.1981160489070959,0.00020904625613839267,0.404523021163129,0.39781076187125,1.935109440649342,0.0,1.763176244067171
0,45.38463598945957,0.0461523596734302,12.16072589537914,0.20948996483517135,0.0001720613936081472,0.3826622657630971,0.2390847757432356,2.7674075553398163,1.0,6.86187332915638
0,45.58717746393713,0.04665481396483293,12.106181698460224,0.2025414744775631,0.0005024542914027347,0.4150688512667567,0.5618369398318532,3.7468278573231726,1.0,7.9970878083252925
0,45.58501485189577,0.04697936923636679,12.160442021260463,-0.0021626120413600347,0.0003245552715338551,0.3857942744658507,0.3217429029350323,4.610553401835588,0.0,2.9487625067878587
0,45.56893116064798,0.04723123058397716,12.16985882548575,-0.016083691247793297,0.0002518613476103701,0.39057069990134186,0.2235348735762211,4.701445449413916,0.0,2.7977924718594003
0,45.361972253071436,0.04745679420151468,12.119864844539313,-0.20695890757654212,0.0002255636175375192,0.3409361110742773,0.3896221275744844,1.675695625200286,1.0,6.617092067749112
0,45.385684702438596,0.04766008393871855,12.135410290572011,0.023712449367160104,0.00020328973720387666,0.3485700703016001,0.1110439195765721,4.413384148184527,1.0,7.428779913245407
0,45.44216993116686,0.048099471802323844,12.09541458633063,0.05648522872826334,0.00043938786360529086,0.33158208575220877,0.5263423783426331,1.7383431740270745,0.0,1.9218563436988034
0,45.39374161074069,0.04846122366035762,12.059973440386768,-0.048428320426168625,0.0003617518580337764,0.2800952937406236,0.2961537592158347,2.668453312201021,0.0,1.92653417453218
0,45.47618189962635,0.04889664397512316,12.04973793776649,0.0824402888856568,0.0004354203147655389,0.29463541076905714,0.2470206541476296,1.4087638095661337,0.0,1.198423213078326
0,45.71126080424536,0.04949137229792498,11.999623801448774,0.23507890461901582,0.0005947283228018227,0.34626169398225254,0.2108553648632096,4.188589251250908,1.0,7.516005355351874
0,45.74904235489095,0.04942153998023574,11.969329591745607,0.0377815506455903,-6.983231768924181e-05,0.3853938141865742,0.2459520584794672,4.431430752673169,0.0,2.707619493295519
0,45.65122249450495,0.04903943156325842,11.891019410430284,-0.09781986038600365,-0.0003821084169773198,0.5156233023738429,0.4878756691899207,4.8586087079606965,0.0,3.4050556923601896
0,45.532814487941984,0.048729553264461656,11.884389780966377,-0.1184080065629658,-0.00030987829879676465,0.5114732898416514,0.0620411898485225,3.023840717794388,0.0,1.6360027385942388
0,45.518631007888544,0.04840861218705263,11.877978124041288,-0.014183480053439723,-0.0003209410774090288,0.5047969858383415,0.1772435034329526,1.936323082112089,0.0,1.3226485479219496
0,45.54307023492188,0.048171326774507216,11.801178787069015,0.024439227033333566,-0.0002372854125454113,0.5051132531880942,0.0452508214026017,4.750917557724683,0.0,2.465960421667545
0,45.75475017112208,0.04829315863716096,11.753731890287863,0.21167993620020553,0.0001218318626537429,0.4679419371914822,0.3547475861376749,3.94256548600902,1.0,7.68077791527986
0,45.79940030639237,0.04831386851828105,11.753505398985958,0.04465013527028816,2.0709881120094253e-05,0.4677855825968313,0.565235211713605,2.120703725296264,0.0,2.190822286075342
0,46.220668551233686,0.04867894661304685,11.735061584465551,0.42126824484131475,0.0003650780947657972,0.4470027792573772,0.6449177442706588,3.77314400088986,1.0,8.176407488986248
0,46.31469738711421,0.04918503462400373,11.775311056508874,0.09402883588052191,0.000506088010956883,0.4551663861522525,0.2594567866997754,2.038183437986115,0.0,1.5380052923926084
0,46.207123047737255,0.04902798673013771,11.85557440352846,-0.10757433937695282,-0.0001570478938660233,0.4673238497324448,0.2144438468859835,3.620855976133464,1.0,7.239315681838699
0,46.35353203311308,0.04909111855831029,11.816554523225289,0.14640898537582814,6.313182817258012e-05,0.5219693090454643,0.327999634162211,3.880072459317877,1.0,7.59603549798336
0,46.42302617675635,0.0495025414683392,11.953370470554344,0.06949414364326856,0.00041142291002890796,0.4124728293813265,0.3992611675923926,3.3512196455059167,0.0,2.4741321579377438
0,46.633015546865586,0.05000395766157826,11.923055115767266,0.20998937010923413,0.0005014161932390612,0.4080317300059195,0.5481078140563318,1.6921764578467642,1.0,6.942303857036046
0,46.70869834713036,0.050003314571706446,11.864179969283564,0.07568280026477225,-6.430898718129407e-07,0.385386111863085,0.425027317000271,2.5070510225121425,0.0,2.1035801452566134
0,47.01186706176771,0.05035857674484715,11.954845837272378,0.3031687146373514,0.0003552621731407052,0.3847390478028433,0.4951163828319477,4.118515179773836,0.0,3.0494903555508133
0,47.090637408086195,0.0502874162213071,11.97991463763027,0.07877034631848545,-7.116052354005226e-05,0.3877124316403834,0.6172147431979647,3.75309016019473,1.0,8.110974566493294
0,47.120038603956075,0.05010554106130925,12.025913017099569,0.029401195869880326,-0.00018187515999784631,0.42183566426594415,0.1427083994083977,2.26529086989754,0.0,1.4180622337655655
0,46.835174523489364,0.04981050903560437,12.022542536792285,-0.2848640804667113,-0.0002950320257048833,0.4211706907380436,0.5128804495670493,2.863987443253006,1.0,7.457754620760602
0,46.734426534391595,0.04961420383547475,11.973408576562823,-0.10074798909776916,-0.000196305200129622,0.4469381943122554,0.4736876418346971,4.556239019077038,0.0,3.2254947932079134
0,46.67837914703068,0.04980538100780939,11.923218130818405,-0.05604738736091264,0.00019117717233464032,0.43679458010679983,0.1069576862920574,4.127910432784011,1.0,7.27787058897612
0,46.523170256657515,0.05000805394975646,11.972920849522607,-0.1552088903731672,0.00020267294194706992,0.33978982215817705,0.2859000620009427,2.368407253256124,0.0,1.7560037506299473
0,46.49759910993613,0.049991432222433616,11.974074057293999,-0.02557114672138283,-1.6621727322842228e-05,0.3407868302961806,0.5254310652251099,4.524749547529657,1.0,8.31323690421505
0,46.5242270189392,0.04980168191777448,12.064311846514615,0.026627909003067884,-0.00018975030465913367,0.4133089490375826,0.4833987584144255,2.321195445987012,1.0,7.1273952398223575
0,46.39679620083541,0.05017257019535008,12.039269368352437,-0.12743081810378953,0.00037088827757560117,0.4419663334052978,0.468237569631488,3.046736334248693,1.0,7.459843306387322
0,46.24379029130599,0.05072439584588835,11.928869659380602,-0.15300590952941917,0.0005518256505382679,0.4883021365702814,0.1882671397072897,3.0468869911131184,0.0,1.8999777749711386
0,46.20210391271989,0.051299415451387644,11.931959414362503,-0.04168637858609969,0.0005750196054992926,0.48983933108382977,0.5248318501903637,4.663996019256187,1.0,8.38166171000882
0,45.99048428317582,0.05176340192099638,11.87683809256408,-0.21161962954407443,0.0004639864696087334,0.4476153629619335,0.1244353361158374,2.2661568136686823,1.0,6.3819490790660165
0,46.09951592957874,0.0517890660741145,11.959251669160222,0.10903164640292573,2.5664153118123978e-05,0.5530761673749528,0.4036240151321197,5.301691384243571,0.0,3.458093722386025
0,46.040221786244366,0.05200329937310416,11.974280849351985,-0.05929414333437677,0.0002142332989896606,0.5425846709915019,0.4689765492748708,2.154498834403326,0.0,2.0152025157514046
0,46.152567947204105,0.05202041895339728,12.010099956945819,0.11234616095973848,1.711958029311511e-05,0.5399846352049623,0.510508540185766,4.98139846684435,1.0,8.511716313793707
0,46.078174697312726,0.052130490653717235,11.952902838901611,-0.0743932498913793,0.00011007170031995805,0.6223238412452123,0.4688596449405611,1.1568421674925926,1.0,6.516140373627419
0,46.25792563419209,0.052192033779064326,11.828915334901682,0.1797509368793655,6.154312534709105e-05,0.6788220582328669,0.3228036926842031,2.264268334362808,1.0,6.77774155254981
0,46.18420228968969,0.05209093577644307,11.796707081274475,-0.07372334450239748,-0.00010109800262125823,0.6369780411153602,0.4984783193645586,4.402596495370446,1.0,8.19825488641434
0,46.3117897462423,0.05225135045106695,11.812441489265764,0.12758745655260384,0.00016041467462388215,0.6303633184032492,0.2461668851251127,3.341759735875935,1.0,7.163213638188193
0,46.24794772301558,0.05212841247534332,11.936081308579897,-0.06384202322671939,-0.0001229379757236304,0.6304307759039258,0.0418546216328696,3.874589908579485,1.0,7.021004197555482
0,46.3609381359715,0.05211139343216464,11.925974609770467,0.1129904129559236,-1.7019043178675974e-05,0.6271574052238951,0.5785533894454107,2.700343651669023,0.0,2.507278604725333
0,46.54505397432696,0.05208452509797536,11.932551613105263,0.18411583835545997,-2.686833418928669e-05,0.6278044996107763,0.3685742251297665,3.069104647545343,0.0,2.2717007740322046
0,46.386728583978666,0.05251360281318307,11.924057765652037,-0.1583253903482955,0.00042907771520771243,0.6135790048201659,0.1773926715488268,5.000974929448496,1.0,7.855272807821901
0,46.66450767271864,0.05245059764136208,11.927141911856822,0.27777908873997603,-6.300517182098592e-05,0.6123913196011902,0.420037108043176,2.4271517081862397,1.0,7.053650070179472
0,46.87819064921558,0.05271664873213996,11.94854270116782,0.21368297649694057,0.0002660510907778746,0.6241251423949472,0.6498427207770682,2.438338824318994,1.0,7.518854853713633
0,47.15692911238015,0.05332627419642737,12.04750999206845,0.2787384631645651,0.0006096254642874097,0.5159801613160737,0.4231664020955404,3.977535616851637,0.0,2.835100612616899
0,47.19170601266039,0.053697256909042944,12.088323690067938,0.03477690028024227,0.0003709827126155765,0.43389491809292774,0.2330042058444155,5.476498580690814,1.0,8.204257702034237
0,47.17686010242997,0.053779137869011284,12.046022944850185,-0.014845910230420145,8.188095996834038e-05,0.41819151823121997,0.1145051177185407,4.259494382058289,0.0,2.358757426466226
0,47.13245925533514,0.053563136919721435,12.13013069982178,-0.04440084709482761,-0.00021600094928984903,0.412782871245874,0.1812919542001397,3.706232322112808,1.0,7.215700069456684
0,47.191763274623575,0.05355598280035638,12.022478269498565,0.059304019288433096,-7.154119365054834e-06,0.4466842375457578,0.0951930199322166,3.631829816808395,0.0,2.0063009482686307
0,47.10779437551111,0.05382709315907984,11.950866700047168,-0.08396889911246319,0.0002711103587234587,0.49420215588046634,0.3220926971289044,2.140848535462144,0.0,1.7146096619888809
0,47.28625114542986,0.05381987770061808,11.88053026533323,0.17845676991874626,-7.2154584617595274e-06,0.5322217351022321,0.5187644287469179,5.336946093252749,1.0,8.70600190412021
0,47.48418282142298,0.05360972137081847,11.874974322712054,0.1979316759931251,-0.0002101563297996073,0.5214901454159555,0.1696570224814268,3.793002649225112,0.0,2.2358153695754095
0,47.045205561669455,0.05389200283314468,11.848873544935435,-0.4389772597535284,0.0002822814623262074,0.5359628801733018,0.2389047096583896,3.190667839407689,1.0,7.073143339020624
0,46.873509081754946,0.05396701765654059,11.752702156291502,-0.17169647991450887,7.50148233959122e-05,0.5221706892866879,0.2712770728238691,4.461678140638926,0.0,2.7733932159672015
0,46.72574918571738,0.053952659163633884,11.796607759841077,-0.147759896037563,-1.4358492906707543e-05,0.556287894168141,0.4079479849077559,1.499105435471083,1.0,6.565448687551053
0,46.64961676123738,0.05393945811798158,11.934110113438177,-0.0761324244800008,-1.3201045652305732e-05,0.6173302510072702,0.322005462122358,3.022493385026467,1.0,7.155257616757949
0,46.85165695230139,0.05442843272667299,11.865521835689389,0.2020401910640075,0.0004889746086914129,0.6468384328947242,0.3521078692157414,4.239702001915376,0.0,2.8240667393891705
0,46.81592679374994,0.0549978268567148,11.899702504436178,-0.03573015855145201,0.0005693941300418115,0.6907272503520326,0.0529047162727275,3.772776652944516,0.0,1.9921977590177131
0,46.89241178848507,0.05511556325913612,11.992082344961634,0.07648499473513226,0.00011773640242131872,0.680585301930727,0.476141410101461,5.1729616343113936,0.0,3.5387636373586187
0,46.77865727628204,0.05490514429746747,12.063529165755408,-0.11375451220303034,-0.00021041896166865137,0.6418167201485675,0.5639030628528162,3.576231691794347,0.0,2.915921971602806
0,46.72017366646013,0.05518207755783592,12.058874312688152,-0.05848360982191281,0.00027693326036844906,0.6479930661813211,0.4309892456282345,1.7960461965283503,0.0,1.7600015895206442
0,46.80228614426292,0.055547374817537534,12.012406101349004,0.08211247780279507,0.0003652972597016149,0.6070280217437134,0.5624161282777687,3.278325134185558,0.0,2.763994823648316
0,47.010031736210514,0.05556437687928745,11.982543532731095,0.20774559194759235,1.700206174991281e-05,0.6430842159822522,0.3559679311631937,1.5584487941444125,1.0,6.491160259398594
0,46.991050242237364,0.0555635582181818,11.98173392660827,-0.01898149397315052,-8.186611056490434e-07,0.6439201260448146,0.5450947541794162,3.6018381734707727,0.0,2.891108595094219
0,47.11016215113356,0.05582307762494919,11.88918991346775,0.11911190889619405,0.0002595194067673903,0.6481995749791563,0.2785501110518926,2.312404633835808,0.0,1.7133025390216892
0,46.98784369866506,0.05635014140640526,11.72092725290556,-0.12231845246849815,0.0005270637814560747,0.6061826923607133,0.0980613505650887,1.9461677805724449,0.0,1.1692065914163998
0,47.01682493419989,0.05639772217153789,11.78178993278624,0.028981235534828897,4.758076513262932e-05,0.590940226389099,0.1734691872461496,4.397802009811679,1.0,7.545839379398139
0,47.093336473556725,0.05649166285907979,11.70410809770264,0.07651153935683652,9.39406875418991e-05,0.47878183311035166,0.4254323001358103,3.9753423195792346,0.0,2.8385357600612378
0,47.05829578658677,0.05620653836698689,11.630342679335957,-0.03504068696995688,-0.00028512449209289886,0.4235572827116531,0.4188452451451782,2.781731067686797,1.0,7.228556024133755
0,47.0680207944154,0.05640400309570013,11.552949491665899,0.009725007828635057,0.00019746472871323695,0.4062460894523257,0.4608684935223617,3.264319411861715,1.0,7.553896692975581
0,46.899477305869866,0.05665597165693501,11.537590632212552,-0.1685434885455379,0.0002519685612348832,0.42086492350164245,0.5032597491737324,3.2191027210645418,0.0,2.616070858879736
0,46.79264372772906,0.056319679274718,11.494333422480086,-0.10683357814080807,-0.00033629238221700997,0.34991138207573647,0.2972460041672977,2.546684089172561,1.0,6.867834052920876
0,46.6500260624522,0.0565743133606301,11.557460983169806,-0.14261766527685893,0.00025463408591210046,0.34152744322494927,0.0852064503190625,2.791274613857092,1.0,6.566050207566671
0,46.74337273124136,0.0568241929923737,11.667001208819688,0.09334666878915954,0.0002498796317435964,0.4398446530836806,0.2281943668776242,3.121847891997411,1.0,7.017312679753954
0,46.71683891642616,0.05662065494497844,11.728068172070929,-0.026533814815195456,-0.0002035380473952575,0.4480451196778223,0.6148075795963848,1.9751511353282063,1.0,7.217190726856873
0,46.666656944678614,0.056182810426311514,11.896847567531701,-0.05018197174754846,-0.0004378445186669286,0.5018021029135126,0.2249041877831314,1.5318354605605096,0.0,1.2157261058465176
0,46.67086786633779,0.05689949185723788,11.894179044983092,0.004210921659172584,0.0007166814309263678,0.5017317686340796,0.318176868522296,3.252427180657116,0.0,2.2625673273731497
0,46.74192717667107,0.05681531513031338,11.834859913246216,0.07105931033328261,-8.417672692449807e-05,0.5161785962654925,0.1276036502306119,4.097269471145696,0.0,2.3038420360340717
0,46.93767629450865,0.05725516887827896,11.833372626387202,0.19574911783757898,0.00043985374796557536,0.5169437065039377,0.4210428368129381,5.497306500329114,0.0,3.5907389237904335
0,46.970314605150016,0.057275499304657286,11.916624190009276,0.03263831064136724,2.0330426378327437e-05,0.48546986095495215,0.4042997161783231,3.40462932440039,1.0,7.510914094556841
0,47.0819367679054,0.057343436820065374,12.022944506755483,0.11162216275538128,6.793751540808829e-05,0.39891931371300476,0.4004588698122936,4.975219721130141,1.0,8.288527600189658
0,47.088065933221024,0.058049207077678446,12.064357504467457,0.006129165315627461,0.0007057702576130712,0.4025954444819021,0.4248849338498893,2.594536597460005,0.0,2.1470381664297813
0,47.31704042135016,0.05787603283070406,12.068547738152315,0.22897448812913268,-0.00017317424697438355,0.3997487262298893,0.1628450508047816,3.406291117592436,1.0,7.028835660405781
0,47.336287897759306,0.05792811566875623,12.061710429577907,0.01924747640914859,5.208283805217123e-05,0.3925339727568132,0.3887101754699476,2.0433886359393707,1.0,6.7991146689095805
0,47.42786473928684,0.05820575999463059,12.150483750148625,0.09157684152753376,0.0002776443258743558,0.48152543073873877,0.2879610294015934,5.226196295444646,1.0,8.189020206525509
0,47.70226618057792,0.05869183461471654,12.031880928452393,0.2744014412910829,0.00048607462008595087,0.45091434682059883,0.5893049021179884,4.24257066485177,1.0,8.299895136661862
0,47.63674154645059,0.058225178170563295,11.989552443708892,-0.06552463412733545,-0.00046665644415324475,0.4839456561453718,0.2990401014390317,3.048419782673862,0.0,2.1222900942149945
0,47.623379526687344,0.05850854771255289,12.002793519561894,-0.013362019763242472,0.00028336954198959763,0.4693270248273239,0.2154139612141336,1.6449626625272602,0.0,1.2533092536918973
0,47.50099495397795,0.058855874627004826,12.020455487095756,-0.12238457270939307,0.0003473269144519328,0.45506944400548177,0.405057112717308,3.997118170576161,1.0,7.808673310722696
0,47.608958739050095,0.05931153809277232,11.99926772002154,0.10796378507214399,0.000455663465767496,0.45481487500386225,0.2862440925079214,5.546657111879024,0.0,3.345816740955355
0,47.47367447468747,0.059374321129845975,12.046841756143404,-0.13528426436262464,6.278303707365346e-05,0.49832011085715316,0.480260574331102,5.0077720692966246,0.0,3.464407183310516
0,47.64207962077474,0.05910242251673474,11.92936043034938,0.16840514608726664,-0.000271898613111235,0.5698750410021954,0.2999825404320055,4.907717818769782,0.0,3.053823990248902
0,47.74612468420999,0.059319932243753495,12.03243440454394,0.104045063435251,0.00021750972701875537,0.6411052370410527,0.1988535950819929,2.8513727206010886,0.0,1.8233935504645302
0,47.77078933965307,0.059726216074451485,11.920629323188866,0.024664655443082495,0.0004062838306979899,0.6655216778338287,0.3008580236708275,4.916632150734814,1.0,8.060032122709062
0,47.81984581072084,0.05998115380186746,11.798928726598806,0.04905647106777167,0.0002549377274159714,0.5605298397205688,0.2275200990590587,3.2809691415784847,1.0,7.09552476890736
0,47.78523939885228,0.059886853732493216,11.803538041194964,-0.03460641186855895,-9.430006937424101e-05,0.5589586496589694,0.3524857459680628,4.498586233686092,0.0,2.9542646087791717
0,47.92638311059478,0.05982609332941334,11.80682975018118,0.14114371174249385,-6.0760403079875014e-05,0.55687439546351,0.3108641294586285,5.167775696832828,0.0,3.205616107333671
0,47.83736615540351,0.059963825511491584,11.813385207237442,-0.08901695519126918,0.0001377321820782429,0.5544026576127987,0.0642583253395432,3.193248164749045,0.0,1.725140733053609
0,47.82486664835694,0.059866626366971064,11.899990606248952,-0.012499507046570102,-9.719914452051975e-05,0.6106464434824509,0.2720752137779762,4.299721082486511,0.0,2.694010968799208
0,47.79059080340572,0.05990944945993613,11.9549985674457,-0.03427584495121749,4.282309296506359e-05,0.635790736478648,0.201477449394297,4.925962613569393,1.0,7.86593620557329
0,47.8193463117615,0.06012306447858877,11.889567494270434,0.028755508355779114,0.00021361501865264226,0.5878169992253637,0.5146229413187178,3.2643880343533893,1.0,7.66143989981413
0,47.64003498625763,0.060078513460332064,11.96040173664811,-0.17931132550386764,-4.455101825670549e-05,0.5221733146551649,0.3600620078353377,2.761479389206893,1.0,7.100863710274122
0,47.730032725509176,0.06056939535938906,11.921664221573153,0.08999773925154386,0.0004908818990569941,0.45730075436122697,0.5755017430192906,3.503410518330696,0.0,2.9027087452039293
0,47.552209670298154,0.060350859624352236,12.034764638549456,-0.1778230552110216,-0.00021853573503682194,0.4219669494554188,0.551908605137003,3.104344838999587,0.0,2.6559896297737993
0,47.44697247510655,0.060031245401295355,12.078760959800684,-0.10523719519160579,-0.0003196142230568813,0.40908113957602904,0.4590233837884908,1.713872692611639,0.0,1.7749831138828012
0,47.40452961403193,0.06014518059904088,12.115385408794275,-0.04244286107461903,0.00011393519774552385,0.3821953166667551,0.3460811932909663,2.499207932400047,1.0,6.941766352781956
0,47.38726266698201,0.060291882983223674,12.18526511143341,-0.017266947049918713,0.00014670238418279524,0.3160985607305914,0.4168274884503415,2.2423578586587336,1.0,6.95483390623005
0,47.498307250040384,0.06023392571033844,12.190400906133494,0.11104458305837284,-5.7957272885232614e-05,0.3067940395962101,0.1869093762852185,3.701293657742138,1.0,7.224465581441506
0,47.52987387393376,0.060364664342476074,12.187803001570884,0.031566623893375834,0.0001307386321376322,0.3027393493866424,0.3720279823758529,2.808073771880903,0.0,2.1480928506921573
0,47.481610703967036,0.06040873584113689,12.086428638877532,-0.04826316996672375,4.4071498660813724e-05,0.36516031852217545,0.1497060705245236,1.9110661548755912,0.0,1.2549452184868428
0,47.773291140638406,0.06025353799802894,12.104731203612847,0.29168043667137056,-0.00015519784310794732,0.3648692144242469,0.3039691369402116,1.8754436742629477,0.0,1.545660111011897
0,47.89633742005414,0.06076548726939342,12.011398298799383,0.12304627941573187,0.0005119492713644772,0.529216621052344,0.2696940485978378,2.812348742871329,0.0,1.9455624686313402
0,47.81706169320665,0.06046163988769197,11.871977103579429,-0.07927572684749151,-0.0003038473817014442,0.5723382370079633,0.220984954986959,4.490941543114964,0.0,2.6874406815314
0,48.065508673836504,0.060514001682817564,11.774060298095742,0.2484469806298577,5.236179512559114e-05,0.5515245982984307,0.4533990354014582,2.989767804562073,0.0,2.401681973083953
0,47.976307217004305,0.06103456632195867,11.702556013029596,-0.08920145683219971,0.0005205646391411092,0.5411436822481265,0.255853138707375,3.6667885279652808,1.0,7.34510054139739
0,48.021042054904235,0.0612300135541633,11.658703964111574,0.044734837899930824,0.00019544723220462495,0.5303287227159798,0.3963860677813456,4.013779260073294,1.0,7.799661765599338
0,47.95922913124262,0.06141895780962817,11.649678413102308,-0.06181292366161273,0.00018894425546487487,0.5207267148952387,0.4584473640307702,4.175729231382896,0.0,3.0047593437529887
0,48.086432037372624,0.06138318636599379,11.64065819147598,0.12720290613000174,-3.5771443634383115e-05,0.5204298415807066,0.2740037070410884,5.438021516716447,1.0,8.2670181724404
0,48.03436286593292,0.06166986492428955,11.535817635618319,-0.052069171439704576,0.00028667855829576233,0.39531619368033755,0.5024154023417415,4.304615151391392,1.0,8.157138380379179
0,48.30832688615414,0.06159945808841014,11.614304579565204,0.27396402022122146,-7.040683587940938e-05,0.44951972804991946,0.2741964622574849,4.432207362227592,1.0,7.764496605628766
0,48.1170701192715,0.06231165053404695,11.554452973189415,-0.19125676688263837,0.0007121924456368056,0.4029915775221284,0.4772748815998923,3.3150947844001117,0.0,2.6120971553998404
0,48.37740742425076,0.06260931009019827,11.683682610187356,0.26033730497925944,0.00029765955615131817,0.36954040849544756,0.6850699862508838,5.562714712493902,1.0,9.151497328748718
0,48.40506174254673,0.0629776598026114,11.768795789607143,0.027654318295965652,0.0003683497124131324,0.3113725342038383,0.5645303196483127,5.454037564058804,1.0,8.856079421326028
0,48.33977968729188,0.06349165501984193,11.823888280342555,-0.06528205525484765,0.0005139952172305284,0.29523825261667064,0.5937637519213187,4.737285413381253,0.0,3.5561702105332635
0,48.57884951174192,0.06333773918216731,12.024103641984025,0.23906982445004132,-0.0001539158376746147,0.5680159336022524,0.3070727808880149,5.423359380832967,1.0,8.325825252192514
0,48.726082653571055,0.06351253812334182,12.11960346267627,0.14723314182913327,0.00017479894117450323,0.5653810486261538,0.4409154149872463,2.0212865530427795,0.0,1.8924741064958823
0,48.923449021045215,0.06382660940480825,12.142395484090915,0.19736636747416014,0.0003140712814664326,0.5696296135403792,0.55639176440835,2.6155212016684475,0.0,2.420544129650924
0,48.974660768234955,0.06414213076170001,12.215808854825072,0.051211747189739754,0.0003155213568917653,0.5407521274199351,0.4073995111474868,5.318608455999537,0.0,3.474103250294742
0,49.109727451989,0.06403990277026841,12.297672073123888,0.1350666837540473,-0.00010222799143159988,0.4892465469912793,0.4048440956545824,4.169212841088223,1.0,7.894294611853276
0,48.890578135517785,0.06426301192154169,12.36158276009493,-0.21914931647121705,0.0002231091512732708,0.5201958012996731,0.3612554656861296,2.2034436851647894,1.0,6.8242327739546536
0,49.19609174915011,0.06409991691775355,12.353979023740596,0.30551361363232843,-0.00016309500378813846,0.5332276814368431,0.3253202751582816,3.230016298975591,0.0,2.2656486998043586
0,49.191014847535634,0.06404946045764502,12.307534624300539,-0.005076901614479823,-5.0456460108525e-05,0.5695184812932863,0.516581389404599,4.3401150202280405,1.0,8.203220288923218
0,49.32235817106116,0.06447721026269643,12.267600909054421,0.13134332352552747,0.0004277498050514056,0.6104924913188615,0.427527079707295,1.9995671575487584,1.0,6.854837738188969
0,49.41960190299926,0.0642292767177868,12.350498379023616,0.0972437319381001,-0.00024793354490962316,0.6250001825709872,0.6514650456832258,3.763311338590715,0.0,3.1845857606618093
0,49.39583728258978,0.06464661198397118,12.196880896342758,-0.02376462040948013,0.000417335266184371,0.49979281323178815,0.4565190430129054,4.448954981901517,0.0,3.1375155769765692
0,49.53648331444371,0.06477085095998122,12.165119868252495,0.140646031853926,0.0001242389760100493,0.48579440521268014,0.5772155922604464,5.552850803867689,1.0,8.930856586454738
0,49.256074732949315,0.0647750120452404,12.122843572645168,-0.28040858149439174,4.161085259177244e-06,0.4872615562301526,0.2756068499954262,1.4957814657512796,0.0,1.2991044328664922
0,49.28627025472987,0.06474692047036638,12.101885996914453,0.030195521780555623,-2.8091574874017367e-05,0.4808892437515148,0.4824033633886028,3.255474314544049,0.0,2.5925438840492303
0,49.38356448327265,0.06490651512633268,12.064480613450009,0.09729422854277914,0.00015959465596629419,0.47179519218514543,0.2587900031756198,5.320072219551501,1.0,8.177616116126991
0,49.70998167612754,0.0647539893474933,11.944192080500475,0.32641719285489046,-0.00015252577883938245,0.3901132614891551,0.769816955183605,2.344412601801035,0.0,2.7118402112677273
0,49.55431319133566,0.06466918884549955,12.013270531734776,-0.15566848479188167,-8.480050199374811e-05,0.3644757718587961,0.2027371186405104,4.104707953745302,1.0,7.457828214153672
0,49.39471808649705,0.06475413259432705,12.02415103309036,-0.1595951048386084,8.4943748827504e-05,0.3559672513799266,0.2552181981767221,2.8003359924321947,0.0,1.9106043925695415
0,49.193658580597486,0.06469853378072625,12.084491248660445,-0.20105950589956478,-5.5598813600801766e-05,0.31402719692108555,0.249776884938527,5.247859795622106,1.0,8.123483667688106
0,49.25489410617327,0.06488543748289591,12.013111698822945,0.061235525575781935,0.0001869037021696579,0.18100699141423995,0.4702355018580928,5.146290369216855,0.0,3.513616188324613
0,49.080441198748645,0.06515067236293863,12.061810937133629,-0.17445290742462305,0.00026523488004272233,0.21494858790561516,0.5508077828765949,4.273416214841094,0.0,3.238323673173737
0,48.9159303849715,0.06507678402694843,12.062110817327728,-0.1645108137771416,-7.388833599020206e-05,0.21519214569082407,0.6198424753924748,5.558037223567448,1.0,9.018703562568675
0,49.237939086318214,0.06525159122324015,12.085232675801006,0.3220087013467108,0.00017480719629171804,0.210282108100365,0.293154201571604,5.445267634143298,0.0,3.308942220214857
0,49.16284995964048,0.06541074204161916,12.086514017756103,-0.0750891266777316,0.00015915081837901413,0.21069185472859567,0.3435007041259343,3.826310216737944,1.0,7.6001565166208405
0,49.18547931365039,0.06567844325393637,12.079426968016671,0.022629354009907843,0.00026770121231721455,0.21505760638276647,0.2459092711488945,4.512346224900654,1.0,7.747991654748116
0,48.99523518790133,0.0663811346585252,12.106395712444982,-0.1902441257490608,0.0007026914045888261,0.1695940359324366,0.6216192388968659,3.686606174632114,0.0,3.0865415651097887
0,49.100385846820295,0.06660185854431253,12.062885905816687,0.10515065891896569,0.0002207238857873245,0.1970445130583717,0.6108683759301332,2.317444794850177,0.0,2.380459149285355
0,49.07172322977041,0.06671672929824554,12.100735979974406,-0.028662617049882044,0.00011487075393301627,0.1808007742968386,0.525327563494584,2.281194787659862,0.0,2.191252520819099
0,49.03263696204981,0.06676378905145304,12.118686158496539,-0.03908626772060586,4.7059753207498445e-05,0.19425510276003818,0.625151176782867,2.038801525812022,1.0,7.269703116471745
0,49.042732583085304,0.06721560544228629,12.150590334740492,0.01009562103549655,0.0004518163908332484,0.21699809829088076,0.6269476268000567,5.234921401372854,1.0,8.87135595428654
0,49.20140182288144,0.06737684761393277,12.142741817848187,0.1586692397961329,0.0001612421716464807,0.20800116546036346,0.5362955520458432,3.869363456661145,1.0,8.00727283242226
0,49.33109110367008,0.0676926667024272,12.071935780232,0.1296892807886465,0.00031581908849442897,0.2848469883629137,0.6397207583557007,4.244461337638434,0.0,3.4016721855306185
0,49.339413305974276,0.06763700948157675,12.021731165483164,0.008322202304192672,-5.565722085044966e-05,0.3127094234489272,0.4225059858645175,2.3673403716945653,1.0,7.028682157576318
0,49.49811520943136,0.0681755949930625,11.988920901325347,0.1587019034570858,0.0005385855114857507,0.3146293079383811,0.5105271478235844,5.341632514688171,1.0,8.691870552991254
0,49.45158324716195,0.06835857720037206,11.98329251633647,-0.046531962269412475,0.0001829822073095566,0.3163090603402524,0.5650795363746801,4.725307913926484,1.0,8.492813029712602
0,49.47837494951705,0.06861963554233286,11.953253648102748,0.02679170235509787,0.00026105834196080147,0.3350142838111653,0.2293855675828852,5.043893730385356,1.0,7.980718000358449
0,49.29389751932227,0.06877363729723392,11.973973561643994,-0.18447743019477514,0.00015400175490105916,0.3282798578111003,0.2246717717648224,3.5972473294828484,0.0,2.247967208271069
0,49.426072862783855,0.0688195348194238,11.912907275990197,0.13217534346158288,4.589752218987775e-05,0.33859295774327053,0.3877457439743336,5.047709474744765,0.0,3.2993462253210497
0,49.698711113937115,0.06875861386748962,11.880607717658426,0.27263825115326057,-6.092095193417635e-05,0.30891718817819513,0.271951986490577,5.904580531871107,1.0,8.496194238916708
0,49.72137985492275,0.06891006370817679,11.875444616814054,0.02266874098563676,0.0001514498406871706,0.2990616463962861,0.3600616795754441,5.176922702912912,0.0,3.3085847106073443
0,49.66443966551544,0.0688841813688386,11.84666142497515,-0.056940189407313824,-2.58823393381874e-05,0.26241537677064736,0.248694325143124,3.039158279951562,1.0,7.016967790262029
0,49.60438158320802,0.06913804137948174,11.948042451782374,-0.060058082307421046,0.0002538600106431338,0.31045750895596036,0.7305764881378106,3.548018220727707,0.0,3.235162086639475
0,49.57008164244269,0.06963594366135277,12.05359091269107,-0.034299940765329495,0.0004979022818710349,0.3702420950976491,0.5261405731535401,3.7227555159094887,0.0,2.9136589042618244
0,49.44970988200068,0.06935099622665693,12.011488909949751,-0.12037176044200493,-0.0002849474346958425,0.4197794714435287,0.5777570099232852,2.301901630620676,0.0,2.306464835156908
0,49.6847606504247,0.06943330912777239,12.02062012050028,0.23505076842401706,8.231290111546108e-05,0.41742437192577586,0.6872282487200747,3.5615449087979942,1.0,8.155228951839145
0,49.72164476232464,0.06919102210649034,12.036600040459238,0.03688411189993701,-0.00024228702128205326,0.4038850375874764,0.3201989878494205,5.619727810696385,0.0,3.4502618810470334
0,49.89088526043874,0.06968993639070578,12.04763633687709,0.16924049811410669,0.0004989142842154459,0.40337656199521776,0.4440498608678788,3.135179188795229,1.0,7.455689316133372
0,49.81539060563673,0.07022828703369091,12.100571851078346,-0.07549465480201434,0.0005383506429851304,0.36959166140123983,0.6149813455260456,3.098349956067793,0.0,2.779137669085988
0,49.7305214739504,0.07067550981301378,12.08730178028934,-0.08486913168633237,0.00044722277932286725,0.3758153002505284,0.3717035011547053,4.071619849211433,0.0,2.779216926915127
0,49.78136872697509,0.07057355138563784,12.033200287667592,0.05084725302469195,-0.00010195842737593941,0.36876024608786945,0.6772929616003421,2.601259378390622,0.0,2.6552156123959954
0,50.00893852144351,0.07059096100124485,12.025226742374533,0.22756979446842251,1.7409615607005824e-05,0.3694864300099153,0.7372796591623388,5.59443492922138,1.0,9.271776782935369
1,39.68441673970679,0.018915381953417663,12.045241492115412,-0.13543169691152457,-0.00024443370722102703,0.1405621902013583,0.3026569952984162,2.9695984139195213,0.0,2.090113197556593
1,39.98250202029224,0.01888000660598772,12.060152397700726,0.2980852805854468,-3.537534742994314e-05,0.1303217235116194,0.044571798270948,2.738837134542317,0.0,1.4585621638130546
1,39.906654323374305,0.01890680504911365,12.037600306514936,-0.0758476969179327,2.67984431259298e-05,0.12187182662460909,0.4217250955417661,2.555481229010069,0.0,2.121190805588567
1,39.74675555396179,0.01898011384279922,12.048615299418058,-0.15989876941251424,7.330879368556975e-05,0.12915934840962692,0.3981721926094123,1.0706280389938063,0.0,1.3316584047157276
1,39.91555906185349,0.01880269343208053,12.04777290168192,0.1688035078917025,-0.00017742041071868928,0.12910246375819795,0.212128380966097,4.408693555923374,0.0,2.628603539893881
1,39.80953318467631,0.01905371725340379,12.025460022235245,-0.10602587717718137,0.00025102382132325893,0.10392970121653348,0.0256311894317314,3.3551887424728037,0.0,1.7288567500998646
1,39.61705616971828,0.0190419194203666,12.014883343498107,-0.1924770149580297,-1.1797833037188732e-05,0.10909998946896687,0.2428962911722796,1.1462024914705653,0.0,1.058893828079842
1,39.81008887584436,0.01946758015445583,12.001648695386375,0.19303270612607548,0.0004256607340892282,0.11673608069034182,0.2669727972947647,3.2121984430319017,0.0,2.14004481610548
1,39.979484260695145,0.019400793463094708,12.00723515994088,0.16939538485078742,-6.678669136112036e-05,0.126517026596616,0.4082035305698482,3.785498422411277,0.0,2.709156272345335
1,40.072584710818845,0.01944995871937566,12.034244751099628,0.09310045012369983,4.916525628095164e-05,0.10875743813921769,0.2783041562016826,1.4530645498345764,0.0,1.2831405873206534
1,40.27222599289136,0.019525077707741558,12.047471370010637,0.19964128207251264,7.511898836589856e-05,0.10368816178474789,0.4772315973727506,1.3899438666184831,0.0,1.6494351280547428
1,40.02660999966665,0.01930069607040176,12.049294528251952,-0.2456159932247104,-0.00022438163733979818,0.1037715061034053,0.3885884341825784,3.970289814665489,0.0,2.7623217756979015
1,39.99612609296214,0.019248682378520073,12.034241666407295,-0.030483906704503738,-5.201369188168742e-05,0.12408844289946887,0.1317333608828407,2.243010600900681,0.0,1.384972022216022
1,40.028280695227,0.01892835589480585,12.024826208846289,0.03215460226485334,-0.0003203264837142242,0.11568428784253325,0.2805468330378737,1.7536075936363376,0.0,1.437897462893916
1,39.8933132825643,0.01865699753257507,12.029980137332313,-0.13496741266269652,-0.0002713583622307794,0.11814297659857988,0.2475466734401408,2.048971226570621,0.0,1.519578960165592
1,39.87371821799533,0.01859851904265483,12.015151935077125,-0.019595064568967757,-5.847848992024049e-05,0.1253623676591949,0.1177029488263494,1.9992659762738316,0.0,1.2350388857896146
1,40.09454297517492,0.01877604841680777,12.034949135981432,0.22082475717958516,0.00017752937415294046,0.12436916255650672,0.2247070125082649,4.592514982216146,0.0,2.745671516124603
1,39.76422089603617,0.019123321676516012,12.041473928970568,-0.330322079138746,0.00034727325970824313,0.11703353349098436,0.4581060897149863,1.2196781834687185,0.0,1.5260512711643317
1,39.55141100069141,0.01913272256089505,12.030628231866283,-0.2128098953447619,9.400884379038438e-06,0.10233929434262833,0.0084800800943931,1.704342739513628,0.0,0.8691315299456002
1,39.45537207366505,0.019544037959187518,12.020086740292028,-0.09603892702635619,0.00041131539829246735,0.10140707718857757,0.2824354719123618,3.416732801704484,0.0,2.2732373446769656
1,39.3689127628487,0.01969596592248294,12.016878379091484,-0.08645931081635183,0.00015192796329542221,0.1001397148919104,0.0112785162698721,2.40238763190684,0.0,1.223750848493164
1,39.54554383991117,0.02000443132748294,12.007197912946951,0.17663107706246706,0.00030846540499999964,0.09999718666511882,0.3525470200907545,3.2245450956870547,0.0,2.3173665880250365
1,39.35071174567989,0.020384749623141137,12.013912011683775,-0.19483209423128045,0.00038031829565819686,0.08819400786773435,0.4637985760901287,4.955267609379341,0.0,3.4052309568699277
1,39.37080228496775,0.020787743311952232,11.994579587475256,0.020090539287863862,0.00040299368881109576,0.09343154911610861,0.2565963904034609,1.8762552021799,0.0,1.4513203818968718
1,39.326319374555865,0.021280262955413392,11.989920692584803,-0.04448291041188668,0.0004925196434611596,0.08843187889915644,0.0799705222280094,1.993857408468473,0.0,1.1568697486902553
1,39.494570168974064,0.0214948900480826,12.011467970160416,0.16825079441819923,0.0002146270926692076,0.08900324149039049,0.4016645224176244,1.674448536151567,0.0,1.6405533129110323
1,39.403187107865584,0.02151244516176302,11.999731145408157,-0.09138306110848049,1.7555113680421675e-05,0.08068556835916953,0.1100683786097567,4.082628216030603,0.0,2.261450865234815
1,39.52776015605507,0.02101728112409727,12.005446895231366,0.12457304818948955,-0.0004951640376657518,0.07866853118326916,0.2669032174603012,1.8507347468140496,0.0,1.4591738083276273
1,39.545381827738176,0.0209297005157344,11.997647213566234,0.017621671683102136,-8.758060836287079e-05,0.06991686216487795,0.2013202193637854,3.297582837041593,0.0,2.0514318572483674
1,39.50272211286495,0.02072878307319714,12.005963605010447,-0.042659714873224175,-0.00020091744253725868,0.07258006416879469,0.0372226832702854,4.591797027121885,0.0,2.370343880101513
1,39.38914682924194,0.02092644048830047,12.019933046875796,-0.11357528362301395,0.00019765741510333057,0.09067596981024005,0.12091254171773,2.973819127642439,0.0,1.7287346472566796
1,39.334653319544465,0.02056160374234709,12.029329020619617,-0.054493509697472575,-0.00036483674595337925,0.08920301939006782,0.412862967371895,1.3216733037381867,0.0,1.4865625866128833
1,39.40312887383924,0.02044192249508413,12.039868121509041,0.06847555429477836,-0.00011968124726296006,0.07699184800372799,0.4024666621011907,2.909518847623971,0.0,2.2596927480143667
1,39.37683706826006,0.02074777407507385,12.043427747799836,-0.026291805579184313,0.0003058515799897188,0.06951900457529714,0.2238857784171006,3.750241056694712,0.0,2.3228920851815573
1,39.426708433819705,0.02035073629784246,12.041831232769619,0.04987136555964611,-0.00039703777723138975,0.06936143220958345,0.4525717602297038,1.3259351077154835,0.0,1.5681110743171494
1,39.53071319292806,0.020335277536371932,12.029443513313755,0.10400475910835638,-1.5458761470528437e-05,0.06673763357229048,0.093467330402052,1.3436461026207134,0.0,0.8587577121144607
1,39.57628002569907,0.02037889406973032,12.041650288194711,0.04556683277100859,4.36165333583885e-05,0.07192513418886835,0.0548597704885616,3.206097343239016,0.0,1.7127682125966313
1,39.62240649108729,0.02044630646845496,12.04799097397733,0.04612646538821963,6.741239872463944e-05,0.07121094494794025,0.3116526976127973,4.717360634961159,0.0,2.9819857127061744
1,39.60768999698213,0.02061140097480544,12.022997543661017,-0.014716494105158517,0.00016509450635047995,0.10907032095037915,0.3866734501852943,3.635202747798068,0.0,2.5909482742696226
1,39.778247682024116,0.02070710154847409,12.00789932400243,0.17055768504198454,9.570057366865142e-05,0.11314952912323442,0.0073185767324283,4.969722189837212,0.0,2.4994982483834622
1,39.914977571004435,0.0206191735183722,11.978747650829806,0.13672988898031946,-8.792803010189074e-05,0.10141062481285297,0.0926156384821024,3.259326329854139,0.0,1.8148944418912742
1,40.14537415119152,0.02101836687373241,11.961737653080519,0.2303965801870831,0.0003991933553602091,0.10073203005492769,0.1664343531763846,3.293967037958853,0.0,1.9798522253321957
1,40.32321811337644,0.02082595717455542,11.954101652637538,0.17784396218492304,-0.00019240969917698816,0.10034879158913454,0.3074964543235862,2.491400264281795,0.0,1.86069304078807
1,40.259831079600005,0.02041430010080636,11.96991875926681,-0.0633870337764364,-0.0004116570737490617,0.10681527689676461,0.4912557535050041,2.3201120210078625,0.0,2.1425675175139394
1,40.38637679397614,0.02044090039269359,11.962270288058486,0.12654571437613527,2.6600291887231287e-05,0.10387250250662183,0.1428452152556107,2.407608008456578,0.0,1.4894944347395103
1,40.171041651317815,0.01993980864649656,11.966065571033344,-0.21533514265832565,-0.0005010917461970299,0.10554303037207734,0.2440478009051915,4.632075940034095,0.0,2.8041335718274305
1,40.1733521238753,0.01991269241875557,11.970660934618731,0.0023104725574825125,-2.71162277409899e-05,0.11381611633843984,0.481325299057081,1.2499002683214528,0.0,1.5876007322748884
1,40.29509027420482,0.01977045832172932,11.967007341469998,0.12173815032952007,-0.00014223409702624965,0.11084668292968346,0.2502404579040333,3.932290722198057,0.0,2.4666262769070952
1,40.33788950063955,0.01961635561166656,11.976869665199962,0.042799226434731,-0.00015410271006276177,0.0965844205574848,0.0760442965165484,4.223347134503415,0.0,2.2637621602848044
1,40.29392207419299,0.018839949575847108,11.961787347165961,-0.0439674264465566,-0.0007764060358194519,0.11724334992717216,0.2389731660774562,4.516966083476382,0.0,2.7364293738931034
1,40.15016065824557,0.01864298739240644,11.980432599743478,-0.14376141594742364,-0.00019696218344066735,0.11874650941610364,0.0296325662217926,2.186796410765484,0.0,1.1526633378263271
1,39.95081795373563,0.01864399785646673,11.984209357828028,-0.19934270450993807,1.010464060289401e-06,0.11607971363733681,0.2902020945608787,3.3621339639718144,0.0,2.2614711711076647
1,40.06024965945505,0.01888246458678654,12.018036847058605,0.10943170571942318,0.00023846673031981125,0.14287247774689651,0.3300037215964528,4.256815970119682,0.0,2.7884154282527467
1,40.076554816339545,0.01905591176252484,11.997052592247861,0.016305156884492078,0.0001734471757382991,0.14820056230350043,0.0749045873778357,1.5739829212764591,0.0,0.9368006353939009
1,40.01933130192864,0.01934858628173209,11.997593735939859,-0.05722351441090723,0.0002926745192072498,0.14807763260404322,0.0904592609772219,2.107028846635369,0.0,1.2344329452721283
1,40.08923832687859,0.01972553524489391,11.974266629482122,0.0699070249499556,0.0003769489631618196,0.16114387883683437,0.0084775089660041,3.3177030433077097,0.0,1.675806539585863
1,39.80202064913115,0.0198623098873916,11.958126016993974,-0.2872176777474422,0.0001367746424976897,0.14692170033470306,0.0786536094985361,2.33101172645142,0.0,1.3228130822227822
1,39.58857571242958,0.02019238501786465,11.964353991149746,-0.2134449367015705,0.0003300751304730516,0.15167867513789404,0.3252924000162313,4.741339979374633,0.0,3.0212547897197792
1,39.64559790648356,0.0205168874395101,11.993682064937024,0.057022194053978126,0.00032450242164544854,0.16284425492898497,0.1484862667974594,4.699280598508686,0.0,2.6466128328492617
1,39.58126033455449,0.02075523954086375,12.008607574302705,-0.06433757192906597,0.00023835210135365187,0.14513939541970503,0.1263253121599868,1.6903368196944792,0.0,1.0978190341672132
1,39.78648277451813,0.02063927096942553,11.986829468895372,0.20522243996363443,-0.00011596857143822067,0.15065502503631736,0.4928957329693437,1.6129396322902103,0.0,1.7922612820837927
1,39.8201677730862,0.02044158702055118,11.987693790815959,0.03368499856807006,-0.0001976839488743512,0.15029538449932964,0.4066462486046229,4.006295476895994,0.0,2.816440235657243
1,39.77844553601681,0.0202528714229093,11.95686593776577,-0.04172223706938638,-0.00018871559764187945,0.1151627987980881,0.2268270879010136,1.682642181614407,0.0,1.2949752666092307
1,39.97397950335669,0.020088855553962733,11.98652570026716,0.19553396733987682,-0.00016401586894656747,0.12764128421630666,0.3524642708779389,3.5316088596827093,0.0,2.4707329715972324
1,40.041682097844536,0.02013684432842818,11.992654935603351,0.06770259448784799,4.7988774465448913e-05,0.12821609946618742,0.3195746521704624,4.544735683503643,0.0,2.9115171460927463
1,40.14116197547065,0.019892656396427462,12.013845357985401,0.09947987762611632,-0.00024418793200071953,0.10700660226076525,0.1249268940581719,2.1463120927621357,0.0,1.3230098344974117
1,40.44098263274945,0.01976222371333941,12.014383862637276,0.2998206572788007,-0.00013043268308805117,0.10698548358391478,0.4434637399535001,3.925364914054053,0.0,2.8496099369340264
1,40.62579457196223,0.019657888910073078,12.011832920592985,0.1848119392127785,-0.00010433480326633299,0.1051375307509244,0.4840485263227965,4.608630293142058,0.0,3.272412199216622
1,40.73294243844652,0.018761552651779412,11.980509272034386,0.10714786648428998,-0.0008963362582936653,0.0958730774692198,0.3498404326874225,2.2556609000490995,0.0,1.8275113153993947
1,40.75196672456535,0.01862722817232388,11.9838508290937,0.019024286118828115,-0.00013432447945553247,0.09375453897970014,0.2492772578983658,3.621871180995808,0.0,2.3094901062946356
1,40.683203596955686,0.01838643357531752,11.989950348737116,-0.06876312760966385,-0.00024079459700636005,0.08612216665727172,0.4527375230349345,3.406901487878075,0.0,2.6089257900089065
1,40.563865575490574,0.01824235915728161,11.995864041794066,-0.11933802146511141,-0.00014407441803590895,0.08395038316071615,0.1578380251471163,1.6023303246307203,0.0,1.1168412126095928
1,40.296471373709004,0.01801072141000946,11.991155735849286,-0.2673942017815705,-0.00023163774727215022,0.08777508467492544,0.2961126339854885,1.4569272506245232,0.0,1.3206888932832386
1,40.12443150460177,0.01847617175752892,11.982925227470524,-0.17203986910723046,0.0004654503475194603,0.07200446551818901,0.1065824502835629,2.386555554019034,0.0,1.406442677576643
1,40.14920752206509,0.018243833256591256,11.994015303034267,0.024776017463317146,-0.00023233850093766495,0.08717894467191749,0.0180612452381516,4.378340308394442,0.0,2.2252926446735244
1,40.03611495280737,0.01872882802248244,11.995287709282325,-0.1130925692577236,0.0004849947658911828,0.08742133282853769,0.0871452249398225,4.9819139594616,0.0,2.6652474296104454
1,39.864124314275685,0.01898046984245736,12.006142179362596,-0.17199063853168184,0.00025164181997492166,0.09616996897408715,0.2518397415730349,3.1410427338595297,0.0,2.074200850075835
1,39.87110171459496,0.01860948226970473,12.002029511802728,0.006977400319271965,-0.00037098757275262975,0.09401451096264782,0.2589472632188803,4.4130181366644905,0.0,2.724403594770006
1,39.59232494315878,0.018871228230736708,12.007044255482075,-0.27877677143617774,0.00026174596103197695,0.08705011075942702,0.0325903683678363,3.007550854498972,0.0,1.5689561639851588
1,39.37230636461163,0.01918793509421523,12.018773932322066,-0.22001857854714757,0.00031670686347852126,0.08562002300666885,0.490342446349559,1.5335984880550035,0.0,1.7474841367266198
1,39.47558869533479,0.0196719395146598,12.02500645353973,0.10328233072316095,0.0004840044204445712,0.07935587750211504,0.2689245738264261,1.077913106259746,0.0,1.0768057007827252
1,39.579735987896086,0.019711929552648742,12.029680765592238,0.10414729256129363,3.999003798894202e-05,0.07872488910394108,0.4830689509718655,4.615455149170433,0.0,3.2738654765289477
1,39.53201299969921,0.02012377230466978,12.020983026870947,-0.04772298819687393,0.00041184275202103826,0.09654828113590484,0.4033113096882681,2.374846873489177,0.0,1.9940460561211246
1,39.561892739150345,0.019731157639970458,12.005356403850126,0.029879739451132536,-0.0003926146646993228,0.09791339685211557,0.1888893900301437,3.7314203187777113,0.0,2.243488939449143
1,39.59052490787993,0.019912484028164732,11.98332257087406,0.028632168729586738,0.00018132638819427435,0.08805956977251182,0.3959751367333769,4.669033897612146,0.0,3.1264672222728267
1,39.67193254464044,0.02003260336885413,11.985346795720595,0.08140763676050966,0.0001201193406893987,0.08911996728870038,0.2579461380922016,3.459879443565597,0.0,2.2458319979672017
1,39.69297751493868,0.01960717971405266,11.967420098932134,0.021044970298241594,-0.00042542365480147115,0.07569069949095182,0.0756554993624826,1.855201965104993,0.0,1.0789119812774617
1,39.59851961916073,0.020016786030460813,11.970939885337911,-0.09445789577794983,0.000409606316408153,0.07955977947525258,0.4244178451273522,2.156544025385344,0.0,1.9271077029473762
1,39.81640795772652,0.02023479168032252,11.973376214092786,0.2178883385657855,0.0002180056498617064,0.078064868755507,0.4578793032802362,4.010663144376649,0.0,2.921090178748797
1,39.952126964271145,0.020313609687847862,11.955693289505609,0.1357190065446261,7.881800752534279e-05,0.07573092138130981,0.0355614132658942,4.763425101401745,0.0,2.4528353772326605
1,40.018239409320486,0.020039149793786078,11.967586030511294,0.06611244504934177,-0.00027445989406178414,0.08803761633822743,0.4095445167302922,3.092988386431181,0.0,2.3655832266761747
1,39.87931041397188,0.02024940958004242,11.982261997648303,-0.13892899534860703,0.00021025978625634212,0.11091617361571199,0.3681858828290948,2.94367341108189,0.0,2.2082084711991348
1,39.98980492570072,0.0202252787389532,12.002339821119808,0.11049451172883806,-2.4130841089219784e-05,0.0954125791664903,0.2925419455457767,2.817388079485639,0.0,1.993777930834373
1,39.866165804879394,0.01995921438644286,12.008109366539662,-0.12363912082132344,-0.00026606435251034025,0.09206256449590482,0.1890510896330828,3.17185764577446,0.0,1.9640310021533955
1,39.727900063887525,0.01981712626805813,11.999931402683973,-0.13826574099186928,-0.00014208811838473112,0.10352064621161718,0.2689084454676423,1.4456357635133197,0.0,1.2606347726919445
1,39.71221643248566,0.019507764159923953,11.989822523358177,-0.01568363140186335,-0.00030936210813417575,0.10451390414198934,0.0179587621314772,4.265905648730049,0.0,2.168870348627979
1,39.86995476960115,0.0198814428331245,12.00016584675425,0.15773833711548946,0.0003736786732005462,0.10440727611492538,0.282544413291608,1.179585961599864,0.0,1.154881807383148
1,40.038668528986925,0.01990908827767103,11.986008190496227,0.16871375938577415,2.7645444546531284e-05,0.10445256933534018,0.0341605629721393,2.002795323651294,0.0,1.0697187877699257
1,39.897361885453016,0.02044530105348525,11.986719105094659,-0.14130664353390898,0.0005362127758142196,0.10413452690224179,0.3521878690683478,4.926387302237741,0.0,3.167569389255566
1,39.903800826202556,0.020341566519328606,12.000818657765395,0.006438940749539768,-0.00010373453415664369,0.09824897038972946,0.1952843240485388,1.1138437267872114,0.0,0.9474905114906833
1,39.884085211844834,0.02056886461428142,11.985830670041182,-0.019715614357721734,0.00022729809495281375,0.09318607780470993,0.1670282497260807,2.6137518796883845,0.0,1.6409324392963538
1,40.05353717271522,0.02046717930708762,11.972807337213593,0.16945196087038283,-0.00010168530719379884,0.06732375996860558,0.4862075480377612,4.656538214955203,0.0,3.300684203553124
1,40.37382846822443,0.02022165351225908,11.99066493688584,0.32029129550921454,-0.0002455257948285397,0.09815137086696388,0.4601684886593709,1.4927475462114417,0.0,1.6667107504244627
1,40.58088894014331,0.02038754986715762,11.98357983626738,0.20706047191887933,0.00016589635489853982,0.1011112883980721,0.2040765885180246,4.558287684066321,0.0,2.68729701906921
1,40.470747236013985,0.02048252240052009,11.997949309230867,-0.110141704129326,9.49725333624675e-05,0.08773626587267976,0.4500227062135835,1.056585081776043,0.0,1.4283379533151885
1,40.51884745194541,0.02084571238440918,12.008717377735298,0.048100215931427215,0.0003631899838890916,0.08575582710469137,0.4089899799516477,3.9440779259616714,0.0,2.7900189228841312
1,40.33187183067564,0.02105191243807804,11.978510975090975,-0.18697562126977374,0.00020620005366886116,0.1182922854757738,0.2712556888364656,1.3500576899537435,0.0,1.217540222649803
1,40.199399518254225,0.02123139509653256,11.983176559804388,-0.1324723124214131,0.00017948265845451825,0.11672539382903925,0.1974992478907112,3.6219385927187897,0.0,2.205967792140817
1,40.291046754181565,0.02096608602373366,11.993462362473236,0.09164723592733992,-0.0002653090727989006,0.11780094949475683,0.4886920613733412,1.7703691340249734,0.0,1.8625686897591691
1,40.324977648405294,0.02100529883185724,11.990412856049778,0.033930894223729524,3.9212808123582216e-05,0.11725128945962088,0.4506734233491964,3.4719214375614222,0.0,2.637307565479104
1,40.26860471050849,0.02102933361937124,11.99620147949501,-0.05637293789680342,2.4034787513997624e-05,0.11632167779955903,0.2199535462478485,3.333698684981111,0.0,2.1067564349862526
1,40.09768946087964,0.02117888681341773,11.984267776929972,-0.1709152496288482,0.00014955319404649087,0.11543651463095123,0.1154222353176059,1.7943001328536994,0.0,1.1279945370620614
1,39.83623259056784,0.0213630678205366,11.975173742654068,-0.26145687031180387,0.00018418100711887,0.09900275215501773,0.2748561478146279,4.457902933913726,0.0,2.7786637625861186
1,39.824231849212865,0.021085656398208356,11.984489986150468,-0.01200074135497431,-0.00027741142232824353,0.09699432920608085,0.2475581590595433,3.004604877969232,0.0,1.9974187571037025
1,39.95736252717876,0.020721991315155,11.973994278526984,0.1331306779658945,-0.000363665083053355,0.10262706789704219,0.3039202534498122,2.568700888552149,0.0,1.892190951175699
1,39.852305279196884,0.02013679515007271,11.955471959622706,-0.10505724798187543,-0.0005851961650822912,0.10550056817678678,0.0062621183666717,1.2573874125370508,0.0,0.6412179430018687
1,39.87715187269506,0.02017910981751366,11.972223075230662,0.024846593498175196,4.231466744095136e-05,0.07779708559762062,0.0086541038790851,3.857020704453047,0.0,1.9458185599846936
1,40.05363563184236,0.01980269954173439,11.954019506049654,0.17648375914730252,-0.0003764102757792716,0.09752162533314727,0.3301857409444765,2.2408534325638416,0.0,1.7807981981708738
1,40.248291251959344,0.01962122161979588,11.946356744571618,0.19465562011698267,-0.00018147792193851098,0.09192335662585964,0.2926082103410395,3.1560369694582597,0.0,2.1632349054112088
1,40.33021905383555,0.01987850224696455,11.954111704251321,0.08192780187620485,0.0002572806271686698,0.09951178098390855,0.1564157113084217,4.912386585827349,0.0,2.769024715530518
1,40.34208195154424,0.019663425461473618,11.954140600991842,0.011862897708688536,-0.0002150767854909308,0.09952836028570489,0.4099127563309991,1.2952059119375186,0.0,1.4674284686307575
1,40.35166962956801,0.01933709133365609,11.964491060643798,0.009587678023770252,-0.00032633412781752844,0.1030189536554652,0.068932232944422,4.784946204077485,0.0,2.5303375679275866
1,40.32021199920183,0.019177167080363898,11.970635577515363,-0.03145763036617666,-0.00015992425329219156,0.1138358880479688,0.2935413093587087,2.6051866325283024,0.0,1.8896759349815686
1,40.26149118982496,0.01923776131647466,11.96097006326033,-0.058720809376872296,6.0594236110763505e-05,0.11446918131527327,0.2176556217654749,4.513452437545704,0.0,2.6920374623038015
1,40.44940046045404,0.01979255917871279,11.966146587567962,0.1879092706290777,0.0005547978622381274,0.11145896671474242,0.1570507697555082,1.9786210737050127,0.0,1.3034120763635229
1,40.5703130527994,0.020049098890369033,11.976573135764395,0.12091259234536267,0.0002565397116562444,0.10485706310153486,0.4962147998251258,1.363298565228209,0.0,1.674078882264356
1,40.79768531385455,0.019907880707559607,11.991375999666037,0.22737226105515163,-0.00014121818280942583,0.10504958582406222,0.0093290816995483,4.207704074742658,0.0,2.1225102007704257
1,40.737565971988644,0.01984881431626024,12.014682231061173,-0.060119341865906506,-5.906639129936789e-05,0.07656683970866629,0.0218588607000209,2.474110701561775,0.0,1.2807730721809292
1,40.47460108175363,0.01983687265886591,12.015699778897963,-0.26296489023501124,-1.1941657394327898e-05,0.07603418682162708,0.0084765894618846,4.235388438658673,0.0,2.134647398253106
1,40.57589486393648,0.019569869609047368,12.00284058627543,0.10129378218285012,-0.0002670030498185434,0.07608326672589172,0.4982579685967677,2.002831979926816,0.0,1.9979319271569436
1,40.61671406517024,0.01934731746474045,12.003488543443996,0.04081920123375937,-0.00022255214430691797,0.07613751501102968,0.3377618142654146,4.300160113847956,0.0,2.8256036854548072
1,40.65676150121674,0.019760726971807467,11.987381385641601,0.04004743604649974,0.00041340950706701685,0.08378419491756105,0.1988199197559969,3.976002249698772,0.0,2.3856409643613796
1,40.61479044945239,0.01987435369517095,11.972886298826705,-0.041971051764349454,0.00011362672336348231,0.056886161588723096,0.2503532586308306,1.790918190021328,0.0,1.3961656122723252
1,40.703115425600146,0.01974560093022902,11.993873424172945,0.08832497614775292,-0.00012875276494192858,0.06886526520393205,0.309338279108946,4.653524211714043,0.0,2.9454386640749135
1,40.64508689399529,0.01924573062559905,12.015983882635968,-0.05802853160485455,-0.00049987030462997,0.08067519848225466,0.0094110856606137,4.115640850770642,0.0,2.0766425967065487
1,40.659002771162214,0.0192343116464247,12.013008088510635,0.013915877166922996,-1.1418979174351862e-05,0.0833964856389977,0.1167555803831811,1.3613584210565692,0.0,0.9141903712946469
1,40.37936929970173,0.018945421324093943,12.006579043972556,-0.27963347146048534,-0.0002888903223307558,0.08190310458568678,0.1731275078305518,1.0974446659188677,0.0,0.8949773486205375
1,40.19166531428977,0.0194088356124301,12.001254393945135,-0.18770398541195732,0.00046341428833615583,0.0826838166569197,0.3925225985765916,1.5338091919838397,0.0,1.551949793145103
1,40.18591263521798,0.01913433769266583,12.001455069624173,-0.005752679071790112,-0.00027449791976427024,0.08264060609878808,0.0393913987100794,1.8113065615574448,0.0,0.9844360781988812
1,39.90565983990565,0.01986095232717961,12.001391662365005,-0.28025279531232883,0.0007266146345137822,0.0826892086677548,0.4013951101346401,4.430324328995839,0.0,3.0179523847671996
1,39.96930575599298,0.020522170807290553,11.988050872806765,0.0636459160873244,0.0006612184801109422,0.09109690784810288,0.2415475628044119,2.6795056297112176,0.0,1.8228479404644327
1,39.924656941276666,0.020029219651189943,11.999443916967,-0.04464881471631088,-0.00049295115610061,0.08294362701974707,0.2571175401192047,2.326874379768209,0.0,1.677672270122514
1,40.11290343500774,0.020002754779912656,12.017885490240195,0.1882464937310715,-2.6464871277286778e-05,0.10645661035396137,0.1072071079191725,2.3918374867671552,0.0,1.4103329592219227
1,40.1428415051886,0.020571938841600516,11.988873965282423,0.029938070180861587,0.00056918406168786,0.11457187464905211,0.3218184683450905,4.326895079736751,0.0,2.8070844765585563
1,40.07696839959449,0.02080229290766141,11.985322653137626,-0.06587310559410753,0.00023035406606089492,0.10940756652271018,0.435271903025622,3.64054490244794,0.0,2.6908162572752143
1,40.02134907955484,0.02062914354094112,11.990029080567696,-0.05561932003965353,-0.00017314936672029047,0.10786506295619179,0.0659542103887919,3.4775782758335194,0.0,1.8706975586943435
1,40.327023715245886,0.02081296964750705,11.996217270106753,0.305674635691048,0.00018382610656592774,0.10993253291866222,0.0686016507894795,3.269403386989451,0.0,1.7719049950736845
1,40.508384998144756,0.02099379323023696,12.00441196028133,0.18136128289886955,0.00018082358272991303,0.11051844076302514,0.2230101091736492,3.1186016804467886,0.0,2.0053210585706926
1,40.478683193301094,0.02131243120483599,12.014603554430293,-0.02970180484366125,0.00031863797459903004,0.1133300059566286,0.1601896117438114,2.3357269319657896,0.0,1.4882426894705176
1,40.61030303858949,0.02040118340298807,12.025446103367567,0.1316198452883981,-0.0009112478018479218,0.11099566858983123,0.4630317349420484,4.140108492928183,0.0,2.9961177163481887
1,40.36247654920204,0.01989372126923885,12.036121444098898,-0.24782648938744956,-0.0005074621337492202,0.09989572861127674,0.3400248814863245,1.0335407577688227,0.0,1.1968201418570603
1,40.3525385012847,0.02037930610638965,12.039484041425485,-0.009938047917344761,0.0004855848371508008,0.09890625872499134,0.4233395255677072,3.1607650401958765,0.0,2.4270615712333528
1,40.33177749761273,0.02045027977185717,12.037551375911827,-0.020761003671971423,7.097366546751985e-05,0.09533854363359578,0.3972657484011249,3.4385260743171773,0.0,2.5137945339608385
1,40.21023203626654,0.02034118196639232,12.052969274826001,-0.12154546134618727,-0.00010909780546485004,0.06612528884818752,0.2353457683861811,3.4037709719808653,0.0,2.1725770227627947
1,40.09598420510418,0.02038613389726416,12.058096719044519,-0.11424783116235915,4.495193087183935e-05,0.07316175973175937,0.4134676077928636,2.7999323497197133,0.0,2.226901390445584
1,40.00702874710903,0.02028414899463338,12.072138696427443,-0.08895545799514792,-0.00010198490263077856,0.06972340983124352,0.24365235326217,1.8635497295542252,0.0,1.4190795713014526
1,39.690195617400505,0.0201618069687357,12.060400074674252,-0.3168331297085274,-0.0001223420258976808,0.08148127601789473,0.4427577653986326,2.5036121233442934,0.0,2.137321592469412
1,39.53148955352517,0.019771587741869993,12.052065039255792,-0.1587060638753357,-0.00039021922686570745,0.0869284119660376,0.0853556271123908,4.91980907160348,0.0,2.6306157900265217
1,39.5955042498981,0.019947317224934268,12.04015405227731,0.06401469637292934,0.00017572948306427555,0.08953974306132029,0.2262188929486324,2.83095190716528,0.0,1.8679137394799048
1,39.656508318509,0.02016596943975646,12.044595785102166,0.0610040686108988,0.00021865221482219102,0.09130476180691337,0.3490876010654547,4.144455694385165,0.0,2.770403049323492
1,39.60246311334587,0.020215930961579198,12.032683967859327,-0.05404520516312772,4.996152182273894e-05,0.10639635217816566,0.0492329699324659,4.343873709317563,0.0,2.2704027945237133
1,39.51318682642696,0.02003406734173273,12.034053197664504,-0.08927628691890988,-0.00018186361984646668,0.10642164055266344,0.2703799441370332,2.119381634947707,0.0,1.60045070574792
1,39.49720301595336,0.02028697131925464,12.009981470707169,-0.015983810473599647,0.0002529039775219094,0.09362995432168479,0.1026082981127135,4.481222084168909,0.0,2.4458276383098814
1,39.48147090614006,0.020073794219974562,11.997025030865007,-0.015732109813299644,-0.0002131770992800791,0.10570609420201707,0.2743476957599725,1.137287242440744,0.0,1.117339012740317
1,39.36681702006067,0.02019728242758685,11.989381156821299,-0.1146538860793882,0.00012348820761228646,0.09416819839630675,0.1003172353243448,3.2148918186511137,0.0,1.8080803799742464
1,39.477227406805646,0.020083386667308443,11.977950391151726,0.11041038674497372,-0.00011389576027840548,0.08286685737423037,0.1051692883592923,3.757922318421035,0.0,2.089299735929102
1,39.818883157844425,0.01984363058819683,11.980665879008543,0.341655751038779,-0.00023975607911161378,0.08190337071143743,0.2876263881069312,4.092591566200376,0.0,2.6215485593140504
1,39.92011085205339,0.019950398727602868,11.989674944399896,0.1012276942089656,0.00010676813940603894,0.08489271806107984,0.1250451526284984,3.200891086136987,0.0,1.8505358483254901
1,39.929598304882084,0.01973972960544948,11.98257376027346,0.009487452828693677,-0.00021066912215338823,0.08963824621007557,0.3777979990388296,3.025908982851426,0.0,2.2685504895033723
1,39.99143102822967,0.01975690361344547,11.972429344838094,0.06183272334758527,1.717400799599103e-05,0.08053784583502978,0.378476299584396,1.6314236542541312,0.0,1.5726644262958576
1,40.2004312669991,0.0199660175277962,11.972926837343561,0.20900023876942697,0.0002091139143507309,0.07982207152809905,0.359574925697652,2.006575723206399,0.0,1.7224377129985036
1,40.29252901351848,0.01988636621738473,11.962838137610026,0.09209774651938574,-7.965131041147086e-05,0.07642759926944256,0.4726196904674564,3.776979019028216,0.0,2.833728890449021
1,40.19012973147276,0.01945836013349413,11.972358666073074,-0.1023992820457238,-0.00042800608389060094,0.08040725193502511,0.05201266157518,3.8364627735287486,0.0,2.022256709914734
1,40.04346047264808,0.01949603115153948,11.990181941569274,-0.14666925882468007,3.7671018045349475e-05,0.07069859591842759,0.1464073417863981,1.2097497014868113,0.0,0.8976895343162019
1,40.26703109456646,0.01945689792314213,11.98770752134637,0.22357062191838395,-3.913322839734987e-05,0.06713077061509733,0.0164269414141182,1.9885384181494972,0.0,1.027123091902985
1,40.29479500996821,0.019820722727311717,11.979250641878263,0.027763915401749273,0.00036382480416958726,0.06993974846388379,0.3823260926753365,1.5541939149834207,0.0,1.5417491428423835
1,40.264320696102686,0.020000616003553053,11.986811006944816,-0.03047431386552546,0.00017989327624133578,0.07245854339615136,0.4415378983573313,3.076483933465163,0.0,2.4213177634472443
1,40.211413050490776,0.01940400028780765,11.978869269146333,-0.05290764561190997,-0.0005966157157454022,0.0683768445173307,0.0655375456072517,3.986628099829879,0.0,2.124389141129443
1,40.112688120138614,0.019186302988211203,11.996812372672952,-0.09872493035216223,-0.00021769729959644768,0.06837908833364871,0.4070688547975179,2.7449833991575177,0.0,2.186629409173795
1,40.028024114918566,0.01901075434119463,12.001017345630881,-0.08466400522004847,-0.00017554864701657333,0.06957042873110254,0.058107216619384,4.270587827802701,0.0,2.2515083471401183
1,40.016612626484445,0.018891728706020468,12.016649853242749,-0.011411488434120542,-0.00011902563517416156,0.05271623263355542,0.47811642446226,3.998109000396171,0.0,2.9552873491226057
1,39.92326064351798,0.01890801212501441,12.025287381975218,-0.09335198296646752,1.628341899394259e-05,0.045550635176452595,0.1874074735925021,4.153767726052465,0.0,2.4516988102112363
1,39.95521571582826,0.01895838782134951,12.02899868859708,0.03195507231028216,5.037569633509903e-05,0.048710565499813396,0.3710075169843228,1.0409672809588502,0.0,1.2624986744480706
1,39.97402218500572,0.01880067128069645,12.021268133441836,0.01880646917746276,-0.00015771654065305923,0.05381107323441615,0.3212752317113321,3.8890080121464985,0.0,2.5870544694959134
1,39.805040295397795,0.01858359603509489,12.025587240711374,-0.16898188960792737,-0.00021707524560156052,0.05925827546463038,0.2120249241690533,2.357615217317151,0.0,1.602857456996682
1,39.72581117516563,0.0188153828286814,12.040440437884945,-0.07922912023216355,0.0002317867935865102,0.04749654575960326,0.339577632930562,2.226885273291195,0.0,1.7925979025067214
1,39.44314979650956,0.018784404839823028,12.043200275533462,-0.28266137865607277,-3.097798885837166e-05,0.04840211387035685,0.3027547425569268,1.1028181635895922,0.0,1.1569185669086497
1,39.45279073632923,0.019310289019636016,12.048578138031244,0.009640939819668404,0.0005258841798129882,0.04272402110267291,0.1186465173048938,2.150888586874768,0.0,1.3127373280471717
1,39.65350854560125,0.01980349717659527,12.047097343521433,0.20071780927202099,0.0004932081569592531,0.04185554842718657,0.1723434069665317,4.230728653814245,0.0,2.4600511408401857
1,39.46227226692521,0.01968071796937712,12.04052175838932,-0.19123627867603687,-0.00012277920721814883,0.04820904394109516,0.0549072840095005,1.0123627217367668,0.0,0.6159959288873844
1,39.431106457567445,0.0197032612990502,12.037079910416486,-0.03116580935776625,2.254332967308037e-05,0.0504073254796201,0.1092162488406606,4.893151115868933,0.0,2.6650080556157874
1,39.62805453736165,0.01980989268654018,12.02376687246595,0.19694807979420403,0.00010663138748998047,0.06780501924247394,0.29529889739164,1.104646714834557,0.0,1.1429211522005585
1,39.648245147765515,0.01994871219868798,12.005260188665213,0.020190610403865605,0.00013881951214779822,0.07506795225064275,0.1267772179732662,3.713834657037211,0.0,2.110471764465138
1,39.78829134857638,0.02011449782240535,11.992228376061773,0.14004620081086472,0.00016578562371737104,0.09358861295577453,0.0479012719449113,3.5759472498425438,0.0,1.8837761688110946
1,39.8027368317496,0.01999006466411308,11.999365883332853,0.014445483173219031,-0.00012443315829227183,0.10546788291912781,0.0943872217806724,1.1876300988744442,0.0,0.7825894929985668
1,39.819746613429416,0.01949339474957395,12.003976263465365,0.017009781679817593,-0.0004966699145391301,0.10978114350442203,0.2629798566015165,3.7530511615689375,0.0,2.402485293987502
1,39.87838910832073,0.019695534160930638,11.990204013859318,0.05864249489131623,0.00020213941135668878,0.1092462324491727,0.1905938743056334,3.862027329919337,0.0,2.3122014135709352
1,39.9204600817235,0.019714703734066398,11.993895415031622,0.04207097340276533,1.916957313576051e-05,0.11132479232036531,0.3604180157161704,3.839167315167344,0.0,2.6404196890160128
1,39.77208206464551,0.019205900133467752,11.98694586213601,-0.14837801707798803,-0.0005088036005986458,0.10868636437663595,0.2426414643012455,4.417032281007983,0.0,2.6937990691064826
1,39.98002666209077,0.01957951599173843,11.994426762414154,0.2079445974452625,0.0003736158582706775,0.11009133134321272,0.1897155180599447,4.974302535988317,0.0,2.866582304114048
1,39.837285488631885,0.019679024872764538,11.990310580149758,-0.14274117345888726,9.950888102610786e-05,0.11090677150918432,0.375126894444352,3.526620558803636,0.0,2.5135640682905223
1,39.68703471394285,0.019680784445054562,12.008947045088547,-0.15025077468903447,1.75957229002488e-06,0.10862314175724704,0.4598411007214786,1.711416504222823,0.0,1.7753904535543688
1,39.72164670896949,0.01971677885841586,12.022457161201672,0.03461199502663703,3.599441336129758e-05,0.10127062205047203,0.0090520924196479,1.1897060899784706,0.0,0.6129572298285311
1,39.66420766544648,0.01987444703495427,12.026629820344002,-0.05743904352300433,0.0001576681765384086,0.09276649049664039,0.428017948272252,3.593475292671014,0.0,2.652773542880011
1,39.73505874389377,0.02016808880991962,12.01242156846784,0.07085107844728356,0.00029364177496535304,0.07592039425302148,0.1599198149642162,4.550289631597666,0.0,2.5949844457272655
1,39.7069658632393,0.02078948934267654,11.993524177724979,-0.028092880654469354,0.0006214005327569196,0.07080204743661218,0.4289612016825456,2.5034977309799697,0.0,2.109671268855076
1,39.924388636177575,0.020883589794279372,12.003168528376737,0.21742277293827783,9.410045160283126e-05,0.068012555610855,0.1306263000857685,1.8202730866628036,0.0,1.1713891435029389
1,39.712953125855776,0.020716043767741964,11.988303413501153,-0.21143551032179886,-0.00016754602653740874,0.06889686403547618,0.0861162482194879,1.5885041883097806,0.0,0.9664845905938662
1,39.839258618998635,0.021134115105372688,11.987619135382285,0.12630549314285844,0.0004180713376307245,0.06887613746912033,0.2620542288353774,4.254214337658191,0.0,2.6512156264998503
1,39.91480762252204,0.02127579106833876,11.987511175680064,0.0755490035234061,0.0001416759629660723,0.0687742207219553,0.4911363857432033,2.7065224794124987,0.0,2.3355340111926557
1,39.75286565759516,0.02115008219757182,11.978769573034626,-0.16194196492688206,-0.00012570887076693987,0.07862700368517633,0.3156997401147863,3.4759523467118405,0.0,2.369375653585493
1,40.06493294472678,0.02159853888081093,11.965783556339186,0.3120672871316188,0.000448456683239111,0.07019193959629529,0.4762012109927406,1.0128183309772585,0.0,1.4588115874741105
1,40.0187670008096,0.02132212051800804,11.960758655874368,-0.04616594391717399,-0.0002764183628028924,0.06664594320128113,0.3792083048633563,2.76065633114588,0.0,2.138744775299653
1,40.02184251018217,0.02140824254257532,11.955747928501042,0.003075509372564511,8.612202456727974e-05,0.07570826914138418,0.132228853656267,3.395895727185883,0.0,1.9624055709054755
1,39.91165106625279,0.02122558799122396,11.959787893568203,-0.11019144392938074,-0.00018265455135135777,0.08147243249747077,0.2301588060765172,4.673446488383145,0.0,2.7970408563446068
1,39.990936579281126,0.02075912741478169,11.974319123013286,0.07928551302833853,-0.0004664605764422708,0.08757948454529835,0.0872166786889052,1.5730960152953637,0.0,0.9609813650254923
1,39.73113864297822,0.02045293733758678,11.960692965762963,-0.2597979363029026,-0.0003061900771949115,0.08880459239133735,0.4793328551102694,1.8510855993135469,0.0,1.8842085098773123
1,39.85883926827291,0.0205269869825124,11.963034192868765,0.12770062529468618,7.40496449256195e-05,0.08785001011228807,0.16514816196609,4.504673148152149,0.0,2.5826328980082542
1,39.80199675210918,0.020267429963817092,11.96349947443088,-0.056842516163726486,-0.00025955701869530626,0.08799981145443964,0.4925486620688137,1.3785822290889866,0.0,1.6743884386821208
1,39.74219334663236,0.019919364645239482,11.97066342572856,-0.059803405476820615,-0.0003480653185776103,0.09778875951463215,0.4011722387740488,2.9894086445760677,0.0,2.2970487998361313
1,40.118067941821586,0.02002205680971785,11.969993469643628,0.3758745951892237,0.00010269216447836987,0.09861506777369848,0.0311976990020622,1.4490493130892692,0.0,0.786920054548759
1,40.00308865278284,0.01915466159962926,11.96039698107358,-0.1149792890387431,-0.0008673952100885923,0.10513890917809665,0.1826431141876798,4.6685886908531,0.0,2.6995805738019096
1,39.918598353246715,0.019306899550196523,11.961560045971796,-0.08449029953612808,0.0001522379505672633,0.1054633587861747,0.4107250473379135,1.2723956127197558,0.0,1.4576479010357049
1,39.94034426776044,0.019195539439104382,11.969204059387055,0.021745914513722653,-0.00011136011109214028,0.09621358975643785,0.11129595288498,2.1711872049749834,0.0,1.3081855082574516
1,40.06874225891612,0.01918847651423129,11.961675219807772,0.12839799115567985,-7.062924873093429e-06,0.08938022708758386,0.1304819002270446,4.802661671004679,0.0,2.6622946359564286
1,39.98772827009567,0.019015789980186132,11.958879441566271,-0.08101398882044464,-0.00017268653404515708,0.08592752724034715,0.0590897364083441,1.019700912221056,0.0,0.6280299289272162
1,40.17306911080365,0.01905291172982478,11.963792293728511,0.18534084070797974,3.712174963864737e-05,0.08305032845461395,0.4759734878285942,1.1335955590411348,0.0,1.5187447551777558
1,40.22576422718937,0.01858446174919835,11.960531248715226,0.05269511638572055,-0.00046844998062643,0.08466244448870319,0.2474264849709625,1.4612288828359823,0.0,1.2254674113599162
1,40.284229468421685,0.01849069992916077,11.962321582196065,0.05846524123231234,-9.376182003758074e-05,0.08556450087384262,0.2681104306722856,2.165486392586605,0.0,1.6189640576378737
1,40.18401853550916,0.01887368507044761,11.94518882332365,-0.1002109329125247,0.0003829851412868422,0.06604706494138467,0.2975322655882318,4.3514142586876,0.0,2.7707716605202637
1,40.20896975515329,0.01865227943207681,11.965665655532167,0.024951219644130163,-0.00022140563837080157,0.06772327442692656,0.1222568892067814,1.2859996136477765,0.0,0.887513585237451
1,40.12284142894474,0.01880654628450967,11.977608323723299,-0.08612832620855215,0.00015426685243286054,0.05543078261390802,0.4529498281275215,3.561103398954808,0.0,2.686451355732447
1,40.121591437071984,0.018693060612984917,11.971656959202086,-0.001249991872754208,-0.00011348567152475245,0.05674629453339258,0.1966509593332683,2.086520523950071,0.0,1.436562180641572
1,40.27740384534734,0.01848317846124454,11.98034824309023,0.15581240827535225,-0.00020988215174037872,0.049713880817874416,0.2333468365655762,1.60505890537542,0.0,1.2692231258188624
1,40.26201865405723,0.01865815022171847,11.973619434408052,-0.015385191290107514,0.00017497176047392982,0.05076013033016622,0.4763625136350158,1.1299735546948386,0.0,1.517711804617451
1,40.3647414775164,0.018931093808907028,11.97305822735412,0.1027228234591675,0.0002729435871885594,0.04992306049679402,0.2909709601771014,3.182956562775311,0.0,2.1734202017418585
1,40.29687995842251,0.01894078907920869,11.986155293453134,-0.06786151909388849,9.695270301663533e-06,0.057317512606020984,0.4829121566364121,4.657394237520661,0.0,3.2945214320331546
1,40.316521311013176,0.0194890419708721,11.998465651432763,0.019641352590667793,0.0005482528916634088,0.05174621645156813,0.016457327543824,1.4587584738459063,0.0,0.7622938920106012
1,40.17416542110216,0.01954222270910573,12.009603779494173,-0.14235588991101622,5.318073823363037e-05,0.06464011472021385,0.4130539439332059,1.4522602537014286,0.0,1.5522380147171262
1,40.35573581756046,0.0192893414926085,12.030919072160989,0.18157039645829798,-0.0002528812164972298,0.07549934887215753,0.1313987008134113,1.953896666397346,0.0,1.2397457348254957
1,40.09024562132594,0.01959748293152239,12.00784493268216,-0.2654901962345164,0.00030814143891388923,0.0969160205306281,0.4328630827510398,4.754430790876204,0.0,3.2429415609401815
1,40.056009157554264,0.019310371160193428,12.006632000914085,-0.034236463771676995,-0.0002871117713289621,0.0974567778486072,0.3673083102623288,3.5405169532058944,0.0,2.504875097127605
1,40.24933964979265,0.0194506329371651,12.008015670447145,0.19333049223838827,0.00014026177697167366,0.0963990156498858,0.410907191210033,3.9416848411116665,0.0,2.792656802975899
1,40.149203562097334,0.01948739435372409,11.999315377013861,-0.10013608769531857,3.676141655898843e-05,0.10284903400810999,0.433600311900053,1.5993783827068668,0.0,1.6668898151535394
1,40.24698139887466,0.01934276689794727,12.027882744997314,0.09777783677732543,-0.0001446274557768204,0.12140459148221329,0.4654981719011884,1.40033240930988,0.0,1.6311625484573167
1,40.09098635863098,0.019254084167781897,12.021310122028629,-0.15599504024368116,-8.868273016537226e-05,0.12256293576023922,0.4368762050518348,3.362928863544959,0.0,2.555216841876149
1,40.20762775325314,0.01937468948914941,12.02024071662456,0.11664139462216383,0.00012060532136751179,0.12211405990251345,0.0127584102307752,1.1619313731366887,0.0,0.6064825070298947
1,40.22325852933853,0.01929451776178643,12.019391213360642,0.015630776085387765,-8.017172736297928e-05,0.12205539939538475,0.2467590739749958,2.1281875429656147,0.0,1.5576119194327989
1,40.28429531084416,0.01969812325779522,12.009446158239196,0.06103678150562786,0.0004036054960087909,0.11685565900354958,0.4985400489534018,4.364721789814548,0.0,3.1794409928140777
1,40.022896124436635,0.019773987006737832,11.999491607094301,-0.26139918640752313,7.586374894261172e-05,0.10648296098784513,0.1760175444033686,2.9657106925924928,0.0,1.8348904351029836
1,40.076334633728244,0.019690538607901133,12.025556743050013,0.05343850929160965,-8.344839883669963e-05,0.09181971639816328,0.477334163440885,4.560104693531711,0.0,3.2347206736476255
1,40.00262552734175,0.02026184628531914,12.01312182082537,-0.0737091063864952,0.0005713076774180072,0.10829810044591391,0.431079750998312,1.1287009873236875,0.0,1.4265099956584677
1,39.94897249226722,0.0201212618278117,12.015141725775838,-0.05365303507453234,-0.0001405844575074408,0.10712127348727842,0.3187379880848066,1.0153313319522992,0.0,1.1451416421457628
1,39.94716614642378,0.01988668039602943,12.027811186406199,-0.0018063458434340873,-0.00023458143178227073,0.09828939011682304,0.1407934367703781,1.1331668564413468,0.0,0.8481703017614296
1,39.95097697631188,0.01983676092816041,11.969094667616648,0.003810829888095668,-4.99194678690168e-05,0.13711780642433194,0.3701367612011958,3.23313510399911,0.0,2.3568410744019466
1,40.07993579697723,0.01984478172977173,11.964359500430556,0.12895882066535336,8.020801611319933e-06,0.1378074316023986,0.1490044248800138,1.3804274081085453,0.0,0.9882225538143002
1,39.82611585786656,0.019718953825091277,11.977789762572613,-0.25381993911067013,-0.00012582790468045404,0.15394177099951112,0.3358542488766781,2.563464038152887,0.0,1.9534405168297995
1,39.781242261723925,0.01985815886953353,11.989490521064402,-0.04487359614263653,0.00013920504444225185,0.1620084481034027,0.0196415913078806,3.695711355503224,0.0,1.887138860367373
1,39.92420681416892,0.01961441502406222,11.970106330647008,0.14296455244499384,-0.00024374384547130867,0.16926609497660702,0.0131283427294266,1.1644027438395863,0.0,0.6084580573786463
1,40.094278629007604,0.019842334950241368,11.96513525731471,0.1700718148386855,0.0002279199261791473,0.1670673273262068,0.0598732752963441,2.2287670985921384,0.0,1.2341300998887574
1,40.29500564807203,0.02019022525328168,11.965614374199953,0.20072701906442347,0.0003478903030403116,0.16748000417384573,0.4903771377732802,4.661569703606142,0.0,3.3115391273496315
1,40.39094191656665,0.02000054076615495,12.003981298892729,0.09593626849462566,-0.0001896844871267303,0.17853518447113365,0.4979593081658194,2.9081271419269408,0.0,2.449982187295109
1,40.27381392216567,0.01980957577392204,11.988263733571495,-0.1171279944009811,-0.00019096499223290875,0.1887077048576922,0.0749404728641329,2.954484804640273,0.0,1.6271233480484022
1,40.20202888538093,0.02018669525396637,11.987153792875251,-0.07178503678473902,0.00037711948004432935,0.1885303246276567,0.3897952666782908,4.909448060251116,0.0,3.2343145634821395
1,40.03639658438365,0.0204719950936991,12.013786103207858,-0.16563230099728088,0.00028529983973273054,0.14759483049979938,0.3393381207622721,4.687104012231181,0.0,3.0222282476401348
1,39.94505875595682,0.020439970165790588,12.007073981805542,-0.09133782842683047,-3.202492790851247e-05,0.15348804768071353,0.2121378802404253,1.084761125237431,0.0,0.9666563230995661
1,40.21694116609438,0.019872661513717062,11.995447827664895,0.27188241013755743,-0.0005673086520735261,0.14152935650271212,0.3502391387226118,1.987177958085073,0.0,1.6940672564877601
1,40.20647297852961,0.019911502015087103,11.991461975052252,-0.010468187564768527,3.8840501370041025e-05,0.13750497800752914,0.3685651795598412,2.046731689070173,0.0,1.7604962036547689
1,40.09503423052227,0.02018443327813461,12.021551010000561,-0.11143874800733755,0.00027293126304750795,0.13026374749610659,0.2356647441503436,1.93043165856225,0.0,1.4365453175818121
1,40.105071400517,0.020059630881946518,12.029095118708806,0.010037169994724593,-0.000124802396188093,0.13167862160904578,0.0624237918335711,1.5586319892484202,0.0,0.9041635782913523
1,40.18383251813093,0.019568900772233992,12.014560184310326,0.07876111761392934,-0.0004907301097125255,0.1313178116203962,0.0036006708925452,4.654760001865162,0.0,2.334581342717671
1,40.17929067124716,0.01948005266165611,11.997808010040183,-0.00454184688376813,-8.884811057788267e-05,0.11111715411141236,0.4409321053177797,3.9068263001102728,0.0,2.8352773606906956
1,40.25256706922315,0.01948824689260404,12.015321692180011,0.07327639797598806,8.194230947930481e-06,0.09015232011999855,0.1335247335534208,1.6580868744051505,0.0,1.0960929043094167
1,40.29211893379717,0.0191038951448057,12.013808717575566,0.03955186457402249,-0.00038435174779833867,0.09039147024964189,0.1797192512571866,2.304528800641456,0.0,1.5117029028351012
1,40.32749182381967,0.018993473859432442,12.04460647493721,0.03537289002250077,-0.00011042128537325918,0.09972329962697032,0.4001216216985112,3.5366863000810063,0.0,2.5685863934375255
1,40.35743698322341,0.019036687359048583,12.05789717265279,0.029945159403737875,4.3213499616140405e-05,0.07872208311398245,0.4183258395762383,3.208075965503772,0.0,2.4406896619043628
1,40.28378006937787,0.01955909098388351,12.058740831045302,-0.0736569138455394,0.000522403624834928,0.07902614774129414,0.4385602969353395,3.750745571740565,0.0,2.7524933797409616
1,40.303888996173804,0.01904509085343591,12.053333412793945,0.02010892679593468,-0.0005140001304476012,0.07770509251733228,0.1491314829214205,1.8383010117989935,0.0,1.2174134717423377
1,40.17213412493496,0.018971434602101503,12.02882878396873,-0.1317548712388401,-7.365625133440648e-05,0.08932779266665271,0.0118172597502929,2.37111250936178,0.0,1.2091907741814758
1,40.213957126090115,0.01885422089974052,12.00863290290707,0.041823001155151474,-0.0001172137023609833,0.09762420773421357,0.4084439970554605,3.3292385404542437,0.0,2.4815072643380427
1,39.95532545370909,0.01886511930094812,12.00780439479481,-0.25863167238102847,1.0898401207600633e-05,0.0981908930275768,0.3768380862559403,4.8393778980174815,0.0,3.1733651215206216
1,40.16004507728259,0.01862982000258323,11.988333805952479,0.20471962357350293,-0.00023529929836488966,0.10693320625225694,0.3033944663542079,4.021398241962746,0.0,2.617488053689789
1,40.180428674968084,0.019043429225796892,11.993393508173508,0.020383597685494692,0.00041360922321366164,0.10798734049015678,0.4304414582853745,4.436678759980524,0.0,3.079222296561011
1,40.180900060674496,0.01957388653729581,11.984664261795237,0.00047138570641180877,0.0005304573114989185,0.11139312198742314,0.279210715310718,4.669147292014303,0.0,2.8929950766285875
1,40.128718162165356,0.01937445469802862,11.957639607361477,-0.05218189850914001,-0.00019943183926719038,0.07894412838245346,0.0730137482217224,2.009401654739117,0.0,1.1507283238130033
1,40.148039740023684,0.01972908943370732,11.9493524606884,0.019321577858328,0.000354634735678698,0.07942237822106983,0.2140064116604287,4.015254754802534,0.0,2.4356402007221245
1,40.05406351513231,0.01976810387052553,11.951340336586986,-0.09397622489137092,3.9014436818210485e-05,0.0834292772608332,0.4640003463118796,3.0447196441705278,0.0,2.450360514709023
1,40.0297201722975,0.02042282878148019,11.958080139410594,-0.02434334283481121,0.0006547249109546613,0.09399945270536364,0.4966497981625394,3.0165453632235293,0.0,2.5015722779368437
1,40.116707838633644,0.01984448492872959,11.98224210712805,0.08698766633614241,-0.0005783438527506013,0.10313875616887175,0.1575876728572638,1.007560599065413,0.0,0.8189556452472342
1,40.02732945688957,0.01970145141656594,11.998791489976806,-0.08937838174407631,-0.00014303351216364904,0.09865954671001964,0.301862896104475,2.7533733734294,0.0,1.98041247892365
1,40.125800785213215,0.019974729270443293,12.008785710331974,0.09847132832364736,0.0002732778538773531,0.09752615621292901,0.1520768022765559,3.683990290841228,0.0,2.146148749973726
1,39.91678472250335,0.02019781152299521,12.033358045334282,-0.20901606270986406,0.00022308225255191633,0.08593634019151088,0.2753314602170247,4.68931752712264,0.0,2.8953216839953693
1,39.82368671031732,0.02004593321675486,12.019842684872627,-0.09309801218603297,-0.00015187830624035017,0.09551439018658797,0.3607410032817568,3.502613482236767,0.0,2.4727887476818973
1,39.84492733163301,0.01927699142697355,12.04071442141907,0.021240621315691044,-0.0007689417897813085,0.0907702650418639,0.2445449831213888,3.264163640836133,0.0,2.121171786660844
1,39.86094609702626,0.01943521462087894,12.050307385485286,0.016018765393248202,0.00015822319390539075,0.08359695460967997,0.2512628544777722,3.494299721095849,0.0,2.249675569503469
1,39.79851827767525,0.01890852628937069,12.051048501211266,-0.06242781935100794,-0.0005266883315082523,0.08221610331185743,0.1548329211112176,2.822716574845758,0.0,1.7210241296453141
1,39.88530445382544,0.018739116870152048,12.039049270746968,0.08678617615019135,-0.00016940941921864128,0.0817354268642592,0.4053975824957176,3.828545887445818,0.0,2.725068108714344
1,40.071867325778605,0.0183342977511264,12.00080734003856,0.18656287195316423,-0.0004048191190256477,0.12234061630918353,0.0106066603490713,1.652447013563361,0.0,0.8474368274798232
1,40.03074202510155,0.018726509202746232,11.98843211259636,-0.04112530067705222,0.00039221145161983176,0.11443928391120142,0.0258202641753776,2.312012810454961,0.0,1.2076469335782358
1,39.93881193207726,0.019203351655708082,11.9914847261194,-0.09193009302429545,0.0004768424529618502,0.11661161382421661,0.1097863263370167,2.299188808375052,0.0,1.3691670568615593
1,39.76284642175973,0.01901334371281046,11.989633152906453,-0.17596551031752483,-0.00019000794289762354,0.11583397221639355,0.0938969407025799,3.0676420962891293,0.0,1.7216149295497245
1,39.828829051425465,0.019349877064457538,11.983818833488899,0.06598262966573287,0.0003365333516470795,0.11074758234784192,0.0009891278434099,3.1888110757662176,0.0,1.5963837935699285
1,39.84309779692996,0.019428417295162762,12.002959461295285,0.014268745504494973,7.854023070522423e-05,0.11141231652098046,0.4757882764360274,3.437208416502407,0.0,2.670180761123258
1,39.82853757143618,0.01989061093533554,11.996582691531106,-0.014560225493781331,0.000462193640172779,0.1059405041134899,0.1501280630684969,3.676714687144957,0.0,2.1386134697094725
1,39.96081022616551,0.01952654229565307,12.004956684676712,0.13227265472933425,-0.0003640686396824723,0.1124092746081908,0.1642558662053525,3.6959594999816416,0.0,2.176491482401526
1,39.98309982499802,0.019739676830972823,11.999063848359713,0.022289598832507806,0.00021313453531975404,0.11898067945391712,0.4915515070728907,4.265657790555594,0.0,3.1159319094235784
1,39.90225737178612,0.01963496251415344,11.999629993710638,-0.08084245321190053,-0.00010471431681938204,0.11893568926617713,0.4845610423042067,3.61263043412984,0.0,2.7754373016733336
1,39.74074940592014,0.02011869357764875,12.01212931751176,-0.16150796586597949,0.00048373106349530737,0.09084218238800366,0.0468065608689941,1.6673975836466348,0.0,0.9273119135613056
1,39.64740537626612,0.0198571259974914,12.006752543743467,-0.09334402965401978,-0.00026156758015735,0.09315081410613026,0.450891044246188,1.5184399088313247,0.0,1.6610020429080383
1,39.62555367129067,0.019520677148118348,12.000723170301395,-0.021851704975453856,-0.00033644884937305067,0.0898318213961506,0.4936396762240674,2.5731586609032195,0.0,2.2738586828997445
1,39.73081400253374,0.019727867073303422,11.986790287841986,0.10526033124307332,0.00020718992518507437,0.09618815107114602,0.0746396057511174,4.455863430914938,0.0,2.377210926959704
1,39.676285221762896,0.019242912889207313,12.00083665865885,-0.054528780770844776,-0.00048495418409610913,0.11445482553980738,0.2151485304782961,2.533852691946416,0.0,1.6972234069298002
1,39.80355861031884,0.01925247999706142,12.00013644461807,0.12727338855594184,9.56710785410611e-06,0.11385112716286602,0.250567092042202,2.139971477023481,0.0,1.5711199225961443
1,39.937207079349804,0.0192433375425613,11.992024876289062,0.13364846903096606,-9.142454500118274e-06,0.11264325601122062,0.3227664851743915,1.9772446430332744,0.0,1.63415529186542
1,39.936631061722736,0.01965948603429096,11.993372109475597,-0.0005760176270683814,0.0004161484917296586,0.1143915493764228,0.3507655263725998,2.915317108810252,0.0,2.1591896071503256
1,40.019854138428094,0.01988454470915908,12.010033490275912,0.08322307670535878,0.00022505867486811992,0.10388039449273018,0.0782542600640266,1.7529767723233736,0.0,1.03299690628974
1,40.08400019325071,0.020240734112032303,12.002847423637514,0.06414605482261493,0.0003561894028732242,0.10755857221766806,0.3033338242833388,4.860402747776233,0.0,3.036869022454794
1,39.96375363732138,0.01965411222420797,12.015561888328271,-0.12024655592932731,-0.0005866218878243339,0.09508976976180668,0.3668644264172784,2.5334872955795484,0.0,2.000472500624331
1,40.1018573433842,0.01948672342520939,12.030221498301643,0.13810370606281452,-0.00016738879899858006,0.09464556276514474,0.2080233402690177,4.456317631312553,0.0,2.6442054961943118
1,40.1730088579992,0.01915875173584053,12.031058574053308,0.07115151461500346,-0.0003279716893688604,0.09457147027333022,0.2774220774963837,1.3476472125643495,0.0,1.2286677612749421
1,40.24490329177259,0.018985904635868918,12.04952884489755,0.07189443377338733,-0.00017284709997161113,0.0799835640002339,0.1809900659321506,4.064597973631811,0.0,2.3942791186802066
1,40.143441039421496,0.01915397306897354,12.028607034757165,-0.10146225235109085,0.000168068433104622,0.06609486129922455,0.0066015038124896,2.426689707280264,0.0,1.226547861265111
1,39.97587699001537,0.01863607846573468,12.02017000764825,-0.16756404940612413,-0.0005178946032388596,0.06334443879010189,0.3964526273443431,2.5188653553284177,0.0,2.052337932352895
1,39.91679334033232,0.01903150233502035,12.012181231189238,-0.05908364968305335,0.00039542386928567014,0.07435697495430743,0.0298632282153912,3.366511287380485,0.0,1.742982100121025
1,39.83543839760843,0.01914023344972649,11.997399505666255,-0.0813549427238911,0.00010873111470614122,0.06146256769289843,0.0874703149049028,4.07899162770437,0.0,2.2144364436619903
1,39.75730086892405,0.01852630787538337,11.990647576632659,-0.07813752868437973,-0.000613925574343123,0.06203831155391126,0.196580823843702,2.7210409230159227,0.0,1.7536821091953654
1,39.64526961655935,0.018359520738116787,11.991795675643946,-0.11203125236470157,-0.00016678713726658162,0.060714935573569294,0.2852446554103116,4.887501415176486,0.0,3.0142400184088665
1,39.733606225847495,0.01845019651717442,11.987733382427848,0.08833660928814879,9.067577905763277e-05,0.06267051043459722,0.0486203553193771,2.200942217575046,0.0,1.1977118194262772
1,39.71858496610419,0.01874192539569958,11.98607767626003,-0.015021259743306814,0.0002917288785251604,0.05971161516863389,0.3731448674882088,2.02524302990098,0.0,1.7589112499269075
1,39.84357173508481,0.01887981536782268,11.995616374764046,0.12498676898061944,0.00013788997212309945,0.07313616858832107,0.4173002595233853,2.331516336823801,0.0,2.000358687458671
1,39.64048084018835,0.01877344424913408,11.98638088336757,-0.20309089489645515,-0.00010637111868859808,0.06828473215659492,0.2598908532449139,4.244964901416714,0.0,2.642264157198185
1,39.696295357730364,0.01870153162218162,11.982742378307513,0.05581451754201083,-7.191262695246253e-05,0.0697293032325046,0.4473281434271642,1.252295580312769,0.0,1.520804077010713
1,39.798459924040756,0.01981365415692636,11.95622243555663,0.1021645663103925,0.0011121225347447417,0.10396136758631634,0.142038754666207,1.8139233971002795,0.0,1.1910392078825538
1,39.680562381818525,0.019427442097424738,11.957755150839793,-0.11789754222223081,-0.00038621205950162274,0.10299838885610098,0.0407774809416751,2.47389083690808,0.0,1.3185003803373903
1,39.615976274947904,0.01938222363377693,11.959257249834737,-0.06458610687062105,-4.5218463647807294e-05,0.10353498804843182,0.0542793008383464,2.317429620231284,0.0,1.2672734117923348
1,39.59547431335783,0.01944366519000229,11.952340206682349,-0.020501961590071005,6.14415562253598e-05,0.10609108794328104,0.3510484085457619,1.5034429981428097,0.0,1.4538183161629288
1,39.727396836933636,0.0196655470241763,11.951361947959798,0.13192252357580259,0.0002218818341740078,0.10633109739237236,0.4297768352359368,4.5108611072126745,0.0,3.114984224078211
1,39.870205532484945,0.01940817355776694,11.949464855380402,0.14280869555130948,-0.0002573734664093573,0.10667101919601195,0.311306237515196,3.20551989378611,0.0,2.225372421923447
1,39.911742649002804,0.019548603988057293,11.953193714836807,0.04153711651785841,0.00014043043029035238,0.11213799022435902,0.1151118414818773,2.7653728453470925,0.0,1.6129101056373008
1,39.89878133741182,0.019888794976175822,11.941612564837241,-0.012961311590984792,0.0003401909881185286,0.09774656051386287,0.1230313613301244,2.02303196606182,0.0,1.2575787056911587
1,40.028110583483254,0.02016767078493465,11.950270913749366,0.12932924607143548,0.0002788758087588286,0.1049238555873746,0.0860900002480974,4.321232908914567,0.0,2.332796454953478
1,40.022756955099084,0.02037459105819091,11.956281045374336,-0.005353628384170861,0.0002069202732562607,0.10609388982076459,0.3994091705798152,1.2207727802756323,0.0,1.4092047312974465
1,40.09463372443577,0.01973009608073792,11.990889128741822,0.07187676933668286,-0.0006444949774529925,0.07931834118887565,0.4103708869717105,4.106479969584315,0.0,2.8739817587355785
1,40.04856674154128,0.019926994228449072,12.020426232135781,-0.046066982894487296,0.00019689814771115324,0.09722647554248848,0.1110498025176465,4.299199546568097,0.0,2.3716993783193416
1,40.06005108834205,0.01967785642446051,12.011943078582885,0.011484346800770595,-0.0002491378039885632,0.10282234099618767,0.1168273092419369,3.64570605874894,0.0,2.0565076478583437
1,40.03311854252446,0.01982971215459623,12.022221249734878,-0.026932545817587084,0.00015185573013572207,0.09359674561687006,0.2177907341401483,2.0708662613477826,0.0,1.4710145989541878
1,40.017051989155135,0.0200878000981224,12.034175610776618,-0.016066553369327607,0.0002580879435261675,0.08698885263963678,0.4823419393659558,2.775438866703068,0.0,2.3524033120834456
1,39.81812830523933,0.02030282016294045,12.054614553557009,-0.19892368391580817,0.00021502006481805003,0.08203169029525785,0.4122229560125618,4.753894395635799,0.0,3.201393109843023
1,39.88588478177673,0.02050738079265341,12.049063585272403,0.06775647653740435,0.0002045606297129618,0.07937670288060202,0.0525668313229869,1.123992172534872,0.0,0.6671297489134098
1,39.763813471453325,0.02048642196714238,12.063356254981723,-0.12207131032340612,-2.0958825511029067e-05,0.08368482078170585,0.4302896581520644,2.0281558585995194,0.0,1.8746572456038884
1,39.834942355576615,0.02031169009116915,12.055166307313193,0.07112888412328999,-0.00017473187597323234,0.08744709676881307,0.2874995327388386,4.66910410802543,0.0,2.9095511194903922
1,39.81764575154421,0.020297121818359447,12.074099320849772,-0.01729660403240274,-1.4568272809701438e-05,0.09479885031468735,0.2267574757570203,3.356268461368056,0.0,2.1316491821980685
1,39.76839066453887,0.02045019309711648,12.053874533489381,-0.04925508700534209,0.0001530712787570325,0.11277794243996403,0.0058708017919326,3.2899827867299893,0.0,1.6567329969488598
1,39.774812413455045,0.02041252831396584,12.02760883345258,0.006421748916174863,-3.766478315064131e-05,0.10488327278415073,0.398615552297805,2.2829106092234284,0.0,1.9386864092073242
1,39.9619177388755,0.02042227650034815,12.032436541816253,0.187105325420454,9.748186382312757e-06,0.10009441036955487,0.3529347051732308,2.52747655154258,0.0,1.9696076861177516
1,40.01439083184796,0.02084285912071081,12.040943171728978,0.05247309297246261,0.00042058262036265975,0.09961920155812147,0.3061259359853812,4.0682252553351566,0.0,2.6463644996383406
1,39.9997024296222,0.02009762325726378,12.061338081753979,-0.014688402225765174,-0.0007452358634470295,0.11907577572781797,0.3776580372004353,1.034682803394745,0.0,1.2726574760982432
1,40.06384556797919,0.02066155952633613,12.037135508114112,0.06414313835699659,0.0005639362690723487,0.12823297994160843,0.0076114813544548,1.7440050147110595,0.0,0.8872254700644393
1,39.87758354806904,0.02066606785778426,12.046005264172372,-0.1862620199101528,4.508331448129649e-06,0.13288312111128767,0.4738538018540438,2.2535701988798063,0.0,2.0744927031479907
1,40.0021400962504,0.02071464011762702,12.046398699708089,0.12455654818135997,4.857225984275862e-05,0.13322992036109996,0.1262583145400014,1.5238498178634416,0.0,1.0144415380117235
1,40.02208294639871,0.020598056601252912,12.0441268372341,0.01994285014831121,-0.00011658351637410663,0.13461881771621456,0.3896991389420584,3.840564169153437,0.0,2.6996803624608354
1,40.126083346794786,0.02076949625619374,12.032776261608353,0.10400040039607461,0.00017143965494082966,0.12530890524091667,0.1199116376257765,1.5373604141293535,0.0,1.0085034823162298
1,40.073199771465696,0.02033602842623588,12.033904512773157,-0.052883575329090604,-0.00043346782995786273,0.12382071260000647,0.2254506718504163,4.314817802261805,0.0,2.6083102448317352
1,40.05531178067556,0.02018414955350446,12.050314143059893,-0.017887990790136143,-0.0001518788727314195,0.12065737981041043,0.4316045515955846,4.34627559507631,0.0,3.0363469007293244
1,39.94638345973114,0.02047690599026335,12.050224346670106,-0.10892832094442184,0.0002927564367588911,0.12073017191577745,0.0671252537196704,4.836906340943621,0.0,2.5527036779111514
1,40.05820716469178,0.02001944492151821,12.032112303976788,0.11182370496064209,-0.0004574610687451408,0.12996591410392616,0.4841270632606306,4.435480566518436,0.0,3.185994409780479
1,39.95100308441402,0.020342780305249702,12.004367669395894,-0.10720408027776074,0.000323335383731492,0.10648912491036977,0.4082238778298535,1.155421634802492,0.0,1.394158573060953
1,39.84938209274235,0.020099750932376932,12.01454297742909,-0.10162099167166616,-0.00024302937287276963,0.09849590400381872,0.0827316090455693,3.971665460830159,0.0,2.151295948506218
1,39.99090558484143,0.01990351615002389,11.991709907895139,0.14152349209907555,-0.00019623478235304345,0.0903745430769883,0.0176363117304828,4.822812287030498,0.0,2.4466787669762144
1,39.950517103927716,0.01965474972771799,11.979250355684474,-0.0403884809137125,-0.00024876642230589954,0.07234707494781784,0.4173905923256832,3.973639666760648,0.0,2.82160101803169
1,39.94040440602635,0.01963034166891609,11.98489207649354,-0.010112697901362822,-2.4408058801897448e-05,0.072895540102818,0.4764426709657827,2.3213723613033697,0.0,2.1135715225832503
1,40.0149102962436,0.01946124624416884,11.99163123860294,0.07450589021724596,-0.0001690954247472523,0.08459825788723634,0.4018654901836315,3.486273881304588,0.0,2.5468679210195573
1,39.97016573877935,0.01945037538191452,12.005751557118955,-0.04474455746424866,-1.0870862254319658e-05,0.07743660130206134,0.3320968426373727,3.6882100598323695,0.0,2.5082987151909304
1,39.87530638822237,0.01950462166760953,12.000002369537633,-0.09485935055698036,5.4246285695010166e-05,0.07131030851237664,0.3621861577366621,2.620675113820694,0.0,2.0347098723836714
1,39.86474176155203,0.01921324390651342,12.002200661420916,-0.010564626670337418,-0.00029137776109610866,0.07033274037877424,0.2356035966042287,1.5715576871727714,0.0,1.256986036794843
1,39.673685038729204,0.01907148797743678,12.008737339477069,-0.19105672282282882,-0.00014175592907664236,0.06155424227479144,0.3985210966683022,3.929679729117914,0.0,2.7618820578955616
1,39.767881282048315,0.01889212870474791,12.033113341238154,0.0941962433191108,-0.00017935927268886848,0.08722550366335784,0.3798426219964457,1.1602218556301611,0.0,1.339796171807972
1,40.10041541681505,0.018603166185865442,12.037668220058947,0.332534134766739,-0.0002889625188824685,0.0857776645072728,0.3824355378648752,1.1727204072410626,0.0,1.3512312793502819
1,40.10651296984871,0.01854079943769116,12.04911347278015,0.00609755303365489,-6.236674817428067e-05,0.07519585219555959,0.2199480652171955,1.2664802292255937,0.0,1.0731362450471877
1,40.18129806355054,0.01890545541782181,12.051258548696726,0.07478509370183417,0.0003646559801306487,0.07486768598725937,0.2562897296870208,4.415813908160159,0.0,2.720486413454121
1,40.13816780630845,0.01931454181493667,12.052605771423698,-0.04313025724209041,0.0004090863971148613,0.07429441341481466,0.0966759833997521,1.9313128552022687,0.0,1.1590083944006386
1,40.236748323668934,0.0194040439169353,12.033618680824427,0.09858051736048168,8.950210199863001e-05,0.07228487337762583,0.2365760958117488,4.171808234211515,0.0,2.559056308729255
1,40.28030146445192,0.01928652526468373,12.024219058574714,0.04355314078298278,-0.00011751865225157268,0.07833228100580715,0.1730957868610713,1.8499082338042072,0.0,1.2711456906242462
1,40.42540772088529,0.01956140544497102,12.01865306171473,0.1451062564333725,0.0002748801802872902,0.0786323832725322,0.3910014438732904,4.4613337173761565,0.0,3.012669746434659
1,40.5345030737926,0.01980278536044848,12.011536052820645,0.10909535290731043,0.0002413799154774611,0.08509763015404082,0.4986143302441464,4.612384991011087,0.0,3.3034211559938362
1,40.69169320944054,0.02034722717442724,12.02449612284282,0.15719013564793727,0.0005444418139787591,0.08597860978941567,0.1791226798516787,2.7480024115590767,0.0,1.7322465654828958
1,40.66762340454296,0.02053278805416135,12.000271463174474,-0.024069804897578706,0.00018556087973410976,0.055642802870720966,0.1788222010430697,4.433189698427886,0.0,2.5742392513000825
1,40.27614736852112,0.02064056838697132,11.994474779511103,-0.3914760360218352,0.00010778033280997232,0.05481922791707154,0.4265193699317624,2.8185722518780025,0.0,2.262324865802526
1,40.196012134036316,0.02055183747993892,11.999644739372275,-0.08013523448480697,-8.873090703240272e-05,0.061011784894514205,0.4942932119029066,3.705161332881287,0.0,2.8411670902464565
1,40.08987820164477,0.0200758359123724,11.99525331583799,-0.10613393239154334,-0.0004760015675665183,0.058465514564735636,0.1949778448743421,3.1296100755775607,0.0,1.9547607275374645
1,40.21344207315351,0.0197094530717199,12.007331532680073,0.12356387150873616,-0.0003663828406525009,0.07623983520901997,0.3332123518992931,2.1656608627297733,0.0,1.7492551351634729
1,40.015081310262225,0.01968834355746084,12.028567933102355,-0.19836076289128357,-2.110951425906074e-05,0.08865765466935364,0.2942864178958995,1.2418425839632667,0.0,1.2094941277734323
1,39.97890479561057,0.02004503654225605,12.045284012765412,-0.0361765146516575,0.00035669298479521286,0.08545076975813636,0.4264947178880098,1.4559163371299255,0.0,1.5809476043409822
1,39.93781764946799,0.019652575651935462,12.040047967608933,-0.04108714614257991,-0.0003924608903205888,0.09067312434365228,0.1205223365888378,3.3988907972371853,0.0,1.9404900717962683
1,39.7761054437856,0.01973573694401738,12.04646069707641,-0.16171220568238454,8.316129208191594e-05,0.08256112473875499,0.155204301947574,1.0159516380488212,0.0,0.8183844229195586
1,39.742167356859206,0.019293892695683983,12.04022702428505,-0.03393808692639766,-0.0004418442483333958,0.08141751632462653,0.093729514976911,2.564460946248227,0.0,1.4696895030779353
1,39.79183733323115,0.019501904724334832,12.036418735013246,0.04966997637194481,0.00020801202865084953,0.08578538931002615,0.18797841802478,1.5792614185832634,0.0,1.1655875453411917
1,39.86102133003031,0.01927548725229579,12.040630645948362,0.06918399679916121,-0.00022641747203904286,0.08346196051915603,0.1083017232612661,2.7931168297796938,0.0,1.613161861412379
1,39.806850769023605,0.0194355460563553,12.035023791166836,-0.05417056100670692,0.00016005880405951106,0.0819948797251559,0.1561053210578616,1.0357231568982803,0.0,0.8300722205648634
1,39.87484117813331,0.01967248573121935,12.02443715445111,0.06799040910970433,0.00023693967486404857,0.09225543283575474,0.1142556039001514,2.941366513425222,0.0,1.6991944645129138
1,39.677523656988186,0.01967559639161191,12.01737200550227,-0.19731752114512346,3.1106603925606935e-06,0.0838147087196984,0.0419285604245833,3.4870320816075995,0.0,1.8273731616529663
1,39.56639248066811,0.01971363377077577,11.987451980924144,-0.11113117632007885,3.803737916386121e-05,0.07741884972853769,0.1542277444008948,4.312246978000067,0.0,2.464578977801823
1,39.529027589652074,0.01960053726043656,11.984605680891455,-0.037364891016032686,-0.00011309651033921189,0.07299438344014832,0.1419434380217713,1.1613621910528713,0.0,0.8645679715699783
1,39.608500902180346,0.01987079230392973,11.995680377750336,0.07947331252827183,0.00027025504349317137,0.07344272027817177,0.4054207031275424,2.582341532472105,0.0,2.102012172491137
1,39.56458031406014,0.01971859689542677,12.012383424420573,-0.04392058812020849,-0.00015219540850296143,0.08648380591508313,0.2120062344764745,4.288310176167524,0.0,2.568167557036711
1,39.343011612126084,0.01971767540131367,12.012369383787792,-0.22156870193405354,-9.214941130986087e-07,0.08648141280494126,0.1312566066834431,1.4029793183210215,0.0,0.964002872527397
1,39.31631195948736,0.01971367810437415,12.00887676225424,-0.02669965263872598,-3.997296939520223e-06,0.09064853426636078,0.1532791709990399,1.0367867907121746,0.0,0.824951737354167
1,39.270132962218064,0.019990314810635863,11.995502567636727,-0.046178997269294086,0.00027663670626171255,0.09872915644134465,0.1919395724365928,4.666096397407137,0.0,2.7169273435767543
1,39.36446269536885,0.01976801322431708,12.00271559554551,0.09432973315078641,-0.00022230158631878286,0.10396662295316138,0.4885871696809095,1.960091621683516,0.0,1.957220150203577
1,39.364259022869014,0.01995451653688271,12.030627070089107,-0.00020367249983621605,0.00018650331256563069,0.1108069902882538,0.3027492201388379,3.5606145014509205,0.0,2.385805691003136
1,39.260351012273546,0.01987470282454473,12.024513126975922,-0.10390801059546817,-7.981371233798176e-05,0.10944390865896202,0.4644650482707033,1.6929971078170594,0.0,1.7754286504499364
1,39.35172464679512,0.01982089812635519,12.028930388877374,0.09137363452157388,-5.380469818953848e-05,0.10314986130006823,0.3994663701166424,1.636020809029087,0.0,1.6169431447478284
1,39.573777350735895,0.019726893906565852,12.026279490403534,0.2220527039407756,-9.400421978933773e-05,0.10211228971202106,0.0523048651704683,2.504879767485096,0.0,1.3570496140834847
1,39.581193344144026,0.01955167476021344,12.033317480862461,0.0074159934081308165,-0.0001752191463524136,0.10613596063601499,0.4883440418660013,4.920634698865049,0.0,3.437005433164527
1,39.661334146732024,0.01915817072128561,12.020019763728696,0.08014080258799794,-0.0003935040389278291,0.09884437944905052,0.3082036773236596,2.4233198008842805,0.0,1.8280672550894594
1,39.743762027415514,0.01930911564591807,12.009806272750335,0.08242788068348972,0.00015094492463246095,0.10337958481603832,0.4168049897537204,1.159054625118698,0.0,1.4131372920667897
1,39.78153695621668,0.01908470766923625,12.024651015736533,0.037774928801162844,-0.0002244079766818216,0.09594069795470722,0.1846987551431284,3.399956401632936,0.0,2.069375711102725
1,39.80659567637676,0.01905493614358629,12.030290670037514,0.02505872016008226,-2.977152564995894e-05,0.08807846572065903,0.1349233396387911,2.0655236200284417,0.0,1.302608489291803
1,39.733035105051016,0.019135095918453048,12.013499364832082,-0.07356057132574279,8.015977486675735e-05,0.08901532893879377,0.1479819752975568,1.5713507238039592,0.0,1.081639312497093
1,39.612949221317024,0.01859968795742149,11.995432052869894,-0.1200858837339922,-0.000535407961031558,0.06713049687154213,0.3585705108882017,4.381392206201908,0.0,2.907837124877357
1,39.72822168078657,0.01912921208434552,11.988202216379708,0.11527245946954423,0.0005295241269240303,0.06818355193625575,0.1464923414393352,1.9336448750833624,0.0,1.2598071204203516
1,39.8119533504761,0.01934768851282118,12.000580560569436,0.08373166968953427,0.0002184764284756599,0.06402108165710044,0.1675737108519791,1.3933048015622278,0.0,1.0317998224850722
1,39.85637906486922,0.019782568519761647,12.015549528468378,0.04442571439312104,0.00043488000694046763,0.08944304350279006,0.171853892666517,2.9506816615605027,0.0,1.8190486161132853
1,39.818308586059885,0.019607032449250182,12.00673787004025,-0.038070478809338226,-0.00017553607051146516,0.082215174819447,0.1359192936790824,2.7048088413833136,0.0,1.6242430080498216
1,39.90006278690911,0.019687436204144308,12.00515681678453,0.08175420084922536,8.04037548941261e-05,0.0822812521438282,0.3340700703479885,2.200347234909286,0.0,1.76831375815062
1,40.10607090482315,0.01988731079509175,12.023392263047374,0.20600811791403828,0.00019987459094744295,0.08236498458509288,0.4679635741365853,2.9656548878374185,0.0,2.41875459219188
1,39.98940410962635,0.019932558305855868,12.015973760698822,-0.11666679519679946,4.524751076411676e-05,0.08338643573448047,0.2463348001544648,4.614520676113035,0.0,2.799929938365447
1,40.157492841715225,0.01921075984961474,12.041748622894783,0.16808873208887576,-0.0007217984562411274,0.09621891039976632,0.215986748725504,3.174308731990583,0.0,2.0191278634462995
1,40.32881015412766,0.01946883414865448,12.046106276637742,0.17131731241243386,0.0002580742990397379,0.09164960014739194,0.3948016357569552,1.2099924871370402,0.0,1.3945995150824304
1,40.24004512146072,0.01958206411070729,12.053835285353806,-0.08876503266694158,0.00011322996205281183,0.09051019510464732,0.4607377485488428,4.514596691309045,0.0,3.178773842752208
1,40.23711555257933,0.019056757923677,12.069114684432087,-0.0029295688813846255,-0.0005253061870302903,0.0830202278420321,0.1054216861982413,3.206983305153796,0.0,1.8143350249733807
1,40.32609749085326,0.018666909638711218,12.064300690914568,0.08898193827392475,-0.0003898482849657818,0.08646031472655999,0.3808237308768243,1.43320384779902,0.0,1.4782493856531587
1,40.37729233785665,0.01856787833046225,12.03869966971005,0.05119484700339427,-9.903130824896744e-05,0.07936259359332684,0.3292567183074921,1.696354480622531,0.0,1.5066906769262496
1,40.52112878810816,0.01906269831147565,12.040681470682829,0.1438364502515057,0.0004948199810133995,0.0793810693315457,0.0684975049450661,3.3226118815884345,0.0,1.7983009506843495
1,40.53424050782429,0.01916746277881392,12.040678696969888,0.013111719716135894,0.00010476446733826902,0.0793828453442692,0.4707745677099156,4.863157298309774,0.0,3.3731277845747183
1,40.321570746152496,0.01927634664613005,12.034793377434944,-0.21266976167179763,0.00010888386731612923,0.07613424165960687,0.0779052628733901,2.9576810910810045,0.0,1.6346510712872824
1,40.40055636467397,0.019120103606817068,12.035399990606425,0.07898561852147168,-0.0001562430393129803,0.07560348708391443,0.2332253832500547,2.02861792428472,0.0,1.4807597286424694
1,40.247774103107304,0.01940602519699031,12.017614671851836,-0.15278226156666364,0.0002859215901732416,0.04953429771821806,0.1649288108502516,4.648458209906108,0.0,2.6540867266535573
1,40.1922428952866,0.0194233571517278,12.010277910312476,-0.05553120782070664,1.7331954737489358e-05,0.0604399405401546,0.207771824465232,2.725315764378175,0.0,1.7782015311195516
1,40.48769217723623,0.019751940630170918,12.009106877243184,0.2954492819496295,0.0003285834784431188,0.0591125024652903,0.385614187509997,1.1550514399368597,0.0,1.3487540949884238
1,40.48593208026941,0.01989253499151544,12.005093567205268,-0.0017600969668194466,0.0001405943613445211,0.05337001184782026,0.4098183857590219,3.728216303668441,0.0,2.6837449233522643
1,40.41188258581013,0.01985018402381929,11.99197671069423,-0.074049494459274,-4.2350967696148933e-05,0.07115557081918862,0.0665888503941864,4.95933566085091,0.0,2.612845531213828
1,40.150843032712,0.019796681127885678,12.014549351927144,-0.2610395530981364,-5.350289593361243e-05,0.08809631148517066,0.275338513808631,3.408120022777617,0.0,2.2547370390060704
1,39.92116442531413,0.01974200497332943,12.000497685458864,-0.22967860739786516,-5.4676154556246304e-05,0.09284493744095818,0.270105512602419,2.390654167975672,0.0,1.735538109192674
1,39.79496909339593,0.01960686597917411,12.003780600429517,-0.1261953319182041,-0.0001351389941553205,0.09320553252866824,0.0207095912072375,3.178190342364192,0.0,1.630514353596571
1,39.73358238522694,0.0195981812430781,12.011502923647743,-0.061386708168988946,-8.684736096012391e-06,0.1001211238528331,0.4580531361026665,4.17624710867201,0.0,3.004229826541338
1,39.65950325947504,0.01969284778428946,12.015844101653846,-0.07407912575190068,9.466654121136064e-05,0.09946468026657806,0.1764029805233339,1.216154469107,0.0,0.9608831956001678
1,39.67338368964011,0.02043503332488321,12.024473851130749,0.013880430165073676,0.0007421855405937497,0.10353729311752431,0.3127099420676589,3.543230033389587,0.0,2.3970349008301115
1,39.6712765158944,0.0200215931805629,12.031976978735507,-0.002107173745713453,-0.0004134401443203102,0.09627679075169567,0.1071272579943069,4.961163601860664,0.0,2.694836316918946
1,39.53212654219346,0.020050922915904622,12.02456082877472,-0.1391499737009383,2.932973534172309e-05,0.09632200506198013,0.1294734448718138,4.416262525710037,0.0,2.467078152598646
1,39.69499333953071,0.019786001838690448,12.02868022072428,0.1628667973372515,-0.00026492107721417385,0.09882861243533607,0.2271762553716493,4.35969404769078,0.0,2.6341995345886886
1,39.61499689942391,0.0201471135452604,12.033936177184149,-0.07999644010680385,0.0003611117065699526,0.08965365093428883,0.0740453127483722,3.001469711615728,0.0,1.6488254813046084
1,39.67992488546288,0.02029180223378907,12.022115687058571,0.06492798603897398,0.00014468868852866856,0.07657220827690962,0.1206363237059663,4.069434864460171,0.0,2.275990079642018
1,39.606297451247755,0.01992347722093404,12.038572138534168,-0.07362743421512619,-0.00036832501285502875,0.06679976650135543,0.2848823733948487,1.0965632251492528,0.0,1.1180463593643237
1,39.61301309219057,0.02044417544615256,12.040731008977252,0.006715640942815071,0.0005206982252185209,0.06675998819054738,0.1959449601800444,2.538218241755573,0.0,1.6609990412378752
1,39.96220049989952,0.020025962648371178,12.031010983734017,0.3491874077089463,-0.00041821279778138376,0.05999642110472205,0.1416153800415824,1.138565369069492,0.0,0.8525134446179108
1,40.04933152787819,0.01996317238843895,12.04527387518065,0.08713102797867123,-6.279025993222859e-05,0.07308813440845101,0.2322988505804235,4.459100391672996,0.0,2.694147896997345
1,40.10118710145473,0.01983874625967395,12.010298389091018,0.051855573576538916,-0.00012442612876499906,0.11323579411679344,0.2642956489704209,2.1587308855193634,0.0,1.6079567407005235
1,40.11395185187341,0.01964229954566804,11.991494221320272,0.012764750418682524,-0.00019644671400590938,0.13295625511292233,0.0937597599417605,2.535216154485499,0.0,1.4551275971262707
1,40.25408160585344,0.01928928856990074,11.983350890109659,0.1401297539800339,-0.0003530109757673011,0.13548285864085483,0.055142971862901,4.700852975667223,0.0,2.4607124315594135
1,40.029824694793675,0.019769691577119018,11.956203314517449,-0.22425691105976853,0.00048040300721827883,0.13656088907605976,0.0405440545070805,2.925154991479089,0.0,1.5436656047537056
1,39.90513776366795,0.01972865193937438,11.969071007455492,-0.12468693112572282,-4.103963774463801e-05,0.1377316171078141,0.1196669153216078,3.821877983415724,0.0,2.1502728223510776
1,39.84509949245298,0.01935191957030789,11.95703035654206,-0.06003827121497096,-0.0003767323690664903,0.13493977937627644,0.0228057418452596,2.89035376856729,0.0,1.4907883679741643
1,40.15450609825254,0.01989281219668715,11.951753500795295,0.30940660579955903,0.0005408926263792586,0.13081244089527966,0.3427845518069229,4.97361072352134,0.0,3.1723744653745154
1,40.250581405777226,0.01966900939072598,11.949303019351365,0.09607530752468563,-0.00022380280596116797,0.12899822743262707,0.1699346056167033,4.3289211413228585,0.0,2.504329781894836
1,39.963206463342004,0.01959441299439835,11.94485813029318,-0.2873749424352212,-7.459639632763013e-05,0.12677159152363476,0.1386500668059683,3.5335706055541256,0.0,2.0440854363889995
1,40.01206182460262,0.01965095818902035,11.933007257325118,0.04885536126061396,5.6545194622000666e-05,0.10813442546427413,0.0176598129611978,2.2989113252312645,0.0,1.1847752885380278
1,40.02856437465174,0.01972006624913191,11.940830009253885,0.01650255004911827,6.910806011155984e-05,0.09612217774063,0.0367310940142286,1.2110066018742116,0.0,0.678965488965563
1,39.87747628562086,0.020127231868379777,11.9543200139092,-0.15108808903087834,0.0004071656192478658,0.08098412530542802,0.0562049370856279,4.6575295298484125,0.0,2.441174639095462
1,39.6928687383245,0.02029186921699515,11.962742801527906,-0.1846075472963591,0.00016463734861537488,0.08014881078278642,0.3395781399580018,3.948170919498197,0.0,2.653241739665102
1,39.774367966645585,0.020038012032886077,11.980561740618239,0.08149922832108558,-0.0002538571841090749,0.06565153504177186,0.0516432589384585,4.429859518305816,0.0,2.318216277029825
1,39.88991214427419,0.01998190740619777,11.974253833370906,0.1155441776286068,-5.610462668830668e-05,0.062449923673845206,0.4342514247554338,4.479779023530684,0.0,3.1083923612762097
1,40.098285102441515,0.02037652078789411,11.97615279169068,0.20837295816732393,0.0003946133816963397,0.061276293237753965,0.4549599333584043,1.08777396342313,0.0,1.4538068484283735
1,40.061830747059915,0.020213923398486246,11.98025647565253,-0.03645435538160058,-0.00016259738940786403,0.06585688922097653,0.4326732220088107,4.328844075112575,0.0,3.029768481573909
1,40.10338576476993,0.019955533609138147,11.971187256510365,0.04155501771001724,-0.00025838978934809853,0.06527814172535469,0.1057293870078825,3.109848382858431,0.0,1.7663829654449805
1,40.4500504066675,0.020363864602703723,11.967853358085254,0.3466646418975685,0.00040833099356557545,0.06548646358299788,0.0350901347082648,4.651013799896969,0.0,2.395687169365014
1,40.46316141013837,0.02046257596336628,11.971246002716569,0.013111003470868354,9.87113606625567e-05,0.07065498861066205,0.3020864511348713,4.453056930765971,0.0,2.830701367652728
1,40.575217479174064,0.02041850933445824,11.994208359422007,0.11205606903569532,-4.4066628908039085e-05,0.05750646804628163,0.2684243023176574,3.461645557737772,0.0,2.267671383504201
1,40.78900503851425,0.02064205645179087,12.013246032067784,0.213787559340183,0.00022354711733263075,0.0634695815366981,0.3353539252199129,3.82522571948034,0.0,2.5833207101799958
1,41.07188999976736,0.02072058691428634,12.005321173690822,0.28288496125311013,7.853046249546927e-05,0.07074580866814899,0.1727863290488211,3.5456967003557343,0.0,2.1184210082755093
1,41.13940721398263,0.02062181271312242,11.99194923242869,0.06751721421527179,-9.877420116392172e-05,0.08205032122728499,0.3334458601100158,4.167089688086243,0.0,2.750436564263153
1,41.105689408938545,0.02087115860432821,11.97845516271652,-0.03371780504408406,0.00024934589120579123,0.09517148467385303,0.1053989506810633,3.656524863629704,0.0,2.0390603331769785
1,40.983697022084606,0.02074996163343162,11.976700484587123,-0.12199238685393965,-0.00012119697089658932,0.09590742166836205,0.0979836708834125,1.2664092512358782,0.0,0.8291719673847642
1,40.97085019778057,0.020541777673989892,11.968015346132677,-0.012846824304034499,-0.00020818395944172813,0.09107698120966376,0.1218013246699685,3.6641624958101975,0.0,2.0756838972450358
1,40.78913851340885,0.02087430371287862,11.974254172141453,-0.18171168437172014,0.0003325260388887287,0.09063452545935136,0.3349751575908629,3.3013668098201983,0.0,2.320633720091825
1,40.53523865162851,0.020898624330683367,11.977654811747115,-0.2538998617803401,2.4320617804746147e-05,0.09022599161983934,0.1598473793723225,1.333617045821092,0.0,0.9865032816551911
1,40.428755811995416,0.020979543895314978,11.987855957701733,-0.10648283963309524,8.091956463161104e-05,0.10722842497926889,0.4750481790084953,3.820987928503903,0.0,2.860590322268942
1,40.320849664482985,0.020749494473184322,11.982045063029858,-0.10790614751243055,-0.00023004942213065635,0.10414266857290151,0.0299834099462372,2.9262260950056542,0.0,1.5230798673953014
1,40.13289909720803,0.020176881715345978,11.967274558092974,-0.18795056727495307,-0.0005726127578383443,0.09290637645282672,0.0388451842351574,3.204729213291172,0.0,1.6800549751159009
1,39.83116560214886,0.01995232084026663,11.977943128826485,-0.3017334950591746,-0.0002245608750793479,0.09225847688421324,0.1516041733343082,1.883745795251022,0.0,1.2450812442941275
1,40.05645454726722,0.02020927430871795,11.998903085963576,0.22528894511836484,0.00025695346845132014,0.08970504597960852,0.0037618741776535,1.0846106435161356,0.0,0.5498290701133748
1,40.081428578876476,0.0203130138660748,12.005018142575391,0.024974031609254155,0.00010373955735685017,0.0791462215887007,0.058955474360242,2.783536649622764,0.0,1.5096792735318658
1,40.09381165737917,0.02001389747801056,12.016320217430856,0.012383078502693934,-0.00029911638806423904,0.07567164521941024,0.425427840936364,1.633003222094822,0.0,1.667357292920139
1,40.0693238453567,0.01974957653068512,12.039319614370031,-0.02448781202247119,-0.00026432094732544223,0.09455886218704757,0.1598379499344754,2.816744774605668,0.0,1.7280482871717848
1,40.239785866244674,0.01970081362458527,12.04039387336501,0.17046202088797457,-4.8762906099848735e-05,0.09407852583441517,0.4736892036255383,1.821061508296012,0.0,1.8579091613990826
1,39.99614289918936,0.01955151009975847,12.03133905182441,-0.2436429670553153,-0.0001493035248268,0.1040284040629048,0.2853475102740283,2.8671964799690497,0.0,2.0042932605325814
1,40.07896720823885,0.02009487960062253,12.027498629507836,0.08282430904949223,0.0005433695008640604,0.09841158768059897,0.1458727904015091,4.64360690431393,0.0,2.613549032959983
1,40.06298130191374,0.01978818727913305,12.028221989315055,-0.01598590632511332,-0.00030669232148948164,0.09826579942594127,0.3188094579470293,1.9563015395363816,0.0,1.6157696856622494
1,40.057851281110445,0.02032938255614963,12.023693314594988,-0.005130020803292723,0.0005411952770165811,0.10229698652097502,0.4469850822669746,2.284560029130948,0.0,2.036250179099423
1,39.99680287955762,0.02061431136996262,12.009180686292892,-0.061048401552824316,0.0002849288138129895,0.11252199110978783,0.2037788901764312,3.06797830108511,0.0,1.9415469308954174
1,39.69766874357945,0.02063325193575968,11.987300340227502,-0.2991341359781714,1.894056579706052e-05,0.11767474029800253,0.1701304113359086,2.514686279305058,0.0,1.597603962324346
1,39.61924430788467,0.02000416019829472,11.9991340769259,-0.07842443569477808,-0.0006290917374649589,0.11396099952002771,0.0324634365538443,1.355263245029903,0.0,0.7425584956226401
1,39.73349718551758,0.020487021732007702,11.980760767949604,0.11425287763290726,0.00048286153371298116,0.12024604289351716,0.3748964223786391,1.2005546465877246,0.0,1.3500701680511407
1,39.731546351922844,0.02060162348642417,11.972102630754339,-0.0019508335947335809,0.00011460175441646916,0.10430905105352556,0.250211576147432,2.704669785935662,0.0,1.852758045262695
1,39.65696106038669,0.02092981338102699,11.956959482576925,-0.07458529153615245,0.00032818989460281847,0.10949892875578346,0.3975970908815394,2.0554703193658903,0.0,1.822929341446024
1,39.99512966158507,0.02096575483389873,11.988728451130179,0.338168601198376,3.594145287174125e-05,0.13244365197738972,0.3130399115176583,1.9927264746576911,0.0,1.6224430603641622
1,39.73023316039978,0.02035122662683008,11.962414970773617,-0.26489650118529084,-0.00061452820706865,0.12416896248563822,0.0264658327091228,1.1928883275414175,0.0,0.6493758291889543
1,39.68179830273452,0.02043381061856745,11.964572790902896,-0.04843485766525646,8.258399173736997e-05,0.12534002960682855,0.4213311678616749,3.628982458247488,0.0,2.6571535648470936
1,39.788410216686245,0.020035664176795708,11.973485163301211,0.10661191395172409,-0.0003981464417717427,0.12522213509021834,0.0142677540379401,2.632867272551333,0.0,1.3449691443515468
1,39.7548363041319,0.01981333092426808,12.012191673980706,-0.0335739125543455,-0.00022233325252762892,0.1491884328580603,0.4862914603688887,1.278318229144579,0.0,1.6117420353100669
1,39.87100657461927,0.01958184181740738,12.039593961012148,0.11617027048737327,-0.00023148910686069876,0.14411488773295517,0.0583135116674096,2.585385653556936,0.0,1.4093198501132873
1,40.17025249504552,0.019963523353002038,12.035455271823949,0.29924592042624454,0.0003816815355946572,0.14533958655809878,0.4898391051817812,3.740138909129943,0.0,2.849747664928534
1,39.97044820211659,0.02001120199766414,12.060258352233012,-0.1998042929289241,4.7678644662103864e-05,0.13310370633072519,0.2594784571739058,3.880582175019574,0.0,2.4592480018575986
1,39.93501831257696,0.020149389210506137,12.029864615731785,-0.03542988953963544,0.00013818721284199545,0.1515824236846301,0.4652764464634445,1.463967306535471,0.0,1.6625365461946244
1,39.98343928754527,0.01981669827299802,12.041078693236898,0.04842097496831599,-0.00033269093750811635,0.14106057224036858,0.3073877864421321,1.3821113877558164,0.0,1.3058312667621723
1,39.873737123138014,0.019565898680456162,12.02559987619675,-0.10970216440725977,-0.0002507995925418588,0.12834526274503866,0.3459379568144742,3.602938079834452,0.0,2.4933449535461745
1,40.12507909081555,0.019900180731830593,12.043494621346849,0.2513419676775328,0.00033428205137443073,0.11788727814504389,0.013042072012482,2.592541051409299,0.0,1.3223546697296134
1,40.15175825338295,0.02021165134525146,12.030658174482898,0.026679162567404546,0.0003114706134208674,0.12562346522051385,0.1957772113217387,3.241898752624062,0.0,2.0125037989555086
1,40.13799575438592,0.02075984756925299,12.031221721548315,-0.013762498997031969,0.0005481962240015299,0.12554357457938223,0.220746683270052,1.3548966438499952,0.0,1.1189416884651016
1,40.274990841284804,0.020728700097017612,11.996331334248143,0.13699508689888518,-3.1147472235378004e-05,0.09988492715570459,0.0765983842212058,4.2095066551091245,0.0,2.257950095996974
1,39.93877380791628,0.02088474839221087,11.968679068564755,-0.33621703336852704,0.00015604829519325764,0.09428319218187803,0.2346872235723431,3.990467749486836,0.0,2.4646083218881043
1,39.90380763477332,0.020654471204233853,11.958336135781433,-0.034966173142954915,-0.00023027718797701685,0.09868258477202312,0.3948123991681333,4.324449793301669,0.0,2.9518496949871014
1,39.91283673719243,0.02039147603027017,11.95102678729514,0.009029102419106039,-0.00026299517396368224,0.08836333312611823,0.2000176513450428,1.724680641340608,0.0,1.2623756233603896
1,39.92527990278104,0.02074701868237831,11.970867836011848,0.012443165588614136,0.0003555426521081387,0.0758697927330706,0.4486312800485119,1.1991796959309764,0.0,1.4968524080625119
1,39.58282580467611,0.02066870766404448,11.98382395531374,-0.34245409810493044,-7.831101833382856e-05,0.08574228009130848,0.0961288519298588,2.24311066387375,0.0,1.3138130357965925
1,39.550053785009695,0.020841197108346927,11.989259588666084,-0.03277201966641741,0.0001724894443024469,0.09226805277162288,0.3616544800458002,4.192321638579207,0.0,2.819469779381204
1,39.60503594328926,0.02026881076278536,11.976898428894943,0.05498215827956443,-0.0005723863455615666,0.09010206987699924,0.0610940131443585,3.39438181178222,0.0,1.819378932179827
1,39.635634102570876,0.019795325698980078,11.984637916467527,0.030598159281616688,-0.00047348506380528316,0.08667573556506385,0.0353358838519644,4.065841493195551,0.0,2.1035925143017042
1,39.42827252354936,0.01943612194434679,11.982575787555419,-0.20736157902151575,-0.0003592037546332888,0.08604382703143196,0.1163796552504636,2.173788213263105,0.0,1.3196534171324796
1,39.28858737903911,0.0194590336900642,11.990100270670336,-0.1396851445102527,2.291174571741189e-05,0.08259435228354223,0.3879187739030303,4.614442943684162,0.0,3.0830590196481418
1,39.6681207110075,0.01927672848120435,12.004229560700843,0.3795333319683891,-0.00018230520885985022,0.069240871104202,0.3895277617268103,4.453514170348736,0.0,3.0058126086279886
1,39.48798169678885,0.01929266022837348,12.015153467577392,-0.1801390142186463,1.593174716912893e-05,0.053357911605960075,0.3887733508567616,2.164645110790229,0.0,1.8598692571086377
1,39.64928057086795,0.01936764709845585,12.014817110455455,0.16129887407910104,7.498687008236984e-05,0.05321554464546278,0.3136924054907034,2.6518752448298337,0.0,1.9533224333963237
1,39.58181183553908,0.01937017745936235,12.015391284634278,-0.06746873532887321,2.530360906499718e-06,0.05323211823415393,0.2629210021478946,2.301762992288549,0.0,1.6767235004400638
1,39.971749895376874,0.01947653799362442,12.025319292461019,0.38993805983779595,0.00010636053426207187,0.07504504832800603,0.2063721501307905,1.7102004190515665,0.0,1.2678445097873643
1,40.31988690188261,0.019330826628441912,11.981421042289643,0.34813700650573765,-0.000145711365182509,0.12904385945174712,0.084647857370058,2.2448046047597785,0.0,1.2916980171200052
1,40.26689135571253,0.01915555026375724,11.98496486751257,-0.05299554617008084,-0.00017527636468467334,0.12813069935623553,0.3516905690542637,2.9364514004263045,0.0,2.1716068383216798
1,40.21914882521047,0.01991347937724084,11.995457145329627,-0.04774253050206312,0.0007579291134836019,0.1322937807727339,0.2888131623008537,4.14090141929459,0.0,2.648077034249002
1,40.45459083455383,0.02018054863230572,11.989647491398845,0.2354420093433589,0.00026706925506488066,0.1334832613866838,0.444712137021419,2.0669298676006,0.0,1.9228892078431379
1,40.558064518562254,0.020461580286942022,11.976604934191254,0.10347368400842782,0.00028103165463630106,0.13975932158817564,0.0267870496809207,4.343093014688368,0.0,2.2251206067060254
1,40.396855980954825,0.02056191309965544,11.985059998486827,-0.16120853760742904,0.00010033281271341898,0.14404146091527442,0.0758767703430281,2.3899323108538413,0.0,1.3467196961129768
1,40.305926789119596,0.02057952053746761,11.989172329681447,-0.09092919183522952,1.760743781216781e-05,0.14459686006122344,0.0154105301487637,4.734222628829677,0.0,2.397932374712366
1,40.095885439720156,0.02072819873933167,11.996046218105892,-0.21004134939943953,0.0001486782018640595,0.14852419574774373,0.2157030262774837,4.487639078594086,0.0,2.6752255918520103
1,40.06816204680329,0.0199761564850711,11.994231467497409,-0.02772339291686876,-0.0007520422542605688,0.1483184400840901,0.2458991143351835,2.462125079741857,0.0,1.7228607685412956
1,39.91460175852375,0.01987092821504436,11.972892341456125,-0.15356028827953594,-0.00010522827002673943,0.1301729578610215,0.0481103918262027,3.5835810395031023,0.0,1.8880113034039565
1,39.469883221548294,0.01997867004523223,12.015957821394048,-0.4447185369754578,0.00010774183018787131,0.08118543566157882,0.2694710594120602,4.82968145466457,0.0,2.9537828461564053
1,39.47498534761287,0.02053085573420025,12.001644878327784,0.005102126064578272,0.0005521856889680182,0.10033303905321456,0.2433539887962905,1.560761926627038,0.0,1.2670889409061
1,39.465235926820256,0.02040563469254068,11.995518490633312,-0.009749420792616093,-0.0001252210416595699,0.09617924934645208,0.3160115848240531,3.974805726895649,0.0,2.6194260330959307
1,39.43101813221163,0.01972244541793887,12.011219808696087,-0.0342177946086224,-0.0006831892746018108,0.09871332694311884,0.2032895302450235,1.117268501008315,0.0,0.9652133109942045
1,39.628774964444624,0.01946481802532031,12.036116010835869,0.19775683223299012,-0.00025762739261855905,0.08664244425690132,0.3201022819741146,3.5876207957547224,0.0,2.43401496182559
1,39.61258963634599,0.019423130712886733,12.037164283469055,-0.016185328098636376,-4.1687312433577595e-05,0.08739720261180109,0.3730307460852456,3.526020340484397,0.0,2.5090716624126896
1,39.68534136444058,0.019548028967845403,12.051223468429935,0.07275172809459463,0.00012489825495867052,0.09613379768054177,0.4572541548121607,3.790127395272617,0.0,2.8095720072606296
1,39.77388751916536,0.018761607893953022,12.049361153920104,0.08854615472478145,-0.0007864210738923808,0.09520945206251398,0.1228976386944971,3.62820721856155,0.0,2.059898886669769
1,39.640953757352065,0.01895435548415153,12.035943952201512,-0.1329337618132982,0.00019274759019850818,0.1109086135421276,0.2672845823671066,2.5480025344977557,0.0,1.808570431983091
1,39.80937480741267,0.01894222516670626,12.033822495776622,0.16842105006060137,-1.2130317445270544e-05,0.11221981778533137,0.3928936994433407,4.79302975825436,0.0,3.1823022780138617
1,40.154535621666035,0.01862623215216109,12.029757173451738,0.34516081425336864,-0.00031599301454517115,0.11021157828879194,0.0427138567448256,4.825074638695551,0.0,2.4979650328374268
1,40.08956790878173,0.01854225241579532,12.04221950937006,-0.06496771288430381,-8.397973636576836e-05,0.0900619911364712,0.4693186105652085,1.9013960007903257,0.0,1.8893352215255799
1,40.32072900861478,0.01821709128846415,12.042443906152545,0.23116109983304511,-0.0003251611273311708,0.09002515622614779,0.0257311004844237,3.3712938388032088,0.0,1.7371091203704518
1,40.30451057707029,0.01871645296815396,12.009487048374446,-0.016218431544487544,0.0004993616796898116,0.12264401088817273,0.0826006385127537,3.451931452105825,0.0,1.8911670030784198
1,40.141370768170276,0.018877649405796858,11.993966236339487,-0.1631398089000129,0.00016119643764289648,0.11858672797741254,0.1680066382245595,3.910727732113076,0.0,2.291377142505657
1,40.2580025550526,0.01909857459869998,11.980397404591086,0.11663178688232279,0.00022092519290312085,0.11295513037196499,0.1145326436299066,1.175090615829114,0.0,0.8166105951743702
1,40.271353114623416,0.01881497701741732,11.979018873655201,0.013350559570817211,-0.00028359758128265744,0.11049826219542301,0.395792524610807,2.622470504399506,0.0,2.102820301421367
1,40.19096357831487,0.01943128177291893,11.989914271660163,-0.0803895363085445,0.0006163047555016073,0.1262217829651972,0.465123420160406,3.2873896526129918,0.0,2.5739416666273076
1,40.357480042711245,0.019780808377175434,12.017649304896318,0.16651646439637346,0.00034952660425650525,0.1266925007507417,0.2929440029709783,2.4684580196506443,0.0,1.8201170157672788
1,40.10972234492043,0.01986391322593384,12.022060761842969,-0.24775769779081713,8.310484875840782e-05,0.1253083564901374,0.3466662122628384,1.8303801599203249,0.0,1.608522504485839
1,40.083223814026496,0.02021167893603381,12.01397763742788,-0.026498530893931616,0.0003477657100999683,0.1251308992867664,0.0253041848640038,1.2844517366341184,0.0,0.6928342380450668
1,39.91122371525527,0.02014584209876929,12.026094856334407,-0.17200009877122824,-6.583683726452128e-05,0.12439009707323474,0.3694486550637478,3.40246493357089,0.0,2.440129776912941
1,39.856314606365814,0.02017756631576978,12.03432769764299,-0.05490910888945422,3.172421700049083e-05,0.1273770062084926,0.4472292162593966,4.341100415920263,0.0,3.0650086404789247
1,39.849307651258115,0.02019563794631448,12.061634773879225,-0.007006955107698332,1.8071630544701234e-05,0.0861795125542809,0.2040044825005173,1.263695990237601,0.0,1.039856960119835
1,39.821239196512835,0.02003511386645711,12.078605684006588,-0.028068454745280746,-0.0001605240798573694,0.07868414752648017,0.1324145862408757,2.376319276241937,0.0,1.45298881060272
1,39.675322083270146,0.01986561969314265,12.078766665936758,-0.14591711324268886,-0.00016949417331446268,0.07842160579636707,0.3176618050552992,3.2958712050031944,0.0,2.2832592126121956
1,39.639381040949004,0.01995831133821302,12.063839470230688,-0.03594104232114148,9.269164507037103e-05,0.07712338551350181,0.2386018051380586,2.3295293122467235,0.0,1.641968266399479
1,39.73805798370795,0.02001515089559098,12.038104658254506,0.09867694275894223,5.683955737795926e-05,0.07213241954662293,0.4649337762879719,2.419208481363953,0.0,2.13947179325792
1,39.87478700499999,0.02001226481257236,12.034387092367009,0.1367290212920409,-2.8860830186203112e-06,0.06680756133540373,0.4200481464321519,2.319328000297207,0.0,1.9997602930129075
1,40.19426145467645,0.01978465392134808,12.025248101666154,0.31947444967646277,-0.00022761089122427802,0.07660440991641622,0.450991030794564,1.154706128792518,0.0,1.4793351259853869
1,39.952679449971164,0.0198824066632413,12.050445752636282,-0.24158200470528612,9.775274189322003e-05,0.09842838841353331,0.1481160719006261,1.6314743208095508,0.0,1.1119693042060277
1,40.186017352541924,0.019615004951552762,12.034960462754924,0.23333790257076004,-0.0002674017116885384,0.10622563357013555,0.3929784235665155,2.838111637858648,0.0,2.205012666062355
1,40.07661652650968,0.019650653142081042,12.018853659687906,-0.10940082603224255,3.564819052827989e-05,0.10537337019743595,0.1907911555857884,4.1152091582808925,0.0,2.439186890312023
1,40.04672607718063,0.019693753271408994,12.034064817834714,-0.02989044932905216,4.31001293279519e-05,0.11881217412221302,0.3684517933190071,3.968349980936585,0.0,2.721078577106307
1,40.06334949575898,0.01995449419739698,12.043260684573863,0.016623418578348037,0.00026074092598798657,0.12947283308528448,0.1880025672793991,2.8827907374738464,0.0,1.8174005032957214
1,40.122400041257634,0.019901207041202417,12.050953901351203,0.05905054549865696,-5.328715619456331e-05,0.12650418716024908,0.457177433777202,2.6999823475973463,0.0,2.264346041353077
1,40.03452966261895,0.0197684704918177,12.052758689489014,-0.08787037863868363,-0.00013273654938471616,0.12586727872528408,0.3154418359993226,4.893717005097162,0.0,3.077742174547226
1,39.97265426023723,0.0195080942670876,12.057535090040961,-0.06187540238172318,-0.00026037622473010225,0.12175480566784726,0.1744071713961821,4.602778054571793,0.0,2.650203370078261
1,39.77718589816715,0.019233128408812743,12.05235420592871,-0.19546836207008056,-0.000274965858274856,0.12050188352765252,0.354349529518756,1.2376297218001588,0.0,1.3275139199375914
1,39.4819359571277,0.01953439468936626,12.079432128598594,-0.2952499410394438,0.00030126628055351587,0.11655171312323512,0.2739579297166231,2.2953648914308773,0.0,1.695598305148685
1,39.61556478813639,0.019385783637171007,12.047782323063927,0.13362883100868572,-0.00014861105219525148,0.11343300551927123,0.1177256878451744,1.7406550064184318,0.0,1.1057788788995646
1,39.50636191669416,0.019530271964095257,12.062381719024382,-0.1092028714422284,0.00014448832692424973,0.1040061690998365,0.2578841946698957,2.831849095214548,0.0,1.9316929369470652
1,39.60041527648455,0.01938516964411134,12.065995206663253,0.09405335979038654,-0.00014510231998391548,0.10028343684454594,0.0794620415427349,4.439666874369571,0.0,2.3787575202702556
1,39.63157040557707,0.01942813461311189,12.04125686873838,0.031155129092525158,4.296496900054944e-05,0.09627667885779277,0.3474022108054834,4.055510677346469,0.0,2.7225597602842013
1,39.50891865425404,0.01894316976059441,12.02174562983131,-0.12265175132303341,-0.00048496485251748114,0.07469256050151056,0.2579955099162951,2.159730535412685,0.0,1.5958562875389326
1,39.490070915275666,0.01925088586427099,12.012732927466457,-0.018847738978372774,0.00030771610367658075,0.07747998861629755,0.1990986426536173,4.2306271516091325,0.0,2.5135108611118007
1,39.38528098812963,0.019777842334854003,12.014670193458434,-0.10478992714603663,0.0005269564705830121,0.07794496960387745,0.400630751844759,3.60478767075392,0.0,2.603655339066478
1,39.264142802824516,0.02009762461835461,12.035674403851104,-0.12113818530511367,0.00031978228350060603,0.09493708912222998,0.0035857876083146,4.144515558389736,0.0,2.0794293544114972
1,39.2850839596076,0.02005539191508212,12.032266724522044,0.020941156783081283,-4.223270327248854e-05,0.09476164041390052,0.3228859352789041,3.8534398834215575,0.0,2.572491812268587
1,39.38179485551295,0.02044429341731862,12.018896321277941,0.09671089590535331,0.00038890150223649944,0.0787909326140168,0.067291026708859,1.900867055903097,0.0,1.0850155813692663
1,39.52478258760826,0.02013892297959987,12.042372021474414,0.1429877320953068,-0.0003053704377187494,0.07954888829418053,0.0811554863451138,2.89633289425745,0.0,1.6104774198189526
1,39.55821473729275,0.019918662166003482,12.044017257160068,0.033432149684493595,-0.00022026081359638808,0.08023374051416232,0.0133204921832736,2.721913220627298,0.0,1.3875975946801962
1,39.44939302981855,0.02008050600780373,12.060041218042345,-0.10882170747419906,0.00016184384180024936,0.08363171146670183,0.0220149759517124,1.7996667670125466,0.0,0.9438633354096981
1,39.33383297993442,0.02002728480928281,12.064468290512908,-0.11556004988413093,-5.3221198520921054e-05,0.07778952087553935,0.0496058356265555,2.9655403227199706,0.0,1.5819818326130963
1,39.517196783623035,0.0202512009849673,12.081239068465266,0.18336380368861427,0.00022391617568448888,0.08468362567783096,0.1561300053015764,2.043958683355561,0.0,1.3342393522809333
1,39.6691341182737,0.02005653548427945,12.085913939110036,0.15193733465066828,-0.00019466550068784894,0.0776970352818991,0.2625882232901481,4.315579800451832,0.0,2.6829663468062126
1,39.83285447353263,0.01977787967517721,12.080941439187601,0.16372035525892414,-0.00027865580910223925,0.08239842662926476,0.3887257850181773,2.613255959133848,0.0,2.0840795496032785
1,39.93944963593118,0.01963630363527365,12.055350944573789,0.10659516239855549,-0.00014157603990356052,0.08341655667142459,0.2286781050281852,1.0614043438605556,0.0,0.9880583819866482
1,40.10055282939756,0.019694433814033522,12.05101917700243,0.16110319346637425,5.8130178759871476e-05,0.08644929779867898,0.1812755270509045,4.632404737581779,0.0,2.6787534228926986
1,40.061915058346166,0.01919917910349516,12.050096551817907,-0.03863777105139121,-0.0004952547105383613,0.08648669107553186,0.2692258747429419,4.019236622519341,0.0,2.5480700607455544
1,39.938812846382675,0.01988359036804634,12.040519834781023,-0.12310221196349147,0.0006844112645511789,0.07914741191470734,0.4823536998398639,1.0884550206593988,0.0,1.5089349100094274
1,39.885541088719506,0.02035947938116054,12.055065388950217,-0.05327175766316827,0.00047588901311420087,0.0984878256842875,0.0671586640376143,3.447892654818021,0.0,1.858263655484239
1,39.91895250006473,0.02037265228230094,12.015075466166408,0.03341141134522019,1.3172901140400678e-05,0.13210618284801534,0.3941848584741196,2.943788767144265,0.0,2.260264100520372
1,40.196950014566774,0.01995084135300983,12.018466902246363,0.27799751450204724,-0.00042181092929111097,0.13178395517428063,0.2288464058931088,3.025276010596035,0.0,1.970330817084235
1,40.17067920834247,0.019906015230947,12.01339706923001,-0.026270806224303556,-4.4826122062829876e-05,0.12541121394703492,0.2310488252683413,3.794030632573544,0.0,2.3591129668234547
1,39.971486738711675,0.01979181434452723,12.011596568201766,-0.19919246963079473,-0.00011420088641976925,0.12578955790369895,0.4566563324945761,1.6715195837032928,0.0,1.7490724568407985
1,40.03770969010454,0.01954253350729205,12.013613103493181,0.06622295139286649,-0.0002492808372351815,0.12557434378245425,0.4168983829439592,4.653407665231109,0.0,3.160500598503473
1,40.02424307973176,0.019592711020831103,12.01436815065392,-0.013466610372780963,5.01775135390535e-05,0.12508575700112173,0.4079544234202739,4.50656496233991,0.0,3.0691913280105028
1,39.919745928737406,0.01936483396868511,12.016695590523204,-0.10449715099435508,-0.00022787705214599371,0.12454945468006554,0.1458470759100908,2.970905191749201,0.0,1.7771467476947822
1,40.00376257916087,0.01944220270261746,12.017011379591604,0.08401665042346451,7.736873393235019e-05,0.12462694823727177,0.4118071113870097,3.590840386163423,0.0,2.619034415855731
1,39.765089251076155,0.01912077092489406,12.0253366968974,-0.2386733280847153,-0.00032143177772340006,0.13007460492814701,0.1520335130763069,2.676448158404312,0.0,1.6422911053547697
1,39.699985804765724,0.01868642874582482,12.006328383010663,-0.06510344631043097,-0.00043434217906923936,0.10964639431593842,0.0212337278712916,3.671447514181301,0.0,1.8781912128332339
1,39.67662976422166,0.01874367973656095,12.029690992669684,-0.023356040544065593,5.72509907361303e-05,0.06374129228582434,0.2451671211453494,1.3322660021045305,0.0,1.1564672433429641
1,39.41348336216085,0.019118906585646474,12.023404933105805,-0.2631464020608121,0.00037522684908552345,0.06752265247812322,0.2256671002458807,3.881014123242797,0.0,2.39184126211316
1,39.504190315732075,0.019421857764539432,11.997273340899957,0.09070695357122815,0.0003029511788929587,0.06961143949513782,0.1899977577546048,1.477860540546012,0.0,1.1189257857822157
1,39.51796210198463,0.01937824523159516,12.008895217570181,0.013771786252554818,-4.3612532944273946e-05,0.07578675172027478,0.3591030483517518,4.288305483678285,0.0,2.8623588385426464
1,39.47878602910413,0.01967610174850131,11.988038390535822,-0.03917607288050107,0.0002978565169061524,0.10006983784907511,0.4806267622999222,4.098034626090492,0.0,3.0102708376450904
1,39.54867979663576,0.019367338198591818,11.987408895286203,0.06989376753163157,-0.00030876354990949303,0.10039150646965778,0.4453273957551717,2.879414974364715,0.0,2.330362278692701
1,39.75436847053173,0.01935008326694659,11.97866455997654,0.20568867389597045,-1.725493164522751e-05,0.10282737859151267,0.2020837398517563,1.4195670960741378,0.0,1.1139510277405815
1,39.73338030150969,0.01940524897726622,11.980728474167424,-0.020988169022039926,5.5165710319628886e-05,0.10452111664935267,0.4491919192008287,4.414644638243872,0.0,3.1057061575235934
1,39.93585028440775,0.01970466342435899,12.025927566093857,0.20246998289805873,0.0002994144470927704,0.21709631108787436,-0.0471111512702631,3.318456129121723,0.0,1.5650057620203353
1,39.90683861215224,0.02013055544981187,11.952776514535811,-0.029011672255506937,0.00042589202545288,0.3144624093452097,-0.1537595702477047,1.36680554541309,0.0,0.37588363221113563
1,39.944848150149014,0.02029240140143304,11.955339603464799,0.038009537996771314,0.0001618459516211715,0.31482689814185427,0.1373162321665431,0.23642447053657,1.0,5.392844699601371
1,40.0418903400527,0.01998838157887318,12.091719131183376,0.09704218990368929,-0.0003040198225598596,0.5351601365848894,-0.1004382015190283,2.543945951316853,0.0,1.07109657262037
1,39.94346410684257,0.02044192242448879,12.03148743299602,-0.09842623321013377,0.0004535408456156076,0.5930565608656883,-0.2174621779786688,2.5745939257962616,0.0,0.8523726069407932
1,39.885882093661785,0.02067951583449758,12.005626362098155,-0.057582013180784486,0.00023759341000879203,0.5955660158540741,0.1195505811980918,1.818664633300388,1.0,6.1484334790463775
1,39.85186253713503,0.02059800688395556,12.093081448715898,-0.03401955652675781,-8.150895054202106e-05,0.6257941232414705,-0.0371856400581303,3.787502109504472,1.0,6.8193797746359754
1,39.804985857820554,0.02053315168097426,12.168140619099756,-0.04687667931447237,-6.485520298130099e-05,0.6497460539246775,0.1536350656511972,3.7268795991382606,0.0,2.1707099308715248
1,39.73347230084126,0.02063847337823807,12.12450198759124,-0.07151355697929773,0.00010532169726381116,0.6825495661962697,0.2236152577104607,1.7288539862760977,0.0,1.3116575085589703
1,39.70893043446462,0.020986996778100692,12.078431997400052,-0.024541866376637245,0.00034852339986262207,0.7021591565261492,-0.157291398567858,2.9248836790273347,0.0,1.1478590423779513
1,39.80889420282771,0.02069815174703507,12.03922103416193,0.0999637683630894,-0.0002888450310656217,0.6810617040791789,-0.0545543273375437,0.8280144638702794,1.0,5.304898577260053
1,39.90565954007854,0.02089139137960912,12.071598412424416,0.09676533725082948,0.00019323963257405,0.649242874924401,0.1558763362351249,0.2275181413380662,0.0,0.42551174313928286
1,39.941179823092874,0.02067624713008144,12.034538249864298,0.03552028301433552,-0.00021514424952768021,0.6637462594264806,0.0500332809617844,3.903765366128392,0.0,2.0519492449877648
1,40.07313690957601,0.02113882182728686,11.862422931577957,0.13195708648313342,0.0004625746972054187,0.4938031698057308,0.0148175735403729,1.3253527603947106,0.0,0.6923115272781011
1,39.95015363297581,0.02100845180857906,11.927447721767653,-0.12298327660019481,-0.00013037001870780038,0.4481855795886468,0.0706322136856097,3.7703975364441296,1.0,7.026463195593284
1,40.22506027285819,0.02097128364113817,12.049238388155633,0.2749066398823743,-3.716816744088816e-05,0.5699255228065001,0.2194638054531129,0.996810286566266,1.0,5.937332754189359
1,40.49753938642261,0.021145649850054703,12.008978124996721,0.27247911356442245,0.0001743662089165321,0.5337563511883845,0.3041469220060518,4.203439092599841,0.0,2.710013390312024
1,40.705075994083536,0.02159689210675223,11.966776575879233,0.20753660766092707,0.0004512422566975288,0.4888000514051912,0.2676703772338879,2.388463421468637,0.0,1.7295724652020943
1,40.69179394218396,0.021775444323483478,12.006110326192085,-0.013282051899572878,0.00017855221673124602,0.4600283535594745,-0.1662043528248233,2.1402360738657755,1.0,5.7377093312832415
1,40.81265793096172,0.021466293513041797,12.002307696347103,0.1208639887777565,-0.00030915081044168014,0.463845536284926,-0.0169698322809351,1.2300238641142798,1.0,5.581072267495269
1,40.43340309325528,0.021736107367373362,12.065044424076442,-0.37925483770644064,0.0002698138543315645,0.5308008479975316,-0.1069815064390474,2.069272146401669,1.0,5.82067306032274
1,40.34576338776913,0.02153708810484547,12.00771439403658,-0.08763970548614708,-0.00019901926252789345,0.6084165003043557,0.0560634254484155,2.9646455868136417,0.0,1.5944496443036518
1,40.418245302890554,0.02196967678435688,12.077371370732076,0.07248191512142199,0.00043258867951141006,0.6010296125438859,-0.0516816636404388,2.7681195109264576,0.0,1.2806964281823512
1,40.279045269210926,0.022160158521823247,12.093284107471376,-0.13920003367962863,0.0001904817374663685,0.5890389361454021,-0.0210881256022675,2.3654716884916884,1.0,6.140559593041309
1,40.32963400791237,0.02237859644374613,12.040515342248334,0.05058873870144254,0.00021843792192288367,0.6283455051725256,-0.2163836510675963,3.473276399183809,0.0,1.303870897456712
1,40.2614705533423,0.02248804788606617,11.923774260879167,-0.0681634545700689,0.00010945144232003823,0.5175463944839133,0.0288291431395125,0.7570737954462174,1.0,5.436195184002134
1,40.1872898909876,0.02271996150443557,11.880892066990786,-0.07418066235469922,0.00023191361836940108,0.502861015618259,0.0844871426889687,2.8275438268741144,1.0,6.582746198814995
1,40.056664001448084,0.0231583808973513,11.874796891349494,-0.13062588953951604,0.0004384193929157301,0.49800620011774993,0.2355021974713197,3.531085415220179,1.0,7.236547102552729
1,39.74095746645686,0.02345456598233533,11.858906936582184,-0.3157065349912216,0.0002961850849840311,0.5006760479956921,-0.1130937503411099,0.6441261717135629,0.0,0.09587558517456166
1,39.75532350387893,0.02368916520342073,11.895461182256206,0.014366037422064437,0.00023459922108539852,0.49030249218884725,0.233933052080416,0.4319535948500513,1.0,5.683842901585858
1,40.130844641530516,0.02387603629450278,11.83569271315292,0.3755211376515888,0.0001868710910820498,0.390707869181229,0.1913754805317603,3.7835310482189257,0.0,2.2745164851729833
1,40.45297836353542,0.02410390182541019,11.913397442961763,0.32213372200490653,0.00022786553090740902,0.2798992908772157,0.1632234280597469,0.9738303106536788,1.0,5.813362011446333
1,40.46678806810254,0.0239430933935002,11.97638263025959,0.013809704567115944,-0.0001608084319099888,0.42042971634450327,0.1345463367282847,2.1564962848180413,1.0,6.34734081586559
1,40.63429263212807,0.024217052887453176,11.96603821364464,0.16750456402553482,0.00027395949395297645,0.4275209882049142,-0.0301851562809462,2.565054179312018,0.0,1.2221567770941166
1,40.79352243982115,0.024063724615161,11.98407366400861,0.15922980769308026,-0.0001533282722921761,0.403906083548168,0.1384358625760713,2.734032256510907,0.0,1.6438878534075962
1,40.820525758405985,0.024290867762669602,11.975068941917646,0.02700331858483196,0.00022714314750860165,0.4072794647328492,0.0643793808463048,2.828834626525135,1.0,6.543176074955177
1,40.863585283869256,0.02434408744775871,12.069810668804156,0.04305952546327063,5.3219685089107155e-05,0.4777956602753962,0.1811937335355878,2.2522314822612204,0.0,1.4885032082017857
1,40.97692868788765,0.02436998811906681,12.163843251986835,0.11334340401839427,2.5900671308101697e-05,0.5875288985496516,-0.0124768688868263,1.0815557574091907,1.0,5.515824140930943
1,41.31138785832719,0.02463024092082005,12.136800575568051,0.334459170439537,0.0002602528017532392,0.6161681509364116,-0.0556491540244902,3.579962539944065,1.0,6.678682961923052
1,41.20447015552405,0.02438820440174089,12.112585180601188,-0.10691770280313762,-0.00024203651907915916,0.629660399155039,0.0898387292963817,1.3832047402678134,0.0,0.8712798287266701
1,41.291299502621534,0.02472060562884473,12.000287638142268,0.0868293470974848,0.00033240122710383874,0.7028063484973803,0.0943850431207674,4.147480396649595,0.0,2.262510284566332
1,41.32981417692843,0.02492096174479624,11.958289526636605,0.03851467430689581,0.00020035611595151104,0.7260942330101983,0.1906781109889196,1.343877083046458,1.0,6.053294763501068
1,41.47284865558207,0.025243110120562767,11.824200934298169,0.1430344786536395,0.0003221483757665268,0.6384691945218506,0.1039897960002443,2.3534559188358437,0.0,1.3847075514184104
1,41.431409761361486,0.02520074052271713,11.851538359489416,-0.04143889422058322,-4.236959784563801e-05,0.636407207024024,0.2645167929394921,1.43936599458756,0.0,1.2487165831727642
1,41.26454440781592,0.02542199904474927,11.893442829748947,-0.16686535354556753,0.0002212585220321417,0.6299640304843799,0.0207815715651579,3.2852572401777005,0.0,1.684191763219166
1,41.331065359094225,0.02592050672165346,11.94105067679761,0.06652095127830648,0.0004985076769041877,0.6398444627656041,-0.1598428346119985,3.155449426756922,1.0,6.258039044154464
1,41.36732647443126,0.02613260487332376,11.876303217768273,0.0362611153370338,0.00021209815167030216,0.5734116503586014,0.1281638140069785,3.5995878508452006,1.0,7.056121553436557
1,41.39623854186719,0.026130717608378477,11.75967835837108,0.028912067435932443,-1.88726494528349e-06,0.3682935619625499,0.3052028130303469,3.1853948649880497,1.0,7.203103058554719
1,41.323065553349664,0.026092704998533427,11.769968195408264,-0.07317298851752696,-3.801260984504992e-05,0.35975353138959976,-0.0684180971451057,3.550826365642981,1.0,6.638576988531279
1,41.355512363073,0.02653865923278815,11.708014273013012,0.03244680972333214,0.00044595423425472167,0.4226618503891548,-0.1623680178234945,1.0167476866010317,1.0,5.183637807653527
1,41.210278916769155,0.02668987094682987,11.68313101218713,-0.14523344630384116,0.0001512117140417199,0.46713277084818144,-0.1464052214377239,3.7537342632571074,0.0,1.584056688753106
1,41.0774618524354,0.0268441789546535,11.780490373120829,-0.13281706433375717,0.00015430800782362947,0.5044838958050052,0.1609885751710773,0.230232805861614,0.0,0.4370935532729616
1,40.88755755771163,0.026781207078697838,11.787579454264051,-0.18990429472376746,-6.297187595566064e-05,0.5025047228855204,-0.1054362292160032,3.594004936907095,1.0,6.586130010021542
1,40.96636645173784,0.027194348962815928,11.782253016458228,0.07880889402620994,0.00041314188411809005,0.5010925425920334,0.2663669103353019,2.190814222029794,1.0,6.6281409316855004
1,41.140177018264524,0.02735693506870155,11.787238913089954,0.17381056652668292,0.00016258610588562247,0.5036792305373262,0.0955871645989006,3.363404799588579,0.0,1.8728767289920907
1,41.178030660606986,0.027420921363511007,11.846745604457439,0.037853642342462024,6.398629480945661e-05,0.5945205672479897,-0.1405377542791194,0.8584230489253482,0.0,0.14813601590443526
1,41.15365347450787,0.02786380577414389,11.721469705578604,-0.02437718609911599,0.0004428844106328829,0.6537060218165076,0.2623481669057329,3.3458375183722087,0.0,2.1976150929975704
1,41.09682548102255,0.02831072160508602,11.72568001870354,-0.05682799348532086,0.0004469158309421302,0.6556900259337577,0.1673819199535576,3.5827040778337684,0.0,2.1261158788239993
1,41.14626711322391,0.028450954790060944,11.740913327197,0.04944163220135778,0.0001402331849749243,0.6527726020112716,0.157237490216257,3.667144166106527,1.0,7.148047063485778
1,41.2517652802643,0.02847681044341572,11.761040247229126,0.10549816704039472,2.585565335477477e-05,0.6326388547676735,0.0788133216994938,0.4350046400109567,0.0,0.37512896340446594
1,41.34075093502463,0.028089432911472423,11.848477457916504,0.08898565476032871,-0.0003873775319432962,0.5484016371799791,0.094012917981002,2.203147381998216,0.0,1.289599526961112
1,41.4035288321915,0.028560683344192483,11.772216728574408,0.06277789716686755,0.0004712504327200606,0.5174453003720875,0.0218270899948662,4.104874467297271,0.0,2.096091413638368
1,41.6992385685477,0.02894146347514346,11.845937470629655,0.29570973635620135,0.00038078013095097646,0.5559805540668675,-0.0354913651739893,4.061957235822465,0.0,1.959995887563254
1,41.764188900097835,0.02905483322539268,11.876347926485849,0.0649503315501363,0.00011336975024921897,0.5661540834314064,0.2610852283224485,0.8772012378744822,1.0,5.960771075582138
1,41.861491543264655,0.029061283702397522,11.84540053089219,0.09730264316682025,6.450477004843469e-06,0.5644120005130744,0.0939593356424885,2.014611125091841,0.0,1.1952242338308974
1,41.939711489141935,0.02889664585351227,11.750908538188142,0.07821994587727943,-0.00016463784888525249,0.4392295342245645,0.1957991040716059,3.293685908180884,1.0,7.038441162233654
1,41.930063286834205,0.029050731959377442,11.79785984875064,-0.009648202307730003,0.000154086105865172,0.3541028319372257,0.0162112049230991,0.4243177780625108,1.0,5.244581298877454
1,42.02880396234705,0.02887511979544179,11.816411895433822,0.09874067551284327,-0.00017561216393565185,0.37159513000768274,-0.0756947634278827,3.723589655339949,0.0,1.710405300814209
1,42.25444888151226,0.029451788850077598,11.860992384319486,0.22564491916521234,0.0005766690546358082,0.38222670156264416,-0.0607625834866722,0.6312518901591471,1.0,5.194100778106229
1,42.179305340672656,0.029698764044198002,11.954021949984348,-0.07514354083960484,0.00024697519412040375,0.333288259781285,0.0081628161877974,0.7761070688865981,0.0,0.40437916681889385
1,42.169842259765545,0.030076276704030368,12.006941359035348,-0.009463080907110566,0.0003775126598323658,0.3357565319268818,0.1321553823208149,1.650735376418952,0.0,1.0896784528511059
1,42.14060583697973,0.02973420080287506,12.050076032621732,-0.029236422785814398,-0.00034207590115530734,0.3075819392819543,0.0976086402074155,2.2830754608420296,1.0,6.336755010835846
1,41.85596592382989,0.02966541676841507,12.026429797286093,-0.2846399131498387,-6.878403445998924e-05,0.28324002077438787,0.2317519189000599,0.821469170545631,0.0,0.8742384230729352
1,41.73461822302027,0.029593940108566308,11.983922878642204,-0.12134770080962198,-7.147665984876331e-05,0.28911308111743184,0.239284552189948,2.9367195125794434,1.0,6.946928860669618
1,41.8111164209825,0.02965590274784949,12.097565116800363,0.07649819796223056,6.196263928318069e-05,0.3870565995762795,0.2269082643625352,3.788273053168007,0.0,2.347953055309074
1,41.59303093272738,0.029666989748666384,12.02398079439412,-0.2180854882551202,1.1087000816895065e-05,0.48201355608526036,-0.0057897169928727,3.850199370631252,1.0,6.913520251329881
1,41.540415407016845,0.02935601454618192,12.133123260021032,-0.05261552571053585,-0.00031097520248446475,0.4368871176945277,-0.0686398005123193,3.3569636347862466,1.0,6.541202216368484
1,41.3642317133067,0.029449380193580676,12.106610364761153,-0.17618369371014353,9.336564739875763e-05,0.43988586460086343,-0.0481871509962665,2.283410747370889,1.0,6.045331071692912
1,41.22242076792375,0.029264104557025317,12.062117700184796,-0.14181094538295014,-0.00018527563655535914,0.45798128941831595,-0.0912803125430425,4.061493904299677,0.0,1.8481863270637537
1,41.52045800269472,0.029662985078320554,12.126828091912145,0.2980372347709661,0.0003988805212952369,0.5214593460819965,0.1051261854425105,2.745881658727728,0.0,1.583193200248885
1,41.75386519007019,0.02977640722450269,12.043001734867293,0.2334071873754695,0.00011342214618213428,0.5635110982506153,0.3550779040131628,4.25042125693829,1.0,7.835366436495471
1,41.905123865974694,0.03012233176803137,12.070672592138214,0.1512586759045078,0.0003459245435286813,0.5709155578453817,0.1626066534171204,3.70400386497988,1.0,7.17721523932418
1,41.972192880042954,0.030250934148897225,12.013447316445,0.06706901406825949,0.0001286023808658547,0.585700521847992,-0.1147922116845368,0.8518499489669992,1.0,5.196340551114426
1,42.14624294988298,0.030461685831898767,12.08498391964353,0.17405006984002824,0.00021075168300154282,0.5945261149880944,-0.0181537835115142,2.093245596282933,1.0,6.0103152311184385
1,42.13397508670691,0.030710890118895367,11.938411776289463,-0.012267863176070648,0.0002492042869965995,0.5587599854469488,0.071216518465953,3.4304522935954305,1.0,6.857659183729622
1,42.27446298904625,0.03124368769599809,11.991427825293849,0.14048790233933772,0.0005327975771027248,0.5019286014441958,0.1007492090374423,3.1471253430951074,1.0,6.775061089622438
1,42.375773022670465,0.03124326730378447,11.941039102542863,0.10131003362421609,-4.203922136201965e-07,0.4749789580099499,0.0760395287559472,2.511662270578056,1.0,6.407910192800922
1,42.61449384853661,0.03158352313674194,11.841111183402793,0.23872082586614596,0.000340255832957468,0.5701729604727689,-0.0202273956892291,2.3773950458049837,0.0,1.1482427315240336
1,42.67838585288246,0.03201725551776594,11.844974614307137,0.06389200434584552,0.0004337323810240032,0.5692224097735665,0.1894048302175421,0.6212385820801961,1.0,5.689428951475183
1,42.62227737206648,0.03223227429684848,11.82120173711291,-0.05610848081597908,0.0002150187790825389,0.5258816359250964,0.3244439506826178,2.799701194703448,1.0,7.0487384987169595
1,42.45410755009664,0.03224975231199824,11.91014813154796,-0.16816982196984043,1.7478015149757775e-05,0.5258656071102109,0.2482270775192757,0.7208232272984811,0.0,0.856865768687792
1,42.37632287370924,0.03245169998594758,11.863348391867586,-0.07778467638739528,0.0002019476739493417,0.5045649985875204,0.1076929577973771,2.5523856834615284,1.0,6.491578757325518
1,42.45301010108979,0.03269750411062849,11.899773396429838,0.07668722738054612,0.00024580412468090673,0.49827120577733736,-0.0907237567828722,2.96320506039313,1.0,6.3001550166308204
1,42.44125660330154,0.03255843442065646,11.762023044863636,-0.011753497788248524,-0.0001390696899720295,0.5125732770901003,-0.015703858152754,2.961637712602747,1.0,6.449411139995865
1,42.272705988692486,0.032358758862079624,11.782221511017614,-0.16855061460905318,-0.00019967555857683394,0.5008067485135838,0.1027923805830759,2.0404967072718905,0.0,1.2258331148020971
1,42.57336737413434,0.032433009149180014,11.74611707277018,0.30066138544185605,7.425028710039e-05,0.518621277786907,0.4929881656456293,2.749222751967203,1.0,7.36058770727486
1,42.66924713528787,0.032667432509370764,11.752273087526289,0.09587976115352603,0.00023442336019074972,0.5216589094531213,0.1295184391751251,2.628478406305959,0.0,1.5732760815032296
1,42.77976472416081,0.03248525427130983,11.780126299554546,0.11051758887294483,-0.00018217823806093714,0.4793953075028769,0.346858851966196,4.564979576410137,1.0,7.97620749213746
1,42.833100443988556,0.0322251670292583,11.78146135940445,0.05333571982774288,-0.0002600872420515238,0.4792779907411718,-0.0092324417531632,1.2904961123045928,1.0,5.62678317264597
1,42.761891474883214,0.032354649581803466,11.688532834387642,-0.07120896910534213,0.0001294825525451626,0.3800228474367089,-0.0522827018693275,3.234484842653632,1.0,6.512677017588161
1,42.77688940109472,0.03267057447520264,11.65015998681881,0.014997926211506751,0.00031592489339917623,0.32576115084786056,0.0941875908122063,0.624543783617245,0.0,0.5006470734330352
1,42.891193725582355,0.03247126623584337,11.598045157730903,0.11430432448763383,-0.00019930823935927072,0.32945172115559795,0.3691223305925124,0.7054131706071971,0.0,1.0909512464886233
1,42.855658915848565,0.03274364390340026,11.634646042818499,-0.03553480973378953,0.00027237766755688897,0.39174685183466,0.31199697647458,2.1364777246627047,0.0,1.6922328152805124
1,42.82530319033783,0.03286217145126458,11.796970942784949,-0.03035572551073784,0.00011852754786431663,0.4714526243047519,-0.0324572150481516,1.805874840562947,1.0,5.83802299018517
1,42.976352554524134,0.03303394937241488,11.894500300438844,0.15104936418630643,0.00017177792115029983,0.5256563532161694,-0.0622399642014999,4.135063826500467,1.0,6.943051984847234
1,42.78864400311695,0.03305457293286746,11.923634124902524,-0.18770855140718368,2.062356045258451e-05,0.5000227999876388,0.1842930179482549,2.75541564519931,0.0,1.746293858496165
1,42.6582505051342,0.03343669398165805,11.80751550453291,-0.13039349798275168,0.0003821210487905888,0.6019322374247048,0.2149785668849682,3.121413727769334,1.0,6.990663997654604
1,42.55712857562918,0.0337658785427736,11.80882393093368,-0.10112192950501964,0.00032918456111555305,0.600530499684025,-0.0156109245408082,3.294434257915863,0.0,1.6159952798763153
1,42.754185712693754,0.03430462755883177,11.794466804481381,0.19705713706457573,0.0005387490160581668,0.6038120134619921,0.0748398311733405,4.22340617283326,0.0,2.261382748763311
1,42.66536721074687,0.03415565949333244,11.802451545957572,-0.08881850194688212,-0.0001489680654993275,0.6027065146302417,0.3253010104576285,3.2962180347087635,1.0,7.298711038269639
1,42.49731117481952,0.034322982918239195,11.806210881027985,-0.16805603592734997,0.00016732342490675262,0.6036833253782011,1.3934344729599202e-05,2.5401758532610885,1.0,6.270115795320003
1,42.575890849654485,0.034689587754903314,11.840196242543092,0.07857967483496253,0.00036660483666411947,0.5839297719308123,0.3965497144721233,1.3500725217915377,0.0,1.4681356898400155
1,42.682284871928914,0.03442647614863602,11.765052852266749,0.10639402227442929,-0.0002631116062672967,0.5585896106286099,0.2023481936287126,1.4390482951549617,1.0,6.124220534834906
1,42.72602762900862,0.03477302965717724,11.647769755633574,0.04374275707970554,0.00034655350854122247,0.4485156564988993,0.2067615345249833,3.8797828558783,0.0,2.3534144969891164
1,42.76849059723453,0.0350579495756382,11.696644525402016,0.042462968225912334,0.0002849199184609616,0.5714919485389944,-0.0325228000720427,2.567152355343626,1.0,6.218530577527728
1,42.7701670165438,0.03493287408203238,11.773975770913196,0.001676419309269761,-0.00012507549360582515,0.6149421183713727,0.2585572306155175,0.8221957755403082,1.0,5.928212349001189
1,43.000326201326516,0.035330287046739316,11.873228324105296,0.23015918478271402,0.0003974129647069391,0.522324722755926,0.2459324705774783,3.6274573796149623,0.0,2.305593630962438
1,43.00986752513737,0.03534607007780652,11.96467548114678,0.009541323810857705,1.5783031067202746e-05,0.4761865832152484,0.0651977075489081,3.614092940236637,1.0,6.937441885216135
1,42.7237499751477,0.03525458073197121,11.996278825553896,-0.286117549989676,-9.148934583530499e-05,0.4599466684481128,0.3308651922341226,0.5628020153930248,0.0,0.9431313921647575
1,42.93984362668519,0.0354021628760181,11.925485280548235,0.21609365153749138,0.0001475821440468858,0.5461994871657523,0.1515641388220235,1.3175460612197163,0.0,0.9619013082539052
1,43.19957445981355,0.03524154317484794,11.960004289192536,0.25973083312835854,-0.0001606197011701574,0.559659027454396,0.2004885370730195,4.291008693825842,1.0,7.54648142105896
1,43.179499067737765,0.035481013153755916,11.933548792361506,-0.020075392075781906,0.0002394699789079746,0.5801133559073903,-0.0587010536061312,4.540335989538158,1.0,7.152765887556816
1,43.05725422782747,0.03578370453907711,11.889062248167157,-0.12224483991029444,0.0003026913853211924,0.6239135089091,-0.0688168580626738,0.647504246080197,1.0,5.186118406914751
1,43.004999447275836,0.03585878845411553,11.98575296878388,-0.05225478055163535,7.50839150384236e-05,0.6394553789684324,0.1785567368681366,4.194793366171901,0.0,2.4545101568222236
1,42.73633729848256,0.03578188675993831,11.862094744427923,-0.26866214879327543,-7.690169417721993e-05,0.5132805952486407,0.2616388646627978,0.5648248518347847,1.0,5.805690155242988
1,42.82931924980277,0.03612201862265686,11.896293647605605,0.09298195132021192,0.00034013186271854984,0.5636488216215645,-0.0163152919521322,4.693711428487949,1.0,7.31422513033971
1,42.7659962494057,0.035922522049405645,12.06428783373626,-0.0633230003970695,-0.00019949657325121772,0.7614238104950847,0.1745702880896957,4.6589769264463,0.0,2.6786290394025416
1,42.90111222341431,0.03608378905166948,12.042465493039444,0.1351159740086061,0.0001612670022638346,0.7618377601261246,0.452868691063732,3.749701824417296,0.0,2.780588294336112
1,42.95466603465442,0.036358820021294695,11.935160015201465,0.05355381124011416,0.00027503096962521595,0.8510357842090797,-0.058823011437284,2.082785696088848,0.0,0.9237468251698558
1,42.850244187019676,0.036697398031987113,12.062995493320663,-0.10442184763474671,0.0003385780106924183,0.7985768636281739,0.2612443544337954,1.8563578277936663,0.0,1.450667622764424
1,42.88199503550251,0.037404990125725304,11.967337253358195,0.0317508484828366,0.0007075920937381908,0.8227124746747949,0.3763071375180425,1.871151885692692,0.0,1.688190217882431
1,42.81442910353026,0.03743067645684647,11.981914968807883,-0.06756593197225413,2.5686331121169137e-05,0.8131318874941946,-0.1017998045958461,4.197427003444109,1.0,6.895113892530363
1,43.081875015278925,0.0374086803696365,12.105448181720195,0.2674459117486663,-2.1996087209971704e-05,0.7660941053089062,0.2503902357286008,1.4708368826697518,0.0,1.2361989127920774
1,43.15585499541438,0.03761452647776794,12.144422572945867,0.07397998013545504,0.00020584610813143694,0.798324895256785,0.2694793240178145,0.6975068817137449,1.0,5.887712088892501
1,43.403228816283026,0.038464194401153076,12.117564934835114,0.24737382086864557,0.0008496679233851376,0.8142531369582011,-0.0697137939959718,4.318860793107176,1.0,7.020002808561644
1,43.38634512541632,0.03887567016286385,12.0829623202282,-0.016883690866706047,0.00041147576171077227,0.790745914788601,0.3425930588777464,1.7952651266282889,1.0,6.582818681069638
1,43.32291199669634,0.039072835841435095,11.90874474405676,-0.06343312871997853,0.00019716567857124695,0.6095708592260995,0.2105342951597276,1.3617026340931335,0.0,1.101919907366022
1,43.23826174329823,0.03944972028585853,11.914087431687483,-0.0846502533981095,0.0003768844444234365,0.6100241126406717,0.3570727594962098,2.373306497259396,1.0,6.900798767622117
1,43.20604761936566,0.03930322906310423,12.074156917015516,-0.03221412393256884,-0.0001464912227542997,0.49947777648391406,0.0343059905871644,4.094231898176019,0.0,2.115727930262338
1,43.42643615924328,0.03881149341587411,11.994943044036296,0.22038853987761797,-0.0004917356472301238,0.5162855370064251,0.1576653562778003,2.304084701155856,1.0,6.467373063133529
1,43.41274698380886,0.03835206984202693,12.002082631589474,-0.01368917543442194,-0.0004594235738471786,0.5068257288142474,0.0269069687677087,1.0189990665092312,0.0,0.563313470790033
1,43.50931727974734,0.03893052135300474,12.046180146596464,0.09657029593848421,0.0005784515109778093,0.4830750882093786,0.2281897802134624,4.3752582537979965,0.0,2.644008687325923
1,43.51848616243181,0.03916497427318165,12.031701769279683,0.009168882684470248,0.00023445292017690994,0.47367862833735336,0.3278432252707801,1.0243998768219695,0.0,1.167886388952545
1,43.65853469449594,0.03928483788153153,11.982635498599212,0.14004853206412804,0.00011986360834988219,0.3918594771529045,0.3437828547672883,2.771854232708389,1.0,7.073492825888771
1,43.67628857232607,0.03894517917982702,11.971197754269,0.01775387783013116,-0.00033965870170451357,0.4067468905047064,0.3604525772389564,0.8545136650424459,0.0,1.1481619869991357
1,43.64684133566963,0.039001095148628026,11.920637258415216,-0.029447236656444886,5.59159688010083e-05,0.3752540948347127,0.3964562162690691,2.476254196092465,0.0,2.0310395305843705
1,43.868238754245105,0.03887332484435524,11.958507556185314,0.2213974185754779,-0.0001277703042727868,0.3785867135532444,0.0272907951265641,3.172117833515173,0.0,1.6406405070107146
1,43.88043163046453,0.039177791206124656,11.936370120209316,0.012192876219422999,0.00030446636176941627,0.38332828656839324,0.2043360903501085,1.3904524083580792,0.0,1.1038983848792565
1,44.049936975471795,0.039259835815292556,11.86344009223088,0.16950534500726633,8.204460916790002e-05,0.3419661813511057,0.1250478676713448,2.368056523090001,1.0,6.43412399688769
1,43.7218936829863,0.03947051495020868,11.94430377334836,-0.32804329248549635,0.00021067913491612522,0.3528135138288184,-0.0351419810934021,0.8046527176391516,0.0,0.3320423966327716
1,43.83381135442263,0.03998940688266496,12.074956382230946,0.11191767143633058,0.0005188919324562793,0.3796960000159364,0.321024499520031,1.448982216375211,0.0,1.3665401072276675
1,43.87823037357305,0.039665775577377924,12.09147574814893,0.04441901915041768,-0.00032363130528703654,0.37989319451579245,0.2421544073098702,2.286541226876202,0.0,1.6275794280578415
1,43.891828997595105,0.03957509794026242,12.077274806292518,0.013598624022058914,-9.067763711550353e-05,0.376111778256226,0.0576895810570363,1.9021141088468847,0.0,1.066436216537515
1,43.846465777261606,0.03981861151823386,12.076156269213595,-0.045363220333499044,0.0002435135779714423,0.3750230050784331,-0.0281640710727153,4.171394413873697,1.0,7.0293690647914175
1,43.99214333029743,0.040293152508606586,12.142233166672796,0.1456775530358243,0.0004745409903727238,0.3043835733556372,0.4505671709225147,2.5411651739420638,0.0,2.1717169288160614
1,43.95826976906057,0.040499771040929326,12.120080425555415,-0.03387356123685947,0.00020661853232274013,0.32996333025277924,0.1810253407268274,4.017201812306569,0.0,2.370651587606939
1,43.928994605098886,0.040874897384931955,12.088444109292166,-0.02927516396168528,0.0003751263440026284,0.34082830337913594,-0.0015988201249166,4.633045584516585,1.0,7.31332515200846
1,43.894899174204845,0.04079997704179801,12.070462742945363,-0.0340954308940411,-7.492034313394402e-05,0.36385290656024144,0.3250751382170305,1.5827460332676484,1.0,6.441523293067885
1,43.962419369932334,0.041305993288402974,12.011532088202502,0.06752019572748935,0.0005060162466049636,0.46148162816317656,0.0004647994310969,4.380649460843348,1.0,7.191254329283868
1,44.2830376491555,0.041772107073970145,11.999287677510447,0.32061827922316866,0.000466113785567171,0.4530467483261732,0.124974875593479,3.344194598713752,0.0,1.9220470505438338
1,44.48397623179784,0.04151427432506446,11.851684116784606,0.20093858264233688,-0.00025783274890568697,0.4280246994171438,0.1019233287708171,1.6291883674662648,0.0,1.0184408412747665
1,44.475620467721214,0.042154060581143335,11.709580899134561,-0.00835576407662586,0.0006397862560788767,0.5335285890329368,0.4549683583078813,3.889967111878749,1.0,7.8549202725551375
1,44.44289428180254,0.04249169781376655,11.774799471375264,-0.032726185918676265,0.0003376372326232141,0.6199554110396815,0.4817389771251298,3.7506963446983663,0.0,2.838826126599443
1,44.61496240874555,0.04234287512118544,11.729958042238566,0.1720681269430102,-0.00014882269258111036,0.5849261818001926,0.4301003668877564,4.804145471316575,0.0,3.2622734694338003
1,44.4669731398122,0.042104721031492306,11.72721493341308,-0.14798926893335107,-0.00023815408969313223,0.5829927524120192,0.1490555198342354,4.017164594884084,0.0,2.306693337110513
1,44.53871561276921,0.04166916028854069,11.76782343785732,0.07174247295701264,-0.0004355607429516184,0.5942077619249099,-0.0040691223240824,4.012037703285355,1.0,6.997880606994513
1,44.486114559219104,0.04186365049375121,11.825508526623643,-0.0526010535501058,0.00019449020521052074,0.6292218545809012,0.4170866565144588,4.328650515087938,0.0,2.998498570572887
1,44.55375789799656,0.04166989200531348,11.865187206361707,0.06764333877745798,-0.00019375848843772997,0.6247600768444659,0.1213979290194057,1.6629368875593613,1.0,6.074264301818492
1,44.50044700530397,0.041501683498698,11.841852412520641,-0.05331089269259337,-0.00016820850661548176,0.6586643671692544,-0.013794710698567,4.406731488580792,1.0,7.175776322893262
1,44.53102352008203,0.041784674919905285,11.831008463343306,0.030576514778061892,0.0002829914212072876,0.6524698961273028,0.4158979445570299,4.3101833341855285,1.0,7.986887556206824
1,44.36114801825045,0.04212733207726773,11.78130560582963,-0.16987550183158362,0.0003426571573624457,0.7169913411559927,0.3612942780271218,1.3646759715505077,0.0,1.4049265418294974
1,44.505002509864255,0.04163301603353289,11.946395911791605,0.14385449161380848,-0.0004943160437348437,0.6386348489791639,0.4069755923318594,3.2361819811273245,1.0,7.432042175227381
1,44.62079097708521,0.042345545218560474,11.88926500476571,0.11578846722095193,0.0007125291850275869,0.5811110795843315,0.2944633776839984,1.6090587015131173,1.0,6.393456106124555
1,44.456042040137035,0.04268963593282476,11.870806366355048,-0.16474893694817183,0.0003440907142642849,0.5818378184512031,0.007503470967838,4.504932899789552,1.0,7.267473391830452
1,44.581573816569836,0.043142068273432164,11.956488766376296,0.12553177643280122,0.000452432340607406,0.672897912016302,0.3165354827397334,2.4372511708270665,1.0,6.851696550893
1,44.53484451309416,0.04381403029212514,11.891697667884635,-0.046729303475679274,0.0006719620186929759,0.6888827733544385,0.297807389771255,2.0518742776243157,0.0,1.6215519183546678
1,44.715394582621926,0.04379321133826165,11.846494493187425,0.18055006952776864,-2.0818953863487033e-05,0.6648292378854431,0.5338530140743877,2.0790138919159147,0.0,2.1072129741067327
1,44.73602883739434,0.04401127528779101,11.827503215168633,0.02063425477241765,0.00021806394952935543,0.6632934036288451,0.1811836291413728,2.0508492470325703,1.0,6.38779188179903
1,44.885748389108336,0.04462506219468012,11.861137198135141,0.14971955171399287,0.0006137869068891105,0.6178799498693359,0.2637073757190636,3.979844953261887,0.0,2.5173372280690707
1,44.847311264697055,0.044615512199204385,11.835476985531537,-0.03843712441128133,-9.549995475734152e-06,0.6112626214663076,0.0150911750810955,1.867520483313536,1.0,5.963942591818959
1,44.74792157233698,0.04476279244583529,12.063488520108605,-0.09938969236007722,0.00014728024663090283,0.5894140747390797,0.0467740563488244,4.07920332789228,0.0,2.133149776643789
1,44.74669302505335,0.04534339496483033,11.999476608066058,-0.0012285472836310873,0.0005806025189950409,0.5835661408760506,0.3712574555426924,1.9832493485604512,0.0,1.7341395853656105
1,44.59719693821503,0.045372102597621,12.065029964162717,-0.14949608683831883,2.87076327906699e-05,0.6407214182004684,0.0377052580496196,3.546777247888225,1.0,6.848799140043352
1,44.71437392475163,0.04571381736417735,12.043205747782466,0.1171769865365988,0.000341714766556353,0.6555410881778762,0.379629242987369,2.0864766688341394,0.0,1.8024968203918077
1,44.76135133452186,0.04556811481343419,11.921359001875876,0.04697740977023557,-0.0001457025507431639,0.5786178090672092,0.4649129440054486,2.727943587151965,0.0,2.29379768158688
1,44.87785759376091,0.04539753397194668,11.927092872368522,0.11650625923904556,-0.00017058084148750818,0.5736793109974591,0.4664176916650676,2.940217398675506,1.0,7.402944082667888
1,44.868836905363075,0.0455185636932055,11.854857651698097,-0.009020688397832544,0.00012102972125881822,0.6122449994060645,0.3783763631458756,1.1659543095703362,0.0,1.3397298810769191
1,45.019152528077015,0.04601783856368688,11.940247143558011,0.15031562271393994,0.0004992748704813824,0.6599407176013751,0.4970410057672356,2.754017701863235,1.0,7.3710908624660885
1,45.01733903698075,0.04590811759745106,11.97469026689373,-0.0018134910962643858,-0.00010972096623582117,0.6271621153243016,0.4762519601548287,4.5439723779123895,0.0,3.2244901092658522
1,44.952916064058755,0.04623372737431092,11.96540773541155,-0.06442297292199584,0.0003256097768598587,0.6296866142663033,0.2045030223442752,3.945217440087092,0.0,2.381614764732096
1,45.19062514266774,0.04630310772780582,11.843629847832059,0.2377090786089866,6.938035349490085e-05,0.504583466898636,0.4479303813351299,1.8655168241645936,1.0,6.828619174752557
1,45.20469162680455,0.0464644978346571,11.885952032782104,0.014066484136812107,0.00016139010685128213,0.5144097869072008,0.3490950927996786,2.876185953312065,1.0,7.13628316225539
1,45.29721975487468,0.046295094735559636,11.855451197699825,0.09252812807012845,-0.00016940309909746487,0.4574170598801276,0.1811928098277321,2.1453297077093483,1.0,6.435050473510138
1,45.27566097538404,0.04618785136323465,11.87684525352411,-0.02155877949063978,-0.00010724337232498327,0.44635533433177604,0.2024180285637169,1.735252890659008,1.0,6.272462502456937
1,45.21323278731748,0.04600394287480033,11.889761467256061,-0.06242818806656203,-0.00018390848843432422,0.4432883647955557,-0.0115312595971462,4.509626384396958,0.0,2.2317506730041865
1,45.211717760883275,0.046368097877251456,11.971859656500454,-0.0015150264342054243,0.00036415500245112753,0.4403918479954352,0.2654273552047319,2.9346447912579143,0.0,1.9981771060384208
1,45.11963888903116,0.0467605557472679,12.065246812349725,-0.0920788718521166,0.0003924578700164466,0.3609552372520612,0.4672516131077772,4.882432842690729,0.0,3.375719647560919
1,45.256465998504225,0.04674725520594859,12.06365492975732,0.1368271094730673,-1.3300541319309633e-05,0.35814203843405873,0.3266829268864717,4.057034590634908,1.0,7.681883149090398
1,45.31623810656561,0.047129551051105154,12.161081811091549,0.059772108061387996,0.00038229584515656057,0.3437193660780592,0.1039215179980566,4.827808318030181,0.0,2.6217471950112037
1,45.465456600456584,0.047707996791281605,12.26897369926029,0.1492184938909702,0.0005784457401764517,0.3751541153664517,0.0461249485560985,1.2459168808395944,1.0,5.715208337531994
1,45.59094693240825,0.047965312502485,12.371684922456488,0.12549033195166714,0.0002573157112033958,0.3791529378920046,0.1725659495094366,2.44873072950398,1.0,6.569497263770863
1,45.70615680663819,0.04759306413157895,12.362867420158507,0.11520987422994011,-0.0003722483709060545,0.38501197475372917,0.208120449572404,3.914984946043494,0.0,2.373733372166555
1,45.80098859400361,0.047836584824614205,12.354990330121975,0.09483178736542186,0.0002435206930352582,0.38188383490301125,0.4878591356373463,4.463313291903439,1.0,8.207374917226412
1,45.943685107640405,0.04777003326911019,12.433599613807555,0.1426965136367926,-6.655155550401581e-05,0.32278130549833817,0.1279650313685476,4.49951536227077,0.0,2.5056877438724805
1,46.021199443496975,0.048317572545907864,12.425156515657097,0.07751433585656997,0.0005475392767976747,0.34029018606989264,0.4877257558039667,3.094021416946576,1.0,7.522462220081222
1,46.03644399373224,0.04832862675036777,12.36027234920056,0.015244550235266274,1.1054204459903794e-05,0.4147416970642658,0.3563254075125465,2.691659336305839,1.0,7.058480483178013
1,46.25819433967618,0.04837407814273868,12.390850966572017,0.2217503459439385,4.5451392370915444e-05,0.411128214740625,0.4007526059259741,3.980468554037269,0.0,2.791739488870583
1,46.060322105745556,0.04817633352755254,12.366951361194115,-0.19787223393062447,-0.00019774461518614478,0.4026470234640157,0.2819405804297294,3.3894318145886557,0.0,2.2585970681537866
1,45.973891844093195,0.04789836170004612,12.268664581345739,-0.08643026165236023,-0.0002779718275064194,0.46706194942737234,0.4170971876374099,3.4799051689306184,1.0,7.574146959740129
1,45.99480484421794,0.04742292089986756,12.256046093081922,0.020913000124743064,-0.00047544080017855594,0.4510800729208081,0.2471538030798373,2.1768446484570547,1.0,6.5827299303882025
1,45.95057106006079,0.047709900967743434,12.05100404086553,-0.04423378415715007,0.00028698006787587077,0.5954680827388521,0.3792448799725233,3.7823845631565143,1.0,7.649682041523304
1,45.782314576281934,0.047711135038000375,11.98374704355789,-0.16825648377885472,1.2340702569418882e-06,0.62712654522898,0.4269004040959411,3.7745410864321713,0.0,2.741071351407968
1,45.76223005637106,0.04764673083239436,11.920443031060447,-0.02008451991087412,-6.44042056060154e-05,0.6056766287977436,0.5022986298204666,1.2374887513371298,0.0,1.623341635309498
1,45.65977311897722,0.04790417408789987,11.835088446936178,-0.1024569373938391,0.00025744325550550867,0.5661173494414381,0.2574640993587562,4.183146088057254,1.0,7.606501242746139
1,45.711143536526365,0.04778745389695651,11.799515776191548,0.051370417549144065,-0.00011672019094335906,0.581734780438141,0.1720121607836434,4.96743095693568,0.0,2.827739800035127
1,45.73612774567136,0.047841989004810584,11.89112991597826,0.024984209144996328,5.453510785407428e-05,0.6306309471587994,0.3478812623587739,4.851535726460575,0.0,3.1215303879478355
1,45.692926219493714,0.04796213222460035,11.828535962514922,-0.043201526177647054,0.00012014321978976589,0.5952594113586799,0.3666402328469588,2.217341814327612,0.0,1.8419513728577235
1,45.77472035017571,0.04847591676037349,11.75322141251173,0.08179413068199892,0.0005137845357731374,0.5632004074612701,0.457343445816459,4.83801467160113,1.0,8.333694227433483
1,45.86850104990229,0.04874399110494802,11.745275281164895,0.09378069972657954,0.00026807434457453566,0.5666247171083635,0.5573607363303179,2.237579368338144,1.0,7.233511156829708
1,45.821465619165416,0.04910464042982996,11.718789769321088,-0.04703543073687655,0.0003606493248819384,0.5201528982238918,0.1058114730596539,1.6053423830334492,0.0,1.0142941376360324
1,45.85317891049741,0.04939646444256295,11.830930028774493,0.03171329133199663,0.0002918240127329913,0.4080724987397087,0.4507182818209944,4.00827005582542,1.0,7.905571591554699
1,45.9598011597732,0.049755010211339566,11.80996312421591,0.10662224927578734,0.0003585457687766136,0.43585195385895203,0.486312155823728,4.821539479064683,0.0,3.3833940511797973
1,46.01468477716197,0.05017238892869783,11.838117198782676,0.0548836173887679,0.00041737871735826604,0.44580658945193175,0.3452970066932198,4.686484112939767,1.0,8.033836069856322
1,46.08848828351664,0.05039226859817544,11.918715488488422,0.07380350635467181,0.0002198796694776045,0.487995671328664,0.1140041730157388,4.164614397048661,1.0,7.310315544555808
1,46.253588278501375,0.05093589967209757,12.029752882246338,0.16509999498473604,0.0005436310739221351,0.4863796062779212,0.5157566754889616,4.904655277060337,0.0,3.483840989508092
1,46.352943584187535,0.05108059161794169,11.936448824048522,0.09935530568616002,0.00014469194584412065,0.45443456820997946,0.3322644663332109,4.389346546038351,1.0,7.859202205685597
1,46.0031082642632,0.05107852691102288,11.920082571835252,-0.34983531992433825,-2.064706918811221e-06,0.46045705698213785,0.0547767654585464,3.99133420646254,1.0,7.105220634148363
1,46.01641142983848,0.05116119401861206,11.900005105488189,0.013303165575280218,8.266710758918216e-05,0.47824385915896395,0.3221624267922678,5.175352514647782,0.0,3.232001110908427
1,46.10783563103784,0.050998954639515204,11.923948237563007,0.09142420119935935,-0.0001622393790968596,0.461147546223943,0.4751277726565007,1.633413290297733,0.0,1.766962190461868
1,46.2916705474543,0.0509131690361604,11.936445804896435,0.18383491641646543,-8.578560335480157e-05,0.47858380131880784,0.5527776707317539,3.164072850622372,0.0,2.687591766774694
1,46.304871957335294,0.05062021642774289,11.902938346172729,0.013201409880991832,-0.0002929526084175099,0.49156615597666814,0.6085316994560405,3.1784641623368683,0.0,2.8062954800805153
1,46.46909477073485,0.05088960000961061,12.064184595874837,0.16422281339955447,0.0002693835818677187,0.5042048918085152,0.4859350751956899,3.90090376257451,0.0,2.922322031678635
1,46.581745483287904,0.051214074302765936,11.997552511524583,0.11265071255305514,0.0003244742931553246,0.5408917290931642,0.3298407239411575,2.661327018917853,1.0,6.990344957341241
1,46.48798178860534,0.05129545552061291,11.86135524764484,-0.09376369468256485,8.1381217846975e-05,0.57059275502706,0.3968093465602294,2.142263870919684,0.0,1.864750628580301
1,46.23243570446812,0.05129003318388984,11.814806735675262,-0.25554608413722235,-5.4223367230710195e-06,0.5280135911267216,0.0340379121024429,1.4967263395376942,1.0,5.816438993973733
1,46.11403422932557,0.051491143774522144,11.867137552736006,-0.11840147514254795,0.00020111059063230435,0.536990634956557,0.1070678323460897,1.7928693647846323,0.0,1.1105703470844956
1,46.49548751221647,0.05183526277020004,11.929885971291007,0.3814532828909023,0.00034411899567789866,0.5511085192966669,0.4274586119038438,2.655927790952173,0.0,2.182881119283774
1,46.57674026717383,0.05219146265028277,11.908274387178176,0.08125275495736162,0.0003561998800827304,0.5763137859933144,0.243968573622769,2.7601254487512894,0.0,1.8679998716211828
1,46.64091778976397,0.05242070068640906,11.976233931377884,0.06417752259013554,0.00022923803612628912,0.5927703289055338,0.5876458996946943,2.9999392343772118,0.0,2.675261416577994
1,46.459542574240324,0.05242910031513641,11.991248316397703,-0.18137521552364433,8.399628727347175e-06,0.6114450363155636,0.497110470887781,1.25206831435726,0.0,1.620255098954192
1,46.40659162758164,0.052514522733367694,11.944071175970011,-0.05295094665868305,8.54224182312846e-05,0.6625111151646883,0.4786707387698556,2.746863606906052,0.0,2.3307732809927373
1,46.42855002818983,0.0524614801662309,11.873839973943145,0.021958400608191653,-5.304256713679206e-05,0.5922604502143582,0.5246307170362356,3.313589465925469,1.0,7.7060561670352055
1,46.25893157676079,0.0522464027955701,12.034958003107096,-0.16961845142904508,-0.00021507737066080168,0.6742330387628549,0.3043217391070869,3.32971810851519,1.0,7.273502532471769
1,46.26673408715495,0.052598820336104066,12.044918545105357,0.0078025103941641305,0.0003524175405339655,0.6601207632443008,0.2861722780245253,3.230323297215747,0.0,2.1875062046569242
1,46.45619811298195,0.052786387727948504,11.9910719835276,0.18946402582700017,0.00018756739184443844,0.6806187946500659,0.3888194711728248,4.016272897206702,0.0,2.7857753909490004
1,46.55065125371434,0.05329932214233034,12.039404982460988,0.09445314073239075,0.000512934414381834,0.7123304067163891,0.1368872147338243,4.89165672198942,0.0,2.7196027904623583
1,46.27681890678905,0.05333621427171416,11.953545954980086,-0.273832346925289,3.6892129383819805e-05,0.7260397349297907,0.0714807604147307,1.1584948311967225,0.0,0.7222089364278226
1,46.30195276633599,0.05352370816009987,12.097686355738327,0.02513385954693348,0.00018749388838570913,0.706906357754116,0.331476995541517,4.721646510490949,0.0,3.0237772463285086
1,46.16983535334107,0.054057445422799166,11.982258804885399,-0.13211741299491564,0.0005337372626992992,0.7436288726981107,0.342125803714302,1.3255772732343132,0.0,1.3470402440457607
1,46.29954562334069,0.05436656491674674,11.873783441100484,0.1297102699996202,0.0003091194939475739,0.6998042095879506,0.5566107754884794,2.4393702456652733,1.0,7.332906673809595
1,46.500379610993214,0.05499160616915453,12.031385564840942,0.2008339876525227,0.0006250412524077889,0.6863277846681335,0.2255433882026337,4.24287810386984,1.0,7.572525828340187
1,46.43121452871416,0.055093056108798666,12.08795564127287,-0.06916508227905638,0.00010144993964413679,0.7172967693139215,0.2264543871277712,2.388368908762848,1.0,6.647093228636966
1,46.572909427177265,0.05570707163839724,12.06953865818578,0.14169489846310768,0.0006140155295985758,0.6917624630869273,0.2837217533675858,1.8202036520917144,1.0,6.477545332781029
1,46.67892858215039,0.05570037359393039,12.179597278045833,0.10601915497312575,-6.698044466853237e-06,0.6297106004086372,0.2265702777579594,2.839308485305459,1.0,6.872794798168648
1,46.78113981833493,0.05586272854001393,12.22615906177527,0.10221123618453731,0.00016235494608354134,0.5914999682425839,0.4318921155224148,2.788859530377921,0.0,2.25821399623379
1,46.9451732122544,0.055711034557143976,12.154901467191468,0.1640333939194747,-0.00015169398286995345,0.5750272025142399,0.5287441605267601,2.187651614387118,0.0,2.151314128247079
1,47.19682432990186,0.05585019279573493,12.170903950942137,0.2516511176474552,0.0001391582385909529,0.5555554170819008,0.2553583668707331,3.01018974754994,1.0,7.0158116075164365
1,47.11075979857286,0.055501444676715396,12.192768537912462,-0.08606453132900072,-0.00034874811901953323,0.5807079694302311,0.2555982533064055,4.938803819580531,0.0,2.980598416403076
1,47.16502549325092,0.05547120559653962,12.201238415079212,0.0542656946780653,-3.023908017577709e-05,0.5659431903952482,0.5762287252847569,3.5763938644131983,1.0,7.940654382776113
1,47.21549929478543,0.05558240007879693,12.23649266497279,0.05047380153450831,0.00011119448225731243,0.5379434040717417,0.265284278966483,4.528774036511692,1.0,7.794955576188812
1,47.11248744801332,0.05544039273776626,12.084749495367898,-0.10301184677211239,-0.00014200734103066853,0.6063346944830357,0.1643195211329181,3.2467500892136583,1.0,6.952014086872666
1,46.888734590824804,0.05606663925839532,12.002948521954343,-0.223752857188515,0.0006262465206290577,0.5699488133423002,0.0097992725088815,2.7216705284539566,0.0,1.3804338092447412
1,47.001684370427405,0.05587329718920646,11.990026171243013,0.11294977960260155,-0.0001933420691888621,0.5493033290653828,0.6568198107114054,4.110439363981008,0.0,3.368859303413315
1,47.215163079622926,0.056367385902414725,12.01353694192818,0.21347870919552037,0.0004940887132082669,0.5705478552165925,0.2884830052762036,2.453882818271419,1.0,6.803907419688117
1,47.15119959368437,0.0563191186172403,11.987018792793977,-0.06396348593855805,-4.826728517442341e-05,0.5781487028731903,0.3303098492200323,3.58313075319522,1.0,7.452185075037675
1,47.20742468389351,0.056481177789608705,11.998830129804563,0.05622509020913924,0.0001620591723684034,0.5786416479095698,0.6162406748756295,3.214077948403599,0.0,2.8395203239530584
1,47.30399878790869,0.056520012440275325,12.092493891980498,0.09657410401518263,3.8834650666619286e-05,0.5869472659184218,0.1440619012010363,4.846224013445094,0.0,2.7112358091246196
1,47.377473512223936,0.05712915488420957,11.892358431205842,0.07347472431524693,0.0006091424439342435,0.6285618167949782,0.2650023546677383,1.9821856773118556,1.0,6.521097547991404
1,47.46333854466589,0.056878213475828485,11.94699633585782,0.08586503244195143,-0.0002509414083810835,0.5982148179336793,0.3378912274138215,2.3387637225733875,1.0,6.845164316114337
1,47.46638501648261,0.05750363533398428,11.908246756235993,0.0030464718167237947,0.0006254218581557974,0.6068441941443737,0.3204705259840738,4.578785865523165,1.0,7.93033398472973
1,47.63456851304815,0.057439094305978614,11.991542662994956,0.16818349656553977,-6.454102800566852e-05,0.5485971560055984,0.4295489224055953,5.718885618708022,0.0,3.7185406541652015
1,47.6840127320843,0.0571654404248386,11.993760170053193,0.04944421903614682,-0.0002736538811400138,0.548097186596054,0.1460799956955197,4.890443531732286,0.0,2.7373817572571824
1,47.549732807263354,0.05689512240811754,11.872388367377825,-0.13427992482094453,-0.0002703180167210606,0.49737121010928176,0.5949411280576544,4.324266024176114,0.0,3.352015268203366
1,47.3593694869431,0.056356178016148305,11.80638028724521,-0.19036332032025172,-0.0005389443919692344,0.43351058913963075,0.3230744385857142,5.181222561244533,1.0,8.236760157793695
1,47.49463524931393,0.05653518564791127,11.755036632083677,0.1352657623708282,0.00017900763176296325,0.4735008426682271,0.380293211227983,2.89816639679328,1.0,7.209669620852606
1,47.36989109952554,0.05663258038019605,11.704472956833449,-0.12474414978839121,9.739473228478207e-05,0.4625613140410283,0.490302349829693,2.7095336653074305,1.0,7.3353715323131015
1,47.44623886110342,0.05691600165788718,11.594991841586124,0.07634776157787826,0.00028342127769113296,0.35434735422645636,0.6087025594880658,2.7226508694935423,1.0,7.578730553722902
1,47.487715497030884,0.056728917770754526,11.746212764787828,0.04147663592746653,-0.0001870838871326566,0.33660359745698093,0.4046819592780141,4.713292045731883,1.0,8.166009941421969
1,47.492661438958905,0.05673813482978403,11.751422293453944,0.004945941928021114,9.217059029502372e-06,0.3394031782471566,0.5665975724046535,3.119293787234718,1.0,7.692842038426666
1,47.621305779309424,0.05624171565378718,11.812798767536176,0.12864434035051886,-0.000496419175996847,0.3660609693697919,0.2213211573766076,3.964755503575482,1.0,7.425020066540956
1,47.53933558340605,0.056924386725169085,11.783685884149268,-0.08197019590337362,0.0006826710713819031,0.36081157779758904,0.5760635474277926,2.9401311594338075,1.0,7.622192674572489
1,47.886639462213665,0.0573909066710228,11.808686053716233,0.34730387880761526,0.00046651994585371337,0.3774634369779948,0.6857543625760881,2.7368599971223504,0.0,2.7399387237133515
1,47.9035344709204,0.057484234228482034,11.830725984927431,0.016895008706732995,9.332755745923571e-05,0.3651521926377487,0.2484064768838615,5.124002099644692,1.0,8.058814003590069
1,48.065076765921994,0.05766358221373739,11.759104040708838,0.16154229500159545,0.00017934798525535284,0.41386200775087945,0.5590095393807217,4.930956041472175,1.0,8.583497099497531
1,48.10476635788332,0.057622991824147526,11.84350423581146,0.03968959196132715,-4.059038958986044e-05,0.37255112219259134,0.5643420059362874,4.586758719971747,1.0,8.422063371858448
1,48.13835792413216,0.05775175366874834,11.83594303040078,0.03359156624883752,0.00012876184460081097,0.37946553774294794,0.3616717645573657,2.8809020036801027,0.0,2.1637945309547826
1,47.81213412579608,0.05769082836408353,11.851365952318998,-0.3262237983360805,-6.092530466481061e-05,0.3656264596635308,0.4283173205205014,1.332935596688296,0.0,1.5231024393851509
1,48.01155038092364,0.05777584291312956,11.834481380391697,0.19941625512755934,8.501454904603217e-05,0.34104980427824094,0.3264208203616165,2.213723952974385,1.0,6.759703617210425
1,47.96414837988071,0.05841930462812006,11.877944246764818,-0.04740200104292569,0.0006434617149905023,0.3810991160567616,0.444402178141034,3.94998040761889,1.0,7.863794560091513
1,47.9450365934323,0.05866181773359798,11.849990239540547,-0.019111786448412715,0.00024251310547791782,0.3624571450128072,0.4756728574635122,3.08268135129621,0.0,2.4926863905751295
1,47.98740511875842,0.058096700210962415,11.811605832828544,0.042368525326118345,-0.0005651175226355637,0.397377015929339,0.3553862052761407,5.738685505799444,0.0,3.5801151634520036
1,47.88527192664567,0.0582460023872719,11.874161985660653,-0.10213319211274552,0.00014930217630948484,0.4929868189607928,0.4692493989563772,4.795121876962094,0.0,3.3360597363938016
1,48.053584395064014,0.058802067024339565,11.907154400855472,0.16831246841834258,0.0005560646370676645,0.49428952857696806,0.5716643892569727,2.385023238395198,0.0,2.3358403977115447
1,47.947164791092405,0.05922373180408086,11.967384513163001,-0.10641960397160943,0.0004216647797412945,0.4309696942658683,0.2739894130362849,1.7877389517814135,1.0,6.441848301963276
1,47.76583303634201,0.059704281470337114,11.947045443499789,-0.18133175475039565,0.0004805496662562553,0.4314319315882138,0.5801942151927335,2.021163756181894,1.0,7.170970308476414
1,47.92312679174668,0.05964893884332897,11.98702829199467,0.15729375540467316,-5.534262700814668e-05,0.4021558386857175,0.4037105286398594,5.374042951608074,0.0,3.494442533083756
1,48.33006359482246,0.05978489420867587,11.999515708641686,0.40693680307578006,0.0001359553653469056,0.39128150271191703,0.4519110800256069,4.727930780089669,1.0,8.267787550096049
1,48.29460151298488,0.05987093464793606,11.977766322308458,-0.03546208183757926,8.604043926018629e-05,0.38354730207307636,0.3175663068798483,4.389070286960117,1.0,7.829667757239755
1,48.37613932112677,0.05980980424974487,11.929294760169904,0.08153780814188849,-6.113039819118787e-05,0.3578185395005697,0.6107470967667257,4.032327946165313,0.0,3.2376581666161077
1,48.32765136470353,0.059859936521075165,11.908587720756952,-0.04848795642324433,5.013227133029291e-05,0.36261793366588074,0.2376875441346637,2.1746286371414745,0.0,1.5626894068400645
1,48.39727798452394,0.060146101391943804,12.069722511700894,0.0696266198204114,0.00028616487086863956,0.4279877641577918,0.4348998283284842,2.751029728712098,1.0,7.245314521013017
1,48.32770853115991,0.06000838541530516,12.029730797962507,-0.06956945336403209,-0.00013771597663864155,0.37028063836536934,0.4150454205020728,2.621487405531,1.0,7.140834543769646
1,48.27808081431987,0.05983645118594818,12.069816891749534,-0.04962771684003542,-0.00017193422935698338,0.39628979943986825,0.5097840255337703,4.435548984768042,0.0,3.237342543451562
1,48.54607275015742,0.060138579173521445,12.030611745825965,0.26799193583755,0.0003021279875732655,0.44256376105952777,0.7246994034052066,4.71986548054022,1.0,8.809331547080523
1,48.74507863143716,0.06009435183003764,12.042537362899797,0.19900588127973862,-4.422734348380475e-05,0.43864674800628256,0.5153516033562201,4.237929688863001,1.0,8.14966805114394
1,48.76640503624337,0.060364941898739546,12.001045847400917,0.021326404806210064,0.0002705900687019064,0.4727368131297977,0.5665620562883317,1.979460347562012,0.0,2.1228542863576694
1,48.79127790596526,0.060774418415624476,11.940751817839526,0.0248728697218894,0.0004094765168849296,0.5423738907671242,0.2891980495915063,3.446663986686608,0.0,2.3017280925263166
1,48.628624998499326,0.061036443940416144,11.924785734382462,-0.16265290746593308,0.0002620255247916675,0.5426588713977587,0.5920510767338542,3.724320623208589,0.0,3.0462624650720027
1,48.619273507334086,0.060959963239423307,11.921938328435996,-0.009351491165240589,-7.648070099283699e-05,0.5429464741314978,0.6098138140163198,1.6669927119956665,0.0,2.053123984030473
1,48.60088803487478,0.061427406844782595,11.885835333984113,-0.01838547245930755,0.0004674436053592884,0.5678032885354659,0.5979691398667861,2.574807776975698,1.0,7.483342168221421
1,48.43283901904185,0.06185551540747212,11.781613384449376,-0.16804901583292775,0.0004281085626895234,0.4325136791002924,0.5914256326239709,4.074872767977127,0.0,3.2202876492365053
1,48.427040969189854,0.06220161567594664,11.739642496380535,-0.005798049851996723,0.00034610026847452235,0.38727430631656934,0.5001120784516774,2.485498842310253,1.0,7.242973578058481
1,48.46198582240034,0.06259812891746946,11.613831632260665,0.03494485321048302,0.0003965132415228237,0.3208537400203782,0.2090066529784968,2.7764175476711817,0.0,1.8062220797925845
1,48.34495946004236,0.06250853005361287,11.715625567872001,-0.1170263623579757,-8.959886385659366e-05,0.40018955963352426,0.1939787681455185,2.900494533201063,1.0,6.8382048028915685
1,48.350253149301736,0.06295008509064944,11.74222345436742,0.005293689259374901,0.0004415550370365645,0.4266407117123506,0.2570895116014089,3.989220821658528,1.0,7.5087894340320815
1,48.12418212095596,0.06297475595044244,11.730989551962324,-0.2260710283457783,2.4670859793005095e-05,0.43577074154975426,0.1962984899524073,4.633157091849827,0.0,2.7091755258297283
1,48.156098979799026,0.06327328851947059,11.799496254270817,0.031916858843068496,0.0002985325690281482,0.38358572402803387,0.4885737552107965,5.490144285725523,1.0,8.722219653284355
1,48.30820754511527,0.06364618637898159,11.814001591059665,0.15210856531624728,0.0003728978595110011,0.3881800994288371,0.2298930530049806,5.690118018699454,0.0,3.3048451153596883
1,48.534367772058964,0.0636973307338319,11.79470492522893,0.22616022694369065,5.1144354850304885e-05,0.3904411395259331,0.3960492171552976,2.8377980832116405,0.0,2.2109974759164155
1,48.51621225404356,0.06321696906187689,11.79608509308684,-0.018155518015404937,-0.0004803616719550041,0.38883038694453115,0.3557050541775911,4.410900558605128,1.0,7.916860387657746
1,48.71577617981668,0.06357435303816208,11.894188063692429,0.19956392577311988,0.00035738397628519436,0.519055124596222,0.3302922998414409,4.205629839350544,0.0,2.7633995193581535
1,48.8969145526027,0.0636186171234224,11.864683466397285,0.18113837278602318,4.426408526031489e-05,0.5239928986013453,0.5670690702951023,3.020491823438079,1.0,7.644384052309244
1,48.935317979911396,0.06361769047769734,11.887001358589618,0.03840342730869395,-9.266457250550753e-07,0.4973666189056057,0.5273165805168235,4.767029625847952,0.0,3.438147973957623
1,48.95795523009481,0.06418842356381084,11.788707776276473,0.022637250183414892,0.0005707330861134952,0.4755303237629645,0.5540308412145308,3.2009072103939333,1.0,7.708515287626028
1,48.90111106567061,0.06376595729301171,11.721375825703433,-0.056844164424198595,-0.00042246627079912946,0.45293095821757084,0.3104708237403287,1.9446502481358188,0.0,1.5932667715485667
1,49.26325629796109,0.06425582615972637,11.843290929465065,0.3621452322904801,0.0004898688667146628,0.5071861899997959,0.2676575826624722,3.57064069323617,0.0,2.3206355119430295
1,49.13097753347232,0.06406279108295937,11.713768730035316,-0.13227876448877396,-0.0001930350767670036,0.6555245251054522,0.4861201444484376,2.4920643073658875,1.0,7.218272442579819
1,48.84712221730077,0.06396229133358275,11.7386366357828,-0.2838553161715467,-0.0001004997493766202,0.6716559024904165,0.1146237466333887,3.614934068877941,1.0,7.0367145277057475
1,48.76427380288716,0.06467485043117174,11.749465460830315,-0.08284841441361124,0.0007125590975889939,0.671242107809093,0.5286133555223989,5.773031314945795,1.0,8.943742368517695
1,49.062356899237564,0.0652898244764654,11.84721771464458,0.2980830963504033,0.000614974045293662,0.6846130265401852,0.4956924450230554,2.6802618929177253,0.0,2.3315158365049733
1,49.055597162744505,0.06580022952216961,11.730723392487217,-0.006759736493059165,0.0005104050457042097,0.5810050005776077,0.2745755381236135,4.196362953698796,0.0,2.647332553096625
1,49.18975110749053,0.06595384131855189,11.734671278452625,0.13415394474602493,0.0001536117963822775,0.580554871316731,0.667421522598924,3.718133213848083,1.0,8.193909652121889
1,49.20072149750359,0.06615059956234806,11.80888531716332,0.010970390013056885,0.00019675824379616902,0.5859816695132756,0.3731388313946834,2.0345154954486544,1.0,6.763535410513694
1,49.23537015223601,0.06590038058850614,11.82357812335043,0.034648654732421846,-0.00025021897384192027,0.5775880915878651,0.2252449177671446,3.55724021125456,0.0,2.229109941161569
1,49.372328912651476,0.0663332421242393,11.858139322160612,0.1369587604154674,0.0004328615357331589,0.5702656629528877,0.5336233575042919,2.812640917254611,0.0,2.4735671736358893
1,49.302182845462696,0.06639036372341633,11.820493740289539,-0.07014606718878014,5.712159917703463e-05,0.5278601108216382,0.5534107516980087,2.1197692628814604,0.0,2.1667061348367476
1,49.472673338246246,0.06643710251409565,11.9873825592887,0.17049049278355,4.673879067931819e-05,0.28139609936742516,0.2931925716369678,5.272000261029862,0.0,3.2223852737888667
1,49.819491927014624,0.06686475595871942,11.936530588419371,0.3468185887683788,0.0004276534446237684,0.27699663077806713,0.2707626272291644,2.182619005417917,0.0,1.6328347571672874
1,49.802634298092485,0.06694775988419605,11.90817997855627,-0.016857628922139156,8.300392547662405e-05,0.3081149817914185,0.4495584999693829,4.093256751830004,0.0,2.9457453758537677
1,49.55796176145692,0.06722725379543862,11.872965480575477,-0.2446725366355622,0.00027949391124257317,0.2667437155670874,0.4045902747833609,3.8840220484173456,1.0,7.751191573775395
1,49.415500518784185,0.0663184470693808,11.88105584105385,-0.14246124267273785,-0.0009088067260578231,0.26254768867462874,0.2307622683406435,5.082197412618115,1.0,8.002623242990344
1,49.242938847874086,0.06645377302289575,11.894920526995607,-0.172561670910099,0.00013532595351495313,0.25505795212649696,0.2205755866456777,4.3059478672653375,1.0,7.594125106924024
1,48.94436572445833,0.06682313551966479,11.95693490804812,-0.2985731234157569,0.00036936249676904065,0.3781126707259998,0.5184239450349764,2.060926949060398,0.0,2.067311364600152
1,48.957592850063065,0.0667580548712934,12.067951307710766,0.013227125604736045,-6.508064837139338e-05,0.41932486372848154,0.3322175596342486,4.279967464479334,1.0,7.8044188515081645
1,49.01307514293083,0.06679930091797777,12.125318389347287,0.05548229286776518,4.124604668437337e-05,0.4334411667822346,0.2666628553965202,3.971345780790638,1.0,7.518998601188359
1,48.876957811527376,0.06675249502264179,12.225293217006953,-0.1361173314034545,-4.6805895335982894e-05,0.5532895871271867,0.3766535550209472,4.033537977821593,1.0,7.770076098952691
1,48.81045120396331,0.06739864809625477,12.229216380483875,-0.06650660756406523,0.0006461530736129872,0.5532339488050955,0.6619126764399189,2.74094924302662,0.0,2.6942999743931475
1,48.8059677363696,0.06714207410579835,12.208518369521965,-0.0044834675937082125,-0.00025657399045642126,0.5773556687083502,0.2667065340423475,2.9676498527758786,1.0,7.017237994472634
1,48.977661297616216,0.06734790597362961,12.222539344567542,0.17169356124661306,0.00020583186783125484,0.5594352643651315,0.557128906865748,6.040869736655686,1.0,9.134692682059338
1,49.01590883495477,0.06745848519267192,12.273624035600218,0.038247537338556015,0.0001105792190423116,0.5620424309010362,0.4214130727572389,5.553473076044375,0.0,3.619562683536665
1,49.14293886841135,0.06815696343866288,12.25913430874364,0.12703003345657748,0.0006984782459909661,0.5774400765596891,0.3061779761729034,3.590111500668104,1.0,7.407411702679859
1,49.06161978957439,0.06806592394365048,12.219546545829578,-0.08131907883696243,-9.103949501240716e-05,0.6218764726150632,0.400356890987511,1.7528566559312062,0.0,1.677142109940625
1,49.346823434939736,0.06855149910937844,12.196812812699019,0.2852036453653497,0.0004855751657279611,0.6020837132500284,0.3586419471253267,3.5608107286410435,0.0,2.4976892585711754
1,49.30772251769429,0.06908970974231102,12.139902551313188,-0.03910091724544884,0.0005382106329325786,0.5754671895630352,0.6293456342345105,5.555292284982588,1.0,9.036337410960314
1,49.188103008007985,0.06932003509390841,12.079285575011147,-0.1196195096863022,0.00023032535159739354,0.5677826727353807,0.4824973133805931,1.9451398380453973,1.0,6.937564545783885
1,49.49826650994423,0.06944346032533968,11.909642794357577,0.31016350193624476,0.00012342523143127337,0.42994697135229787,0.6484705321697671,5.669736940493611,0.0,4.13180953458634
1,49.53221055809971,0.06920903116874609,11.90881174746888,0.03394404815548313,-0.00023442915659359354,0.429245341775801,0.2568363376282738,3.993515215234904,0.0,2.5104302828739997
1,49.71787067843243,0.06946434436639214,11.964835478945858,0.18566012033272017,0.00025531319764604543,0.4093139752447703,0.5642062635988089,4.931287461325128,0.0,3.5940562578601813
1,49.56352502110259,0.06976575033654842,11.93984223409001,-0.1543456573298414,0.00030140597015627935,0.43849873277412826,0.6818153595212914,4.907001581091197,1.0,8.817131509588181
1,49.69038435036287,0.06984561405572697,11.872412994446995,0.12685932926027732,7.986371917854951e-05,0.3865591604502527,0.6045547768753458,3.4719391358432987,1.0,7.945079121672341
1,49.62386813179525,0.06960831255023066,12.009266985194023,-0.06651621856762091,-0.0002373015054963068,0.5184438462280949,0.2707373023310419,4.987559545260989,1.0,8.035254377292578
1,49.836249498097544,0.06995181593639735,12.08427693876093,0.21238136630229576,0.00034350338616669085,0.4789849113776662,0.4646522172249291,5.64597780854797,0.0,3.7522933387238435
1,50.079594041190575,0.06964229053315314,12.088709396943253,0.24334454309303055,-0.00030952540324420685,0.484197416927662,0.8272682790778141,6.220215212417823,1.0,9.76464416436454
1,50.12364405606438,0.06961594201719924,12.067898603197765,0.04405001487380389,-2.6348515953900087e-05,0.4866136498812778,0.4768241016424959,2.8234433503800145,1.0,7.365369878474999
1,50.18087943398691,0.06958421327038036,12.04471400751743,0.05723537792253097,-3.172874681887927e-05,0.5022698922229453,0.3519140558029138,4.231929255162597,0.0,2.8197927391871263
2,39.941620290380385,0.02119542966184752,11.972162131984781,-0.05209073434210154,0.00011572668040005923,0.15239303540549046,0.0118306444984475,2.2778398373183166,0.0,1.1625812076560533
2,39.916777736168015,0.021207146331212352,11.984813190008678,-0.024842554212369805,1.1716669364832816e-05,0.15012283186393743,0.4202352952399541,4.1993032677443445,0.0,2.9401222243520806
2,39.974188917584094,0.021086157801328033,11.96894892477044,0.057411181416078705,-0.00012098852988431941,0.14173590009955037,0.3820315573979199,1.064019013968002,0.0,1.2960726217798406
2,40.11521890984755,0.02111831516422297,11.962837753376443,0.14102999226345503,3.215736289493773e-05,0.1389641298503809,0.2615645991465493,4.042778182741175,0.0,2.544518289663686
2,40.21906254505436,0.02062781304750342,11.990800206427993,0.10384363520681461,-0.000490502116719551,0.12545955625047925,0.2737567796732992,2.5363561715044622,0.0,1.8156916450988296
2,40.140764619966845,0.02060725772500761,11.98739494313194,-0.07829792508751865,-2.0555322495809797e-05,0.1283878731969931,0.3745088899811314,1.754897698273823,0.0,1.6264666290991743
2,40.15970811813604,0.020721177863206493,11.962773379808272,0.018943498169193163,0.00011392013819888289,0.09690563800274879,0.2024341493984037,4.717406750184527,0.0,2.763571673889071
2,40.199171376858246,0.02092401037005765,11.975503061349936,0.039463258722207684,0.00020283250685115828,0.08283766360090156,0.2241510017016438,4.96011699439922,0.0,2.9283605006028974
2,40.48869515193395,0.02104769915044007,11.987976502319587,0.2895237750757076,0.00012368878038241868,0.10994331933352887,0.2607169279619711,1.670310514516645,0.0,1.3565891131822647
2,40.75401147239308,0.0209508089972065,12.006194899757212,0.265316320459128,-9.689015323357045e-05,0.09324493897492804,0.0728813507210394,1.99538427685748,0.0,1.1434548398708189
2,40.79482131278537,0.02104487985494685,12.003202781301837,0.040809840392292074,9.407085774034915e-05,0.09429624385164977,0.4111197970968139,4.993320612626727,0.0,3.3188999005069912
2,40.81627538166009,0.02087331958219662,11.989232721913805,0.02145406887471779,-0.0001715602727502298,0.10200646825559158,0.3626859120491794,3.93530340225207,0.0,2.693023525224394
2,40.583951824490455,0.02085790562153335,11.994443085745099,-0.23232355716963582,-1.541396066327e-05,0.10207494947577336,0.1545798186573551,3.8596305854980617,0.0,2.238974930063741
2,40.542127588103924,0.020637056007095582,11.991432345644562,-0.041824236386531766,-0.00022084961443776668,0.1025771921945038,0.432163420051089,4.146539162367155,0.0,2.9375964212857557
2,40.38994023135716,0.02044375656055903,11.987748606445532,-0.1521873567467651,-0.00019329944653655173,0.10051527456540785,0.1341694282236447,3.472085350202725,0.0,2.0043815315486517
2,40.47806213195323,0.0202276128602676,12.0147040063206,0.08812190059607161,-0.00021614370029143098,0.10269366774290886,0.3764020758424841,2.6261209305417164,0.0,2.0658646169558263
2,40.357527069105544,0.02056138079499841,12.019770350240146,-0.12053506284768645,0.0003337679347308123,0.10212764191694708,0.0981231434662256,1.4170869753118764,0.0,0.9047897745883894
2,40.266607954022646,0.02011125987486455,12.03281284630647,-0.0909191150828974,-0.00045012092013385976,0.0995872263042919,0.4015172697980236,2.451014562805151,0.0,2.0285418209986226
2,40.13195116900532,0.01965214980213814,12.012192127395718,-0.13465678501732725,-0.0004591100727264104,0.07080713166408108,0.4964600560805071,4.472751146580242,0.0,3.229295685451135
2,40.024742704654656,0.01989449158721629,12.017284121898289,-0.10720846435066278,0.0002423417850781484,0.07200306278232627,0.0858852255399389,2.7370729673052945,0.0,1.5403069347325251
2,40.016409823241275,0.01968996132616367,12.0199308389467,-0.008332881413380733,-0.0002045302610526184,0.07012899177395682,0.1741249732398246,3.539969685073334,0.0,2.1182347890163165
2,39.947597951054846,0.01969938574025403,12.04122169640006,-0.06881187218642992,9.424414090360156e-06,0.05213090291183095,0.1361248312846649,4.854109182975538,0.0,2.6993042540570986
2,39.95447668276658,0.01989798724222376,12.044149213813068,0.0068787317117369184,0.0001986015019697293,0.0515693585396578,0.1077693476225461,1.9283710072556528,0.0,1.1797241988729186
2,39.823247089908605,0.02022842608027193,12.03987451012966,-0.1312295928579772,0.0003304388380481679,0.06014600147608746,0.4353156734903564,4.474698168275104,0.0,3.107980431118265
2,39.92976362278115,0.02060709805313367,12.049425852347726,0.10651653287254703,0.00037867197286173965,0.06447767363556685,0.243949639997016,1.154780388053565,0.0,1.0652894740208145
2,39.88310176102192,0.02069412082730026,12.048289225199166,-0.04666186175923315,8.702277416659104e-05,0.06271318024274627,0.3334190464099007,4.051640087419915,0.0,2.692658136529759
2,39.739581601717305,0.02057236338178747,12.034651042362444,-0.14352015930461448,-0.00012175744551278997,0.07923632312639893,0.1021053053037974,3.7169700633896383,0.0,2.062695642302414
2,39.62204559863685,0.02084659967607643,12.033797079361705,-0.11753600308045264,0.0002742362942889619,0.07881211758408882,0.3863641769294909,3.2847852114578044,0.0,2.4151209595878838
2,39.850197472625574,0.02129233075273582,12.05733777373248,0.22815187398872183,0.00044573107665938846,0.10661569638535065,0.1196744093078766,3.91731037046009,0.0,2.198004003845798
2,39.84288453078499,0.02112411050256881,12.049173441053679,-0.0073129418405812885,-0.0001682202501670088,0.10986625367226689,0.1129381329779846,1.620413478976153,0.0,1.0360830054440457
2,39.819915581917826,0.02096750140215704,12.045997698429275,-0.022968948867166716,-0.00015660910041177117,0.11230926915179049,0.4558615472562529,1.3760913858238415,0.0,1.5997687874244266
2,39.815680560611064,0.02155184753409177,12.033379196382217,-0.004235021306762121,0.00058434613193473,0.11382933519898286,0.0380384156367038,1.082087921462107,0.0,0.6171207920044611
2,39.91921079155936,0.02148557195248241,12.02196371049377,0.10353023094829439,-6.627558160935895e-05,0.11781306738164322,0.2500040160868484,2.831888409506313,0.0,1.9159522369268533
2,39.89690540431447,0.021586149147667,12.053994031322027,-0.022305387244891506,0.00010057719518458824,0.12986777772839975,0.0891790319927904,4.3727881007328175,0.0,2.3647521143519894
2,39.792938111147514,0.02127124522376329,12.036626727570837,-0.10396729316695286,-0.0003149039239037088,0.13197647276769944,0.1379416059512729,3.942632304479779,0.0,2.247199364142435
2,39.87070603910952,0.021262312765249407,12.021234616244087,0.07776792796200738,-8.932458513882802e-06,0.1285450169395292,0.3726378131800541,2.5911483281607235,0.0,2.04084979044047
2,40.16266630288094,0.02100379551180365,12.02954557470687,0.29196026377142204,-0.0002585172534457572,0.12206379741606574,0.060154210719316,1.4459696989426112,0.0,0.8432932709099376
2,40.211840250630004,0.02096678083473004,12.01938914879059,0.04917394774906114,-3.701467707361086e-05,0.12298167035794765,0.3542069038170174,4.482129485488205,0.0,2.9494785503781373
2,39.82317456291601,0.02098799684638842,11.97380101383603,-0.38866568771399557,2.1216011658380107e-05,0.10652213957885563,0.3653569721616729,1.3480522316387755,0.0,1.4047400601427336
2,39.689628043333144,0.02073907641024053,11.953834460860051,-0.13354651958286468,-0.00024892043614788834,0.1238562708744563,0.3916424130749181,1.2532720351764195,0.0,1.409920843738046
2,39.52540851600725,0.02072146630475549,11.967038913419833,-0.16421952732589062,-1.7610105485042077e-05,0.13081343889224115,0.1396776743913754,2.576867490792781,0.0,1.5677890941791413
2,39.59178648173848,0.019814678572179358,11.966869981010095,0.06637796573122756,-0.0009067877325761309,0.13081840609495834,0.4130337426135388,2.647554216714353,0.0,2.149844593584254
2,39.56143695443252,0.01964420669408879,11.977365561102758,-0.03034952730595819,-0.00017047187809056744,0.13211149418170162,0.1553408543627236,2.066204143724859,0.0,1.3437837805878767
2,39.73611222942564,0.019538671776446172,11.948242313980014,0.1746752749931204,-0.00010553491764261902,0.09451354184167611,0.0763736463859625,3.757214609420739,0.0,2.0313545974822946
2,39.75419022647337,0.01955748495321272,11.965109802388774,0.018077997047726058,1.8813176766548784e-05,0.10782014725267622,0.3649680378285553,1.7819068498427209,0.0,1.6208895005784711
2,39.93798658038831,0.019811093789375043,11.971116095207032,0.18379635391494276,0.0002536088361623223,0.11026968450586702,0.3519299776330143,3.894973229078506,0.0,2.651346569805282
2,40.00011128784762,0.02013774772298462,11.96245575995517,0.06212470745931142,0.0003266539336095782,0.11295001218698611,0.3972337988681125,1.1931717390774297,0.0,1.39105346727494
2,39.97786006379786,0.02032186012641522,11.951109322626284,-0.022251224049760765,0.00018411240343059812,0.1183775844034031,0.293541608593153,4.823652544988468,0.0,2.99890948968054
2,40.187729462252555,0.02037558022242311,11.953087850227032,0.20986939845469266,5.3720096007889295e-05,0.11581942135091072,0.1321842821366084,3.3766089265050097,0.0,1.9526730275257216
2,40.26169506605838,0.020803941080927167,11.980254441778627,0.07396560380582429,0.00042836085850405867,0.09990877555465187,0.026929669348142,1.783056278357161,0.0,0.9453874778748645
2,40.37369382473331,0.02096424823126621,11.969707142624557,0.11199875867492892,0.00016030715033904172,0.09271469738797612,0.0210716297657005,3.231080702455973,0.0,1.6576836107593875
2,40.386743686356205,0.021593477518831193,11.992237682959084,0.01304986162289623,0.0006292292875649842,0.11540723811479009,0.4115929668649576,3.205154515302594,0.0,2.425763191381212
2,40.42275674607119,0.021470279328431652,11.998104498513895,0.03601305971498192,-0.00012319819039954133,0.11947776862541415,0.0787778105604798,2.7052127248262763,0.0,1.5101619835340978
2,40.345151111277474,0.02105417723335655,12.00764519844792,-0.07760563479371285,-0.0004161020950751021,0.11891512880044605,0.1760376590947935,2.7829889754889314,0.0,1.7435698059340528
2,40.35213222328047,0.02108386792153652,11.99457043231118,0.006981112002996781,2.9690688179970226e-05,0.11310969180898833,0.3766036074470115,3.204461411349648,0.0,2.355437920568847
2,40.11192988739863,0.02102446322602059,11.989614115198508,-0.2402023358818397,-5.9404695515928585e-05,0.11206809668340088,0.3129209129432172,1.499556252978651,0.0,1.37561995237576
2,40.0383246942109,0.02070333899950105,12.000912354471792,-0.07360519318773129,-0.00032112422651954173,0.10674681468089305,0.1622060743164126,4.959556179930903,0.0,2.804190238598277
2,40.12506153472073,0.02023471716316497,12.003322809010545,0.086736840509829,-0.0004686218363360792,0.10317936350404242,0.0335692314989121,1.978763704968126,0.0,1.0565203154818872
2,40.11566963147995,0.020309659693151672,12.00310446727089,-0.009391903240775434,7.494252998670181e-05,0.10359839607821889,0.4880307866665966,4.58677023889876,0.0,3.269446692782573
2,40.309024284217216,0.020041908408636122,12.007058775042621,0.1933546527372627,-0.0002677512845155501,0.10612654651326027,0.0708427802052826,3.872222552995196,0.0,2.0777968369081634
2,40.292522085032644,0.020268444193406062,12.02163531525262,-0.016502199184571964,0.00022653578476993994,0.11205083213640765,0.3689590200114339,3.3213621505392408,0.0,2.3985991152924884
2,40.28960265886239,0.020056909688321158,12.019367240938767,-0.002919426170251427,-0.0002115345050849038,0.10848299424401492,0.3310306542494114,3.0358797071810906,0.0,2.180001162089368
2,40.408683198875686,0.020188022841737548,12.01405659715537,0.11908054001329305,0.00013111315341638938,0.10547268108080426,0.1363057860154693,2.906648983531712,0.0,1.7259360637967947
2,40.46283046481812,0.020447847235139822,12.010804761172349,0.05414726594243291,0.0002598243934022748,0.10493822008240902,0.3455901689091993,4.732276477296229,0.0,3.057318576466513
2,40.502298324468384,0.02036927084292465,12.021838761872122,0.03946785965026578,-7.857639221517387e-05,0.10735709241277562,0.3755498943562346,3.1014498712913627,0.0,2.3018247243581507
2,40.56425700725362,0.01981458980640432,12.03968950877596,0.06195868278523875,-0.0005546810365203297,0.11573131406616015,0.1613082571555833,2.3881643210612347,0.0,1.516698674841784
2,40.62236350578994,0.02009570155527078,12.039575201507606,0.05810649853631844,0.00028111174886646245,0.11576952677445497,0.4305429468296528,4.425860076533839,0.0,3.0740159319262252
2,40.517342991006814,0.02022918046373871,12.047459276951201,-0.1050205147831278,0.00013347890846792873,0.10549677422909018,0.4894849180879029,2.497904175188082,0.0,2.2279219237698467
2,40.49211113280966,0.01947205528801416,12.045589688308993,-0.025231858197152235,-0.0007571251757245503,0.10997640632837151,0.1590708384829283,3.369633734742951,0.0,2.002958544337332
2,40.3708625762157,0.01966833504295363,12.026061134131286,-0.12124855659396161,0.00019627975493946917,0.11912116808535525,0.4760496738940643,1.7121934964141747,0.0,1.808196095995216
2,40.30392221525862,0.01912695736113742,12.02581719743174,-0.06694036095707645,-0.0005413776818162103,0.11889347656318273,0.4691259975310606,1.939507227247141,0.0,1.9080056086856918
2,40.3954244847903,0.01914786826970528,12.011340987960214,0.09150226953167362,2.091090856786229e-05,0.10837469014423648,0.2091201623091403,4.280372407215238,0.0,2.5584265282258998
2,40.517949729385236,0.01920023867654759,12.002033966736095,0.12252524459493941,5.237040684230934e-05,0.10918161208892699,0.0495820584519227,2.707665012224543,0.0,1.4529966230161169
2,40.53934296116962,0.019272602268895357,12.007290446556869,0.021393231784387012,7.236359234776696e-05,0.11095148598470211,0.2963071869238918,3.1000920250195696,0.0,2.1426603863575684
2,40.55032763814794,0.01900977156351142,11.998801464455976,0.010984676978317509,-0.0002628307053839374,0.10688624338094872,0.047520825911359,1.590950777445559,0.0,0.8905170405454974
2,40.635723793981796,0.019025653601640848,12.004671934590574,0.0853961558338554,1.5882038129428483e-05,0.11817360857061154,0.4980483426597446,2.9511531991964666,0.0,2.4716732849177223
2,40.35195329392785,0.01871001142837054,11.993162727007395,-0.2837705000539472,-0.0003156421732703092,0.12369636506954157,0.2055354679750111,2.206119056227808,0.0,1.5141304640639262
2,40.26181849175447,0.018840913458066,11.99611690921366,-0.09013480217338099,0.00013090202969546008,0.12298665551094456,0.4209802895109725,3.679860524874017,0.0,2.6818908414589533
2,40.26228479437136,0.019668802582588553,12.020453615599255,0.0004663026168927331,0.0008278891245225538,0.10346189132649247,0.3692506527464984,1.0108926167834775,0.0,1.2439476138847354
2,40.21349192579423,0.01955516149808502,12.022149640226639,-0.04879286857713083,-0.00011364108450353377,0.10119833039325975,0.0126732180598166,3.179822205360725,0.0,1.6152575387999957
2,40.20819801001357,0.019773372359146498,12.024529117744798,-0.005293915780661962,0.000218210861061479,0.1041150504142186,0.2584704072639102,3.8035286817636025,0.0,2.4187051554096217
2,39.96413555253711,0.02011171424821533,12.027983835834984,-0.24406245747645983,0.0003383418890688314,0.10453919524685615,0.4907266446861025,3.249613689041309,0.0,2.6062601338928593
2,39.57799638433679,0.02015222039821467,12.03798448146658,-0.3861391682003159,4.050614999934199e-05,0.10115569698106297,0.4144135635605321,1.2078450057976995,0.0,1.4327496300199138
2,39.39194873808195,0.01974322757096432,12.035508011379484,-0.18604764625484194,-0.00040899282725035194,0.10074220358767524,0.0958765333198197,3.2693677487185164,0.0,1.8264369409988976
2,39.54064789433699,0.01986272739530559,12.01699003661852,0.1486991562550415,0.00011949982434127093,0.1213625443660184,0.3642158512133173,1.3063572689103666,0.0,1.3816103368818178
2,39.625561319102886,0.019889992336796388,11.999897598799414,0.08491342476589381,2.7264941490797584e-05,0.09858211328070826,0.0245086238590379,2.382362436986025,0.0,1.240198466211088
2,39.72250677175463,0.01991213267147417,12.017860889574267,0.09694545265174526,2.214033467778237e-05,0.09232597925787697,0.4646141165615756,2.339024772705762,0.0,2.098740619476032
2,39.65522412081431,0.01993798502077218,12.031342470970262,-0.06728265094032082,2.5852349298010474e-05,0.09638205614963385,0.4758956826909655,4.066474693355087,0.0,2.9850287120594743
2,39.572711933817445,0.01966416244936931,12.033452282001566,-0.08251218699686547,-0.0002738225714028694,0.09702124382783679,0.4160891515356257,3.964608185229896,0.0,2.8144823956861993
2,39.64512925512073,0.019606727399815067,12.059027865760475,0.07241732130328415,-5.7435049554244166e-05,0.09359362665453391,0.0147246682150486,4.2997465107794,0.0,2.179322591819797
2,39.573404193248365,0.01948256020320863,12.057793426358867,-0.07172506187236394,-0.0001241671966064374,0.09235582526763593,0.1044708948490321,2.981138028907917,0.0,1.6995108041520228
2,39.49834224395032,0.01910799818004322,12.050557081340678,-0.07506194929804622,-0.000374562023165409,0.0953794392388228,0.1900476917298479,1.7865730784859537,0.0,1.2733819227026726
2,39.69212208009461,0.019008291740983847,12.039204148571745,0.1937798361442944,-9.970643905937368e-05,0.10177440572479746,0.1527019099123325,4.935819534658554,0.0,2.7733135871539423
2,39.85732002974045,0.0194377918822744,12.057751397617862,0.16519794964583667,0.0004295001412905515,0.11752283489940156,0.0500128054608919,1.5302066435831856,0.0,0.8651289327133767
2,39.8152277109637,0.01972785166413813,12.073374398407578,-0.04209231877675279,0.00029005978186373224,0.08989049959733358,0.3937383888494359,2.6669404975078423,0.0,2.120947026452793
2,39.62661596882673,0.02004643478093465,12.056264376936143,-0.1886117421369704,0.00031858311679651766,0.10821513855002068,0.1084663612717855,1.8849955524356357,0.0,1.1594304987613888
2,39.603300920654526,0.0200261544485807,12.070381887911184,-0.023315048172200648,-2.028033235394744e-05,0.11872689481171972,0.2423182594886122,2.72044607341468,0.0,1.8448595556845644
2,39.93184281798414,0.020035589303813342,12.063240668822042,0.3285418973296146,9.434855232640788e-06,0.1177173995884043,0.1208426403914441,4.293509604392559,0.0,2.3884400829791677
2,40.04185597355321,0.020081211670647442,12.072494458177264,0.11001315556907088,4.5622366834099926e-05,0.12181376411634724,0.0822596147479558,4.589554574307584,0.0,2.4592965166497036
2,40.00672524376173,0.02041045632798211,12.058565938703875,-0.035130729791482906,0.0003292446573346687,0.11827497421592253,0.383888804325134,4.172387656609098,0.0,2.8539714369548173
2,39.97127758392033,0.02023372265017935,12.06107125545152,-0.03544765984139531,-0.0001767336778027602,0.12034799214935966,0.158170027900637,4.632372530103874,0.0,2.632526320853211
2,40.03025316664528,0.02009051584790456,12.063475150096593,0.05897558272494763,-0.00014320680227479163,0.11883912421427228,0.3272338295135886,2.4880438972123557,0.0,1.898489607633355
2,40.16371355435506,0.01990174619484383,12.073902573372767,0.13346038770978197,-0.00018876965306072885,0.11093156153884365,0.1241520878643909,4.336798024074755,0.0,2.416703187766159
2,40.06566918151183,0.019843063502876353,12.046411812041242,-0.09804437284323342,-5.8682691967477246e-05,0.10311267411703859,0.4436652396510741,4.254000664093853,0.0,3.0143308113490748
2,39.75120108092478,0.02014108561652152,12.045023941927846,-0.31446810058704955,0.00029802211364516815,0.10421441013691492,0.4915234532067014,2.740902094753206,0.0,2.3534979537900056
2,39.83743825594007,0.019637956790725504,12.067924136083308,0.08623717501529171,-0.0005031288257960169,0.0888814567259493,0.3579417470705118,1.9252496380554809,0.0,1.6785083131687641
2,39.70957533974841,0.01957382838993107,12.057772979153077,-0.1278629161916598,-6.412840079443247e-05,0.07567371044807196,0.0983004634564256,3.0642995123626804,0.0,1.7287506830941914
2,39.441116726539676,0.01978434192445485,12.06644766384542,-0.2684586132087361,0.00021051353452377838,0.07908779329914523,0.2724191749638471,4.7100651405891885,0.0,2.8998709202222885
2,39.40972711055224,0.0195677591276883,12.046878053609861,-0.03138961598743606,-0.00021658279676654846,0.07704321874554036,0.3771058329953305,4.330930539326623,0.0,2.9196769356539725
2,39.31470606625279,0.019472775339522,12.040850160421112,-0.09502104429945035,-9.498378816630293e-05,0.0813286624211418,0.4809451635595392,4.141464204246191,0.0,3.0326224292421737
2,39.417054884148925,0.01957967683256113,12.016424313405203,0.10234881789613581,0.00010690149303912988,0.07777016533915246,0.220922173654144,2.057759117104321,0.0,1.4707239058604484
2,39.76127134273593,0.01953721195270645,12.008648520914077,0.344216458587006,-4.24648798546777e-05,0.08258502044864036,0.0961945647437164,3.643587899749613,0.0,2.0141830793622395
2,39.619435094206764,0.019787831934242148,11.995128584423625,-0.14183624852916665,0.000250619981535697,0.08737081814930071,0.4255330420909305,4.40810300305531,0.0,3.055117585709516
2,39.83720011388334,0.019481536004067858,11.991302349699126,0.2177650196765768,-0.00030629593017428985,0.09034898588988084,0.2536108864082437,1.332929556970638,0.0,1.1736865513018064
2,40.02114088815352,0.019377330062637737,12.002077853789876,0.18394077427017663,-0.00010420594143012094,0.0932064056835395,0.2867666698586464,3.600461354593496,0.0,2.373764017014041
2,39.98704935146522,0.019817526141465508,12.001888846720624,-0.034091536688301005,0.00044019607882777104,0.09295852980661243,0.0044653760213505,2.281798250197763,0.0,1.1498298771415827
2,40.24364005850575,0.020219866950873768,11.994273407536562,0.2565907070405302,0.0004023408094082602,0.08612815248986133,0.2989703268980393,1.516538974775509,0.0,1.356210141183833
2,40.27678056300861,0.0203386891330395,11.982308837399334,0.033140504502860324,0.00011882218216573148,0.07186071174805772,0.3139558397980683,3.4669782298820264,0.0,2.3614007945371496
2,40.18078673337446,0.020515570243406077,11.987180934562842,-0.09599382963414627,0.00017688111036657725,0.0722941370227782,0.2374269083234221,4.635753938760296,0.0,2.7927307860269925
2,40.08590877268884,0.02016769849062432,11.992053557285022,-0.09487796068562204,-0.00034787175278175667,0.07212949490386258,0.072471352547131,1.4277970909734743,0.0,0.8588412505809991
2,40.02413734323032,0.02032222096365379,11.99724863418032,-0.06177142945851699,0.00015452247302947045,0.0678629166436065,0.3326438940149564,2.635485952138853,0.0,1.9830307640993394
2,39.80779786581389,0.02069753692495365,11.998056607479308,-0.2163394774164331,0.0003753159612998602,0.06700238171105549,0.3093841800574126,1.107410698838271,0.0,1.1724737095339606
2,39.89803059525567,0.02040671552753328,12.006955877942108,0.09023272944178018,-0.00029082139742037105,0.0590323524727558,0.4304567410105885,4.286611193260938,0.0,3.004219078651646
2,39.769471436538076,0.020453301622085602,12.018694118521868,-0.12855915871759294,4.658609455232207e-05,0.04880048544317112,0.0746353071320193,4.128059778902967,0.0,2.2133005037155224
2,39.728777831626545,0.02042492826187143,12.001814963700628,-0.04069360491153162,-2.8373360214172666e-05,0.05668692078194939,0.4562008818470328,3.647224354828079,0.0,2.736013941108105
2,39.75353262045082,0.020645862563591362,11.990698482401736,0.024754788824274954,0.00022093430171993278,0.04188414799499816,0.4066296903916857,3.452183174605309,0.0,2.5393509680860262
2,39.70881755789556,0.02043481532446671,11.984044674081652,-0.044715062555262364,-0.00021104723912465304,0.039775656294806935,0.4282240089144477,4.995110397160182,0.0,3.3540032164089864
2,39.941001275203845,0.02025576716969856,11.970905912868014,0.23218371730828835,-0.0001790481547681473,0.04955542013686165,0.1146560579846136,3.087691832821196,0.0,1.7731580323798253
2,40.15311471607258,0.02027333794240934,11.946127830290086,0.21211344086873396,1.757077271077878e-05,0.07857583748056396,0.3123940650639726,2.8436223521336834,0.0,2.046599306194787
2,40.373357783078696,0.02043029989070787,11.941981448731275,0.22024306700611618,0.00015696194829853058,0.0757701505709936,0.1788747598321459,4.0874218675406695,0.0,2.4014604534346264
2,40.49301784002249,0.02026262897420354,11.95097982806928,0.11966005694379334,-0.00016767091650433247,0.08419548326744833,0.2178783277226066,2.4788193720281058,0.0,1.6751663414592661
2,40.661846679557584,0.020032839682483337,11.958721484528658,0.1688288395350952,-0.00022978929172020116,0.08630558591606691,0.0227548198612526,2.678081272264726,0.0,1.3845502758548682
2,40.71861127619708,0.020561682272784938,11.955558552899074,0.05676459663949629,0.0005288425903016009,0.0853534128265587,0.4306310150892964,4.179930445596735,0.0,2.9512272529769605
2,40.684462671407154,0.02057363341434454,11.969837516549491,-0.03414860478992665,1.1951141559600476e-05,0.10798797733798096,0.0273564835149833,2.665578262909364,0.0,1.3875020984846487
2,40.82088110549028,0.02048512056526057,11.97909782407818,0.13641843408312582,-8.851284908396873e-05,0.10562911646686363,0.3622671084375611,3.973274883722594,0.0,2.7111716587364194
2,40.82142594575665,0.02069003639402826,11.960875007733524,0.0005448402663716934,0.00020491582876768985,0.11680025257209621,0.2443215799997267,1.5601173751098636,0.0,1.2687018475543852
2,40.74904936402949,0.02089839673742054,11.952574298354925,-0.07237658172716266,0.00020836034339228107,0.11933753147303243,0.1198617585514841,2.8432456676700504,0.0,1.6613463509379933
2,40.66076926674339,0.0206350041259871,11.967832312552986,-0.08828009728610198,-0.0002633926114334398,0.1190454297732156,0.4880704317380779,4.651005183252294,0.0,3.301643455102303
2,40.21205823444093,0.02038002494145793,12.001042437566865,-0.44871103230245524,-0.0002549791845291721,0.10191417196496759,0.0186812017461673,1.7637097914718147,0.0,0.9192172992282419
2,40.10222693852161,0.02035098366201054,12.002453807134058,-0.10983129591932084,-2.9041279447389323e-05,0.10153847894699188,0.3269880046797629,2.554417262373613,0.0,1.9311846405463324
2,40.02743650494348,0.020770130920780984,11.999628996187553,-0.07479043357812998,0.00041914725877044423,0.10017831963522009,0.2966487706399656,4.639228966068048,0.0,2.9129120243139552
2,39.81918659724254,0.020696375487527834,12.005229656683753,-0.20824990770093876,-7.375543325315037e-05,0.10263576106841006,0.2446363584520446,1.0182145409465426,0.0,0.9983799873773604
2,39.491770228588415,0.02030983847960418,12.003756454137015,-0.32741636865412715,-0.0003865370079236541,0.10338704781319939,0.239479950099366,2.828211885508575,0.0,1.8930658429530194
2,39.41241965603713,0.020622341534909792,11.998341368313618,-0.07935057255128442,0.00031250305530561295,0.09464381104989819,0.4350751945938183,2.196234171892028,0.0,1.9682674751336506
2,39.3203964674474,0.02041993409521219,12.004292244138881,-0.09202318858972802,-0.00020240743969760291,0.09635536873550145,0.4807732454288251,3.9090874979951935,0.0,2.916090239855247
2,39.24509719562062,0.02016591956351306,12.016317767977473,-0.07529927182677909,-0.0002540145316991295,0.07575680389535797,0.3520918982252931,1.4725258181937164,0.0,1.4404467055474444
2,39.19024484757554,0.01985242339309428,12.027289800289449,-0.0548523480450811,-0.0003134961704187797,0.06071256471400571,0.2880341933087795,2.9350571909119503,0.0,2.043596982073534
2,39.22255883868469,0.02027349829179724,12.021516065431417,0.03231399110914879,0.0004210748987029597,0.06267087211920995,0.4450435752642293,1.8690322426264872,0.0,1.8246032718417022
2,39.609948149740106,0.02031646524271578,12.016862972341553,0.38738931105541496,4.2966950918540275e-05,0.05780067173670829,0.2554258490932004,3.7469631005082262,0.0,2.3843332484405138
2,39.89003621187399,0.02045003619977574,12.001410568280262,0.2800880621338848,0.00013357095705995858,0.08271786210870158,0.3143606851829902,4.638200625582771,0.0,2.9478216831573656
2,40.09208905496995,0.02032718991211041,12.020071488965783,0.20205284309595584,-0.00012284628766532843,0.10740585970038492,0.1054592465379574,1.1796185765399283,0.0,0.800727781345879
2,40.24344417699217,0.01996625186728825,12.015525466742924,0.151355122022224,-0.0003609380448221615,0.10598801602907121,0.193073648573717,1.966093807421584,0.0,1.3691942008582259
2,40.389592956854685,0.01974651771899355,12.011827567831956,0.1461487798625143,-0.00021973414829469864,0.10913255395741919,0.1914176086317868,2.8694973795086907,0.0,1.817583907017919
2,40.44210168955545,0.02022807088295034,11.994723345902822,0.05250873270076539,0.00048155316395678827,0.10394868781260218,0.10506324570141,3.579622016501714,0.0,1.999937499653677
2,40.53422354626847,0.020212619903217807,12.004818179777649,0.09212185671302109,-1.54509797325314e-05,0.11486656163381864,0.3720730779373661,2.634040452906228,0.0,2.061166382327846
2,40.526601563429324,0.02018996707758699,12.009996606469233,-0.007621982839147279,-2.2652825630818663e-05,0.11265386632227828,0.1917860431223881,2.107565740819473,0.0,1.4373549566545127
2,40.592122621570375,0.02019792881913243,12.025508309470663,0.06552105814105147,7.96174154544041e-06,0.1203849609411151,0.2804425719519868,1.1948085845426308,0.0,1.1582894361752891
2,40.497068391220374,0.01982363841273195,12.043223539059195,-0.09505423035000149,-0.0003742904064004786,0.12533746911302884,0.3411898742853428,3.204842585597919,0.0,2.284801041369645
2,40.305211647608715,0.019874779851173818,12.048298249451904,-0.19185674361165894,5.114143844186722e-05,0.12678126339792017,0.1017302997138956,3.3037918484962354,0.0,1.8553565236759089
2,40.243640877366,0.01965341445696682,12.062909837384602,-0.06157077024271729,-0.00022136539420699805,0.10543894751783374,0.2327106168990708,4.62509088348941,0.0,2.7779666755428467
2,40.2052213435242,0.01952442232151122,12.044996794749762,-0.03841953384179675,-0.0001289921354555995,0.09045993222387809,0.1046395811620302,3.352218936906418,0.0,1.8853886307772694
2,40.25270669862769,0.01976749435507629,12.052915484672493,0.047485355103489724,0.0002430720335650713,0.09197003268986696,0.0697530439794445,3.331968588280004,0.0,1.805490382098891
2,40.44074902445364,0.01973535836598799,12.062380902378695,0.18804232582594693,-3.2135989088299954e-05,0.08005403524229719,0.1534410974338387,4.236594072617834,0.0,2.4251792311765943
2,40.429976779974965,0.019316625084612453,12.052643076105488,-0.010772244478673088,-0.00041873328137553845,0.09928594355599459,0.1996340612982378,4.019005896177667,0.0,2.408771070685309
2,40.225329287921696,0.019611616193153623,12.036710307317529,-0.20464749205326882,0.0002949911085411705,0.09333039456734611,0.396917754692098,4.688769708307959,0.0,3.138220363538175
2,40.28875292270892,0.019505954674203012,12.017012395271772,0.06342363478722746,-0.0001056615189506116,0.12105751149811952,0.4299853834315583,1.7913875237642598,0.0,1.7556645287452466
2,40.2011223082125,0.01924637194327822,12.007538680540359,-0.08763061449642606,-0.0002595827309247907,0.11315338828393952,0.3038270190557745,4.8971804945568005,0.0,3.0562442853899494
2,40.313449052837775,0.01920844202909483,12.009622461630757,0.11232674462527825,-3.792991418339123e-05,0.11629550816062598,0.2811253374564998,1.231086082112502,0.0,1.1777937159692506
2,40.43675693271675,0.019561929071074187,12.011633591868554,0.12330787987897196,0.00035348704197935704,0.11825505280673299,0.388383663798495,2.739531395813813,0.0,2.1465330255038966
2,40.249219778855334,0.01964538580353518,12.006856953347777,-0.18753715386141323,8.345673246099375e-05,0.12079066612344182,0.193628880919531,1.638942494727284,0.0,1.206729009202704
2,40.011594953215436,0.01948847800380244,12.017657722314123,-0.23762482563989806,-0.00015690779973273963,0.1284792679659821,0.0247079094146257,3.7882555635092223,0.0,1.9435436005838627
2,39.83043064165597,0.01964332742666483,11.991831623518157,-0.18116431155946344,0.0001548494228623895,0.13494346751593048,0.0319034687146843,4.434334061387077,0.0,2.2809739681229075
2,39.679501695968575,0.02017575128129873,11.979862889701515,-0.15092894568739723,0.000532423854633899,0.1386538886237665,0.3862033155673464,3.1775822877208744,0.0,2.36119777499513
2,39.66083727619715,0.02002351276945415,11.986758524546008,-0.018664419771425855,-0.0001522385118445796,0.1330481079634363,0.3324359358051986,4.647996565339404,0.0,2.9888701542800993
2,39.746914765484334,0.01975540738077684,11.992114523945315,0.0860774892871845,-0.0002681053886773102,0.13459371678910012,0.127732625306063,2.9344802130517063,0.0,1.7227053571379791
2,39.74796432277397,0.01956396607926077,12.021518805363737,0.001049557289633185,-0.00019144130151606958,0.11714497857707376,0.2104150263201131,2.178490829438806,0.0,1.5100754673596293
2,40.057361151113184,0.01983897201784104,12.033851241926005,0.3093968283392172,0.00027500593858027084,0.12689448965848882,0.3428054725972568,1.8834187869662544,0.0,1.6273203386776407
2,40.0465381482892,0.01973135692619822,12.002110573726355,-0.010823002823983074,-0.00010761509164282021,0.12744684911878393,0.152090933715018,3.5513945272090344,0.0,2.079879131034553
2,40.094723298293054,0.01972723695852906,11.990537276163634,0.04818515000385304,-4.119967669160424e-06,0.12024784610877828,0.032370699496768,1.8563740274669172,0.0,0.9929284127269946
2,40.23006103375146,0.01973304475655473,11.999407314381738,0.13533773545840688,5.807798025669886e-06,0.11840082332609447,0.3362399946712868,4.502965083859058,0.0,2.9239625312721027
2,40.225448966714495,0.01973595777395043,11.977618663411326,-0.004612067036966039,2.913017395699685e-06,0.10799499476425649,0.1652291985710411,1.758871007896749,0.0,1.2098939010904568
2,40.14480804933819,0.01972164428593327,11.998082414033197,-0.08064091737630719,-1.4313488017159842e-05,0.09931092322880863,0.0314269345970508,2.8567874252415533,0.0,1.4912475818148783
2,40.17333037719454,0.01955812619011021,12.018962326840695,0.02852232785635067,-0.0001635180958230592,0.09543026601904597,0.0918147573396117,4.983289811052778,0.0,2.6752744202056125
2,40.13192633693052,0.01968545160655611,12.019990847924813,-0.04140404026401967,0.00012732541644589965,0.09427435155259632,0.0532165631989451,4.127803199186233,0.0,2.170334725991007
2,40.050958651894284,0.02003610944441478,12.029176322643488,-0.08096768503623508,0.0003506578378586686,0.10180264721430679,0.090402970832188,3.0494849494441145,0.0,1.7055484163864332
2,40.16529325687007,0.0202611375139611,12.021346250571513,0.11433460497578807,0.0002250280695463222,0.0998870892547886,0.0303023321527421,4.629095026691776,0.0,2.375152177651372
2,39.954902313564965,0.020322700860034328,11.993887796379138,-0.21039094330510721,6.156334607322622e-05,0.0898346946006392,0.0479174332819594,3.228949207546615,0.0,1.7103094703372264
2,39.9782980912944,0.0203191292372497,12.001799062391559,0.023395777729433576,-3.5716227846267767e-06,0.07933857871136124,0.1791639139226792,3.770265463472416,0.0,2.2434605595815666
2,40.07006882798494,0.020431414012315803,11.998552457000443,0.09177073669054181,0.00011228477506610227,0.07972943969465769,0.4575476420290907,3.7031746748365415,0.0,2.766682621476452
2,39.87897527102569,0.02065608482550122,11.996831392618232,-0.19109355695925245,0.00022467081318541804,0.07947328209654252,0.3845680427985746,3.267497543542784,0.0,2.4028848573685413
2,40.17364388631016,0.020360871437051488,11.991732693618294,0.29466861528447197,-0.0002952133884497332,0.08575146625842112,0.1711482314956073,3.0579649909529163,0.0,1.8712789584676728
2,40.21005558875341,0.02019676738139884,11.9808892436043,0.03641170244325309,-0.0001641040556526474,0.08432714222293367,0.3751772692512205,2.121972879299357,0.0,1.8113409781521195
2,40.00199405045285,0.02036123156400263,11.97853983629644,-0.20806153830056218,0.0001644641826037893,0.08100597468171024,0.1965163305046653,4.446031005104256,0.0,2.6160481635614588
2,40.22343444781292,0.02018040472186165,12.000101393453395,0.2214403973600696,-0.00018082684214098046,0.09392491760702862,0.3926041463162535,2.921092849195478,0.0,2.245754717230246
2,40.266232593102856,0.019855949925349732,11.986484881186538,0.042798145289935974,-0.00032445479651191725,0.07973245358321039,0.4494557308645969,4.882284013927011,0.0,3.340053468692699
2,40.29620867303715,0.01951452381898729,11.980758252935848,0.02997607993429341,-0.000341426106362442,0.08004626590860453,0.3623122447431682,2.2602161406845718,0.0,1.8547325598286224
2,40.43075225888613,0.01972773039293882,12.00020900032375,0.13454358584898074,0.00021320657395152917,0.08226985810948707,0.2948311812260573,3.2905931375864093,0.0,2.2349589312453193
2,40.32979981476854,0.01963725665678969,11.998859020546998,-0.10095244411758841,-9.04737361491284e-05,0.08353432058075415,0.1238392366421756,2.7167510326408726,0.0,1.6060539896047874
2,40.15620338900978,0.01942039030283045,11.99130601474145,-0.17359642575875966,-0.00021686635395923998,0.08912612321859825,0.4083888240205608,1.962587478393854,0.0,1.7980713872380485
2,40.38055856300889,0.01944504519271522,11.97864178466493,0.22435517399910765,2.4654889884768993e-05,0.09648664033614375,0.2508505093200494,3.0604120390240994,0.0,2.0319070381521485
2,40.33609725820117,0.019831769428050518,11.99032492524307,-0.044461304807718705,0.00038672423533529787,0.08967676897208002,0.3934057047180951,2.2291354072263414,0.0,1.901379113049361
2,40.3922147767394,0.02023296854786288,11.984086435260407,0.05611751853822966,0.0004011991198123628,0.09538876985439743,0.4293705600778466,4.24997576724339,0.0,2.983729003777388
2,40.75542006484484,0.02033642175485837,11.974933860818297,0.3632052881054406,0.00010345320699549007,0.0901411961594251,0.2873891551128082,2.68400962748976,0.0,1.9167831239704962
2,40.6748459477582,0.020478119024092446,11.968572063594793,-0.0805741170866412,0.00014169726923407566,0.0783317265331814,0.2265597721439777,3.912381080786072,0.0,2.4093100846809916
2,40.78982237869378,0.02075548554966733,11.956608131329734,0.11497643093557741,0.00027736652557488334,0.08096012929431233,0.3371015740783628,4.070967522040183,0.0,2.709686909176817
2,40.571834617154174,0.02102132634877972,11.958272262039696,-0.21798776153960375,0.00026584079911239067,0.08100416943568348,0.4152118678511304,4.742500959389417,0.0,3.2016742153969693
2,40.519397544028955,0.02084030139533767,11.95323485124079,-0.05243707312521906,-0.00018102495344204939,0.07261331112395134,0.1124764269126471,2.56313945240159,0.0,1.5065225800260893
2,40.368077462150055,0.02129634007199653,11.968240651331246,-0.15132008187890023,0.0004560386766588598,0.08070214692400275,0.1171769044498152,4.683642989362553,0.0,2.5761753035809067
2,40.43594498158214,0.02116320262489846,11.986916629165908,0.06786751943208458,-0.0001331374470980723,0.08461747041921157,0.0319722254164607,3.105687856701472,0.0,1.6167883791836575
2,40.30142506236036,0.02124980180379145,12.014938406573316,-0.13451991922178053,8.65991788929904e-05,0.08902432158507209,0.120930391846979,3.8856354866620935,0.0,2.184678527025005
2,40.271905141529786,0.02116662814887112,12.021203710864402,-0.0295199208305732,-8.317365492032866e-05,0.08959525265821976,0.2102018648531984,4.353060767289868,0.0,2.596934113351331
2,40.55306793071749,0.02105939867181478,12.036456136509756,0.28116278918770377,-0.00010722947705633923,0.07456278797774837,0.1710273329632563,2.73786674719905,0.0,1.7109880395260377
2,40.20167527548263,0.02061495369224384,12.035789495819738,-0.35139265523486074,-0.0004444449795709404,0.07513518857686657,0.4424695794310775,4.641359860553415,0.0,3.2056190891388625
2,40.187361901788094,0.02050591503421649,12.050926982997435,-0.014313373694534448,-0.00010903865802735016,0.0971939578558987,0.1681624850105036,1.2026384042087797,0.0,0.937644172125397
2,40.203733932539095,0.02034482567602272,12.062010832535925,0.016372030751000466,-0.00016108935819376946,0.0814744595193263,0.2362575082548779,2.664668310567421,0.0,1.8048491717934663
2,40.2500710340941,0.020500058379559573,12.053661914169854,0.04633710155500381,0.00015523270353685198,0.09531572101803475,0.4532569715671401,3.788091233451177,0.0,2.800559559859869
2,40.07232225414074,0.02026710643184634,12.049530265007391,-0.1777487799533617,-0.00023295194771323288,0.09658556267544421,0.0739984616427278,3.838076463416201,0.0,2.067035154993556
2,40.20453978016138,0.01976795344217843,12.036997015081607,0.1322175260206464,-0.0004991529896679094,0.10122810776516906,0.2944184863437076,4.714509320800175,0.0,2.946091633087503
2,40.22071462943559,0.01995221692995595,12.036918619562957,0.01617484927420776,0.00018426348777752025,0.10118575830429333,0.223102343938093,1.943327461567363,0.0,1.4178684186598676
2,40.10426554934858,0.019993905332830242,12.01439780453932,-0.11644908008700838,4.1688402874291014e-05,0.09738957445105736,0.4941910139338553,4.136432740953588,0.0,3.0565983983445046
2,39.88105434791066,0.020042237072687603,11.991443830783835,-0.22321120143791973,4.8331739857361555e-05,0.11222594235752589,0.343150085379118,1.091126803077484,0.0,1.231863572296978
2,39.54850620869665,0.01989645201400735,11.99265130000348,-0.33254813921401194,-0.00014578505868025407,0.11277780369684705,0.3642636984033942,3.5598527297386213,0.0,2.508453761676099
2,39.64847029967944,0.01984577924961882,12.001913791424741,0.09996409098278747,-5.067276438852977e-05,0.11494515215030188,0.3630578563430105,2.706592359312286,0.0,2.079411892342164
2,39.612561057061264,0.01984174930981522,11.977640831365576,-0.03590924261817463,-4.02993980359867e-06,0.08179593902324603,0.4874349980209322,4.718020158755982,0.0,3.3338800754198554
2,39.431791505115726,0.01966287341258852,11.982253581674545,-0.1807695519455379,-0.00017887589722670114,0.08432448085168691,0.4441247339780229,3.8948337217325206,0.0,2.835666328822306
2,39.40878951925106,0.01944741845511932,11.97804760592346,-0.023001985864667063,-0.00021545495746920149,0.09057585023461473,0.2457115634416123,2.0683963881608696,0.0,1.5256213209636593
2,39.503539724685865,0.01981587440743314,11.987562854947459,0.09475020543480639,0.0003684559523138217,0.09831856303918063,0.3980200644478885,1.677124209584694,0.0,1.634602233688124
2,39.48746776451244,0.02028158180246403,11.998392277309458,-0.016071960173427158,0.0004657073950308892,0.09938895408326708,0.1572101418174692,4.248594118195642,0.0,2.4387173427327595
2,39.52579518457786,0.02006948727930134,11.962911421791066,0.038327420065421336,-0.00021209452316268973,0.12481022909403779,0.0556074738471088,4.024634324204665,0.0,2.12353210979655
2,39.515841185292416,0.019829848280867892,11.965016774891655,-0.00995399928544316,-0.00023963899843344738,0.1243347475980138,0.3545653939334759,3.203776033103494,0.0,2.311018804418699
2,39.62222202479343,0.01960159645339902,11.965154438713693,0.10638083950101418,-0.00022825182746887343,0.12416582760486977,0.1627140776008354,1.3603246243594445,0.0,1.005590467381393
2,39.724891993716746,0.01934133322545468,11.95492946885702,0.10266996892331548,-0.0002602632279443372,0.12109050420284571,0.4441284543526487,2.075970594830056,0.0,1.9262422061203255
2,39.82515960045594,0.019746175026954502,11.946211722794365,0.10026760673919455,0.0004048418014998209,0.11506813723606857,0.3599358903094119,4.081661490017748,0.0,2.7607025256276976
2,39.72948450265919,0.01968604162615976,11.970144943655907,-0.09567509779675021,-6.0133400794741554e-05,0.14581306479678585,0.4999356837938934,1.710645240202029,0.0,1.8551939876888013
2,39.743722373323024,0.019764242893944992,11.983383115754883,0.014237870663833974,7.820126778523145e-05,0.15870186816821089,0.1206842797552844,4.328101852790802,0.0,2.40541948590597
2,39.804952757944875,0.01962319535540032,12.019713071611534,0.06123038462185093,-0.00014104753854467245,0.16426194187691542,0.3797013747193611,3.1376150042002706,0.0,2.3282102515388576
2,39.74201414993062,0.019594847171151848,12.013912931924256,-0.06293860801425666,-2.8348184248471603e-05,0.162139987852242,0.334377185399133,2.5378618160055244,0.0,1.9376852788010281
2,39.72493278613502,0.019396020864741702,12.007243939319778,-0.017081363795597326,-0.00019882630641014643,0.16159087194857602,0.3090049806932399,3.262287993817002,0.0,2.249153958294981
2,39.65874972998528,0.019164421617009132,12.032455804798783,-0.06618305614973963,-0.00023159924773256957,0.13034160923638413,0.4786270355323776,2.120617654558505,0.0,2.017562898344008
2,39.646437139151395,0.018963971185555976,12.041349545653054,-0.012312590833886361,-0.00020045043145315578,0.1270192018801894,0.0104267624232894,4.657539435628094,0.0,2.349623242660626
2,39.67685944575363,0.01912861054459043,12.046398156279892,0.030422306602233107,0.00016463935903445262,0.11832766915335209,0.0482391084628716,1.5857678582781505,0.0,0.8893621460648184
2,39.63825009224261,0.019469700738990958,12.037742777082906,-0.03860935351102057,0.00034109019440052915,0.12944676851372125,0.2649711970453547,1.6934208216925573,0.0,1.3766528049369882
2,39.577380076765905,0.01927934452948748,12.035954891341017,-0.06087001547670212,-0.0001903562095034797,0.13044644400092395,0.2413939646843888,2.7394137201455915,0.0,1.8524947894415733
2,39.578150175772485,0.01940045014984955,12.00498436008383,0.0007700990065799829,0.00012110562036207057,0.11552417239570192,0.3314007856430238,3.42444937945363,0.0,2.3750262610128625
2,39.67049132008566,0.01902670775364678,11.987171319432893,0.09234114431317408,-0.00037374239620276833,0.09866432819016509,0.2198655329598063,2.3566326841686163,0.0,1.6180474080039207
2,39.51263456625145,0.01944460853614214,11.974308382448731,-0.15785675383420994,0.000417900782495359,0.0717644363938046,0.2493926610265103,4.640666003175322,0.0,2.8191183236406814
2,39.61407325994755,0.01958565883924608,11.970456553325892,0.10143869369610314,0.00014105030310394145,0.06872375685704296,0.3145059951762565,2.7715872174191603,0.0,2.0148055990620932
2,39.7352210218992,0.01933085421087621,11.968946975026444,0.12114776195164723,-0.00025480462836987086,0.06843077072929085,0.3571520702385029,3.69130196764261,0.0,2.5599551242983107
2,39.932347501840795,0.01957582184322632,11.957201718239443,0.19712647994159482,0.0002449676323501085,0.0754544622214617,0.4298085629230189,4.665244580259344,0.0,3.1922394159757097
2,39.987661789347506,0.01946243405383895,11.964649937067689,0.05531428750671097,-0.00011338778938736749,0.08710487317138395,0.1149588972924448,1.5703872764505538,0.0,1.0151114328101665
2,39.9827673578861,0.01960625619803674,11.972592216440825,-0.004894431461408999,0.00014382214419778744,0.08189734324796621,0.2374745318371097,4.302073989002734,0.0,2.6259860581755863
2,40.152116526062755,0.019499835125566193,11.98079415397681,0.1693491681766588,-0.00010642107247054583,0.07243449004327908,0.3477171317839554,2.2829774018250157,0.0,1.8369229644804186
2,40.09434886867679,0.01966476582081373,11.976825553278044,-0.05776765738596623,0.00016493069524753726,0.07460188182958698,0.0489989000632396,1.504289098846618,0.0,0.8501423495497882
2,40.2220478594878,0.01950020036983015,11.979186263307797,0.12769899081101244,-0.0001645654509835788,0.07292149668427345,0.2935217112562556,4.8916636157465945,0.0,3.0328752303858084
2,40.384339990291224,0.01965789592543202,11.969731089382242,0.1622921308034222,0.00015769555560186943,0.07623125682957013,0.0423921388334905,1.5595847985099849,0.0,0.8645766769219735
2,40.52666343479523,0.01924930500915126,11.95735446522208,0.14232344450400802,-0.00040859091628075994,0.06631689714634334,0.1016747056634928,4.389617508877535,0.0,2.398158165765753
2,40.6439372335284,0.01886390245442833,11.959071362750416,0.11727379873316579,-0.00038540255472293075,0.06783564094812465,0.0752165445725513,4.798173429625187,0.0,2.549519803957696
2,40.61162888964653,0.01956641700191708,11.953556948371943,-0.03230834388186565,0.0007025145474887501,0.06871096320456589,0.3405483239076853,1.827647292293007,0.0,1.594920293961874
2,40.50028504842155,0.019417183886157673,11.967478735222402,-0.1113438412249792,-0.00014923311575940762,0.06276213415024656,0.3450486961969537,2.407883044768288,0.0,1.8940389147780516
2,40.63462232700284,0.01966918411095172,11.959435551042526,0.13433727858128464,0.0002520002247940467,0.04463556874743651,0.3432502321417724,2.7449462096033104,0.0,2.0589735690852002
2,40.61261188587754,0.019954642735450022,11.963126847287205,-0.022010441125296154,0.0002854586244983026,0.046050555897280424,0.2046658354222446,4.235454450929856,0.0,2.527058896309417
2,40.34699289264502,0.019836228153192758,11.979344337140127,-0.2656189932325219,-0.00011841458225726395,0.061886427828438,0.3963198764507425,1.240108266897996,0.0,1.412693886350483
2,40.47244091291266,0.01965056248022468,11.992095241750189,0.12544802026764046,-0.00018566567296807862,0.06208432238502851,0.3927046231641557,4.948291610055469,0.0,3.259555051356046
2,40.65577605318924,0.01994734515453182,11.989841058379278,0.18333514027658282,0.0002967826743071403,0.06444716053790794,0.0993734442497664,3.676370773129159,0.0,2.036932275064112
2,40.30911505003757,0.020273555406013187,11.998635754513597,-0.3466610031516737,0.00032621025148136737,0.056948651997674515,0.2204686302579446,3.8182703384901457,0.0,2.350072429760962
2,40.151203748403304,0.020442457363790377,12.001980173863839,-0.1579113016342646,0.00016890195777718997,0.05491962821386545,0.4795956624477934,1.314774369738923,0.0,1.6165785097650482
2,39.93535014791725,0.020617128285276322,12.011785144577482,-0.2158536004860565,0.00017467092148594487,0.06614000010627794,0.3334910261626156,1.7773684844338806,0.0,1.5556662945421715
2,39.83879306468877,0.020208858631306847,12.020592506954115,-0.09655708322847545,-0.0004082696539694751,0.057740702647658126,0.2273919107651953,4.330131051565812,0.0,2.6198493473132967
2,39.69274835419971,0.020231746938283317,12.023529640565783,-0.14604471048906476,2.2888306976470707e-05,0.05759757900339578,0.4619322458602225,1.6690791527311246,0.0,1.7584040680860074
2,39.75461271786993,0.02019360640481243,12.004539636131243,0.06186436367022452,-3.8140533470888e-05,0.08099113840415612,0.0285161775248329,3.54808301738015,0.0,1.8310738637397408
2,39.74517655316608,0.02003975076241469,12.001194976403676,-0.00943616470384967,-0.00015385564239774052,0.08209448692360553,0.0314920261014958,2.2080260107687057,0.0,1.1669970575873445
2,39.75915359140364,0.02029168663564649,11.979346968785661,0.013977038237555917,0.0002519358732318011,0.0820232739834856,0.1256755480935753,2.804795789878366,0.0,1.6537489911263337
2,39.65114590419531,0.02036577677142891,11.971647152720559,-0.1080076872083282,7.409013578241891e-05,0.07814055514257645,0.3717109595038658,1.499208194454245,0.0,1.493026016234854
2,39.456605071665436,0.020150743542536452,11.983249366191036,-0.1945408325298743,-0.00021503322889245696,0.07823557764796535,0.4622101542663254,2.997533738219405,0.0,2.4231871776423533
2,39.671274782315166,0.01981388961921433,11.991464274300037,0.21466971064972995,-0.0003368539233221217,0.08335907762248192,0.2915386855937092,3.361323705783331,0.0,2.263739224079084
2,39.596369538133835,0.01986827845821426,11.975072244769454,-0.07490524418133049,5.4388838999930994e-05,0.09908057151817248,0.351011344459541,4.65503216029685,0.0,3.029538769067507
2,39.499712869694726,0.019461540566563067,11.956989303142956,-0.0966566684391097,-0.0004067378916511946,0.08563558124127976,0.0796435058873097,4.2281137256556764,0.0,2.2733438746024577
2,39.55191345811016,0.01939956118635632,11.980069556724503,0.05220058841543107,-6.197938020674823e-05,0.12340439189451097,0.101088314187875,4.276858997630423,0.0,2.340606127190962
2,39.506374746719835,0.01931133940941086,11.987380657427781,-0.045538711390321396,-8.82217769454588e-05,0.1290073763574467,0.2465416698960585,2.551895001408448,0.0,1.769030840496341
2,39.62924078894568,0.01927298074460298,12.027599528136177,0.1228660422258443,-3.835866480788111e-05,0.14088329755553963,0.142044943627776,4.624486565854358,0.0,2.596333170182731
2,39.5431794891309,0.019094541347244927,12.018351597839494,-0.08606129981478006,-0.0001784393973580517,0.14850194695938887,0.2224725112557741,3.5237106677684005,0.0,2.2068003563957483
2,39.567595607030896,0.01948093135643539,12.025311003345104,0.02441611789999598,0.0003863900091904647,0.14288867286192944,0.3372756385946318,1.444376611337285,0.0,1.3967395828579061
2,39.650078444328734,0.019571166751605352,12.023256520713375,0.08248283729783878,9.023539516996026e-05,0.14386329393991054,0.4520591422733629,1.3214305008588645,0.0,1.5648335349761582
2,39.54694049097799,0.01966424646535406,12.017412027952608,-0.10313795335074616,9.307971374870883e-05,0.1444723363501728,0.4178837133688518,2.8624079223351213,0.0,2.266971387905264
2,39.61235366862256,0.01986921082376714,12.012836454048072,0.06541317764457233,0.00020496435841307892,0.14320763514432058,0.3883909309654756,2.343168222396963,0.0,1.9483659731294327
2,39.83704711465675,0.02007436434627322,12.04125824956893,0.22469344603418762,0.00020515352250607966,0.12872132276353007,0.3717552275588492,3.8105565190751856,0.0,2.648788714655291
2,39.89386103663408,0.0204383893968983,12.03508290427218,0.05681392197733004,0.000364025050625081,0.1355563105857508,0.3324993711987525,4.3949497643784685,0.0,2.8624736245867393
2,39.80421992986901,0.02051926953225967,12.019358438955562,-0.08964110676507175,8.088013536136987e-05,0.11731259459122277,0.334024722869893,4.5056076595645145,0.0,2.920853275522043
2,40.0238338479536,0.02061910970742433,12.010070250965867,0.2196139180845904,9.98401751646609e-05,0.11317777277782157,0.1284271710525339,2.1709266113935506,0.0,1.342317647801843
2,39.751081855,0.02042461847924029,11.97457429017356,-0.2727519929535944,-0.0001944912281840426,0.0831940206953513,8.615971113784537e-05,1.6679127359526595,0.0,0.8341286873986055
2,39.845059871419025,0.02037848399349692,11.994854061064476,0.09397801641902248,-4.61344857433689e-05,0.0793512127560241,0.42370471974021,3.28871523132277,0.0,2.491767055141805
2,39.98216362998665,0.01991251422436268,12.014770748032936,0.13710375856762624,-0.00046596976913423904,0.09119465663796798,0.3907828015123141,4.485902549689056,0.0,3.0245168778691562
2,39.91766399520677,0.020087912821349536,12.00809407009525,-0.06449963477987808,0.000175398596986856,0.09839589401687257,0.0119097684821613,4.275337761470999,0.0,2.161488417699822
2,39.899912446741645,0.019981170834631322,12.017080311564907,-0.017751548465128053,-0.00010674198671821455,0.09939890871808685,0.2899838602661523,1.9323414909867396,0.0,1.5461384660256745
2,39.86003056301119,0.0195998796093712,12.003130171908829,-0.03988188373045176,-0.00038129122526012194,0.10717655550847575,0.3532970049264012,2.5175273342538205,0.0,1.9653576769797128
2,39.75237920292432,0.01956712085421452,11.990167784223038,-0.10765136008687648,-3.275875515668103e-05,0.10090191138427218,0.0394474869756056,4.946059437592831,0.0,2.551924692747627
2,39.86906307317141,0.019448865944226477,11.991755186460662,0.11668387024709403,-0.00011825490998804145,0.09900747678770853,0.1686865409741706,3.362137898025364,0.0,2.0184420309610234
2,39.984211250020635,0.01934961296727265,11.985689688303063,0.11514817684922463,-9.925297695382793e-05,0.09472372350963268,0.4895190281574347,2.190296804340578,0.0,2.0741864584851584
2,39.954124551465405,0.01959670738654807,12.000779404616692,-0.030086698555230384,0.0002470944192754197,0.11051642558449688,0.0076172133438199,4.155031928714739,0.0,2.0927503910450094
2,39.97220805124722,0.020163786282858028,12.035812048818302,0.01808349978181667,0.0005670788963099589,0.12578792201146718,0.1820133173941849,3.371304315568836,0.0,2.0496787925727875
2,39.983961989648925,0.02011991175220032,12.035017389226123,0.011753938401703579,-4.387453065770805e-05,0.12555701962867385,0.2147748536035981,2.4140288633093925,0.0,1.6365641388618926
2,39.85442272199748,0.01947148827544539,12.023360619847479,-0.1295392676514453,-0.0006484234767549293,0.11892864332305332,0.4412106321484081,1.5836168351129,0.0,1.6742296818532663
2,40.05532591597323,0.01900852349422579,12.041340928647,0.20090319397574774,-0.00046296478121959916,0.10904006689042808,0.1290109592711155,4.739498439845711,0.0,2.6277711384650866
2,40.08209021338278,0.019180639333001438,12.051125863160951,0.026764297409549442,0.00017211583877564662,0.11582304330389406,0.4615850661917389,2.161421595153998,0.0,2.0038809299604767
2,40.09312570121644,0.01933737892402078,12.060257144078436,0.011035487833659374,0.0001567395910193406,0.10463922052534855,0.3376517599931427,1.1680825381779028,0.0,1.2593447890752367
2,39.99535942898534,0.01900333348711842,12.051511371434671,-0.09776627223109813,-0.0003340454369023596,0.1154521431814375,0.2868583915069352,3.497627102995043,0.0,2.322530334511392
2,40.022468585990815,0.01912720758911249,12.07502931272327,0.027109157005476447,0.00012387410199407242,0.10246789648185549,0.1756465054209774,4.228122350282847,0.0,2.4653541859833785
2,39.86533408713877,0.01886497526097023,12.092325982727703,-0.1571344988520451,-0.000262232328142261,0.10665322864024647,0.2760955366079475,2.4600848272677798,0.0,1.7822334868497849
2,39.849558718333135,0.01844459937369787,12.0852583596136,-0.01577536880563457,-0.00042037588727236036,0.10357421208423581,0.4545302539659848,2.9544549336076864,0.0,2.386287974735813
2,39.86605073482006,0.018255983435653423,12.069355258004048,0.016492016486921557,-0.0001886159380444473,0.08828753211762201,0.1071710576327501,2.256110006197363,0.0,1.3423971183641819
2,39.79048347646133,0.0186571015970159,12.056770253805318,-0.07556725835872413,0.00040111816136247785,0.09756904544005998,0.0338764750783691,2.470928558418092,0.0,1.3032172293657842
2,39.791564675722995,0.0195295304349821,12.05627568687776,0.0010811992616623911,0.0008724288379661979,0.09771273236994875,0.333620523119789,3.3882966211872603,0.0,2.3613893568332083
2,39.62577664727124,0.019691076590018987,12.05932854863102,-0.16578802845175744,0.0001615461550368881,0.09851811447631527,0.3232472677259639,1.9665461619401272,0.0,1.6297676164219914
2,39.673394221888714,0.0197292988271528,12.048785813843919,0.047617574617476066,3.8222237133813536e-05,0.09129360498655455,0.0064386662057138,2.408560554099651,0.0,1.217157609461253
2,39.835592831558316,0.02002621509378774,12.046080170390283,0.16219860966960198,0.00029691626663494106,0.09392693044771158,0.2010154936030205,2.7914849816374945,0.0,1.7977734780247883
2,40.06402755648831,0.020118510207599798,12.046351132880774,0.22843472492999695,9.229511381205618e-05,0.0934282765617584,0.3236618350656102,4.9079903751113285,0.0,3.1013188576868846
2,39.92849430027506,0.0198274817988089,12.035283287152676,-0.1355332562132503,-0.00029102840879089917,0.08931490148511376,0.0673104303308316,3.312830945633472,0.0,1.7910363334783992
2,40.02810026986795,0.0201466459595771,12.01842409376319,0.09960596959288637,0.0003191641607682011,0.07009418583050145,0.0616528824548225,3.044451933569229,0.0,1.6455317316942595
2,40.01687224873353,0.020497414164402282,12.010493471011827,-0.01122802113442134,0.0003507682048251824,0.06479549478989413,0.0031302152941741,4.346461287310876,0.0,2.1794910742437863
2,40.083817773603755,0.02019967631082628,11.987663510455981,0.06694552487022776,-0.00029773785357600085,0.07644955594908664,0.455736794655691,4.444486293719171,0.0,3.1337167361709675
2,40.13242217135373,0.02002338577439684,11.996790519370903,0.04860439774997616,-0.00017629053642944162,0.07536259623914424,0.065726787087985,2.88344747124468,0.0,1.57317730979831
2,40.16367598958856,0.019812733797508413,11.992041535855304,0.03125381823483053,-0.000210651976888427,0.07463381932650683,0.4212386578744956,2.820511798807529,0.0,2.2527332151527557
2,40.08677230221403,0.01975017933006493,11.981220727516842,-0.07690368737453213,-6.255446744348261e-05,0.06505835336966367,0.4662834257642379,3.86619619335832,0.0,2.8656649482076357
2,40.21974296696866,0.0192999526552838,11.953105643680445,0.13297066475463026,-0.0004502266747811283,0.0849882422506165,0.4958865290956589,3.1715754181063494,0.0,2.5775607672444925
2,39.92961997822529,0.01919893388029029,11.97687990122921,-0.29012298874337006,-0.00010101877499351167,0.11339368020477489,0.0570103859320778,1.3702602016600758,0.0,0.7991508726941935
2,40.16340438236542,0.01965374796104469,11.994095040424387,0.23378440414013113,0.000454814080754401,0.11220713926449621,0.2832844008818306,3.578620604539203,0.0,2.3558791040332627
2,40.48088093181123,0.020020128223149043,11.986281569883776,0.31747654944580717,0.0003663802621043516,0.1132250004165809,0.2607316452714962,3.792891825549447,0.0,2.417909203317716
2,40.69351226414163,0.02001887529659574,11.992691461176062,0.2126313323304032,-1.2529265533030298e-06,0.11735790351125154,0.1558971583918834,2.2972560672954816,0.0,1.4604223504315077
2,40.61317133896855,0.01982579296078264,12.00752180710229,-0.08034092517308267,-0.00019308233581310022,0.12930347219849822,0.3019881635773601,1.257641552513168,0.0,1.232797103411304
2,40.580192466826794,0.02027864946965274,12.010477658527018,-0.03297887214175432,0.0004528565088701003,0.12565180679185456,0.417206140147979,3.068532274955225,0.0,2.3686784177735705
2,40.572848307733814,0.019912695119498593,11.999480665721102,-0.007344159092980362,-0.00036595435015414693,0.12855864052440294,0.3652849858846262,3.700279620486476,0.0,2.5807097820124905
2,40.560927368145684,0.019923416461410482,12.003983181179777,-0.011920939588129897,1.072134191188942e-05,0.12862905790198467,0.078498238303482,4.301479763358537,0.0,2.3077363582862325
2,40.512523264221876,0.019866035161263482,11.97976425920455,-0.048404103923807895,-5.7381300146999714e-05,0.1525218708698033,0.4688440474393118,2.247349796905638,0.0,2.061362993331443
2,40.27319154094256,0.020568731074160313,12.021387066076816,-0.23933172327931374,0.0007026959128968308,0.1482979605925877,0.3250551487276638,3.383825218544623,0.0,2.3420229067276392
2,40.42647145783674,0.020500122955648892,12.004195081424609,0.15327991689417786,-6.860811851142068e-05,0.1359635188586543,0.4913556462691099,3.36619438348112,0.0,2.66580848427878
2,40.35375028967239,0.02011045893405517,12.006431669363598,-0.07272116816434959,-0.00038966402159372124,0.13724487869272323,0.4447832335576954,2.407285136575015,0.0,2.0932090354028983
2,40.25455857775542,0.01993737973291399,12.027472031745274,-0.09919171191697274,-0.0001730792011411797,0.14163016594443106,0.2081992580262509,1.534836181978808,0.0,1.1838166070419058
2,39.928482475255244,0.019763797782444723,12.017586838213393,-0.32607610250017416,-0.0001735819504692683,0.14034604567007858,0.4123158447390693,3.990919425908968,0.0,2.8200914024326225
2,40.090558908690056,0.019631861375993133,11.983867233951939,0.16207643343481237,-0.0001319364064515903,0.14184901450323104,0.1099436320904866,2.1537086825818683,0.0,1.2967416054719074
2,40.07178690488276,0.01917647939320255,11.998818020232818,-0.018772003807299598,-0.0004553819827905828,0.13774377004072738,0.0807369214302382,1.578101089843826,0.0,0.9505243877823893
2,40.15023155972921,0.019153688763693423,11.996370755457228,0.07844465484645013,-2.279062950912708e-05,0.13951058752069098,0.2511840237123421,2.687653976582252,0.0,1.8461950357158101
2,40.38465824761979,0.01925953312388285,11.981379904703891,0.23442668789058274,0.00010584436018942767,0.1439500059743054,0.4741461616390399,4.138336289328802,0.0,3.0174604679424806
2,40.46924345262682,0.01916715391081345,11.990288833401477,0.0845852050070306,-9.2379213069399e-05,0.1298254018150867,0.4429959004076022,4.9783840810382,0.0,3.3751838413343047
2,40.69494585946779,0.01883830409648452,11.956039543331663,0.22570240684097342,-0.00032884981432893326,0.11405230166556532,0.1022244431079606,2.545281404931836,0.0,1.4770895886818394
2,40.6148290232672,0.0191975204007693,11.939159990026322,-0.08011683620059529,0.0003592163042847804,0.11623357051251172,0.1475624025208239,1.2592838169488756,0.0,0.9247667135160855
2,40.493475913749364,0.01919736183018955,11.92732013257807,-0.12135310951783396,-1.5857057975021682e-07,0.10499557468802549,0.4322498338872839,3.263223362750342,0.0,2.496111349149739
2,40.25208473879666,0.019440311383127948,11.9128000390764,-0.24139117495270312,0.00024294955293839918,0.07747108401607417,0.4857258668981744,2.1049856035627417,0.0,2.0239445355777197
2,40.5274789048431,0.01914885964545126,11.927832113034558,0.2753941660464392,-0.0002914517376766887,0.10405014974156543,0.3855889835711885,3.399970289932587,0.0,2.4711631121086706
2,40.453382988760254,0.019319073040051937,11.92915349841093,-0.07409591608284671,0.00017021339460067744,0.10269493631272075,0.1075786725482679,2.0175475167866663,0.0,1.223931103489869
2,40.41464135587729,0.019328604851685673,11.938896652154034,-0.038741632882960175,9.531811633736037e-06,0.11710063394699756,0.4635002144411177,1.3058877949478545,0.0,1.5799443263561628
2,40.293011844884084,0.01934768411340946,11.963130803874495,-0.12162951099320907,1.907926172378671e-05,0.1312889079134987,0.213680328627578,2.652679052295286,0.0,1.753700183402799
2,39.97389979418413,0.01917885439132577,11.984285289458905,-0.31911205069995674,-0.00016882972208369026,0.1327507005599653,0.2749687111224437,3.329492862214608,0.0,2.2146838533521915
2,39.9507281466923,0.019417445253180267,12.008149744616118,-0.02317164749182865,0.00023859086185449782,0.12411213191943626,0.0575361017529922,4.620131622185649,0.0,2.4251380145988093
2,39.92900073338602,0.01930645508942059,12.022830721766885,-0.02172741330628014,-0.00011099016375967774,0.11171316527047924,0.3271120615811516,4.681728351805255,0.0,2.9950882990649306
2,39.872323086872385,0.019114439991143407,12.035251225858348,-0.05667764651363427,-0.00019201509827718177,0.09616116458527177,0.3132516060980556,4.374303626026983,0.0,2.813655025209603
2,39.611725116679025,0.01930317938447687,12.027311516753224,-0.2605979701933592,0.0001887393933334633,0.10514046698206958,0.2927093432789558,2.5169246996935293,0.0,1.8438810364046763
2,39.61437285553196,0.0192935359715423,12.026180755330287,0.002647738852935788,-9.643412934572104e-06,0.10548991189741347,0.1546648144840894,4.552834305095111,0.0,2.5857467815157342
2,39.367297498807915,0.01984182056539575,12.01641125346081,-0.24707535672404646,0.0005482845938534521,0.09804868086527109,0.4824088200625746,4.623367170819982,0.0,3.2765012255351404
2,39.432675911159194,0.0196593168187699,12.022690552299471,0.06537841235127928,-0.00018250374662585195,0.0868433645594578,0.4792883931664718,3.571108800382824,0.0,2.744131186524356
2,39.50881763969784,0.019618872342109607,12.027673673174032,0.07614172853864432,-4.044447666029169e-05,0.09469477981048495,0.1812154407587503,2.7502557434351607,0.0,1.737558753235081
2,39.609679681113825,0.01962673906898566,12.022114866776144,0.10086204141598643,7.866726876054608e-06,0.08898249777767282,0.1018228194624484,2.914720247697596,0.0,1.661005762773695
2,39.99229827025941,0.01983743210180514,12.014556270953921,0.38261858914558644,0.00021069303281947768,0.08595194079159739,0.2689447754462926,4.317460266832249,0.0,2.69661968430871
2,39.964597616776885,0.019611718574109573,12.003519292365983,-0.02770065348252615,-0.0002257135276955667,0.08458914638896173,0.2244152151211541,2.960971873056156,0.0,1.929316366770386
2,39.859936339548575,0.01962057404671509,11.99978422726699,-0.10466127722830976,8.855472605515807e-06,0.08561604323195962,0.250958608717457,2.539687407318336,0.0,1.7717609210940821
2,39.90451829993183,0.01996494321024895,12.00404717550813,0.04458196038325468,0.0003443691635338607,0.08525093599071244,0.1921836398677519,1.4715996272016594,0.0,1.1201670933363335
2,39.885138139982736,0.01969066339789827,12.016914639987885,-0.019380159949093922,-0.0002742798123506786,0.07508415957726472,0.197078753912496,1.056838958287968,0.0,0.9225769869689759
2,40.10447162707961,0.01924950478687968,12.018195198818166,0.2193334870968755,-0.0004411586110185904,0.07471655350388039,0.188119055366065,1.360101125116652,0.0,1.056288673290456
2,40.37517691383505,0.01940826557235517,12.009218932552221,0.2707052867554367,0.00015876078547549105,0.07687143052106585,0.0696095674507092,1.301777018394653,0.0,0.7901076440987449
2,40.20319440624668,0.01975311112288352,12.026486424306189,-0.17198250758836764,0.0003448455505283485,0.06924525964613053,0.4493824593256735,3.9283140047492178,0.0,2.862921921025956
2,40.32688820053153,0.01984688527940582,11.998119686141766,0.12369379428484706,9.377415652229992e-05,0.05691611040609361,0.4917782432432949,3.1254041851251784,0.0,2.546258579049179
2,40.328694807174216,0.020152901041266873,11.973120121459736,0.0018066066426882799,0.00030601576186105317,0.06947827329774194,0.3321010483611685,4.418237782790838,0.0,2.873320988117756
2,39.95370379587972,0.020058854493792903,11.970020420096352,-0.3749910112944974,-9.404654747396934e-05,0.06822591751947797,0.1610412631430069,4.701372843234805,0.0,2.6727689479034162
2,39.92999920224856,0.02048107579043821,11.98609966780546,-0.023704593631158843,0.00042222129664530594,0.08367255062695834,0.0766003297253353,4.893268584311932,0.0,2.5998349516066366
2,39.911745858352276,0.02068300993598644,11.991405178129074,-0.018253343896283525,0.00020193414554823055,0.08365096914653078,0.4218610022994211,2.0912766322251914,0.0,1.8893603207114378
2,39.88437140023759,0.020151689840978128,11.994155398368157,-0.02737445811468575,-0.000531320095008312,0.08501398605752737,0.1530087338317471,2.0825291073903323,0.0,1.3472820213586603
2,39.80933447841716,0.020338608829357657,12.005822717073316,-0.07503692182042698,0.00018691898837952872,0.09592686670078024,0.2126879036208694,2.2792996414755504,0.0,1.565025627979514
2,39.73106803623797,0.02077566842688063,12.022113749316043,-0.0782664421791921,0.00043705959752297213,0.10868260704757743,0.3449645043622444,3.268171027453631,0.0,2.3240145224513045
2,39.70232550218313,0.020531393436868647,12.029946481395775,-0.028742534054842395,-0.0002442749900119813,0.10589075342407146,0.4136666966082219,3.916473460285434,0.0,2.785570123359161
2,39.855781905919685,0.02019812331732841,12.03095430755373,0.15345640373655556,-0.0003332701195402389,0.1064154526861345,0.4253936589195938,1.1673629145726885,0.0,1.4344687751255318
2,39.42458531307658,0.02029417753075717,12.039240057228985,-0.43119659284310785,9.605421342876244e-05,0.09752001103610541,0.2519157552199458,1.7032756210779674,0.0,1.3554693209788753
2,39.40169072414572,0.02047605179283444,12.066749736204304,-0.022894588930853388,0.00018187426207726815,0.06641823064703939,0.4151558411201643,4.357885594141009,0.0,3.009254479310833
2,39.58859335747367,0.02023293136186223,12.06339225597499,0.18690263332794643,-0.00024312043097220876,0.071854627462333,0.2249090224872246,2.4139474532925824,0.0,1.6567917716207403
2,39.82755396867279,0.01996236819878658,12.0770842238237,0.2389606111991185,-0.00027056316307565165,0.09426327561272864,0.071860143890113,4.709805510420335,0.0,2.4986230429903933
2,40.0084582190795,0.01996425719763826,12.0804470577125,0.1809042504067122,1.8889988516804235e-06,0.09238236768772072,0.3623121667105585,4.163958738922775,0.0,2.806603702882504
2,40.08762491795326,0.020251294483841942,12.08928516769267,0.07916669887376315,0.0002870372862036827,0.09275067050346214,0.3450994391681858,2.504092275010256,0.0,1.9422450158414994
2,40.28768817497473,0.02022278648455785,12.060604540615138,0.2000632570214691,-2.8507999284090035e-05,0.11810053202319733,0.3877618922856359,3.449491445129748,0.0,2.500269507136146
2,40.43824516160166,0.019997565754835977,12.055243166619432,0.15055698662692407,-0.00022522072972187487,0.11384818477517544,0.1300726012576536,2.7186057111178776,0.0,1.619448058074246
2,40.16033751567536,0.019910806540880552,12.055342961849025,-0.27790764592629813,-8.675921395542505e-05,0.1138247908787376,0.3379623012379998,3.056085240035622,0.0,2.2039672224938105
2,40.128677584149905,0.01961564760789208,12.045915528895856,-0.031659931525453544,-0.00029515893298847143,0.11497279106856595,0.35526833054872,3.0328256775451146,0.0,2.2269494998699972
2,40.52659475951035,0.019923238655064658,12.044804752289895,0.3979171753604476,0.00030759104717257776,0.11575283042958323,0.4202669944528912,1.4407365461482202,0.0,1.5609022619798925
2,40.43312773715789,0.01972643716197145,12.046854506231544,-0.0934670223524634,-0.00019680149309320855,0.11715230304128743,0.221916429800107,3.5239591025680093,0.0,2.2058124108842185
2,40.48991453141123,0.01998829383287584,12.061516516369796,0.0567867942533411,0.0002618566709043889,0.11242016512439057,0.2750843417993293,2.045552590588592,0.0,1.5729449788929546
2,40.491505281355174,0.02000065475846968,12.035123168260537,0.0015907499439435924,1.236092559384061e-05,0.08889261206095347,0.4043587956540936,2.514917471407718,0.0,2.0661763270120463
2,40.2620218322726,0.019573850474973262,12.025774228062048,-0.22948344908257212,-0.0004268042834964167,0.09217317537043808,0.1460105600320356,4.986816813869112,0.0,2.785429526998627
2,40.16855130478639,0.019314565100737948,12.020567547232542,-0.0934705274862111,-0.00025928537423531434,0.08678595096870252,0.166095719111352,4.3714603710351385,0.0,2.517921623740273
2,40.20155921018487,0.019405179562883113,12.039187927035783,0.03300790539847753,9.061446214516516e-05,0.06200841981509213,0.1217170151439424,3.193392481201613,0.0,1.8401302708886913
2,39.953873927202594,0.01965178577578797,12.031870576798077,-0.24768528298227466,0.00024660621290485685,0.056263262072832575,0.1042024463210112,2.512075179983167,0.0,1.4644424826336058
2,40.12941558401281,0.01951771118720725,12.032865963402582,0.17554165681021772,-0.00013407458858072027,0.056349370204075475,0.169595873808839,2.798197692278612,0.0,1.738290593756984
2,40.077757667409635,0.01969567429729295,12.025710524065452,-0.05165791660317609,0.0001779631100857007,0.06598247675923712,0.2986327306939273,2.470785380520541,0.0,1.832658151648125
2,39.90707040287455,0.01937354263801238,12.024061986099635,-0.17068726453508276,-0.0003221316592805709,0.06779625376381215,0.0957864250684952,4.637851769559337,0.0,2.5104987349166588
2,40.10490395597135,0.019117470732856152,12.015299834777021,0.19783355309679962,-0.0002560719051562278,0.05785632127111647,0.2068392846979102,4.5315695897838975,0.0,2.679463364287769
2,39.99400992006811,0.019054563655630873,11.996820169079975,-0.1108940359032431,-6.290707722527919e-05,0.059364531008972835,0.0519576290874182,2.531050356167669,0.0,1.369440436258671
2,39.864008528778484,0.019450752011972182,11.988333888155841,-0.13000139128962473,0.00039618835634130933,0.06510682586189825,0.3781537404474485,1.4934998846803786,0.0,1.5030574232350862
2,40.15129561406444,0.019646609801591688,11.989912083914302,0.2872870852859535,0.00019585778961950587,0.06439949887128023,0.3987774566347528,2.0233287058149347,0.0,1.809219266176973
2,40.11247246905976,0.020000198943241558,12.001966986643458,-0.03882314500467743,0.0003535891416498703,0.08958907499163424,0.2546489771711762,1.2174166206082249,0.0,1.1180062646464648
2,40.16847315975508,0.01980731310744367,11.996386218778174,0.05600069069532054,-0.0001928858357978895,0.08911709913534518,0.4417987963925779,1.7453887566493869,0.0,1.7562919711098492
2,40.341452962559096,0.01909993532651355,11.996265073574483,0.17297980280401504,-0.0007073777809301178,0.08905092020991513,0.4058145277478833,4.70031043955138,0.0,3.1617842752714567
2,40.431176124059405,0.019475342505062297,11.988790416183676,0.08972316150030935,0.00037540717854874645,0.08794088604460626,0.1166790953768206,4.620165391026667,0.0,2.543440886266975
2,40.378763280307496,0.01986692617369537,12.000995037374366,-0.05241284375190958,0.0003915836686330734,0.0856806118480905,0.2170941204141545,4.753422673307476,0.0,2.810899577482047
2,40.34069691704623,0.02001288634056573,12.008965261597705,-0.038066363261265224,0.00014596016687035834,0.08414542356568662,0.0765814777391377,4.407941757146477,0.0,2.357133834051514
2,40.279058062223704,0.02032080807972936,11.993146734623512,-0.06163885482252596,0.0003079217391636323,0.0921480763124161,0.3187900356136946,3.097825129498623,0.0,2.186492635976701
2,40.14515430030942,0.02018431174959135,11.991120944436098,-0.13390376191428288,-0.00013649633013801052,0.09439019633734085,0.2683664610407266,1.2201403193891815,0.0,1.146803081776044
2,40.07531649618086,0.02006461409825001,12.000882876261082,-0.06983780412856078,-0.00011969765134134044,0.09028502177474092,0.1171072772565067,2.007117120744153,0.0,1.23777311488509
2,39.93700306157795,0.02033426579691279,12.002548779881122,-0.1383134346029138,0.00026965169866277963,0.08982271768477923,0.1424001567654486,1.1925673105795074,0.0,0.8810839688206509
2,40.03826851159318,0.02018649762554805,11.988313051166555,0.10126545001523368,-0.00014776817136474135,0.061776618962532504,0.0526566072374588,2.904123036143981,0.0,1.557374732546908
2,39.96198333148032,0.02023837046572509,12.009094476313194,-0.0762851801128619,5.187284017704047e-05,0.08753382592812821,0.1631829246048905,3.2315811290563405,0.0,1.9421564137379512
2,39.87472915191957,0.02061327742048057,12.00987709870356,-0.08725417956075177,0.0003749069547554808,0.08787039991402963,0.1227477345762813,2.559668352588156,0.0,1.5253296454466405
2,39.807652045318264,0.02053518361970636,12.02013361509446,-0.06707710660130317,-7.809380077420866e-05,0.08829214209097595,0.109056697524652,2.4551841005953023,0.0,1.445705445346955
2,39.732607906805654,0.02044838877826558,12.020565223060002,-0.07504413851260949,-8.679484144078278e-05,0.08841836275875192,0.1103792982736573,4.725535833602478,0.0,2.583526513348554
2,39.795619025152874,0.0204118583092599,12.025461543951725,0.06301111834721951,-3.653046900567794e-05,0.09034054587935685,0.3606122220503305,3.920021028949424,0.0,2.6812349585753728
2,39.747448844361585,0.02019896937324541,12.038954786957326,-0.04817018079128843,-0.0002128889360144895,0.07533438575065822,0.0962644790897506,4.348468712201971,0.0,2.3667633142804867
2,39.81702032389347,0.01995049771758903,12.060822903559798,0.0695714795318878,-0.00024847165565638,0.05634744047421481,0.3978738046396057,4.5772703665672285,0.0,3.0843827925628258
2,39.94684729834416,0.01932907701677055,12.051406938694194,0.1298269744506868,-0.0006214207008184806,0.07160950207060418,0.3682382876521371,2.891121889042487,0.0,2.1820375198255175
2,39.859479286665966,0.018990432172921002,12.048492192086531,-0.08736801167819408,-0.0003386448438495483,0.07500979873661313,0.4248784491330974,3.626649505780153,0.0,2.663081651156271
2,39.70276119198096,0.01921828468842111,12.045059334587435,-0.15671809468500442,0.0002278525155001085,0.07527815297974527,0.131304110577656,4.317387741655879,0.0,2.4213020919832515
2,39.81712586573879,0.01913617884876374,12.01443233791463,0.11436467375782655,-8.21058396573704e-05,0.07390619170590358,0.3917728595149695,3.3168428376934664,0.0,2.4419671378766723
2,39.77939933713366,0.0193240720791918,12.012164739202905,-0.03772652860512693,0.00018789323042806005,0.07312795846432858,0.0366148223783867,1.6684147508675786,0.0,0.9074370201905627
2,39.69323448434445,0.01951540880543461,12.0123870751011,-0.08616485278921004,0.00019133672624280923,0.0733249231534735,0.2264545833121816,2.598312695198852,0.0,1.7520655142237893
2,39.91403812781969,0.01940629115344079,12.003933131353277,0.22080364347523584,-0.0001091176519938189,0.07392041943088519,0.4099964086620911,3.249200859130079,0.0,2.4445932468892217
2,39.955137986761144,0.019545578806082743,11.994562630583768,0.04109985894145751,0.00013928765264195272,0.06912016959775223,0.1053133832343767,3.813488325195942,0.0,2.1173709290667246
2,39.76082340615673,0.019881459624388382,12.006989769846452,-0.19431458060441287,0.00033588081830563873,0.0832764904106192,0.3284308673201158,3.6279158853383846,0.0,2.4708196773094238
2,39.90124508684968,0.0198568782213473,11.98305301736742,0.14042168069294547,-2.458140304108236e-05,0.08545964984832216,0.079636686237377,4.381862443787215,0.0,2.3502045943683614
2,39.936750137426614,0.020295166990717973,11.969992721979215,0.03550505057693698,0.0004382887693706733,0.10470777004222082,0.0643161143548813,1.2660963619839882,0.0,0.7616804097017567
2,39.93178710323758,0.020252460254427347,11.984457730364339,-0.004963034189032101,-4.2706736290625685e-05,0.11262165791524083,0.3688754273853522,2.87240753336193,0.0,2.1739546214516694
2,40.09237007242403,0.02010029993679385,11.988334489330278,0.16058296918645,-0.00015216031763349777,0.1147927930239035,0.1870080330038405,4.571533497825902,0.0,2.659782814920632
2,39.957241753640304,0.0201452217872977,12.01195789824796,-0.13512831878372822,4.4921850503851224e-05,0.11424016482221036,0.0545088510000165,3.2961132305106795,0.0,1.7570743172553727
2,40.052649216987035,0.02032310025208538,12.009889462665335,0.09540746334673145,0.00017787846478767994,0.11417169452315498,0.4941448756079014,4.939063592474511,0.0,3.4578215474530585
2,40.1111568546857,0.02032313988654278,11.996758686425819,0.058507637698667736,3.963445740010063e-08,0.11381422236707857,0.2003860308465202,3.6840476104991695,0.0,2.2427958669426253
2,39.909004425532565,0.02034307940918622,12.000407515325964,-0.2021524291531378,1.993952264343901e-05,0.11313123042603937,0.4123127720049739,1.5359688463190395,0.0,1.5926099671694676
2,40.025132542127395,0.0201774767555749,12.008481882093971,0.11612811659482958,-0.00016560265361131865,0.11480766986465096,0.3648303895554027,3.290487491469241,0.0,2.3749045248454257
2,40.2189778712214,0.01983338397058518,11.982687103081954,0.1938453290940032,-0.00034409278498971976,0.11061853317014049,0.3049873952815334,4.225404314079792,0.0,2.7226769476029626
2,40.15312323508192,0.02001009177519264,11.984382888415771,-0.06585463613947695,0.0001767078046074587,0.10878686602354466,0.2887409577993459,4.271254824960145,0.0,2.7131093280787644
2,40.22697333943928,0.019657144034255208,12.014007995331307,0.07385010435736206,-0.0003529477409374322,0.0865542579069497,0.1689707127846845,2.7590982634774046,0.0,1.7174905573080714
2,40.3355433326514,0.019748823077785103,12.023163321872117,0.10856999321211447,9.167904352989573e-05,0.10070521971459989,0.3826588028652358,3.0631811209016986,0.0,2.296908166181321
2,40.28365062056134,0.019584232704955733,12.008129722822998,-0.051892712090058524,-0.00016459037282937072,0.10520306454223882,0.2613690187598753,3.890752064459517,0.0,2.468114069749509
2,40.34284664748608,0.01978026570574331,12.004482388068029,0.05919602692473802,0.00019603300078757657,0.10162482073287134,0.1820258745097744,2.2363717824009446,0.0,1.482237640220021
2,40.32520452727734,0.01966009781223166,12.00412597435548,-0.017642120208734013,-0.00012016789351165097,0.10163301272085906,0.4616788327764702,2.278005479811376,0.0,2.0623604054586284
2,40.0785709354126,0.019484951521717208,12.006240922944986,-0.2466335918647431,-0.00017514629051445033,0.1003732613567491,0.3109861743187283,4.105646079847602,0.0,2.674795388561258
2,40.13405596187148,0.019347225251673077,11.985846276438492,0.0554850264588822,-0.00013772627004413063,0.1209164298943558,0.2077014107457196,1.4828814162125918,0.0,1.156843529597735
2,39.855953586062995,0.01914136497244484,11.966166478453959,-0.27810237580848707,-0.00020586027922823644,0.1224068061147276,0.0520882568812245,3.949972712605756,0.0,2.079162870065327
2,39.91138760564992,0.01902434465999638,11.973719392048569,0.05543401958692584,-0.00011702031244846187,0.118993406067991,0.2080296169991564,4.592228273188913,0.0,2.7121733705927693
2,39.75436023593663,0.019078580090161508,11.99318245130317,-0.15702736971329045,5.423543016512891e-05,0.11885420843371508,0.4238801704709308,2.007355912996369,0.0,1.8514382974400463
2,39.583979640174896,0.01916618244901508,11.989074118715314,-0.1703805957617348,8.760235885357098e-05,0.11614709381959441,0.3367734009199968,4.437348421418374,0.0,2.8922210125491805
2,39.38528423342135,0.01953234451279104,11.978383982347601,-0.19869540675354358,0.00036616206377595995,0.098743445281695,0.0210154852769494,1.2929807257722432,0.0,0.6885213334400204
2,39.421402990398896,0.01957412316495556,11.998596813392933,0.03611875697754385,4.1778652164519564e-05,0.10434571941728281,0.1586424079183337,2.700186074785039,0.0,1.667377853229187
2,39.61248092898656,0.01965603811619025,11.99763040838681,0.19107793858766087,8.191495123469061e-05,0.10355618616989658,0.3969282782901138,4.641926793579994,0.0,3.1148199533702248
2,39.52673214093335,0.019534295588068882,11.973961295686397,-0.08574878805320907,-0.00012174252812136716,0.12719840995356796,0.1065929922335429,4.880384857514116,0.0,2.653378413224144
2,39.78542370017262,0.01956145013777237,11.97285299773245,0.2586915592392742,2.7154549703489045e-05,0.12736613337104324,0.4078647105436284,1.885241411158851,0.0,1.7583501266666821
2,39.667590834255854,0.01986168043102026,11.988923036345328,-0.11783286591676756,0.0003002302932478898,0.11139632051181789,0.3101303594446312,1.7607614973368624,0.0,1.5006414675576936
2,39.925183227603334,0.01999658697998972,11.981465131395549,0.25759239334747974,0.00013490654896946078,0.12226045835821184,0.3342884356674852,4.878783413578513,0.0,3.1079685781242268
2,39.889044335511876,0.02028706477932999,11.997663884765071,-0.03613889209145782,0.0002904777993402684,0.12941809454759912,0.3870311991694742,2.082971921587411,0.0,1.815548359132654
2,40.07310502403602,0.020047675794062712,11.973068639456326,0.18406068852414137,-0.0002393889852672776,0.13527044246457073,0.3092730926303387,3.8150590815467496,0.0,2.526075726034052
2,40.20565414499976,0.020177460197769972,11.972350004086056,0.13254912096374483,0.00012978440370725944,0.13489232727916287,0.2645862818180979,2.0574465602401024,0.0,1.557895843756247
2,40.19663454650545,0.019588306857374622,11.94612236995581,-0.00901959849431222,-0.0005891533403953493,0.13546710571637235,0.1652672932154604,4.4072962612021485,0.0,2.534182717031995
2,40.21225360852686,0.019770222122144097,11.942384292250537,0.015619062021407615,0.00018191526476947495,0.13072562110647112,0.3353894938397334,2.706076868376197,0.0,2.023817421867565
2,40.21371154251097,0.019448916154237862,11.933030331673185,0.0014579339841134242,-0.0003213059679062352,0.12376343449906904,0.0306412463706354,4.638978022585064,0.0,2.380771504033803
2,40.316788578812506,0.0195944687568919,11.954850108356144,0.10307703630153497,0.00014555260265403797,0.10894608563163881,0.4934657389390926,4.743561881177024,0.0,3.3587124184666974
2,40.46616944246736,0.01928778838546371,11.960808463016104,0.14938086365485503,-0.00030668037142819043,0.1103044150617422,0.1580901508036565,3.7469217144449023,0.0,2.189641158829764
2,40.68245972498262,0.0195301906074921,11.987493280265753,0.21629028251525995,0.0002424022220283914,0.13751983946929439,0.1342330050232895,1.8765175473349365,0.0,1.2067247837140473
2,40.57388796821723,0.01966091871387718,12.002350214237758,-0.10857175676539299,0.00013072810638507792,0.12147030192885268,0.3493420039450541,4.5685700977008405,0.0,2.9829690567405285
2,40.417535885351256,0.01974598106566288,11.988040059424977,-0.1563520828659719,8.50623517857016e-05,0.11420333902583896,0.0006895047935176,2.350796270208879,0.0,1.1767771446914748
2,40.42644682729117,0.020292638238029032,11.998504151502846,0.008910941939916484,0.0005466571723661516,0.1027449335686299,0.3498762673480673,1.4124565994213532,0.0,1.4059808344068112
2,40.09428311810804,0.020215337319456277,11.99345195098203,-0.33216370918313487,-7.730091857275495e-05,0.10209579064086569,0.1978409566065307,4.790212172865111,0.0,2.790787999645617
2,40.343587042401985,0.02061826929485913,12.013802712190252,0.24930392429394743,0.00040293197540285097,0.0834658999826577,0.1516983753692483,2.344831621267641,0.0,1.475812561372317
2,40.20850377648817,0.02043183063520036,11.992181041397837,-0.13508326591381348,-0.00018643865965876916,0.09263261084664422,0.0802127304043548,3.7254339149762674,0.0,2.0231424182968434
2,40.045731230031905,0.02056452960318168,11.993640298371858,-0.16277254645626726,0.00013269896798132064,0.09246724453734229,0.2552965872975672,1.2798600194893184,0.0,1.1505231843397936
2,39.752429200286215,0.02067417230344006,11.993353600082495,-0.2933020297456892,0.00010964270025837913,0.0925120329920415,0.4165154133368144,1.2187481839243062,0.0,1.442404918635782
2,39.5649512756698,0.02078434959670313,11.976799985545203,-0.18747792461641666,0.00011017729326306958,0.1033546336283609,0.4287516611044547,4.119674417703332,0.0,2.9173405310605753
2,39.63131842044632,0.02051730598279241,11.956398387403613,0.06636714477652106,-0.00026704361391071893,0.061310331545942766,0.1292348231194988,2.1609051213230903,0.0,1.3389222069005426
2,39.581749019294094,0.02038773556488458,11.94638551320021,-0.04956940115222608,-0.00012957041790782886,0.07108348656339855,0.4629255132031608,4.724752917014888,0.0,3.288227484913765
2,39.962685102129036,0.0203273916376101,11.959299414158883,0.3809360828349426,-6.034392727448032e-05,0.08725516410813905,0.0221681660095653,2.829042462298371,0.0,1.458857563168316
2,39.71773350839321,0.019773521867579857,11.97267454967066,-0.2449515937358271,-0.0005538697700302429,0.09375403379315789,0.4036868578262917,3.180605443752697,0.0,2.397676437528932
2,40.00996630050081,0.020033366581799873,11.970921446201759,0.29223279210759756,0.0002598447142200151,0.0937125281677033,0.3570044672481311,2.4282818499574192,0.0,1.928149859474972
2,39.78502037978832,0.02010348753415612,11.975785951497025,-0.22494592071248576,7.012095235624585e-05,0.09821327276438724,0.1066206857887238,4.7735964611035975,0.0,2.6000396021292462
2,40.143964837971964,0.02017693640161148,12.005178648455555,0.3589444581836432,7.344886745536128e-05,0.10395394501557141,0.0904249167911078,2.259036562377686,0.0,1.3103681147710584
2,40.12519966283525,0.019850224376615568,12.0176320486499,-0.018765175136714163,-0.0003267120249959114,0.10935485802002462,0.269353619418854,2.19694548974037,0.0,1.637179983707893
2,40.300733988960786,0.019285116678749943,11.999800235521269,0.1755343261255362,-0.0005651076978656251,0.12909960219052352,0.4297802199307058,1.3467754227965862,0.0,1.5329481512597047
2,40.31064820533307,0.0192202896893678,12.023521350972354,0.009914216372280293,-6.482698938214265e-05,0.11879079211109983,0.3570095189973385,4.6456797752875225,0.0,3.0368589256384384
2,40.11529226081378,0.019161628431263338,12.016796099985125,-0.19535594451928517,-5.866125810446293e-05,0.12106427745051657,0.4947222368152982,1.427207036465357,0.0,1.7030479918632748
2,40.2842722497961,0.01897097500208687,12.032981051430756,0.16897998898232203,-0.00019065342917646763,0.10503139357621728,0.4093669608795224,3.05226259257362,0.0,2.3448652180458547
2,40.173904254831676,0.019032848668292267,12.011824743022785,-0.1103679949644274,6.187366620539689e-05,0.10974755227875267,0.2033345889455229,1.6619879394737946,0.0,1.2376631476279432
2,40.41022427503091,0.01936433647374427,12.000909254380911,0.23632002019923704,0.00033148780545200207,0.10846966360326404,0.2638455743007021,2.2761521627916843,0.0,1.6657672299972464
2,40.246940138557946,0.0198507087824878,12.013266751219195,-0.16328413647296713,0.00048637230874352955,0.11093896648290219,0.398661492040863,4.1261185454590095,0.0,2.8603822568112305
2,40.39518079104356,0.01977025529883434,12.009680503159705,0.1482406524856117,-8.045348365345872e-05,0.10919473369204917,0.2747231476821022,3.1044461871107107,0.0,2.10166938891956
2,40.12678534840144,0.01974019623779115,11.993339021576217,-0.2683954426421167,-3.0059061043190283e-05,0.09648297177689515,0.3702222950594601,4.338441490958003,0.0,2.9096653355979214
2,40.091305757378635,0.01994437634788142,11.964499910859569,-0.03547959102280629,0.00020418011009027195,0.09904387860272035,0.4330869076481549,1.0616350413488167,0.0,1.3969913359707182
2,40.05511435225057,0.02047698303225958,12.0099172993566,-0.03619140512806496,0.0005326066843781598,0.1179378370780943,0.0041678133695309,1.9828931795185256,0.0,0.9997822164983247
2,40.08167012006932,0.02090759290920427,11.990970366870787,0.026555767818749132,0.00043060987694468894,0.1203042794011606,0.2218551830533613,1.7713400184875852,0.0,1.3293803753505151
2,40.06987939936969,0.0209290827858338,12.003822221887898,-0.011790720699629276,2.148987662952892e-05,0.12229473806078549,0.2094957882980377,2.0031106360275888,0.0,1.4205468946098698
2,40.14771965279706,0.0211031948309156,12.007887125871658,0.07784025342736811,0.00017411204508179998,0.12301265486240573,0.2880994311951019,2.4507164286999648,0.0,1.801557076740186
2,40.002421513406816,0.02119491025847261,12.006387699932766,-0.14529813939024194,9.171542755700979e-05,0.12462138283771695,0.2213259076812135,2.4285150839047134,0.0,1.6569093573147837
2,40.13071605982394,0.02139247011549478,12.021003920219488,0.12829454641712346,0.0001975598570221719,0.12754157450191184,0.2096074395712338,4.723642326475687,0.0,2.781036042380311
2,40.33545068893433,0.02076661296896002,12.000195073237709,0.20473462911039064,-0.0006258571465347605,0.13217770766119116,0.0253904146844912,2.987799901044471,0.0,1.5446807798912179
2,40.26061033408565,0.02094198112546478,11.988477830379662,-0.07484035484868201,0.0001753681565047592,0.1332763794057736,0.2750105670026048,4.889824726190141,0.0,2.99493349710028
2,40.50313658155164,0.02083708262291923,12.002114161629533,0.24252624746598883,-0.00010489850254554942,0.1404376689891252,0.2009440150991529,1.310864057497562,0.0,1.0573200589470868
2,40.576983522454285,0.02081345848136428,12.015932526782098,0.07384694090264787,-2.3624141554948186e-05,0.1274839358731584,0.1355945308718299,2.6593325280521456,0.0,1.6008553257697327
2,40.643984127218495,0.02061479216041351,11.985503427767076,0.06700060476421044,-0.00019866632095077302,0.09670259593130083,0.2561368717591102,1.3257637538226392,0.0,1.17515562042954
2,40.60835823417619,0.02046933747102263,12.006906831829232,-0.03562589304230812,-0.00014545468939087744,0.09746950350471634,0.4995034078705131,4.122332058848876,0.0,3.0601728451654644
2,40.77762978990267,0.020835914396566322,12.007673750560965,0.1692715557264819,0.0003665769255436907,0.0981239395992393,0.4895092491627065,2.882837795067558,0.0,2.420437395859192
2,40.5983347750338,0.02089271043008132,12.00445694100392,-0.17929501486887034,5.679603351499765e-05,0.09726321852730566,0.2998118369509022,3.494977146812782,0.0,2.3471122473081953
2,40.76419120491645,0.02049713275700369,12.019556489158415,0.16585642988265192,-0.0003955776730776295,0.08698703746390778,0.2198696850097737,1.6239641959456543,0.0,1.2517214679923745
2,40.77235032789167,0.020373182714978073,12.00416237418115,0.008159122975222033,-0.00012395004202561677,0.08283371816447478,0.3889356894707924,3.931712871878207,0.0,2.743727814880688
2,40.68393316766273,0.02082056014514678,12.031330983266944,-0.08841716022894275,0.000447377430168705,0.08232655521896355,0.1517814153054194,1.2537760624705263,0.0,0.9304508618461019
2,40.682043930589685,0.020076263553282618,12.043909392993607,-0.0018892370730441144,-0.0007442965918641603,0.07331486097418297,0.3621835318235636,1.5343731194972343,0.0,1.4915536233957445
2,40.443248411800724,0.02029536906158244,12.018135644561834,-0.23879551878896166,0.00021910550829982306,0.08480758952642622,0.0310402329219589,4.803419772663887,0.0,2.4637903521758613
2,40.59115423576758,0.02025708006312153,12.024511646807978,0.14790582396685892,-3.828899846091208e-05,0.08274856211788412,0.1446812209150708,1.735098296763791,0.0,1.156911590212037
2,40.61116352847914,0.020251044267422073,12.032149973038507,0.02000929271155627,-6.035795699455698e-06,0.07859131975113116,0.162236698186668,2.374033894757346,0.0,1.5114903437520089
2,40.63787720091567,0.01988551771242013,12.016448309627524,0.026713672436528668,-0.00036552655500194167,0.07780027707834722,0.2337301065814952,4.686737962788473,0.0,2.810829194557227
2,40.470328194077425,0.019532978582948217,12.010295531528135,-0.16754900683824303,-0.00035253912947191476,0.07400878380779058,0.1787672274559305,2.1182510516651063,0.0,1.4166599807444142
2,40.2964714033551,0.0195118233368975,12.010883861376884,-0.17385679072232563,-2.1155246050716392e-05,0.07406051773882151,0.2676226725224537,4.559947971622083,0.0,2.815219330855949
2,40.146287152802316,0.01966984407244726,11.986830827049513,-0.15018425055278328,0.0001580207355497583,0.10095089574091776,0.0393396049879836,3.433962387198761,0.0,1.7956604035753476
2,39.97883522241192,0.01954261892918694,11.982954048140034,-0.16745193039039918,-0.00012722514326031845,0.10301085671652806,0.2727132543108821,1.638655063019162,0.0,1.3647540401313454
2,40.000909551923094,0.01915295611598855,11.96692178697776,0.022074329511177382,-0.0003896628131983895,0.08456784286897712,0.2805542785271826,4.5651295795390965,0.0,2.8436733468239135
2,40.002746089826225,0.01939958136928463,11.934573134209161,0.0018365379031308748,0.00024662525329607887,0.10779581045717032,0.0662219888953631,3.1391939206245523,0.0,1.7020409381030024
2,39.9991648822294,0.01941219412052469,11.94671014733244,-0.0035812075968237878,1.2612751240061865e-05,0.10659672920572483,0.0227849507789615,1.736928384951638,0.0,0.9140340940337419
2,39.83820889890691,0.01951260497770644,11.937832012859213,-0.16095598332248784,0.00010041085718174789,0.10261791728850846,0.2161134773408636,3.5554072746314365,0.0,2.2099305919974457
2,39.84674028228812,0.019393210513523117,11.930391297861792,0.008531383381203739,-0.00011939446418332209,0.09802841261094873,0.3591243768529915,1.3210853146174495,0.0,1.3787914110147077
2,39.84615041901218,0.01969574858029069,11.92699939837625,-0.0005898632759340217,0.00030253806676757214,0.09788677217801338,0.4267845146242067,4.467428264736365,0.0,3.087283161616596
2,40.02134487823618,0.019930948508615612,11.920693448838955,0.17519445922399512,0.00023519992832492231,0.0927917136328825,0.3999255998382159,3.9658467334483016,0.0,2.7827745664005827
2,40.191185117879904,0.019928905616104258,11.918203201946827,0.16984023964372597,-2.0428925113537277e-06,0.09014509299142778,0.2136962329088423,2.077204565078433,0.0,1.4659947483569011
2,40.298154603942635,0.01978377629041716,11.934596398272323,0.10696948606273082,-0.0001451293256870996,0.07850525206064406,0.2133728341880033,1.5630954080419803,0.0,1.2082933723969966
2,40.34188308987789,0.01994492302951949,11.94800252893572,0.04372848593525447,0.00016114673910233232,0.08618769825379163,0.0009972842916388,4.87447092352779,0.0,2.4392300303471726
2,40.39707270046158,0.02009054484145602,11.96145566740918,0.055189610583688875,0.00014562181193653045,0.10271287792398909,0.1231530290370487,3.828369057319777,0.0,2.1604905867339856
2,40.248626128885476,0.02033207762883128,11.989963577025671,-0.14844657157610186,0.0002415327873752579,0.06175985516438318,0.1015149269079407,4.417680539147581,0.0,2.4118701233896718
2,40.162668070475746,0.020289691289756058,11.986962759106964,-0.08595805840973014,-4.2386339075221185e-05,0.06238681164067222,0.0170033303896109,2.214318462527598,0.0,1.1411658920430208
2,40.02506929295663,0.02015493824449154,12.001902349113433,-0.1375987775191163,-0.00013475304526451917,0.06758202973226528,0.028929783057616,2.848537288484929,0.0,1.4821282103576965
2,39.95939353789446,0.02014188394711321,12.004439741258988,-0.06567575506217338,-1.305429737832875e-05,0.06598270703073075,0.1470192336709356,2.404529261667114,0.0,1.4963030981754282
2,39.92814029755767,0.02010262769569589,12.018374574944888,-0.031253240336788224,-3.925625141731892e-05,0.0594879799052346,0.4240087407144081,4.562654873092468,0.0,3.1293449179750503
2,39.75471683349842,0.01943288095649507,12.00777555538431,-0.17342346405924758,-0.0006697467392008209,0.0774491879522647,0.2107336624262544,1.6283485556484516,0.0,1.2356416026767345
2,39.76640025530703,0.01986066208039363,12.017663341655526,0.011683421808612593,0.00042778112389856016,0.08175630965864907,0.3780944479359743,2.07301434011098,0.0,1.7926960659274385
2,39.74085814710992,0.02021993440525722,12.044394298444155,-0.025542108197115,0.0003592723248635882,0.10038049493304878,0.0115581927213683,1.2046430973092257,0.0,0.6254379340973495
2,39.75098509108687,0.01992399533368882,12.042773581106001,0.010126943976949576,-0.00029593907156839905,0.10039641118809713,0.3655501517335758,2.54319735170207,0.0,2.0026989793181866
2,39.57433479085434,0.020000759257408667,12.019278200507532,-0.1766503002325308,7.676392371984767e-05,0.10598532684841826,0.125076616493332,3.497083852904043,0.0,1.9986951594386855
2,39.74808130357337,0.019840707676393614,12.016842289669908,0.17374651271903474,-0.00016005158101505337,0.10645197686762915,0.3372731027363874,1.7238052534271011,0.0,1.5364488321863252
2,39.742579566301,0.01967098251537532,12.027835538262739,-0.005501737272368246,-0.00016972516101829496,0.10580912268420746,0.201689922994096,1.1678241125215971,0.0,0.9872919022489905
2,39.847533207833756,0.01992047876528778,12.013493283283498,0.10495364153275233,0.0002494962499124606,0.10624600851804047,0.1238120724935121,3.846592914048952,0.0,2.1709206020115
2,39.688840362284964,0.020149837826301652,12.024543651373875,-0.15869284554879215,0.00022935906101387293,0.1078754023834153,0.0703050778791562,4.850543916936929,0.0,2.565882114226777
2,39.55212424879372,0.02008711873329911,12.022038313285597,-0.13671611349124646,-6.271909300254244e-05,0.10738533846676317,0.1112650161337125,2.980694330406683,0.0,1.7128771974707666
2,39.65842923443286,0.020993350867768622,12.030737667901706,0.10630498563914159,0.0009062321344695118,0.09524650220588259,0.2479358766178033,3.38093509964451,0.0,2.1863393030578617
2,39.66724284909041,0.02056453994404675,12.011166922509478,0.00881361465754793,-0.0004288109237218715,0.10088757544664186,0.0630607394250692,1.8682865813178455,0.0,1.0602647695090612
2,39.578863356702534,0.02076036192825474,11.983820184077707,-0.08837949238787246,0.00019582198420798821,0.06969334080427042,0.167182672421129,3.5330503649588656,0.0,2.100890527321691
2,39.52082625343365,0.02082567436505099,11.991293716112489,-0.058037103268887336,6.531243679624987e-05,0.07911338106074348,0.0660547425767218,2.273243593013167,0.0,1.2687312816600271
2,39.72507233788217,0.02063412731257269,11.99061613909406,0.20424608444852055,-0.00019154705247829973,0.0800864815282812,0.0977413388932086,1.3745261885405011,0.0,0.8827457720566678
2,39.83756213424233,0.02078336065155412,11.993784941658266,0.11248979636016543,0.00014923333898143182,0.08057783219038617,0.351661518040948,3.644537975108274,0.0,2.5255920236360327
2,40.008612079632805,0.02082062812381654,11.980438934218018,0.1710499453904717,3.726747226242069e-05,0.07721772602782848,0.420461202194518,4.670212337145392,0.0,3.176028572961732
2,40.05950692296181,0.02051820975290825,11.988505506557832,0.0508948433290044,-0.0003024183709082924,0.07743875996121229,0.425547103289937,1.0918182738122333,0.0,1.3970033434859905
2,40.225931328585716,0.02027775393985335,11.988057572202212,0.16642440562390703,-0.00024045581305489824,0.07680660427736097,0.2348585921114964,3.324286111227638,0.0,2.131860239836812
2,40.50826032181427,0.02051530364860337,11.994553068331525,0.2823289932285533,0.00023754970875002057,0.08320115240843153,0.066018407090184,4.905739202576847,0.0,2.5849064154687915
2,40.39154844135557,0.02025759080182129,11.996665167083044,-0.11671188045870196,-0.00025771284678208217,0.08199649678438475,0.390202136641074,4.581041851348443,0.0,3.0709251989563695
2,40.30007038286969,0.02016028350707497,12.014143842017194,-0.09147805848587609,-9.730729474631897e-05,0.07702528814092899,0.1906401691784159,1.995509925149487,0.0,1.3790353009315752
2,40.42595066759252,0.019796506858663777,12.006384395358925,0.1258802847228253,-0.0003637766484111925,0.08757842950229522,0.1134364323687373,3.7627064899640033,0.0,2.1082261097194763
2,40.1468251125062,0.019628199620661903,11.984659486226303,-0.279125555086317,-0.00016830723800187464,0.08613832670290966,0.2876637379101629,1.7977731830509942,0.0,1.474214067345823
2,39.87602040685373,0.01945683257578813,12.002451368656883,-0.2708047056524663,-0.0001713670448737735,0.08143980674606115,0.1430489901337341,4.100866152748574,0.0,2.336531056641755
2,39.71169378015555,0.01950743475390411,11.997738089853446,-0.164326626698184,5.0602178115980584e-05,0.08172264188072914,0.4855129801670713,2.2385812709687185,0.0,2.0903165958185017
2,39.552533876206006,0.019646117907771536,12.00492772049401,-0.1591599039495435,0.0001386831538674263,0.0790266476081193,0.1225173246794287,2.493934950196042,0.0,1.4920021244568784
2,39.662791914748595,0.02002202978264809,12.00464215150687,0.11025803854258953,0.00037591187487655275,0.07894429822442327,0.4386319766958389,1.6898665074266723,0.0,1.722197207105014
2,39.54289000620844,0.02063972901951415,12.017444872276927,-0.11990190854015736,0.0006176992368660608,0.1006430763821107,0.2217050609921571,2.7459952818652265,0.0,1.8164077629169273
2,39.4690280083408,0.02050365633428856,12.001197542557547,-0.07386199786763825,-0.00013607268522558905,0.09990324195573262,0.0548567671816239,4.051961680165535,0.0,2.135694374446015
2,39.43819289565605,0.02043513591456979,12.006338075107106,-0.030835112684748367,-6.852041971876915e-05,0.09908256627726482,0.1408051096380625,1.644539765664315,0.0,1.1038801021082825
2,39.5002029270383,0.02058247688372521,11.993651337682035,0.062010031382250475,0.0001473409691554184,0.09779134797475733,0.0414974454694062,1.9400253001730416,0.0,1.0530075410253332
2,39.40377442816211,0.02022429126990713,11.993618828059292,-0.0964284988761932,-0.00035818561381808015,0.09783679692975529,0.3692597066668554,2.1315775778398374,0.0,1.8043082022536296
2,39.823395099038066,0.02056143155623096,12.016613554740498,0.41962067087595756,0.0003371402863238289,0.09834126990101011,0.2466778500164024,4.226998549858905,0.0,2.6068549749622574
2,40.28227460979589,0.02059946838537087,12.013094879064765,0.45887951075782496,3.8036829139911216e-05,0.09713512497938113,0.3765830605661213,1.8453842076128784,0.0,1.6758582249386818
2,40.2216197445512,0.0206074100633531,11.998786150566335,-0.06065486524469321,7.941677982230277e-06,0.11307272104570151,0.0903621789278578,2.3807249488468294,0.0,1.3710868322791303
2,40.3039488012371,0.02088153105317283,12.004866795585382,0.08232905668590007,0.0002741209898197289,0.11536383970397736,0.1507467658053207,4.285151146088579,0.0,2.444069104654931
2,40.213976529510525,0.020230923655678162,12.01987652365933,-0.08997227172657318,-0.0006506073974946666,0.127260095600674,0.4731500364357632,4.833262590734732,0.0,3.3629313682388924
2,40.343959566725104,0.01958504045091338,12.025450053950081,0.12998303721457916,-0.0006458832047647814,0.13742511760747095,0.2461550811228072,3.5918727303068176,0.0,2.288246527399023
2,40.352406312530974,0.01963559118507158,12.016883375452263,0.008446745805869682,5.055073415819941e-05,0.1462698352460813,0.4339006107244273,4.970094277776656,0.0,3.352848360337183
2,40.48152523485216,0.01959903781264287,12.023065716543643,0.12911892232118305,-3.655337242871107e-05,0.14749104287798603,0.3601562073370065,2.425558714629762,0.0,1.933091771988894
2,40.4007971743937,0.01949362705487781,12.016951420114315,-0.08072806045845482,-0.00010541075776505926,0.15225080552650275,0.036739302688426,1.6780145724868831,0.0,0.9124858916202936
2,40.248671833546915,0.019600038987718532,12.02033245077971,-0.15212534084678708,0.00010641193284072203,0.14897494132665515,0.3497378046179961,1.7221111398781712,0.0,1.5605311791750778
2,40.207127443213395,0.01938629691325506,12.006466956846818,-0.0415443903335202,-0.00021374207446347299,0.14485382948576994,0.3852600673206067,1.5399087291018878,0.0,1.5404744991921573
2,39.986554722584934,0.019352962108848383,12.007667602181805,-0.22057272062846067,-3.333480440667613e-05,0.14509629617047265,0.3011183680643939,4.979612315528646,0.0,3.092042893893111
2,40.02283585451228,0.019076191772705912,12.029495994617088,0.036281131927346166,-0.0002767703361424706,0.1309683078004902,0.2212920405531084,2.137890512306175,0.0,1.5115293372593042
2,40.00436692539838,0.018778180347699108,12.0258620495442,-0.018468929113900856,-0.00029801142500680486,0.13019176343426112,0.0229985951232681,2.3669635201078885,0.0,1.2294789503004804
2,40.021405711338545,0.01909839080264012,11.998614324806905,0.017038785940165724,0.00032021045494101327,0.12412597864750984,0.0572679583754551,1.382903509317614,0.0,0.8059876714097173
2,40.13421318649342,0.018953428750898123,11.984021195489392,0.11280747515487377,-0.00014496205174199805,0.09385437718143878,0.1401259895569879,3.592232650489009,0.0,2.07636830435848
2,40.00161845999182,0.01868908997990467,12.010853726018368,-0.1325947265016012,-0.0002643387709934525,0.08837431480716361,0.3260732367931475,3.4206714524508786,0.0,2.3624821998117342
2,39.94405155416567,0.01889670987429581,11.998958424572635,-0.05756690582614965,0.00020761989439114018,0.08646694341857142,0.4625123874427592,1.458244223998066,0.0,1.6541468868845515
2,40.170083796848104,0.019374457635358174,12.021085893237359,0.22603224268243594,0.000477747761062363,0.08210608072906304,0.3135303784093381,1.3602647308896034,0.0,1.3071931222634778
2,40.42682617157856,0.019671939952328944,12.020731786000649,0.25674237473045736,0.00029748231697077077,0.08267182836446535,0.047423010939508,2.656218946904576,0.0,1.422955495331304
2,40.391716270542844,0.019872039746050382,12.030690955624555,-0.03510990103571743,0.000200099793721438,0.08366388696684599,0.1308443514474716,1.533560560809733,0.0,1.0284689832998097
2,40.3570555057435,0.020108679026641898,12.022394816453843,-0.03466076479934088,0.0002366392805915156,0.08675815104599328,0.0083626835381271,1.216335632874868,0.0,0.6248931835136882
2,40.374842028722526,0.02028696131588346,12.02973117331818,0.017786522979022834,0.00017828228924156309,0.0920409543524924,0.3705964441307251,1.0790585226286544,0.0,1.2807221495757775
2,40.476624683054,0.020563599792629512,12.02949643806745,0.1017826543314726,0.00027663847674605155,0.09203008556475649,0.257385521819277,2.6175463391570224,0.0,1.8235442132170652
2,40.394819180284365,0.020660909719720007,12.043205147602752,-0.08180550276963316,9.730992709049494e-05,0.08030471891397972,0.3871647564013283,2.0265552152936777,0.0,1.7876071204494954
2,40.16153418690057,0.02060840226320525,12.01404123454012,-0.2332849933837977,-5.25074565147568e-05,0.09929060157027267,0.345473485000106,3.977739261525272,0.0,2.679816600762848
2,40.10610002176601,0.02052073718444044,11.997983746973429,-0.05543416513455668,-8.76650787648113e-05,0.09402007083869802,0.2023919122226022,3.723610309687016,0.0,2.2665889792887124
2,40.1670701149054,0.02049551593720201,12.001635194966038,0.06097009313938884,-2.522124723843e-05,0.09300017014155328,0.4032287947988194,3.0921123777006416,0.0,2.3525137784479595
2,39.96776863511646,0.01988859675259003,12.011866431542161,-0.19930147978894297,-0.0006069191846119794,0.10982738963483014,0.0891369914691944,4.388467784026152,0.0,2.3725078749514648
2,39.67696231618298,0.01968461845328483,12.025395929515069,-0.29080631893347686,-0.00020397829930519917,0.10271012124608563,0.1321692942771724,2.132627816721224,0.0,1.3306524969149567
2,39.57051393382453,0.01956694250392422,12.007708736240785,-0.106448382358451,-0.00011767594936061207,0.10684127360400195,0.4406004891729148,1.749290827441087,0.0,1.7558463920663732
2,39.64816338217226,0.01954505418077539,12.012883604238512,0.07764944834772791,-2.1888323148828298e-05,0.10532563555941982,0.4558155241869725,1.3011054550839805,0.0,1.5621837759159352
2,39.79745676902228,0.019574099005144167,11.986335615848313,0.1492933868500259,2.9044824368777006e-05,0.10854395398899175,0.1887402891122229,2.623519294700939,0.0,1.6892402255749155
2,39.60049712509828,0.01937279927671572,11.991775257018025,-0.19695964392400356,-0.00020129972842844804,0.11239667135072323,0.2352566147991057,1.2700384775733626,0.0,1.1055324683848928
2,39.68238563984315,0.01933751679479655,11.970365504714078,0.08188851474486825,-3.528248191916883e-05,0.1224366400388173,0.061781839630344,1.7450965972343626,0.0,0.9961119778778693
2,39.740527838992314,0.01995719297223077,11.97833325889883,0.05814219914916663,0.0006196761774342197,0.1146456704842873,0.1622658250146825,1.0155806692261744,0.0,0.8323219846424522
2,39.65497911617261,0.020240897698038142,11.971467354919502,-0.08554872281970205,0.00028370472580737174,0.11824578916313326,0.1136812360326277,4.445396551719186,0.0,2.450060747924848
2,39.76380740198978,0.0200646431551464,11.962827371785448,0.10882828581716808,-0.00017625454289174267,0.11952064226928416,0.039934265109457,4.197284459626053,0.0,2.17851076003194
2,39.7691697505284,0.02060781849188649,11.949891428242356,0.005362348538618278,0.0005431753367400906,0.09439320245272613,0.0248464356404249,4.696608694339844,0.0,2.397997218450772
2,40.04340858224229,0.02075893171093899,11.941934449300428,0.2742388317138946,0.0001511132190524997,0.08956132558088316,0.4443645190786054,1.2681590585362073,0.0,1.5228085674253145
2,40.07933015439234,0.02102650733486614,11.952747408727458,0.03592157215004477,0.00026757562392715206,0.09126426689394423,0.0770507017234618,1.6581197579513436,0.0,0.9831612824225954
2,39.92673502159934,0.020988279772993203,11.941459632748083,-0.15259513279299597,-3.822756187293885e-05,0.09062092080517369,0.1294423569848436,4.488129217132093,0.0,2.5029493225357333
2,39.64024953440587,0.02089063570741318,11.958928147621362,-0.2864854871934739,-9.764406558002148e-05,0.08896763059926574,0.1754373950577757,2.306644998411719,0.0,1.5041972893214108
2,39.822156435995836,0.020513263040160552,11.940383333932859,0.18190690158996858,-0.00037737266725262897,0.07803802446457184,0.1413686580072872,1.7257990060825694,0.0,1.1456368190558592
2,39.831237294482555,0.02049039056543599,11.95603531802509,0.009080858486719023,-2.2872474724561914e-05,0.06714105197467549,0.2263880808078738,3.203954048834315,0.0,2.054753186032905
2,39.93146896130569,0.02017752736567676,11.96853154560986,0.10023166682313445,-0.00031286319975923,0.06919137150381624,0.2709594443881274,3.8279812848729313,0.0,2.4559095312127206
2,40.01468419389478,0.0199460291688754,11.984083685769289,0.08321523258909025,-0.00023149819680136005,0.06588352207923441,0.2971919181429814,2.140446999106439,0.0,1.6646073358391824
2,39.807445965363726,0.019916244315973178,12.00801613669224,-0.2072382285310539,-2.978485290222252e-05,0.07765563260885121,0.3314608663411161,2.1941115765300605,0.0,1.7599775209472623
2,40.00118741928527,0.019670446654791028,11.994036876151299,0.19374145392154674,-0.0002457976611821497,0.07609182462626748,0.1355085772835533,4.679507250479145,0.0,2.6107707798066793
2,39.96727349518268,0.019361865470089258,11.983925335767292,-0.033913924102591864,-0.00030858118470177,0.0875111057880921,0.1045687477058232,1.3890860335527648,0.0,0.9036805121880288
2,39.97101828316329,0.01909016032908891,11.980313405178743,0.0037447879806080664,-0.00027170514100034737,0.08686475479177778,0.0725912395556871,3.3595376132244814,0.0,1.824951285723615
2,39.969063172284145,0.0189868447704724,11.983867245680456,-0.0019551108791446836,-0.00010331555861651034,0.08366976883118976,0.0312804503849198,1.7029197844637585,0.0,0.9140207930017188
2,40.0705309330309,0.01920535300590718,11.999860110411538,0.10146776074675756,0.00021850823543477851,0.10580125210778507,0.4781515198771334,4.51800363731698,0.0,3.2153048584127566
2,40.03690855152796,0.01936618898168527,12.01658369613697,-0.033622381502944165,0.0001608359757780918,0.10161206710694057,0.144396012379561,3.636860280062,0.0,2.107222164790122
2,40.20496455251112,0.01926465148898062,12.034813637686112,0.16805600098316376,-0.00010153749270465015,0.11048174382949712,0.0011726656870125,1.3705383866417056,0.0,0.6876145246948778
2,39.993967939714516,0.01883374326759784,12.021782952221617,-0.2109966127966061,-0.00043090822138278084,0.11791401452794437,0.3407992075290572,2.5650375546024837,0.0,1.9641171923593563
2,40.15414768853751,0.01912471735553287,12.027874212506566,0.16017974882299768,0.0002909740879350302,0.12056852256363615,0.3106543633812602,4.412356159612094,0.0,2.8274868065685674
2,40.237598036326986,0.01890697943114486,12.02388568489007,0.0834503477894728,-0.00021773792438800968,0.11677199307412933,0.2597654482310585,3.100085476876793,0.0,2.0695736349005136
2,40.033871033796885,0.0190152317991875,12.018069768117863,-0.20372700253010123,0.00010825236804264116,0.12277098307940092,0.0577920307691938,3.465548198336724,0.0,1.8483581607067496
2,39.81502340493956,0.01917852842470453,12.031246002286515,-0.21884762885732556,0.00016329662551702734,0.10973737797629875,0.230522428946469,3.4626121233323057,0.0,2.192350919559091
2,39.79060360425409,0.01956165013074952,12.021686959178233,-0.02441980068547167,0.00038312170604499,0.11868004762853412,0.4190349513371229,4.632310069028678,0.0,3.1542249371885847
2,39.755419044678085,0.01961334001759666,12.011364957728025,-0.03518455957600253,5.168988684714146e-05,0.13127671746577682,0.239421293819286,2.2447481057312424,0.0,1.6012166405041932
2,39.811412723584304,0.019060178589968342,12.000578858661378,0.0559936789062192,-0.0005531614276283181,0.11882614232674943,0.1490215961027728,4.426075143930404,0.0,2.5110807641707473
2,39.79234918380406,0.01885977652568982,12.000630915903766,-0.019063539780241,-0.0002004020642785223,0.1188592942449191,0.3423237355600608,3.214574618685987,0.0,2.291934780463115
2,39.38789854748087,0.01886351426571456,11.977779826685605,-0.40445063632319034,3.7377400247395887e-06,0.10530733634274506,0.1788327122911892,1.027719646887804,0.0,0.8715252480262804
2,39.50568854833988,0.01952186914854066,11.992046228440921,0.11779000085901004,0.0006583548828261003,0.10393502013611072,0.2991654807418171,2.645978276854695,0.0,1.9213200999109818
2,39.47586186648792,0.019200839609517968,11.98701769724835,-0.02982668185196502,-0.0003210295390226915,0.09912659669723534,0.0867765675058924,1.571157975295198,0.0,0.9591321226593839
2,39.5458211208785,0.019586492434469218,11.96805368502026,0.06995925439058226,0.0003856528249512499,0.09132820010931039,0.2998769316970343,2.658862990615141,0.0,1.929185358701639
2,39.625710519239135,0.01976337518550471,11.988984897085906,0.0798893983606348,0.00017688275103549048,0.09305557464547642,0.2376478836302089,1.7365066896895054,0.0,1.3435491121051704
2,39.748462236410376,0.01958158320530013,11.995173618905062,0.12275171717124067,-0.00018179198020457782,0.09495069570909047,0.4166428435179499,1.3341744664052486,0.0,1.500372920238524
2,39.8937520803016,0.01925846011032337,12.000610658736225,0.14528984389122712,-0.00032312309497676064,0.08916292341659869,0.4672900756249531,4.245239220537215,0.0,3.057199761518514
2,40.00015805098393,0.018996502527667852,12.032793126788892,0.10640597068232438,-0.00026195758265551775,0.07705476548381687,0.4205609993793163,4.370830857615621,0.0,3.026537427566443
2,39.97350624433246,0.01950907328336192,12.010923808479133,-0.026651806651464938,0.0005125707556940667,0.09127371916367279,0.2167715048180615,2.6949715886397674,0.0,1.7810288039560067
2,40.04729400547925,0.019707278312471953,11.979750352280922,0.07378776114678942,0.00019820502911003374,0.1184353013495428,0.3969820632566522,2.018240317376978,0.0,1.8030842852017934
2,40.39425606336225,0.01990602762729344,11.975849049356125,0.3469620578829975,0.0001987493148214864,0.1207022965528179,0.2862541433554026,3.497750774389453,0.0,2.321383673905532
2,40.46173377811391,0.01995759418533963,11.980339642511373,0.06747771475166076,5.156655804619201e-05,0.12442907061654924,0.426767845585137,2.961556928060614,0.0,2.334314155200581
2,40.46010853980211,0.020168418349501692,11.97913272569085,-0.0016252383118029456,0.00021082416416206076,0.12371575701183846,0.4592675383309104,4.943114930945601,0.0,3.3900925421346213
2,40.50616077736474,0.019514441705018447,11.983317041885345,0.04605223756263399,-0.0006539766444832451,0.12211409598939334,0.2648250291107948,4.761105498215311,0.0,2.910202807329245
2,40.558221221757286,0.01908805199854695,11.971408098556726,0.05206044439254498,-0.00042638970647149513,0.11621612271598257,0.0919349455016004,4.749032055929519,0.0,2.5583859189679603
2,40.51999617904942,0.0194916088698995,11.956754115735306,-0.03822504270786453,0.0004035568713525485,0.1145823795943159,0.0089720536283338,4.83455961350529,0.0,2.4352239140093124
2,40.329844855425314,0.01932663068508993,11.9575227573012,-0.19015132362410725,-0.00016497818480957008,0.11445997468808292,0.2871117310228015,3.2084521942462665,0.0,2.1784495591687363
2,40.18015354633241,0.019815874155922508,11.940408908874957,-0.1496913090929013,0.0004892434708325781,0.09343404488527955,0.4582916729970369,4.3196443113260345,0.0,3.0764055016570913
2,40.23312300894029,0.01968062882759897,11.936516467458777,0.052969462607876494,-0.0001352453283235376,0.09771765394636288,0.1241785867868323,4.034352665132498,0.0,2.2655335061399136
2,40.20393803346904,0.01945807438517317,11.967485616290958,-0.029184975471245878,-0.00022255444242580066,0.08247508858271389,0.1590681733353029,3.867481031924814,0.0,2.251876862633013
2,40.12784471562608,0.01955626378883754,11.984038106232067,-0.07609331784296103,9.818940366437129e-05,0.08308870457541193,0.4114643204017392,3.0968213736516588,0.0,2.3713393276293075
2,40.15124922227379,0.01945529183705687,11.965635673504565,0.02340450664770799,-0.00010097195178066995,0.07662489654151461,0.2861034556676097,3.496467498531094,0.0,2.3204406606007666
2,40.18423423638346,0.01956853685641145,11.973368795073982,0.03298501410966992,0.00011324501935457837,0.08798936375580008,0.2148646809942519,2.5433916429340537,0.0,1.7014251834555307
2,40.02929063775731,0.019900647427392594,11.967508525976267,-0.15494359862614715,0.00033211057098114435,0.09089680570878715,0.0573399584487434,4.858930152559466,0.0,2.5441449931772198
2,39.96099850048644,0.02018235712035521,11.968201061790436,-0.06829213727087335,0.0002817096929626159,0.09095216343662722,0.3506151853862466,1.9394127743459029,0.0,1.6709367579454446
2,39.84629750297213,0.019991227388986253,11.986720051651591,-0.11470099751431206,-0.00019112973136895667,0.09483403154875988,0.0274066754155928,2.9694224943929477,0.0,1.5395245980276595
2,39.91081311300802,0.02021832149888202,11.98576995942064,0.06451561003589035,0.0002270941098957667,0.09534944392537745,0.0568892528743931,3.465078827666156,0.0,1.8463179195818642
2,39.9161438740762,0.02007733739900433,11.98371539487989,0.005330761068179868,-0.0001409840998776897,0.09574799420942717,0.4154834283724782,4.096718664406952,0.0,2.8793261889484323
2,39.822032291790364,0.019982812601447,12.005674202362114,-0.0941115822858336,-9.452479755733129e-05,0.07881859194010649,0.3116050142009693,2.27660812461175,0.0,1.7615140907078137
2,39.75250007461394,0.020330178452660972,12.00685718153466,-0.06953221717642322,0.0003473658512139731,0.07992130677687873,0.4319864686379679,2.971765359105098,0.0,2.349855616828485
2,39.5702242612172,0.020485036485571328,11.978438997934742,-0.1822758133967426,0.00015485803291035577,0.10500509350906503,0.263656659182293,1.6654788769167053,0.0,1.3600527568229386
2,39.72359032572889,0.020523626113810207,11.975703632416442,0.15336606451169388,3.858962823887965e-05,0.10737150739307631,0.4841391000111216,1.6794734496938617,0.0,1.8080149248691741
2,39.78754004735656,0.020453044816405162,11.974835953238038,0.06394972162766521,-7.058129740504515e-05,0.10613043148116971,0.2184994873810961,3.175399391806112,0.0,2.024698670665248
2,39.897621207860524,0.02068301346840814,11.995614728677523,0.11008116050396666,0.00022996865200297645,0.11036794224653669,0.3230788023041467,1.7499310132620622,0.0,1.5211231112393246
2,39.8707051454022,0.02051551077906448,12.00412222446898,-0.02691606245832645,-0.00016750268934365847,0.112112310407465,0.3640058407457794,3.8330542046084672,0.0,2.6445387837957925
2,40.096028399288514,0.020467090693732048,11.981884612831,0.2253232538863159,-4.84200853324325e-05,0.11571538447377783,0.2716905706094983,3.001878578219696,0.0,2.0443204303288445
2,40.128093687582094,0.02035339096505918,11.989664688378827,0.03206528829358035,-0.00011369972867286693,0.11482994416730331,0.4769440131129181,3.8770336513124,0.0,2.892404851882036
2,40.19659287780756,0.02033459573449261,11.978309787242084,0.06849919022546658,-1.8795230566571314e-05,0.1236106337684409,0.4412281570666025,4.468593458696111,0.0,3.1167530434812605
2,40.58473813526958,0.020340586758867622,11.979418508633774,0.3881452574620212,5.9910243750127545e-06,0.12431230105732448,0.1389074991563045,4.9840042846780985,0.0,2.769817140651658
2,40.59724469785495,0.0200834386763943,11.956039611171281,0.012506562585365089,-0.000257148082473322,0.12553015988694155,0.153073740034309,1.7205244076789854,0.0,1.1664096839081108
2,40.70913081095996,0.019851206647297913,12.054142252435188,0.11188611310501528,-0.00023223202909638738,0.27016694108397726,-0.0608205907699939,0.4744075858791621,0.0,0.11556261139959324
2,40.494201682738016,0.01944710684516775,12.138060607265254,-0.21492912822194654,-0.0004040998021301624,0.33327402089358243,-0.0623681964436435,1.2114432241862283,1.0,5.480985219205827
2,40.34052041208243,0.01933857433456024,12.122518230937203,-0.15368127065558923,-0.00010853251060750913,0.3383981436513818,0.0954873246352661,2.654311033524956,0.0,1.5181301660330102
2,40.5803666621318,0.01897508860850519,12.064157500955488,0.239846250049375,-0.0003634857260550531,0.3877213853962582,-0.089556039789202,1.652819857866499,1.0,5.647297849354845
2,40.68989475740714,0.01904965863003607,12.006846540860321,0.10952809527533702,7.457002153088074e-05,0.42816959221053114,-0.1765059664564069,0.3112454270164084,1.0,4.802610780595391
2,40.56870973568368,0.01952763955028597,12.023836891783484,-0.12118502172345558,0.00047798092024989997,0.4252858077629165,0.0132889741377982,0.7239295481524775,1.0,5.388542722351835
2,40.48114725806665,0.01999705956464296,12.085882996290133,-0.08756247761703406,0.00046942001435698946,0.4667470427131167,-0.1306527283504049,2.0246452398243253,0.0,0.7510171632113529
2,40.445469141847006,0.01996869956530036,12.015538689500453,-0.035678116219642675,-2.8359999342596892e-05,0.5523675326554024,0.0380388826063237,3.643793047801852,0.0,1.8979742891135734
2,39.98897278961577,0.0202591625776427,12.128335400858717,-0.45649635223123397,0.0002904630123423402,0.6650079100861701,-0.2263221852764037,2.8081579442517217,0.0,0.9514346015730535
2,39.95283821761211,0.02063740333998606,12.158813764526656,-0.03613457200366099,0.000378240762343357,0.657520424498827,-0.2480504879918212,3.229541358811518,1.0,6.118669703422117
2,39.96138448040166,0.02049153630490978,12.055993266531425,0.008546262789550951,-0.0001458670350762796,0.6333369624688076,0.0391858914889408,3.988920286380144,0.0,2.0728319261679533
2,40.22818139431084,0.02084497391218305,12.041213595519984,0.26679691390917526,0.00035343760727327145,0.6176527824145737,0.2298486510898619,2.176672244537887,1.0,6.5480334244486675
2,40.29535684132937,0.02114140042690138,11.963656107235309,0.06717544701853484,0.0002964265147183294,0.6759160365065346,0.1569106252106538,2.201856761694506,1.0,6.414749631268561
2,40.12094551453056,0.021781168881524322,12.04494394665009,-0.17441132679881122,0.0006397684546229424,0.6661603368256144,0.1462866884845048,3.7972964976930617,0.0,2.1912216258155404
2,40.00356894395123,0.02182710123431195,12.123499421420354,-0.11737657057933149,4.59323527876275e-05,0.6391973142181386,-0.2284226764110057,0.5210121819527334,0.0,-0.1963392618456447
2,40.20413545771852,0.021610962879190638,12.187065970170888,0.20056651376729207,-0.00021613835512131196,0.6606770170812554,-0.1762192906799774,3.0102329231033766,0.0,1.1526778801917335
2,40.329586035776494,0.02142955159509187,12.166751227516205,0.125450578057972,-0.0001814112840987682,0.6484404134213728,-0.0868589219230489,2.1892509290761266,1.0,5.920907620691965
2,40.44044884694708,0.02135385256252586,12.25344541717141,0.11086281117058405,-7.56990325660109e-05,0.5458752179813937,-0.1720731092026177,1.929534022890856,1.0,5.620620793040192
2,40.6661756432726,0.02116042013742166,12.035080281068852,0.2257267963255245,-0.0001934324251041987,0.5689910721950048,0.1710343699050326,1.4856019636673272,0.0,1.0848697216437289
2,40.623551668446126,0.02144448868521025,11.963619294155661,-0.042623974826476285,0.0002840685477885907,0.597164913089225,-0.1253393599023269,1.9277005400530287,0.0,0.7131715502218605
2,40.69269724376791,0.0217260220974073,12.037392136379507,0.06914557532178378,0.0002815334121970478,0.6105068640810256,0.2948328054409492,3.655724346575467,1.0,7.417527784169632
2,40.51390184152014,0.02212119281519152,12.025931994458695,-0.17879540224777202,0.0003951707177842212,0.6003453351497848,0.2185667599551878,1.0124159976046945,1.0,5.943341518712723
2,40.70092199234024,0.02258637233343408,12.133549573291344,0.18702015082010348,0.00046517951824255957,0.5227737073122218,0.2907282877256849,1.384242265185144,0.0,1.2735777080439417
2,40.7391830512873,0.02270371631676381,12.05582092883519,0.038261058947057336,0.00011734398332972906,0.5462145493885234,0.0813994743182932,2.794006512042536,1.0,6.559802204657855
2,40.78779532242961,0.022875659102123462,12.083405083506657,0.0486122711423107,0.00017194278535965363,0.5651704834301691,-0.005199859189374,1.7300790321821156,0.0,0.8546397977123098
2,40.51908401410536,0.023066122924340057,12.031118991785094,-0.2687113083242494,0.00019046382221659525,0.5277394944763398,-0.1869420649763278,-0.0924720067563364,1.0,4.5798798666691765
2,40.5101842558372,0.023368020378244113,12.003495718079435,-0.008899758268157143,0.0003018974539040556,0.5115104616298322,0.1235687689365485,1.941610374351245,1.0,6.21794272504872
2,40.4327738517359,0.02378084516171955,12.067615020154516,-0.0774104041013004,0.00041282478347543644,0.5507815549544947,0.0674987610334013,0.0791629998570015,0.0,0.17457902199530334
2,40.57823143630596,0.02409928705304815,12.044748669465994,0.1454575845700603,0.0003184418913286004,0.6023894348518117,0.1489868529597625,3.379345951440206,1.0,6.987646681639628
2,40.71575980268556,0.02426150870240097,11.987009536151009,0.1375283663795983,0.00016222164935281863,0.6887873418141516,0.1784358357265484,0.3068231411781839,1.0,5.510283242042188
2,40.88228945790267,0.025129186860047337,11.946957444635164,0.16652965521711138,0.0008676781576463684,0.6690964721557738,0.0073148734379884,4.559382127597953,0.0,2.2943208106749533
2,41.064644791943294,0.02480797367909582,11.89387969254434,0.1823553340406221,-0.0003212131809515184,0.6447043226801941,0.1111518090274507,3.7865280385309976,0.0,2.1155676373204004
2,41.03780276947654,0.02477189239126884,11.88550078011801,-0.02684202246675227,-3.608128782697784e-05,0.6400383682943714,0.2254527775052564,1.1172953491002506,0.0,1.0095532295606382
2,41.06466324008994,0.0249518798599878,11.935189551915126,0.02686047061339991,0.000179987468718959,0.6312721718354278,-0.0272168781146268,3.854803414142574,0.0,1.8729679508420334
2,40.99191950477092,0.02504726720156193,11.88343302356363,-0.07274373531902256,9.538734157412895e-05,0.5953481821314952,-0.0145566107386866,0.5955393266669713,1.0,5.268656441856113
2,41.37458981350942,0.02515278282945199,11.91204612729712,0.38267030873849706,0.00010551562789006333,0.6159897503704789,0.2007513671111964,1.2689180638842368,0.0,1.0359617661645113
2,41.32040838696045,0.025126073562598838,11.974775714773617,-0.05418142654896485,-2.6709266853153918e-05,0.6726918998552348,0.0401868266596052,3.507743308955651,1.0,6.834245307797036
2,41.315466828325874,0.02554145230007059,11.920165155819488,-0.004941558634577348,0.0004153787374717513,0.6328697759140736,0.1287923349434332,2.2411824191068934,1.0,6.378175879440313
2,41.15993959124326,0.02606483118143183,12.027072183163389,-0.15552723708261595,0.0005233788813612424,0.49165768407574073,-0.0797776544405506,3.7997637611709103,1.0,6.740326571704354
2,41.28523242519626,0.02559559805923256,12.181868214755664,0.1252928339530044,-0.000469233122199271,0.28126930984784576,-0.0035840838902549,4.114983669460682,1.0,7.050323666949831
2,41.1435689398831,0.02510796781726506,12.24201702138134,-0.14166348531315975,-0.0004876302419675009,0.31615706454269943,0.1989579593574851,3.9280789043308473,0.0,2.361955370880394
2,40.941436175976015,0.025868338152286792,12.27337749017187,-0.20213276390708756,0.0007603703350217324,0.2963398338995166,0.2174346948137268,3.968796061657028,1.0,7.419267420455967
2,41.15536765575685,0.02599890281171229,12.264664710185212,0.2139314797808325,0.00013056465942549653,0.3009701205250706,0.0263732907865664,1.6408584261903223,0.0,0.873175794668294
2,40.99934079699366,0.026219407692317852,12.257664239250088,-0.156026858763191,0.000220504880605564,0.3070671940423833,-0.1804040697852003,1.5582322235954482,0.0,0.4183079722273235
2,41.128551357134896,0.02651376668156284,12.281494389163356,0.12921056014123877,0.00029435898924498605,0.29682725191676196,0.2253019598750485,0.6871810004947938,1.0,5.794194419997494
2,40.99946684432922,0.026857500118437988,12.132445420037282,-0.1290845128056759,0.0003437334368751495,0.509642203996533,0.0915652134925486,1.1545754379881494,0.0,0.7604181459791719
2,41.12214477847487,0.02695729543189857,12.06835931913424,0.1226779341456492,9.979531346058362e-05,0.45651686949244386,-0.0636452819766776,2.1555990958395586,0.0,0.950508983966424
2,41.203437756682185,0.0268641743046669,12.105275428567452,0.08129297820731551,-9.312112723167121e-05,0.4741973496680494,0.016289298901073,0.7344227054981857,0.0,0.39978995055123884
2,41.27298437936005,0.026769801712517312,12.064962679201725,0.06954662267786205,-9.43725921495886e-05,0.5146866872438766,0.107545309729824,2.958901017171341,1.0,6.694541128045318
2,41.2304713417647,0.027191541187662947,12.02516953881003,-0.042513037595348635,0.0004217394751456355,0.5006040072295971,-0.1098600808527403,1.752086672281258,1.0,5.6563231744351485
2,41.052947088472,0.027223682109286322,12.028597681985271,-0.17752425329269528,3.2140921623374785e-05,0.5055924957302266,0.1461967190534552,3.8488544869932566,1.0,7.216820681603538
2,41.21264376651705,0.02670608662180394,11.983713050982567,0.1596966780450444,-0.0005175954874823835,0.5046298671354055,0.1257165932595905,2.014707287336222,0.0,1.258786830187292
2,40.85613367513926,0.02698730120558676,11.98050568501797,-0.35651009137778544,0.00028121458378282255,0.5040330040814203,-0.1681464612143226,3.394161613880568,1.0,6.360787884511639
2,41.147290504637674,0.02653583159498355,12.037803163171777,0.29115682949841215,-0.00045146961060320984,0.5364839770376709,0.2015637903400005,4.497551458674435,0.0,2.6519033100172185
2,41.20319252265818,0.026519781490924998,12.074988686977122,0.055902018020503874,-1.6050104058553533e-05,0.5665614163010265,0.0647033964256374,1.0197368622277807,0.0,0.6392752239651651
2,41.157406607282695,0.02658447331071559,12.198398669065046,-0.04578591537548249,6.469181979059171e-05,0.4037354299238524,-0.0718836630858426,1.7374267258581653,1.0,5.724946036757397
2,41.36200252183174,0.02679394477338033,12.154472811887242,0.2045959145490457,0.00020947146266473912,0.43354368637871654,0.0786888359699653,1.4550568645587,1.0,5.88490610421928
2,41.51657470179161,0.027361094724090262,12.130863686688716,0.15457217995987094,0.0005671499507099338,0.42056598667361667,-0.1429631021792707,0.744420366522031,1.0,5.0862839789024745
2,41.431527731492444,0.02760930730540072,12.126224933977646,-0.08504697029916741,0.00024821258131045923,0.42924066745838085,0.2216866307713513,2.3310104756916266,0.0,1.608878499388516
2,41.60623330334221,0.028358573355074256,12.120332874221385,0.17470557184976343,0.0007492660496735346,0.43144576492961273,-0.0168172604930343,2.391319604411543,0.0,1.1620252812197027
2,41.85459170006245,0.028856342929603162,12.06876360089401,0.24835839672024207,0.0004977695745289057,0.38207037441291514,-0.0476340883941147,1.9155888190161248,0.0,0.862526232719833
2,41.79620112774305,0.029072059291443842,12.140773219846906,-0.05839057231939648,0.00021571636184068016,0.3917405053290056,0.1683096985226816,3.015126375924639,1.0,6.844182585007683
2,41.86168296354846,0.029198081229198664,12.175744770249223,0.06548183580540723,0.00012602193775482218,0.3983443371805486,0.1488603069301819,2.764718822793475,0.0,1.6800800252571013
2,41.78567054333182,0.029926871271377477,12.122636626942562,-0.07601242021664234,0.0007287900421788125,0.3760797170748619,0.2988955275786594,0.6680354141975804,0.0,0.931808762256109
2,41.81173825103445,0.0301677550052513,12.006986851991067,0.026067707702630116,0.00024088373387382359,0.3758229601017676,0.2174549360123097,1.434155597241022,0.0,1.1519876706451304
2,41.92359085472,0.03045270734050483,11.990882699320295,0.1118526036855485,0.0002849523352535313,0.3711181669779637,-0.0716463348615354,3.179855524152232,0.0,1.4466350923530453
2,41.93781434108564,0.030287148082552458,11.970413393107325,0.014223486365644078,-0.0001655592579523739,0.3938260078913242,-0.0630369942862023,0.903947469959475,1.0,5.325899746407333
2,42.0243751067126,0.03042065585915717,12.017693808810959,0.08656076562695603,0.00013350777660471255,0.4531521585702423,-0.0686906260926679,1.633358351400892,1.0,5.67929792351511
2,42.28385280172138,0.0304686887399592,12.182380573720462,0.25947769500878337,4.803288080202847e-05,0.496917971335222,0.3819574938978223,2.193147614137278,0.0,1.8604887948642836
2,42.10203581209078,0.030158447077044192,12.187163187669535,-0.18181698963059745,-0.0003102416629150069,0.49464576427554213,-0.0307720911065781,3.1461935813729944,1.0,6.511552608473341
2,42.08977264778277,0.030361043936467668,12.09999919656799,-0.012263164308009777,0.00020259685942347616,0.5662516743461018,-0.0575024067799403,1.814865394373617,1.0,5.792427883626928
2,42.00949296604294,0.031021847084664118,12.136067448409467,-0.08027968173983169,0.0006608031481964496,0.605507128163974,-0.1055214064350855,1.3001848668292486,0.0,0.4390496205444533
2,42.26029843478995,0.03127166596773948,12.060107611965613,0.2508054687470107,0.0002498188830753652,0.6162330377525741,0.3410221535127822,4.116075670634695,1.0,7.740082142342912
2,42.16553947377232,0.03142150688824953,11.969654210542537,-0.09475896101763226,0.00014984092051004844,0.6838594634967634,-0.0252782903569666,3.670162965828344,1.0,6.784524902200239
2,42.26081641346871,0.031629001851825336,11.974695577083889,0.09527693969639017,0.000207494963575805,0.6800839985759963,0.0966279446085472,2.041980888785338,1.0,6.214246333609763
2,42.35773979418923,0.03175054017105361,11.970076415287227,0.09692338072051854,0.00012153831922827318,0.6799245180503773,0.2066459553722043,2.5546824476241614,1.0,6.69063313455649
2,42.477876734896505,0.032293450450180936,12.132455366167317,0.1201369407072761,0.000542910279127326,0.7450206305735366,0.0528779564442303,1.4313973095757393,0.0,0.8214545676763303
2,42.496251369004746,0.03204299568148895,12.239339541340671,0.01837463410824114,-0.00025045476869198224,0.8978684782943325,0.2590863952628995,1.2573030579632518,0.0,1.146824319507425
2,42.29521951876474,0.03232220562182149,12.154420720847451,-0.2010318502400068,0.00027920994033253654,0.8530755522168442,-0.1660750395632574,2.210808904585021,0.0,0.7732543731659958
2,42.42168765225907,0.032964255890520516,12.122494808228005,0.12646813349432762,0.0006420502686990265,0.8655175538344194,0.1982468790979928,4.540925824238386,1.0,7.666956670315178
2,42.46119861860783,0.03307173907623106,12.237599655252179,0.0395109663487645,0.00010748318571054266,0.821711516704066,0.1814922979788853,2.213262815490352,0.0,1.4696160037029466
2,42.82000480737155,0.03288456221491426,12.11743867728408,0.3588061887637153,-0.00018717686131679984,0.8063042022835838,0.425554658400783,1.991414316879083,0.0,1.8468164752411074
2,42.823622419457635,0.032211375353922364,12.198200131971126,0.003617612086088684,-0.0006731868609918951,0.7935883650258332,0.2497741495489814,3.828445365733064,1.0,7.413770981964495
2,42.93403100523817,0.032227839795154846,12.351293950448689,0.11040858578053303,1.6464441232481863e-05,0.7064848268829568,0.0140773168371622,2.3108975058875307,1.0,6.18360338661809
2,42.75905767511084,0.03218962067389196,12.379412300390786,-0.17497333012732952,-3.821912126288768e-05,0.6754193958242274,-0.1088351678763917,3.100650000863338,1.0,6.332654664678886
2,42.779785555809575,0.03235145477202682,12.316336645421112,0.0207278806987361,0.00016183409813486094,0.7438443420365516,0.1667856318751743,3.432728618003035,0.0,2.049935572751866
2,42.64416422776152,0.03244209577856766,12.111507553676967,-0.13562132804805316,9.064100654083973e-05,0.7790667908253761,-0.0801864763337979,3.5313577031307606,0.0,1.6053058988977844
2,42.70981773745977,0.03296564885134567,12.03679339487696,0.0656535096982509,0.0005235530727780088,0.6214121505836404,0.2196161512111581,4.505419177196474,1.0,7.691941891020553
2,42.90638794931052,0.03312507706429911,11.974374477638076,0.19657021185074797,0.00015942821295344273,0.6357314337209219,0.3955908700892889,2.802528704086459,0.0,2.1924460922218074
2,42.93860314477088,0.03238060031402678,12.033098758010654,0.03221519546035978,-0.0007444767502723312,0.6323684250538928,0.2485474887966116,2.8552021887855066,1.0,6.924696071985976
2,42.87060509449937,0.03254477042486979,12.021218606534934,-0.06799805027151251,0.00016417011084301353,0.6243846039651783,-0.01254942046634,2.425382368205604,0.0,1.187592343170122
2,42.630801929505324,0.03287932026261733,12.13495930134763,-0.23980316499404353,0.0003345498377475345,0.6562142139076426,-0.1037875060409026,2.079597467514793,0.0,0.8322237216755912
2,42.431922666480595,0.033485707080151264,12.095544641113106,-0.19887926302472891,0.0006063868175339368,0.6470779567778161,0.3125616023495435,1.2973800647201057,0.0,1.27381323705914
2,42.51236092909764,0.03331472873707335,11.997522185254363,0.08043826261704368,-0.00017097834307791548,0.6266402283486433,-0.0363766701821804,1.5921331888430248,0.0,0.7233132540571516
2,42.769837129939866,0.03362413966758933,12.005887647218174,0.2574762008422269,0.0003094109305159798,0.6245457730430795,0.3695458111583814,0.7541885425627841,1.0,6.116185893598155
2,42.669083512689056,0.03356583656766237,12.185786392620638,-0.10075361725080967,-5.83030999269582e-05,0.668844746537517,0.1136122270740444,0.5045366325493988,0.0,0.47949277042278826
2,42.75958013103289,0.03413293117419859,12.256579356140431,0.09049661834383471,0.0005670946065362212,0.5676623156855245,0.2746802020114764,3.351852691306983,1.0,7.225286749676444
2,42.495109494393276,0.03386874967294749,12.162155092577333,-0.264470636639615,-0.0002641815012510984,0.4990268882052846,0.125378106925565,2.34629728830382,0.0,1.42390485800304
2,42.683838942936674,0.03397836692468611,12.165706938655845,0.18872944854339835,0.00010961725173861542,0.49439910678663807,0.231790314108328,1.1872274988421938,1.0,6.057194377637753
2,42.8273242886013,0.03502217949230475,12.095415358887529,0.14348534566462234,0.0010438125676186447,0.5276171341173178,0.1189486106280203,4.612491353622319,0.0,2.5441428980672
2,42.824398364582265,0.03495321800404172,12.0549667802215,-0.0029259240190313562,-6.89614882630335e-05,0.5215873814697297,-0.1046982784915103,0.7272995433977287,1.0,5.154253214715844
2,43.002573479642365,0.035055065404473125,12.005808234032095,0.17817511506009964,0.00010184740043140544,0.4625477802605291,0.3380056261752237,1.4435115227559705,1.0,6.397767013728433
2,43.156440319084155,0.03520778352608553,11.958609475800595,0.1538668394417897,0.00015271812161240378,0.4807910207232445,-0.046181286854101,3.333211223969865,1.0,6.57424303827673
2,43.03630867190121,0.03522983380728751,11.96535995188237,-0.12013164718294433,2.2050281201980992e-05,0.47683872943191524,0.0521107846801072,4.190718395173216,1.0,7.199580766946823
2,43.03996746152365,0.03571002579545119,11.98102954248596,0.003658789622441816,0.0004801919881636807,0.47712048926148337,0.2654703132828347,1.274637145110225,0.0,1.168259199120782
2,43.07824887229053,0.03613682749325968,11.876411683774252,0.038281410766877855,0.00042680169780848903,0.26069962697052657,0.1504109495548139,0.5608438794150151,0.0,0.5812438388171354
2,43.083353993050714,0.036260573581167736,11.900568203225344,0.005105120760184434,0.0001237460879080568,0.26194785132857773,0.4101579757154068,3.802185928016539,1.0,7.721408915439083
2,43.21352466104019,0.03669164165740814,11.891209808428684,0.13017066798947496,0.0004310680762404026,0.2561891511661216,0.3067841022793683,4.234678576342748,1.0,7.730907492730111
2,42.99988600392829,0.036651151641390003,11.959145619626057,-0.21363865711190044,-4.04900160181354e-05,0.2602033640814746,-0.0219925426682241,4.095270501356427,0.0,2.003650165341765
2,42.912997236391085,0.03649355107239946,11.980519153358848,-0.08688876753720365,-0.00015760056899054298,0.23108369539057344,-0.0169454017359048,0.993130766629365,1.0,5.462674579842873
2,43.1883355852702,0.0364757812283658,12.03058481203403,0.27533834887911723,-1.7769844033663218e-05,0.2726315697119409,0.0342099146605402,0.8987624425200326,1.0,5.517801050581097
2,42.98954105917146,0.03655407603707151,11.959446985068372,-0.19879452609874448,7.829480870571309e-05,0.2823820470958218,-0.117191357686718,1.7537631257778834,1.0,5.642498847515506
2,43.164009977917004,0.03701748345579215,12.029807058814416,0.17446891874554638,0.0004634074187206405,0.26504788473293645,0.0703345877834012,2.6200262307827464,0.0,1.4506822909581756
2,43.15354087514895,0.03735223586711104,12.09618019353853,-0.010469102768055905,0.00033475241131888933,0.2684497931739231,0.2879106291483406,2.45558100849143,1.0,6.8036117625423955
2,43.24925810392374,0.03761981138482101,12.076061565025398,0.09571722877478805,0.0002675755177099712,0.2788609613678765,0.2297668031496919,3.590861622715719,0.0,2.254964417657243
2,43.4503490934311,0.03748627405587585,12.046030430018291,0.20109098950736382,-0.00013353732894515885,0.29272330146808717,0.2869835704481207,2.404458644646026,0.0,1.7761964632192542
2,43.375859729944054,0.03731968422749171,12.028324293372876,-0.07448936348704649,-0.00016658982838414077,0.2996500225892804,0.1036109914802543,4.645758731802312,0.0,2.5301013488616646
2,43.60489687990652,0.037472981541546255,12.006469049341211,0.2290371499624655,0.00015329731405454294,0.3103272086775139,0.2296366127996186,2.765519073537867,0.0,1.842032762368171
2,43.82355957171878,0.037757447764408474,11.942577750890615,0.21866269181226272,0.00028446622286221884,0.3138286099755804,0.1689159051546496,2.558577937833841,1.0,6.617120779226219
2,43.66949967120376,0.03776495508829203,11.938487748595936,-0.15405990051502272,7.507323883555739e-06,0.3165031560836934,0.2611964995093194,0.7460681875438333,1.0,5.895427092790555
2,43.52566867433459,0.03804656924825586,11.927311808074208,-0.14383099686916978,0.0002816141599638333,0.2981089614279897,0.228926828375668,4.0619715762482524,1.0,7.488839444875462
2,43.651277027200464,0.03858403062546948,11.877373784431262,0.1256083528658749,0.0005374613772136175,0.38673584200019884,0.2656881242260637,3.364012461173012,1.0,7.213382479038634
2,43.345023847941924,0.038298445009346475,11.8317509031168,-0.30625317925854034,-0.0002855856161230047,0.35913435059790716,0.0081329602030739,2.6176681493196874,1.0,6.325099995065991
2,43.47818694119045,0.0382180173086384,11.786635925603125,0.13316309324852682,-8.042770070807587e-05,0.30272553670209856,0.1654359462397595,3.5519057477460776,0.0,2.106824766352558
2,43.55238436622092,0.03796589167281485,11.835451619583527,0.07419742503046933,-0.0002521256358235524,0.3510301736551715,0.1067946076352823,2.722342992718047,1.0,6.5747607116295885
2,43.408404938256744,0.038612986365141114,11.811230220554775,-0.14397942796417595,0.0006470946923262666,0.3625176829291534,-0.0223072924114335,2.7589299664471576,0.0,1.3348503984007118
2,43.46301492471677,0.03903785386153378,11.84622137997018,0.05460998646002224,0.00042486749639266547,0.3824124851804156,0.0464504284791326,2.3134577394072813,1.0,6.249629726661906
2,43.302008315364496,0.03937363380034104,11.827637498827759,-0.1610066093522704,0.0003357799388072624,0.39073599152477195,0.037809623879242,3.1253289203012327,0.0,1.6382837079091004
2,43.169275669228156,0.03965458594087332,11.90176756123089,-0.13273264613633984,0.00028095214053228124,0.4203135545706483,-0.0215997242020587,4.5821020092876905,0.0,2.247851556239728
2,43.26187031924572,0.040083031637703256,11.935848251699156,0.09259465001756695,0.00042844569682993355,0.41906783711346574,0.1160700602361214,1.0361379383766252,1.0,5.750209089660555
2,43.395086686664435,0.04056373177268631,11.878295170540252,0.13321636741871146,0.0004807001349830531,0.3975500911717548,-0.0014246260885007,2.279416007475904,1.0,6.1368587515609505
2,43.49412512255838,0.0403655436946844,11.900694916421907,0.09903843589394512,-0.0001981880780019124,0.35299662024001094,0.3559051161275276,2.3249305020427085,1.0,6.87427548327641
2,43.792388743673044,0.04094197100241026,11.946016946744106,0.2982636211146641,0.000576427307725863,0.3714537587131096,0.2796054338791856,2.3486615533674056,0.0,1.7335416444420741
2,43.89278042199035,0.04182148897241666,12.010284712925122,0.10039167831730822,0.0008795179700063979,0.42509899296344694,0.3579492892445992,2.700494736174367,1.0,7.066145946576382
2,43.65322938203039,0.04181993737175676,12.037013249122467,-0.23955103995996296,-1.5516006598992327e-06,0.45585907940885206,-0.0400884256430948,4.177701503626539,1.0,7.0086739005270795
2,43.62345280303539,0.04160333071136198,12.158259536426042,-0.02977657899499775,-0.00021660666039478166,0.4728433974497487,0.1127119043927634,1.3563684489269885,1.0,5.9036080332490215
2,43.855143885960025,0.04124410186260685,12.106947566919716,0.23169108292463392,-0.00035922884875512484,0.4957855024504678,0.4839430907204333,4.886484471489364,0.0,3.411128417185549
2,44.01413583950037,0.04123968749604229,12.076342655394933,0.1589919535403439,-4.41436656456462e-06,0.538935603206921,0.1823458269944491,2.690611296883991,0.0,1.7099973024308937
2,44.086683586691684,0.04176947925753683,12.052357359370074,0.07254774719131518,0.0005297917614945427,0.5291194724014472,0.4356827020376713,2.9534043620685084,0.0,2.3480675851095967
2,44.09836001215318,0.04216224629534665,12.078135772149878,0.011676425461494944,0.00039276703780982,0.5365938567749711,0.0712577069614586,2.594516506919679,1.0,6.439773667382757
2,43.99262534156367,0.042385063046621124,12.049428233154092,-0.1057346705895128,0.00022281675127447387,0.5627434445504567,-0.0236508837313801,0.7129852575482614,0.0,0.30919086131137047
2,43.982196812927526,0.042967156066015665,12.124679657670322,-0.0104285286361403,0.0005820930193945403,0.5029443348843307,0.233899445182243,1.0343494793631516,1.0,5.984973630046062
2,44.050161957777604,0.04263112513372187,12.04739751170834,0.06796514485007776,-0.00033603093229379183,0.5343549784392426,0.0950495555510412,2.857579703037263,1.0,6.618888962620714
2,43.98125339961457,0.04235236159472548,11.944624789498866,-0.06890855816303088,-0.0002787635389963905,0.5150250675635462,0.1029232533964223,2.207515191834818,1.0,6.309604102710254
2,43.99485342615226,0.04264962123781428,11.92603848492338,0.013600026537687882,0.0002972596430887986,0.4909970553379326,0.1672247745782926,3.3210734958156665,0.0,1.9949862970644183
2,44.04109691075191,0.04299446346873001,11.890627462658967,0.046243484599649776,0.00034484223091572896,0.43336182174151766,0.0774832208407948,0.980205382927067,1.0,5.645069133145123
2,43.914107912086806,0.043089247631470415,11.93116654019094,-0.12698899866510516,9.478416274040502e-05,0.4305415330070512,0.317452915194806,3.396024379467643,0.0,2.3329180201234334
2,43.76463567152793,0.042990724428837244,11.954729174613657,-0.14947224055887887,-9.852320263317033e-05,0.39614855423639067,-0.0058235379037574,4.031942321957821,0.0,2.0043240851713957
2,43.85245986359543,0.04305274281316827,12.011555064638126,0.08782419206750092,6.201838433102236e-05,0.4612625713448613,0.42948048389118,2.1467253869652687,1.0,6.932323661264994
2,43.927477024328,0.04279049372970502,12.019380328600219,0.07501716073257114,-0.0002622490834632493,0.46794075779124356,0.2931102811150559,2.527064070004865,1.0,6.849752597232545
2,43.99930487451277,0.04290528676376566,11.99452744534096,0.07182785018476778,0.00011479303406064512,0.5054775872582621,0.1159356292650849,4.385002778430343,0.0,2.4243726477453413
2,44.09230282674395,0.042664702293639035,11.969127589097155,0.09299795223118679,-0.00024058447012662715,0.5069606273923585,0.4531859685199335,3.567140424516898,1.0,7.689942149298316
2,44.20423053829715,0.04315611004270797,12.063197809436833,0.11192771155320003,0.0004914077490689311,0.4995032304322605,0.5047643821954306,2.896737193517277,1.0,7.4578973611495
2,44.214880863191254,0.04362306825063612,12.078728898856216,0.010650324894101004,0.00046695820792815035,0.4846926081412154,0.0065388365532468,4.562628680727686,1.0,7.294392013470336
2,44.370917476710524,0.04392176603204311,12.058682223564464,0.15603661351926945,0.0002986977814069952,0.47265379556593745,0.021992127843412,4.8370879361760535,0.0,2.462528223774851
2,44.46979822622166,0.043517846155102465,11.980959313464314,0.09888074951113879,-0.0004039198769406477,0.47267856076624964,0.2198418220448277,4.648753317447822,1.0,7.764060302813567
2,44.55832783706998,0.0444864371406441,11.92993326871938,0.0885296108483189,0.0009685909855416328,0.48732833690296407,0.0571661991920586,1.845769121720244,1.0,6.0372169592442395
2,44.97432440697018,0.044655706146018395,11.911624666947361,0.4159965699002015,0.0001692690053742979,0.5075535202421894,0.4423105416929275,3.715387395556263,1.0,7.742314781163986
2,44.939242256080924,0.04452274933758848,11.904959909524113,-0.03508215088925937,-0.0001329568084299168,0.49622528833172264,0.3056343464192748,3.6934819795630434,1.0,7.458009682620071
2,44.97286311091939,0.04455766615623274,11.948887801396188,0.03362085483846755,3.491681864425944e-05,0.5612286819070489,0.0243677878879337,4.548854737119603,1.0,7.323162944335669
2,45.048538867604506,0.04507924965066812,12.019430658159134,0.07567575668511495,0.0005215834944353806,0.5006497381473828,0.1726425528925024,3.810907293962896,1.0,7.250738752766453
2,45.219866018563295,0.04523338678556161,12.007503865490998,0.17132715095878837,0.00015413713489349085,0.5070900355926072,0.5248072819009675,2.073894047848297,1.0,7.0865615877260835
2,45.198529015578075,0.04542819990639411,11.95774228011832,-0.02133700298522001,0.0001948131208324988,0.4826005121422856,0.2342142320424451,2.998397907155933,1.0,6.9676274176628565
2,45.2639611230688,0.04582745851847014,11.875769587472341,0.0654321074907287,0.00039925861207603525,0.585032298040573,0.0463059502596396,1.920769766968904,0.0,1.052996784003731
2,45.26488230354738,0.04583489496626376,11.858049932806415,0.0009211804785778099,7.4364477936142426e-06,0.575816677613824,0.0506363342159625,2.862415209836186,0.0,1.532480273350018
2,45.564818441967496,0.04612276419778256,12.023522657910807,0.29993613842011513,0.0002878692315188003,0.7224353968841074,0.2764709985309884,2.1364023498251576,0.0,1.6211431719745555
2,45.400699724201324,0.04553369905409985,12.070002207908349,-0.16411871776617204,-0.0005890651436827044,0.7052108113856602,0.2677809568884485,4.83023708626667,0.0,2.9506804569102316
2,45.27938906304336,0.04599720283070224,12.20550201993336,-0.1213106611579633,0.0004635037766023836,0.6778708467748461,0.3626420768886782,5.0330872186482285,1.0,8.24182776310147
2,45.381745387422185,0.04646442204919704,12.143440243253583,0.10235632437882458,0.00046721921849480347,0.6616076767271792,0.0813277282110167,1.282488502642636,0.0,0.8038997077433514
2,45.58402775935859,0.04658494736319051,12.082297210653016,0.20228237193640553,0.00012052531399346644,0.6156369354745745,0.088491302959226,2.055225278440886,0.0,1.204595245138895
2,45.67748765393745,0.04634415651158736,12.08084734165874,0.0934598945788565,-0.00024079085160314678,0.6160614857963386,0.4943550938475502,1.564312005101549,1.0,6.770866190245875
2,45.669120088440195,0.04648271781493113,11.998660907933507,-0.008367565497252372,0.0001385613033437691,0.7176337797628692,0.3229918931440909,4.503386493251254,0.0,2.897677032913809
2,45.502147773451135,0.04636574255647551,12.01138698831915,-0.16697231498906007,-0.00011697525845561635,0.7178623101569582,0.2847414908599117,4.384252779636772,1.0,7.76160937153821
2,45.481388712022905,0.04638957799166541,12.115935372588037,-0.020759061428229586,2.3835435189897836e-05,0.6065831848026176,0.1036364937337781,2.8135131672004885,1.0,6.6140295710678005
2,45.70256685441539,0.04683981291448907,12.030167361078682,0.2211781423924819,0.0004502349228236585,0.6738496153448519,0.3505092576829357,1.982018312588805,1.0,6.692027671660274
2,45.65466372355492,0.04678373019933918,11.83614858552102,-0.047903130860468934,-5.608271514988966e-05,0.5377150558022454,0.3065322828965128,4.956818047687205,1.0,8.091473589636628
2,45.819978881919326,0.04733801245118458,11.784317435859865,0.16531515836440747,0.0005542822518454019,0.540738279463072,0.5048007723656084,1.236748209120263,0.0,1.6279756492913484
2,45.86916083270059,0.04755303000708918,11.572594875961382,0.04918195078126075,0.00021501755590459803,0.5609796477847323,0.472012105216032,4.782609262715261,1.0,8.335328841789694
2,45.78466833923525,0.0472727530890578,11.533522318631908,-0.0844924934653335,-0.000280276918031383,0.5393828477904392,0.3001106409756794,3.531780581177121,0.0,2.3661115725399195
2,45.91252621842707,0.04785501739326485,11.54826448121985,0.12785787919181502,0.0005822643042070544,0.5623418729613422,0.2103062517647902,1.86564603820457,1.0,6.353435522631866
2,45.807414684664785,0.04796890707386425,11.501628279026828,-0.10511153376228322,0.00011388968059940219,0.5479773866706424,0.1533175331147963,1.4587888797001027,0.0,1.036029506079644
2,45.72583229462438,0.04819232799666871,11.644691878019385,-0.08158239004040269,0.0002234209228044598,0.5563983973121109,0.3510987791310242,3.9109124649686735,0.0,2.657653790746385
2,45.57779539250485,0.04849583096887069,11.584506462897508,-0.1480369021195358,0.0003035029722019758,0.536234589465388,0.30222317410579,3.6218814552651097,1.0,7.415387075844135
2,45.65530758104926,0.04872449381814199,11.574712785943174,0.07751218854441078,0.0002286628492713036,0.5296300196706022,0.1454865346473993,2.407462887970723,0.0,1.4947045132801602
2,45.759193183774585,0.04875103460217487,11.653368277285809,0.10388560272532743,2.6540784032878795e-05,0.5249141580725478,0.5315883317992871,5.381814637875953,1.0,8.754083982536551
2,45.77540138760112,0.04947375216079875,11.776700527732928,0.01620820382653676,0.000722717558623881,0.5859142724761038,0.4162092531753268,5.338594094074266,1.0,8.501715553387786
2,45.764610093036914,0.0497323362296771,11.800874180907226,-0.010791294564207021,0.0002585840688783467,0.5792221106848088,0.3186839083884046,3.1268715709165096,1.0,7.200803602235064
2,45.730315237447165,0.04973111765454606,11.974283611111627,-0.03429485558974932,-1.2185751310372916e-06,0.40351756447621207,0.4729978110258585,3.4508550748310296,1.0,7.671423159467231
2,45.934577634874884,0.0498768602901178,11.955593479464353,0.20426239742771912,0.0001457426355717384,0.42492498460500683,0.2349467881887841,4.811170227060707,0.0,2.8754786899079217
2,45.72699928695552,0.04998154037959553,11.875762543347768,-0.20757834791936602,0.00010468008947772667,0.40964585684110927,0.1554163281903471,1.9210558943111389,1.0,6.271360603536264
2,45.714348112673775,0.050054694008859424,11.940635281988339,-0.012651174281742783,7.315362926389735e-05,0.3845651541944626,0.4000466509623957,3.746229688054612,0.0,2.6732081459520973
2,45.660933498989756,0.05034472867855446,11.811238685004998,-0.05341461368401923,0.00029003466969503705,0.45485396347597934,0.0942925001598536,2.9849631076686145,1.0,6.681066554154015
2,46.13622559261417,0.05064849773073059,11.942029141695738,0.47529209362441094,0.0003037690521761269,0.5302976658332815,0.6145590104496693,4.084862997282548,1.0,8.271549519540613
2,46.09506790747023,0.050297214951118344,11.907307977764034,-0.04115768514393636,-0.0003512827796122442,0.5477736556256734,0.3326738442000181,1.56639895454608,1.0,6.448547165673077
2,45.928067102827086,0.05061437207771842,11.954245134344713,-0.16700080464314482,0.0003171571266000761,0.5740651634326042,0.3257274204639308,1.838463848143511,0.0,1.570686764999617
2,45.8845761293479,0.05089251555077969,11.908324640507507,-0.04349097347918729,0.00027814347306127224,0.5356222094352219,0.3725336645759124,3.872982378016489,1.0,7.681558518160069
2,45.96301742770643,0.05085966469310431,11.91587008632521,0.07844129835853408,-3.285085767538304e-05,0.5338998042528632,0.3865716093279223,5.317639279580887,0.0,3.4319628584462882
2,46.038470512340794,0.050593567219328374,11.94070725319003,0.07545308463436129,-0.000266097473775935,0.5592677145850314,0.203395383317534,2.5899881817194834,1.0,6.701784857494809
2,45.81038754209223,0.050735129429610816,11.992960786619314,-0.22808297024856472,0.0001415622102824421,0.5314737333152442,0.3753862279341241,2.671511784956804,0.0,2.08652834834665
2,45.99074256600904,0.05069840703970106,11.962698010958144,0.18035502391681035,-3.672238990975324e-05,0.564649871662613,0.4697855941570093,1.792312298172782,0.0,1.8357273374004097
2,46.153801000096685,0.05104050943573457,12.035683255528882,0.1630584340876453,0.00034210239603350845,0.6272613352095063,0.1250851958123373,1.5820672661692916,1.0,6.04120402470932
2,46.05342508210974,0.05106790400809856,12.220630014480012,-0.10037591798694478,2.7394572363989567e-05,0.5653481954367243,0.2385851042155277,1.4611375378774605,1.0,6.207738977369786
2,45.95824452571482,0.05115589281126413,12.187842134816234,-0.09518055639492218,8.798880316556595e-05,0.5377293492774453,0.2158862529434086,1.8182478177106776,0.0,1.340896414742156
2,46.22734312491322,0.05141380733477555,12.214410460576694,0.26909859919840073,0.00025791452351142663,0.5059717010656425,0.6072290414493011,4.095419732682589,0.0,3.2621679492398967
2,46.31755665210162,0.0509976768736999,12.160764694791316,0.09021352718840348,-0.00041613046107565055,0.506863720563436,0.4647449052160188,2.511020271686188,0.0,2.1849999462751315
2,46.34959708554491,0.05128988381613723,12.130657245814064,0.03204043344328511,0.0002922069424373258,0.5183830747266136,0.2058837717337979,2.8211654910941206,1.0,6.822350289014656
2,46.372683405229445,0.05131221080482764,12.19594351444766,0.02308631968453767,2.2326988690410388e-05,0.5188156104937952,0.3367087159523928,5.056260250987144,0.0,3.2015475573983574
2,46.41477820626339,0.051767467004193914,12.14586667850176,0.04209480103394725,0.0004552561993662746,0.5042815431372175,0.1984943189576652,1.552553777824949,1.0,6.173265526827805
2,46.723228007869295,0.05214680289938718,12.132552203659992,0.30844980160590296,0.0003793358951932682,0.5112378788126388,0.5201926686788328,1.6491945072891698,0.0,1.8649825910022506
2,46.688065069435126,0.05241038992800114,12.14884903420997,-0.03516293843416918,0.00026358702861396105,0.4830671158051725,0.3195735896379559,3.24131922267167,1.0,7.259806790611747
2,46.735351369622805,0.05255846082523519,12.031964781295176,0.047286300187678876,0.00014807089723404415,0.4410724252230921,0.3004961423216311,1.5866188712764395,0.0,1.394301720281482
2,47.021677137815075,0.052776588634156255,11.965927263823582,0.2863257681922704,0.00021812780892106753,0.3386714950168337,0.4577663339391204,3.572071905809421,0.0,2.7015686207829512
2,46.97687591208378,0.05310954828033709,11.900742009492095,-0.04480122573129819,0.00033295964618083873,0.29299843144681237,0.2970132186014677,5.105446187384712,0.0,3.146749530895291
2,46.90733648309369,0.05282190062373904,11.898528537673506,-0.06953942899009036,-0.0002876476565980557,0.29415564556242796,0.2414154094461943,2.479262533381477,1.0,6.722462085583127
2,46.8674705120293,0.05303473140662599,11.857641923128966,-0.03986597106438694,0.00021283078288695384,0.3194380508749507,0.5326162312300017,3.0671590842243357,0.0,2.598812004572171
2,46.82582368417947,0.052745532424423945,11.920693444669173,-0.041646827849831425,-0.0002891989822020463,0.3692326270612513,0.081501862914765,1.860166263926443,0.0,1.0930868577927515
2,46.782000161302605,0.05334294079657781,11.883593334296801,-0.04382352287686331,0.0005974083721538639,0.3208236132872289,0.5562494444069953,2.985154772721109,1.0,7.605076275174545
2,46.73609624766111,0.053705131533477224,11.843386094773326,-0.04590391364149582,0.00036219073689941483,0.32226612985910413,0.4177365234091942,2.5720483465405297,0.0,2.1214972200886533
2,46.38734177031249,0.053939006916272694,11.768870551178038,-0.34875447734862064,0.00023387538279547038,0.4011923817530627,0.3007036436535333,3.965922685973261,0.0,2.584368630293697
2,46.47623040937673,0.0541564025623089,11.936799148530437,0.08888863906424405,0.00021739564603620587,0.5687635659736016,0.5821555278810021,2.076758692349705,0.0,2.2026904019368567
2,46.58853784324005,0.05411198864639318,11.998156884860268,0.11230743386331454,-4.441391591571836e-05,0.5681290418809204,0.2387753664931226,4.427692805763222,0.0,2.691397135867856
2,46.66833663569744,0.05430625992836156,11.987360914791921,0.07979879245739596,0.00019427128196837506,0.5646107110825361,0.5489888567408019,3.568455408319187,0.0,2.882205417641197
2,46.93291990054158,0.05389305997619119,12.042137173010945,0.2645832648441342,-0.00041319995217036637,0.5716496289829927,0.5978857612378456,5.312373213884826,1.0,8.851958129418104
2,47.04694929462021,0.05460613578872027,12.085697528835542,0.114029394078635,0.0007130758125290793,0.563490127086795,0.3489704513174169,4.098794079107926,0.0,2.747337942188797
2,47.01120967679979,0.05500508407918166,12.141801990182824,-0.03573961782042545,0.00039894829046138724,0.5256793404892799,0.3028561100431017,3.73369950227882,1.0,7.4725619712256135
2,47.1175070343788,0.055610497863517405,12.028058567234742,0.1062973575790096,0.0006054137843357482,0.5727333683890251,0.2325938674155945,5.204781555192059,1.0,8.067578512427218
2,47.109597821547574,0.055111669264179985,12.025339678425357,-0.00790921283122259,-0.0004988285993374197,0.572303165502865,0.4985080837596143,2.335783872215318,0.0,2.1649081036268876
2,47.11107980810241,0.05484327306218859,12.054729090070989,0.0014819865548361122,-0.00026839620199139297,0.5583817577891447,0.4719108049651177,3.921815037400568,0.0,2.9047291286305192
2,47.35382562044527,0.054696841934408116,12.07643688541367,0.24274581234286075,-0.00014643112778047612,0.5195217277929796,0.1173831989043873,1.6437860349303175,0.0,1.0566594152739333
2,47.41022770762822,0.05444884362078721,11.936318372946499,0.0564020871829527,-0.0002479983136209063,0.3725531556387226,0.5013305121927267,2.892642338306234,1.0,7.448982193538571
2,47.25730176181425,0.05502383839266438,11.875777235837692,-0.15292594581397623,0.0005749947718771686,0.3615159234135152,0.4062834580723308,4.462197150681083,1.0,8.043665491485203
2,47.179132130287236,0.05541952427694365,11.966661045745346,-0.07816963152701106,0.0003956858842792746,0.5094766581449482,0.3071792334619585,2.725160808392201,1.0,6.9769388711200175
2,46.958828343446456,0.055849877888087804,11.914074390075907,-0.22030378684078045,0.00043035361114415055,0.49185019167411964,0.2764057288496526,1.909606390373536,0.0,1.5076146528860732
2,46.972611687127376,0.05624302784348907,11.87836456356464,0.013783343680920268,0.0003931499554012674,0.482790788724979,0.5759378100580179,3.850786557063528,1.0,8.0772688986478
2,47.19891289601313,0.05643209609011875,11.885907307442931,0.22630120888575078,0.00018906824662967558,0.4865868250147116,0.3580637371110376,1.9337895052883296,0.0,1.68302222686624
2,47.3564620001418,0.05605327564863065,11.975053447813456,0.15754910412867673,-0.000378820441488098,0.4499910441049823,0.2239126313681682,3.090726628245621,0.0,1.9931885768591469
2,47.52786305115779,0.05636947333837701,11.938937614629003,0.1714010510159838,0.0003161976897463614,0.4538041981321866,0.5782317212555501,1.960175784452511,0.0,2.136551334737356
2,47.58759008034438,0.05683806285390116,11.957917879465919,0.059727029186589675,0.00046858951552414957,0.458079867855885,0.4064493242848255,5.499251058195797,1.0,8.56252417766755
2,47.62720841303867,0.05741353418097548,11.977539677076047,0.03961833269429604,0.00057547132707432,0.4304096373856972,0.2120861469473464,1.8866023076306824,0.0,1.3674734477100339
2,47.31071255154515,0.057746875303565336,11.992493899131386,-0.3164958614935216,0.0003333411225898558,0.42327026896767905,0.0763754094183867,3.887573626760415,0.0,2.0965376322169806
2,47.50899689648544,0.05758971001478895,11.988783488217312,0.19828434494029068,-0.00015716528877638553,0.42662340689489836,0.1818628493962035,2.732566258379985,1.0,6.730008827982399
2,47.72385035990869,0.057434420984450806,11.859128872165147,0.21485346342324618,-0.00015528903033814462,0.2340943069856841,0.2371997864952029,3.947084794624697,0.0,2.4479419703027543
2,47.51068761873469,0.05765835847590406,11.898160532597181,-0.21316274117399558,0.00022393749145325353,0.25956801876466445,0.3101017316234799,3.495005454415195,0.0,2.3677061904545575
2,47.28065266220803,0.05720279125770017,11.991917509425928,-0.23003495652666572,-0.00045556721820388946,0.3753089840453198,0.328589919331912,4.347878861751096,1.0,7.831119269539371
2,47.185470579496766,0.05734787590558253,11.962011262838843,-0.09518208271126127,0.00014508464788236253,0.3741659500727985,0.5244161756320795,2.1625353624942933,1.0,7.130100032511306
2,47.130207161340294,0.05756396233980167,11.928083826562288,-0.05526341815647129,0.0002160864342191371,0.3651396172893412,0.5628816577273514,3.856458358183541,1.0,8.053992494546474
2,46.90346846294261,0.0581229295571858,11.894160104389808,-0.22673869839768201,0.000558967217384132,0.3993818610821779,0.2667309232308321,3.662295662903324,0.0,2.364609677913326
2,46.88894180195602,0.05833504155634482,11.852538236809796,-0.014526660986589945,0.00021211199915902035,0.39304279459019814,0.3891507871573016,1.7512038677437374,0.0,1.653903508186472
2,46.98009418866313,0.05809708807910895,11.932592689252477,0.09115238670710823,-0.0002379534772358749,0.39523792068971414,0.4604238563171212,3.497978917224273,1.0,7.669837171246378
2,47.24476945323482,0.05833468190675717,11.97964937031258,0.2646752645716859,0.000237593827648222,0.41530564980027224,0.1461215231438481,4.169784909392211,1.0,7.377135500983802
2,47.22772957134437,0.0582703452595124,11.978771918874964,-0.01703988189044736,-6.433664724476984e-05,0.4161431989788794,0.6025670317220562,3.387071651686069,1.0,7.898669889287147
2,47.12709764045877,0.058607330398597446,11.963703046227192,-0.10063193088559785,0.000336985139085047,0.4291914786725872,0.3491552501026296,4.627515382711854,0.0,3.012068191561186
2,47.61678625086881,0.058708295927704233,11.971466498465517,0.48968861041004175,0.00010096552910678763,0.43498133483429474,0.4709961942730846,3.851111736237683,1.0,7.86754825666501
2,47.88992142608434,0.05937584629022254,11.851827273165576,0.2731351752155291,0.0006675503625183099,0.3478082732265326,0.1867702349321284,3.2113665541752825,0.0,1.979223746951898
2,48.019768623423715,0.05956373023189423,11.89945210948176,0.1298471973393731,0.00018788394167168487,0.37740478781834236,0.2571210801508373,5.512189574308096,1.0,8.270336947455723
2,48.051497947336735,0.05994699532200385,11.893582845322381,0.031729323913019414,0.00038326509010962184,0.37847361658579826,0.2378082458452259,1.9132903731676931,1.0,6.4322616782742985
2,48.28426881632062,0.05984701150984402,11.97191097822613,0.23277086898388433,-9.998381215983038e-05,0.3430424115632722,0.3470960686131463,1.8183806993391716,0.0,1.6033824868958784
2,48.26937798595125,0.059686158262182175,12.082014627274287,-0.014890830369367336,-0.0001608532476618449,0.4209033790812138,0.206969232644955,3.3265061426784195,1.0,7.07719153662912
2,48.32044031386374,0.06008120846428926,12.063043262600894,0.05106232791248999,0.000395050202107082,0.4140781465178371,0.4735549550485914,3.0352636974007337,1.0,7.464741758797549
2,48.29772124786725,0.06044633440465619,12.12129904062805,-0.02271906599649043,0.000365125940366931,0.4920896695481602,0.3150971900962219,4.592213310736338,0.0,2.9263010355606127
2,48.21467970223266,0.06094801946451119,12.137391477573681,-0.0830415456345932,0.0005016850598550046,0.4761640662461167,0.3735453586534434,3.22311859222359,0.0,2.358650013418682
2,48.438067054061776,0.061589262988311154,12.185821970176153,0.22338735182911762,0.0006412435237999614,0.4344492805883518,0.4050147938445869,3.669582370513636,1.0,7.644820772945992
2,48.21270866913669,0.06221754191467373,12.173994394995947,-0.2253583849250873,0.0006282789263625729,0.4327102611380276,0.3458652941799929,4.7234749292365175,0.0,3.0534680529782445
2,48.11000069227726,0.062176479194754754,12.305367537498865,-0.10270797685942767,-4.106271991897309e-05,0.4284047273763605,0.4060421269072302,4.523625761479296,0.0,3.073897134554108
2,47.956913459094345,0.06210873221841294,12.306144811554004,-0.15308723318291584,-6.774697634181343e-05,0.4284343649413526,0.2353469338426825,3.9168311066668102,1.0,7.4291094210187705
2,47.97956555405549,0.062439510407357714,12.401345870508958,0.022652094961145508,0.00033077818894477334,0.41014100145457744,0.2520180611608705,4.129302684820432,0.0,2.568687464731957
2,48.10384328761317,0.06259953508719168,12.382805459466708,0.12427773355767613,0.00016002467983396856,0.42529395693186983,0.5485060912773845,2.3427616134204943,0.0,2.268392989265016
2,48.31621508587377,0.06302617082887599,12.32884410562226,0.21237179826060526,0.00042663574168430585,0.39685917334628795,0.6634573819492151,2.772381372830333,0.0,2.7131054503135967
2,48.47162392473577,0.06319152211163495,12.287448156374635,0.15540883886200163,0.00016535128275896316,0.441024815103358,0.4899885814150292,3.4406270407660893,1.0,7.700290683213103
2,48.642394523269644,0.06321962845659247,12.121726570718256,0.17077059853387055,2.8106344957520846e-05,0.4823762304996822,0.4007379237056737,3.914695576206759,1.0,7.758823635514727
2,48.90681995903637,0.06340985093718773,12.177228181630628,0.26442543576672506,0.0001902224805952618,0.4702895138458582,0.43158674842024,2.6728225051527192,1.0,7.1995847494168395
2,48.812835020421836,0.06282536801749015,12.230014399668057,-0.09398493861453261,-0.0005844829196975793,0.4839487149222079,0.5586826766778993,5.337700026005038,0.0,3.7862153663583173
2,48.90286076053735,0.06283195305233538,12.22455825205304,0.09002574011551445,6.585034845227322e-06,0.484905103114956,0.4967887043792472,5.459008660655976,0.0,3.7230817390864823
2,48.81645808083432,0.06311560272121697,12.19844877081367,-0.08640267970302773,0.00028364966888158594,0.45132845377698644,0.0815123833830077,1.47600762163844,1.0,5.901028577585235
2,48.98072728179896,0.06382415665794078,12.09534914136146,0.1642692009646396,0.0007085539367238103,0.5302345361314643,0.4766166697913055,3.4654750638085123,0.0,2.6859708714868673
2,49.13215365234957,0.06398910805336597,12.022177147054622,0.1514263705506096,0.0001649513954251891,0.47651213106353457,0.3900377166262369,5.3437713248987615,1.0,8.451961095701854
2,49.09060117983661,0.06405431964260853,12.008939615719044,-0.04155247251296146,6.521158924256698e-05,0.4792707425165848,0.2962477937953257,2.863580299279028,0.0,2.0242857372301652
2,49.191047470840445,0.0644598908471702,11.895140630690468,0.10044629100383418,0.0004055712045616666,0.538896240733086,0.5470968732698321,3.2075446206447085,0.0,2.6979660568620183
2,49.18013522729727,0.06406715566803282,11.954805146113513,-0.010912243543174327,-0.00039273517913737677,0.5477110886510045,0.6245886076517886,2.690583354453441,1.0,7.594468892530298
2,49.117405051719395,0.0644333355284219,12.008732426572559,-0.06273017557787597,0.0003661798603890737,0.4972705605680898,0.3852700191926358,2.1456134268876084,1.0,6.843346751829076
2,48.831837066101535,0.0642894045609134,11.958257448286881,-0.2855679856178597,-0.00014393096750850431,0.48612032861546467,0.3124842258792251,4.143921873749667,0.0,2.6969293886332837
2,48.79480453437192,0.06472697731897836,11.914138523437643,-0.03703253172961496,0.0004375727580649691,0.44153309000776303,0.4900681506471147,2.016993757361912,1.0,6.988633179975185
2,48.92214035141272,0.06470217142389309,11.90293705262022,0.12733581704080166,-2.4805895085272534e-05,0.4370270719143068,0.6785717442590269,4.660807635120788,1.0,8.687547306078448
2,49.13967677225974,0.06496639647386537,11.787553140885421,0.21753642084701852,0.00026422504997228313,0.37357768229105137,0.408673247038736,2.784437704001011,0.0,2.2095653460779774
2,49.11809038725898,0.06484654881570216,11.888460839701144,-0.02158638500075938,-0.00011984765816321075,0.36133609813601864,0.3878809815827713,2.745887739205065,1.0,7.148705832768075
2,48.98158798130089,0.06501091229638338,11.899555157120796,-0.13650240595809038,0.00016436348068121776,0.3676597048431499,0.6146823828176828,5.359548797270724,1.0,8.909139164270728
2,48.891796941340154,0.06573176647680375,11.996028092095722,-0.0897910399607369,0.0007208541804203661,0.4687304740580528,0.6290188094315547,2.872471759380132,1.0,7.6942734985531755
2,48.59769858880253,0.06584076935712514,12.062089594948263,-0.29409835253762395,0.00010900288032139605,0.3716443174627274,0.2348495266569621,3.790190304579936,1.0,7.364794205603892
2,48.45182382665834,0.06640480688412417,12.03950624288704,-0.1458747621441887,0.0005640375269990311,0.3626347909641704,0.467613145167496,5.0801249630352245,0.0,3.4752887718526044
2,48.39929774763201,0.0661572733874036,12.034108541872317,-0.05252607902632889,-0.00024753349672057556,0.36678255394385817,0.4224621670943314,3.660817818019313,1.0,7.675333243198319
2,48.67634535382966,0.06631124859854717,12.038863474731269,0.2770476061976481,0.00015397521114357549,0.36412491016592996,0.5593966546735646,5.279916828848568,0.0,3.7587517237714128
2,48.571295001644714,0.06604336981960368,12.044226275581398,-0.1050503521849464,-0.0002678787789434922,0.36612808508766476,0.6132710844232114,2.633276080993025,0.0,2.5431802093429354
2,48.412426314241266,0.06609618371953313,12.075698474536464,-0.15886868740344795,5.281389992944918e-05,0.37639176652884665,0.2931657900630819,4.957047900707339,1.0,8.064855530479834
2,48.515726191542434,0.06621795054273007,12.071183293975078,0.10329987730116841,0.00012176682319693655,0.38465953069196124,0.6974233167285606,2.307212589938293,0.0,2.5484529284262676
2,48.58621865798617,0.06646542366678465,12.001250272644995,0.07049246644373852,0.0002474731240545841,0.40116412973296645,0.2316820534020394,5.865397138117643,1.0,8.3960626758629
2,48.43869412258524,0.06656425644249411,12.000200738027406,-0.14752453540093313,9.883277570946203e-05,0.4007846291589202,0.2508415964180136,4.090840745212971,0.0,2.547103565442513
2,48.745178481172445,0.06636689902361843,11.971415205065075,0.30648435858720546,-0.00019735741887567937,0.34086313228695847,0.5432907046965796,4.777237279756617,0.0,3.475200049271468
2,48.96924582602585,0.06652779457272172,11.959044600678725,0.22406734485340252,0.00016089554910328485,0.3497589849115582,0.4205561449753309,3.719709624596896,1.0,7.70096710224911
2,49.13522810777711,0.0662387306543761,11.963125471484485,0.16598228175126195,-0.00028906391834561396,0.3514276585621099,0.4939502849568363,5.911968121395624,1.0,8.943884630611485
2,49.25323176643379,0.0666840327553449,12.071747841316432,0.11800365865668283,0.0004453021009687974,0.43803763583332544,0.5254677571437593,4.256302595252819,0.0,3.179086811913928
2,49.20642751547212,0.06703562577286433,12.061014142266242,-0.046804250961670846,0.0003515930175194276,0.4446212302136147,0.6621695842881408,2.6584060461008754,1.0,7.65354219162672
2,49.38294246697648,0.06790371801399045,12.048791894105062,0.17651495150435892,0.0008680922411261199,0.44232170623528316,0.5371575222596777,1.9059953496840871,1.0,7.027312719361399
2,49.49719940582281,0.06827581202132085,11.972126237391583,0.11425693884633148,0.00037209400733040354,0.4551348751214455,0.4362422044898739,1.981495248551126,1.0,6.8632320332553105
2,49.57478236483472,0.06796926408878115,12.093009940379883,0.07758295901190593,-0.00030654793253970247,0.45383797829217337,0.5834637690860538,5.355609315320754,0.0,3.8447321958324845
2,49.5956242924131,0.06779757987486204,12.111019633303906,0.020841927578381103,-0.00017168421391910993,0.4354368572736541,0.495086660694275,5.685718956485941,1.0,8.833032799631521
2,49.88011888517629,0.06754076892261819,12.143266523504755,0.28449459276318834,-0.0002568109522438494,0.44841388019478867,0.4329378934684155,3.770342806265087,0.0,2.7510471900693743
2,49.76962827256541,0.06761881827584508,12.112649709694246,-0.11049061261087445,7.804935322688888e-05,0.42858669055647963,0.6131486752033097,5.161683706046267,0.0,3.807139203429753
2,49.792543487073885,0.06749986469010495,12.13925341453522,0.02291521450847256,-0.00011895358574012804,0.40642308566553315,0.4783321470891956,4.08624549713211,0.0,2.9997870427444457
2,49.776048057181235,0.06845231644418588,12.139238596705683,-0.016495429892650293,0.0009524517540809296,0.40642425269711363,0.5100831165281532,2.701328038122882,0.0,2.3708302521177473
2,49.87712274154428,0.0681432583405492,12.05774944684081,0.10107468436304146,-0.0003090581036366835,0.3224840769223468,0.3325481636220789,4.793769339567206,1.0,8.06198099702776
2,49.85492098727384,0.06839832340387408,12.087304594509444,-0.022201754270433582,0.00025506506332488577,0.3062227626746932,0.302390172544299,4.377763746679647,1.0,7.793662218428421
2,49.91936881635836,0.06754998987690877,12.035296684810525,0.0644478290845143,-0.0008483335269653114,0.3506415995303263,0.6030976768823112,4.827753927506745,1.0,8.620072317517995
2,49.97788637799179,0.06727342779444348,12.099280670683887,0.05851756163342969,-0.00027656208246529257,0.3102518178225129,0.3933456753627562,4.8409003114942495,1.0,8.207141506472638
2,49.98880998517016,0.06815158485597177,12.079581482480236,0.01092360717836982,0.0008781570615282869,0.27711058083720036,0.3431565551230856,4.180956573696232,1.0,7.7767913970942875
2,49.89153163854345,0.06809521713441555,12.084038926407018,-0.09727834662670887,-5.6367721556219164e-05,0.2721269874838552,0.2594700657579379,4.260844423442303,1.0,7.649362343237027
3,40.30965804611951,0.02121608014271782,11.994223370349545,0.048881126347239956,-3.475145584411893e-06,0.09545339113309012,0.1363378599499435,4.576963797877028,0.0,2.5611576188384007
3,40.33311526734878,0.021424545550474648,11.989132361793576,0.023457221229271852,0.00020846540775682973,0.09130235377390299,0.4928135450342368,2.842676373314516,0.0,2.4069652767257317
3,40.421839684889584,0.02121272824173373,11.986387550910262,0.08872441754080285,-0.0002118173087409178,0.09691988566843461,0.3358459940152564,2.1362137513835915,0.0,1.7397988637223085
3,40.45064197195976,0.0209393090662262,11.97514372402624,0.028802287070178068,-0.0002734191755075291,0.08467213620388582,0.0488725935560443,4.675479699073775,0.0,2.435485036648976
3,40.4701457442608,0.02079819741146314,11.968791883571273,0.019503772301035838,-0.00014111165476306253,0.08266230337984773,0.1951863325821139,2.6354016856992746,0.0,1.7080735080138651
3,40.23426771691001,0.020827966533890907,11.981416190319763,-0.2358780273507861,2.9769122427768246e-05,0.07763719408466108,0.3962496338870631,1.2066067722504128,0.0,1.3958026538993327
3,40.128616453880696,0.02051033827964452,11.987464723519587,-0.1056512630293156,-0.0003176282542463882,0.08606329600141246,0.0911585756437826,4.026671994452311,0.0,2.1956531485137205
3,40.287091835836826,0.019953955351880118,11.993474879501132,0.15847538195612998,-0.0005563829277644011,0.09017350167933366,0.4172212495569663,4.586159264783098,0.0,3.1275221315054815
3,40.42271000210168,0.019851268593167402,12.008884486576427,0.13561816626485523,-0.00010268675871271532,0.10577722599605631,0.2754406160332808,4.893500861715824,0.0,2.9976316629244737
3,40.11982114924594,0.02009971662990214,12.002483216617012,-0.3028888528557445,0.0002484480367347386,0.10739284791060075,0.4121324412362114,2.35485487757798,0.0,2.001692321261413
3,40.23478151452798,0.0203144662758585,12.014479793644353,0.11496036528204456,0.00021474964595635804,0.10030082380364522,0.3955661143032539,2.678068991721544,0.0,2.13016672446728
3,40.205183707262194,0.02059489873846033,12.005082930955629,-0.029597807265787424,0.00028043246260183244,0.1025673551039388,0.3038739230004433,1.7608063618964565,0.0,1.4881510269491147
3,40.0973783211295,0.02059855116464773,12.029793690390035,-0.10780538613269641,3.652426187397695e-06,0.07350119191989755,0.2009398645387284,4.405181896870596,0.0,2.604470677512755
3,40.182482294238255,0.02058952640146227,12.041278158368302,0.08510397310875817,-9.024763185459111e-06,0.07941682043785793,0.3443046090482663,4.065056793912351,0.0,2.721137615052708
3,40.150002589083,0.020796026625331948,12.043836663563917,-0.03247970515525367,0.0002065002238696781,0.07702804446774766,0.1267661276684901,3.758213692849272,0.0,2.132639101761616
3,40.31155244120968,0.020777415876930203,12.049505845240919,0.16154985212667583,-1.861074840174559e-05,0.07630394023543907,0.1832244677353301,2.7503625061529684,0.0,1.7416301885471444
3,40.252944439724004,0.021091478721326253,12.046244434452793,-0.058608001485673356,0.00031406284439605,0.07373792063813028,0.2632484867503344,4.164217032715612,0.0,2.608605489858475
3,40.27595542614328,0.021393929505683952,12.034167863017256,0.023010986419272683,0.00030245078435769956,0.07829778838551113,0.0028423266740627,3.364562237390636,0.0,1.6879657720434433
3,39.90824449104213,0.021297532199442897,12.022754523672699,-0.36771093510114383,-9.639730624105489e-05,0.0636480373455449,0.0916650424447477,2.1241565437847254,0.0,1.2454083567818581
3,40.09402150038257,0.02118510444547744,12.024591941233997,0.18577700934043406,-0.00011242775396545779,0.06152713045645838,0.3481616110677087,2.9387386825520374,0.0,2.165692563411436
3,40.0065155408569,0.02108608713111268,12.01847948117425,-0.08750595952566442,-9.901731436475977e-05,0.06567938623680881,0.0467053058597458,4.463997123242391,0.0,2.325409173340687
3,39.98889855015068,0.020652158413724177,11.997795502768115,-0.017616990706223135,-0.00043392871738850286,0.1102885704521106,0.0934199402400619,1.5245816466836235,0.0,0.9491307038219355
3,40.04645916064345,0.0208070301717089,11.991606851703333,0.0575606104927715,0.00015487175798472447,0.10889868020203083,0.2402541691751564,1.9692703906044595,0.0,1.4651435336525425
3,39.898169850993966,0.020870380665320397,11.98176689002955,-0.14828930964948484,6.335049361149564e-05,0.09917605585926496,0.3562827492752631,1.6880050907578463,0.0,1.5565680439294494
3,39.893348161163296,0.02099049114936318,11.944260059056617,-0.00482168983067055,0.00012011048404278468,0.15247611384702406,0.4443099537053652,3.601981487931005,0.0,2.689610651376233
3,39.843346708230456,0.020356886155548978,11.93588098460511,-0.05000145293283964,-0.000633604993814204,0.14724277785158274,0.185811984546924,2.169873401072261,0.0,1.4565606696299787
3,39.92418318452271,0.02029714321323505,11.943483829029496,0.0808364762922551,-5.974294231392632e-05,0.15739326349775806,0.3062014010403625,1.2996730515689072,0.0,1.2622393278651787
3,39.76610323416292,0.01996821254247159,11.944655116381796,-0.1580799503597916,-0.00032893067076346025,0.15752367013801985,0.1206549682036493,4.12682738529481,0.0,2.3047236290547035
3,40.122509467388184,0.020002986707445203,11.947923789182369,0.35640623322526466,3.4774164973612465e-05,0.16034437023765408,0.0739004940892373,3.724085226037072,0.0,2.0098436011970104
3,40.061828968042036,0.01986031108755415,11.947409878538492,-0.060680499346148054,-0.0001426756198910535,0.16028166622041778,0.2584676967602924,1.842158400624787,0.0,1.4380145938329782
3,40.14135886282705,0.019506000977683742,11.952360484314477,0.07952989478501138,-0.00035431010987040795,0.1612040940497607,0.3195666243314639,1.648562581718108,0.0,1.4634145395219817
3,40.13649266257354,0.01975058079955034,11.986246316009519,-0.004866200253509589,0.0002445798218665973,0.14498837761452762,0.3221210749840164,4.158888258155388,0.0,2.723686279045727
3,40.228637234276206,0.019741750386700292,11.991614862230872,0.09214457170266854,-8.830412850047153e-06,0.14596516341365368,0.4978361836428995,4.921616563472587,0.0,3.4564806490220925
3,40.154975266163035,0.020002308134511582,11.990517113876198,-0.07366196811317138,0.0002605577478112901,0.1456853837684148,0.1721466750395144,4.661008494911741,0.0,2.674797597534899
3,40.152722845073434,0.01962427507957023,12.038583364171053,-0.0022524210896008867,-0.0003780330549413534,0.06457205562946489,0.3496846785511315,1.60470020691139,0.0,1.501719460557958
3,40.028254515845546,0.02056074859297069,12.027910488880767,-0.12446832922788786,0.0009364735134004612,0.08149150158444807,0.0918845094285256,4.127152151172882,0.0,2.2473450944434923
3,40.22084637463013,0.02046640612063912,12.023989533494376,0.1925918587845814,-9.434247233157042e-05,0.0750826933658479,0.1104538769474989,3.20587322548985,0.0,1.8238443666399227
3,40.45198170906027,0.020690490718595217,12.025700864003923,0.23113533443014234,0.00022408459795609723,0.07379050528127638,0.2346099930702208,3.103550151388732,0.0,2.0209950618348076
3,40.46159861694289,0.020478208855710858,12.005460881899543,0.009616907882616488,-0.00021228186288435938,0.08262175905027441,0.2096919303206842,2.9216351299693386,0.0,1.8802014256260378
3,40.42850930457333,0.0200517398506782,12.013922686806442,-0.03308931236955459,-0.0004264690050326571,0.08208733365685851,0.2292478281673038,4.489775153891269,0.0,2.7033832332802423
3,40.27684999517487,0.02026925358258094,12.015080708319285,-0.15165930939846106,0.00021751373190273884,0.08197568832171119,0.2521877412765643,4.224854486215989,0.0,2.616802725661123
3,40.20900921573315,0.019900845934690818,11.989037483621477,-0.06784077944172395,-0.0003684076478901212,0.10080819795813747,0.3239749325772841,4.106657435198818,0.0,2.701278582753977
3,39.97998560115376,0.02028141284575857,11.966282217241131,-0.2290236145793898,0.00038056691106775134,0.11306520881900797,0.4417408821985261,1.929593882592099,0.0,1.8482787056931018
3,39.97080224352012,0.020367445632548907,11.961124290526154,-0.009183357633638423,8.603278679033752e-05,0.11155816189585996,0.2208332805096129,1.1029154456211423,0.0,0.9931242838297969
3,40.07878011162804,0.020475835955260552,11.951662917548436,0.10797786810792331,0.00010839032271164548,0.1025725185465159,0.0981761313902803,4.369687986210794,0.0,2.3811962558859574
3,40.08975304844752,0.01987558611973017,11.967557438402714,0.010972936819477752,-0.0006002498355303816,0.10180293757626585,0.2525684626552225,3.6205749815783768,0.0,2.315424416099633
3,39.86650472757824,0.019941324750795058,11.96844681452794,-0.22324832086928126,6.573863106488706e-05,0.1033248164843641,0.2104929362398427,4.819475184753346,0.0,2.830723464856358
3,39.84892193389918,0.020287154600310643,11.958334138691814,-0.017582793679061126,0.00034582984951558524,0.10665713873937115,0.3494453113515137,1.842295824486952,0.0,1.6200385349465034
3,39.80840019385121,0.02051342999166272,11.964101572248019,-0.04052174004796427,0.00022627539135207722,0.10368915979065767,0.3151818897675917,4.373334870482841,0.0,2.817031214776604
3,39.87260563827587,0.02097735980548742,11.962124004423522,0.06420544442465825,0.0004639298138247004,0.1021021051597827,0.2957599058763305,4.578467856773113,0.0,2.8807537401392174
3,39.902613008489304,0.02085405816131762,11.963826874287939,0.030007370213432694,-0.0001233016441698001,0.10318439115360568,0.4700267880617939,3.3206850231058693,0.0,2.6003960876765224
3,39.94733858646556,0.020943214661973082,11.974997030117155,0.044725577976258535,8.915650065546149e-05,0.09019447568622432,0.0484591432815221,2.7796693776489523,0.0,1.4867529753875204
3,40.16840563284849,0.02044813706132881,12.007203881432169,0.2210670463829274,-0.0004950776006442704,0.08273503911821284,0.0422889165890294,4.171525047400859,0.0,2.1703403568784885
3,40.301362019752204,0.02015101699814418,12.002589258743573,0.13295638690371447,-0.00029712006318463255,0.0864044302788137,0.4554674716440449,3.183997588495955,0.0,2.5029337375360674
3,40.231861278216286,0.02027387901527234,11.999620365206857,-0.06950074153591856,0.00012286201712816136,0.08698844606342762,0.1256903261351439,1.0784960275417523,0.0,0.7906286660411639
3,40.25735226175787,0.02007873493962618,12.003541398010011,0.025490983541587298,-0.00019514407564616074,0.08958675354702994,0.2734030227181953,3.784206698513425,0.0,2.438909394693103
3,40.50756836918303,0.01984761021859866,11.990035703129713,0.2502161074251603,-0.00023112472102751816,0.0777326207707161,0.0155192365746816,4.199692782087661,0.0,2.130884864193194
3,40.455405848862824,0.01925432488627049,11.988478000360443,-0.05216252032020918,-0.0005932853323281709,0.08026001103360049,0.3554973887693971,1.9932891762993756,0.0,1.707639365688482
3,40.31104233429093,0.01929673216706971,11.990138956346506,-0.1443635145718929,4.240728079921846e-05,0.07934283571383745,0.185263261315966,4.924524370791868,0.0,2.832788708027866
3,40.17883082148858,0.01900401767602929,11.991226196966432,-0.13221151280234977,-0.0002927144910404196,0.07998425078725595,0.171302005489028,4.216829779941352,0.0,2.451018900948732
3,40.14652452622122,0.01900221058951563,11.985538004874451,-0.03230629526736095,-1.807086513660322e-06,0.0789199358312697,0.0766210237150384,1.3692800419641775,0.0,0.8378820684121655
3,40.1033464177003,0.019119502964450773,11.993451478909659,-0.04317810852091952,0.00011729237493514344,0.07598396169525502,0.4845552921644677,2.570827831839936,0.0,2.2545245002489036
3,39.883808188207006,0.01929910191283097,11.96869313162848,-0.2195382294932955,0.00017959894838019685,0.06453236495723383,0.1373702021572932,2.569330703039671,0.0,1.5594057558344219
3,39.77665274114402,0.019157848007799603,11.986982387430722,-0.1071554470629863,-0.00014125390503136673,0.07472117196012516,0.3185369256232948,4.861960667622904,0.0,3.068054185058042
3,39.73614378988405,0.01905406190771704,11.975058870136317,-0.0405089512599659,-0.00010378610008256184,0.08620197167325275,0.1336773143001379,2.441498272496727,0.0,1.4881037648486393
3,39.741338921492755,0.01919879757002902,11.973975930382462,0.005195131608701331,0.00014473566231197957,0.08488101731132329,0.1527758059985998,2.134515577446181,0.0,1.37280940072029
3,39.654299287185566,0.01923053300312057,11.975026914940893,-0.08703963430718886,3.173543309155022e-05,0.08523933348351126,0.3793279409326506,2.212713570106574,0.0,1.865012666918588
3,39.636971996388894,0.01985323201780757,11.990189246683673,-0.017327290796671946,0.000622699014686999,0.07677863985647154,0.2774437206179218,2.181813649517911,0.0,1.645794265994799
3,39.62057135597717,0.01992701868970676,11.998289476285484,-0.01640064041172451,7.378667189919183e-05,0.07727121878236304,0.0842173441980165,4.5078002289682,0.0,2.4223348028801333
3,39.80589811926535,0.02021462673108492,11.986684193878514,0.18532676328818098,0.00028760804137815954,0.07926420299497935,0.110033051690119,2.818664835751711,0.0,1.6293985212560935
3,39.61510891037466,0.020395687791923627,11.998436604744485,-0.19078920889069195,0.00018106106083870532,0.0855277720215612,0.1926657232372319,2.339047902792979,0.0,1.5548553978709534
3,39.667247236219055,0.020685919449406186,11.971524608944225,0.05213832584439615,0.0002902316574825599,0.11946827298484898,0.0178369005887569,2.952102480612945,0.0,1.5117250414839862
3,39.782922937907465,0.02054450817508314,11.990588107120656,0.11567570168841002,-0.00014141127432304793,0.11960805595248074,0.0558378704866763,1.131025229072416,0.0,0.6771883555095607
3,39.9201745133491,0.02072430807138577,11.972552751145203,0.13725157544163835,0.00017979989630263066,0.11404243418953762,0.2930064997503421,1.236382409068828,0.0,1.2042042040350982
3,40.149102650174484,0.02089893920682871,11.978311587619409,0.22892813682538105,0.0001746311354429396,0.10858367265187344,0.3770474541785631,3.833863964252176,0.0,2.671026890483214
3,40.10880510013438,0.02104092750746182,11.959120768202679,-0.04029755004010127,0.0001419883006331113,0.10890907264269258,0.442196324633654,1.0390448469850622,0.0,1.403915072759839
3,39.92344643976682,0.02069741151694782,11.956759709181185,-0.18535866036756232,-0.0003435159905139998,0.10803573712365269,0.1201896508323683,3.704444330153734,0.0,2.0926014667416037
3,40.04445073785292,0.01996947559287807,11.96601023146636,0.12100429808609903,-0.0007279359240697503,0.11739218203986879,0.2736324609197086,3.101897941555416,0.0,2.0982138926171254
3,40.10236053596173,0.01952839372212447,11.975204520558922,0.057909798108809696,-0.0004410818707536006,0.12695150538971647,0.3329562232299228,2.2629232305590063,0.0,1.7973740617393488
3,40.09711711387383,0.019312202529514322,11.983079122587142,-0.00524342208790074,-0.00021619119261014758,0.12574620454968444,0.0934410201981361,2.5932295941823287,0.0,1.4834968374874364
3,40.26560355942837,0.01929515594407743,11.973221666262969,0.16848644555454229,-1.7046585436893136e-05,0.12009639600047499,0.1462401159945772,3.4618451851162653,0.0,2.0234028245472873
3,40.30418790035973,0.01898291426946823,11.986556284693922,0.038584340931357985,-0.00031224167460919966,0.09547204481202634,0.0917791042680607,4.970460301216624,0.0,2.6687883591444335
3,40.34713279045735,0.019084772684043672,11.980098764407003,0.04294489009762259,0.00010185841457544323,0.09072872053315217,0.0661981120568453,4.856334684475648,0.0,2.5605635663515147
3,40.39412580856497,0.019018739309898468,12.000188815048405,0.0469930181076208,-6.603337414520447e-05,0.09877328691058462,0.1639095871618989,3.4710656997437463,0.0,2.063352024195671
3,40.101949815123405,0.01882195186996018,12.007698614634911,-0.2921759934415675,-0.00019678743993828754,0.09382298312385437,0.0703820233916208,3.209975599470459,0.0,1.7457518465184712
3,40.28621918736233,0.01882247848819138,12.00819468477843,0.1842693722389228,5.26618231199566e-07,0.09303027746549221,0.1636533692435862,3.472222337566155,0.0,2.06341790727025
3,40.365190194181864,0.0194583938242853,12.000192351745639,0.07897100681953617,0.0006359153360939208,0.09877477645183011,0.3146868472813094,4.807353229685267,0.0,3.0330503094052523
3,40.276779585037346,0.01962795071526129,11.995045635776677,-0.0884106091445176,0.0001695568909759887,0.09360925537833367,0.4057156766156345,1.7828916490486395,0.0,1.7028771777555889
3,40.26795933032156,0.02005779999082582,11.978846710164165,-0.008820254715786291,0.00042984927556452904,0.08059993984370539,0.4900553236435948,1.2686247059907854,0.0,1.6144230002825823
3,40.135474246173665,0.02038971828569268,11.990135027644586,-0.13248508414789484,0.0003319182948668606,0.09126378519533192,0.4896852898310441,4.686248429269144,0.0,3.3224947942966603
3,40.120564976799855,0.020276932325749352,11.986334133976019,-0.014909269373809764,-0.00011278595994332688,0.09195385222985476,0.3684199193258368,1.1123051461294482,0.0,1.2929924117163978
3,39.93792681694999,0.02051282153984025,12.005290683275161,-0.18263815984986564,0.00023588921409089733,0.08390443437415719,0.1436156979919957,3.819478379347122,0.0,2.196970585657552
3,39.91322013208053,0.020602787559198983,11.993211981709777,-0.024706684869457263,8.996601935873372e-05,0.09112105291180167,0.4586794335681418,3.1746839643658564,0.0,2.504700849319212
3,39.805324113177576,0.020605698269034793,11.961604519844844,-0.10789601890295586,2.910709835809988e-06,0.09515747091561597,0.2654380714335435,1.1926135735547825,0.0,1.1271829296444782
3,39.96457611909161,0.020459082850814263,11.968346026475198,0.1592520059140341,-0.00014661541822053037,0.09924901711603709,0.0670891944003341,1.4222394630104933,0.0,0.8452981203059149
3,39.91148116312083,0.02044932415965968,11.990480719669602,-0.053094955970777846,-9.758691154583554e-06,0.10104746573499629,0.3897176822607691,2.393936891308933,0.0,1.9764038101760046
3,39.9578888773071,0.020518753552115698,12.006346574822663,0.04640771418626599,6.94293924560184e-05,0.09806160053499291,0.3020801417300355,1.413314623113111,0.0,1.3108175950166265
3,40.009997150969774,0.021243199966570113,12.00733028615356,0.05210827366267523,0.0007244464144544153,0.09869327864660106,0.3655433052865753,4.560927214708935,0.0,3.011550217927618
3,40.14905778461523,0.021377339254411862,12.017041864255358,0.13906063364545673,0.00013413928784174883,0.09926905161297087,0.3587035230748013,1.320882434301084,0.0,1.3778482633001445
3,40.11626508299563,0.02117056078481038,12.004238019768277,-0.032792701619598574,-0.00020677846960148044,0.09346222151222704,0.2844941351753707,4.786779309282371,0.0,2.962377924991927
3,40.17590484307653,0.02117034391534326,12.012093002572824,0.05963976008089844,-2.1686946712062838e-07,0.09208597124275728,0.1630611101192715,1.543095611011274,0.0,1.09767002574418
3,40.311398442399124,0.02105435380224731,12.011673406200805,0.13549359932259364,-0.00011599011309594912,0.0918679557134354,0.3691377262843715,2.349833504976493,0.0,1.9131922050569896
3,40.266087855728664,0.020730004281776813,12.038534996253972,-0.045310586670460395,-0.0003243495204704981,0.09219363784806221,0.3474093066238941,1.4567956052550688,0.0,1.4232164158753227
3,40.31332526552934,0.02071072770530762,12.065635808440078,0.047237409800679586,-1.9276576469193923e-05,0.04472777774113783,0.3619951242855043,2.814647130343139,0.0,2.131313813742578
3,40.21282895449163,0.02035372831662993,12.06527648729259,-0.10049631103771617,-0.00035699938867769093,0.04486569626371932,0.4878608099170715,3.941352650305887,0.0,2.9463979449870865
3,40.28749010881417,0.020528939420829232,12.05281533305249,0.07466115432254128,0.00017521110419930347,0.05172915196763179,0.4805496672432686,1.061680334812495,0.0,1.4919395018927846
3,40.278964571181334,0.02010156575765825,12.039694102290332,-0.008525537632834812,-0.00042737366317098166,0.06451662302635501,0.3055753003720677,2.486796125877633,0.0,1.854548663682952
3,40.31711050001953,0.01964923431978404,12.033455101162152,0.03814592883819756,-0.0004523314378742094,0.0644260818830896,0.0008758860798568,3.015935754750738,0.0,1.5097196495350826
3,40.16311760597735,0.01933483681525418,12.031764385406007,-0.15399289404218308,-0.00031439750452985984,0.06369406283009382,0.1385167465585855,4.148473219097553,0.0,2.3512701026659473
3,40.35905792836128,0.01935064254729725,12.021392475312958,0.1959403223839331,1.5805732043069204e-05,0.07866740968041402,0.2414647790558411,2.410872189236371,0.0,1.6883656527298676
3,40.355396288191024,0.01916139903845349,12.017173891259327,-0.0036616401702573853,-0.00018924350884376093,0.07911687277136926,0.4921308624165213,1.893225086258864,0.0,1.9308742679624746
3,40.286248219726716,0.01906906184699408,11.998161925492255,-0.06914806846430821,-9.233719145940872e-05,0.09148243668020786,0.4775745542035198,1.34152859751627,0.0,1.6259134071651746
3,40.37053979043999,0.01932097821019247,11.987964392473346,0.08429157071327609,0.00025191636319838936,0.07571033356934508,0.4217867450600225,1.6800340444962067,0.0,1.6835905123681485
3,40.37523394780588,0.01914800565112946,11.982296390754396,0.0046941573658898506,-0.00017297255906301157,0.06998700544642095,0.4068797106095786,2.792979143832082,0.0,2.210248993135198
3,40.4713195437187,0.01948055783747256,11.988759744407924,0.09608559591281818,0.0003325521863431005,0.07913459032806415,0.0132726239334768,4.7436205701110365,0.0,2.398355532922472
3,40.318664352426204,0.018811743253298437,11.996683298695954,-0.15265519129249583,-0.0006688145841741225,0.08129618253304326,0.4037109036155855,4.098700115632985,0.0,2.8567718650476635
3,40.49954970453053,0.01903929142286287,12.022211769374525,0.1808853521043261,0.00022754816956443297,0.09656270624497622,0.2317938380376286,1.090538297548822,0.0,1.0088568248496683
3,40.332657717099025,0.01938969064661872,12.012614568776364,-0.16689198743150513,0.0003503992237558519,0.10289043634838363,0.3797981652170941,3.555003996965466,0.0,2.537098328916921
3,40.37592357727804,0.019148455632537552,12.003737004322828,0.04326586017901235,-0.00024123501408116962,0.10322020485976957,0.1453551077313618,3.6078116803910314,0.0,2.094616055658239
3,40.21484291777978,0.01878175809218397,12.021164827720128,-0.16108065949826056,-0.0003666975403535805,0.09479514003611421,0.4020639619343917,2.8935205281182035,0.0,2.250888187927885
3,40.29416820962301,0.01907570353368501,12.037760453221889,0.079325291843233,0.00029394544150103744,0.10302425025154088,0.1989571892193949,4.51978570151533,0.0,2.6578072291964547
3,40.452715674334094,0.01937346736189225,12.03255879642248,0.15854746471108427,0.00029776382820724187,0.11361517186370566,0.4595261621374285,1.44088228165044,0.0,1.639493465100077
3,40.36139914622753,0.01926611738285901,12.020412804536768,-0.09131652810656732,-0.00010734997903323953,0.11698319461074903,0.2880658754274569,1.8342439954647567,0.0,1.493253748587292
3,40.333867306074296,0.01938459888368889,12.032186427068751,-0.02753184015323029,0.00011848150082987771,0.12303977981365277,0.4505256855290992,4.967172208066611,0.0,3.3846374750915036
3,40.22690429454983,0.01983454092651886,12.022236696262095,-0.10696301152446352,0.0004499420428299705,0.11977458052275677,0.0712276401898575,4.463868873592281,0.0,2.3743897171758555
3,40.203503532372416,0.020281943554156252,11.98922156777971,-0.023400762177416823,0.00044740262763739297,0.15185448710012703,0.3265356528682959,4.23825859494657,0.0,2.772200603209877
3,39.850214587065054,0.01989964525888054,11.975116581751418,-0.3532889453073622,-0.00038229829527571327,0.1375288913951738,0.4671070778215622,1.986200182297692,0.0,1.9273142467919704
3,39.99619992455823,0.019682471341958538,11.97526858722702,0.14598533749317966,-0.0002171739169220012,0.13745004774771322,0.0039243792420281,1.2151473247763147,0.0,0.6154224208722135
3,39.83208201087888,0.02025978029720907,11.985943129721887,-0.16411791367935535,0.0005773089552505335,0.14027798502370925,0.4562773938938927,1.631542664542588,0.0,1.7283261200590794
3,40.00017325060567,0.0206588614881555,11.972129836306308,0.16809123972679174,0.00039908119094642786,0.13935473901259882,0.0022976953936305,2.942652068174016,0.0,1.475921424874269
3,39.92222892507719,0.020166813941861282,11.960834137671174,-0.07794432552847752,-0.0004920475462942171,0.12675032719842363,0.2220193064577356,1.364385850780752,0.0,1.1262315383058472
3,39.92714548578273,0.0200799008914536,11.973105177175537,0.004916560705538586,-8.691305040768246e-05,0.11608758895744446,0.499605538675857,1.0883808300137368,0.0,1.5434014923585824
3,39.79534894401155,0.02034610871119204,11.993506466284684,-0.1317965417711804,0.00026620781973844126,0.12649398378079837,0.0482914759007525,4.053042211055953,0.0,2.1231040573294813
3,39.746655859168,0.02028117005337371,11.994786304229201,-0.04869308484354917,-6.493865781833155e-05,0.12820228173051496,0.4296282106363031,3.134898043983233,0.0,2.4267054432642228
3,39.80597660226374,0.01996321901001349,11.982204196176532,0.0593207430957392,-0.00031795104336021854,0.1322901712134728,0.3598981271110824,4.961435679533056,0.0,3.200514093988693
3,39.545404517631304,0.02001777365805876,12.022915042414784,-0.260572084632436,5.455464804526855e-05,0.1025842641263253,0.4138649649663256,3.272097745739096,0.0,2.463778802802199
3,39.530090495248814,0.02053120226085242,12.01761976084948,-0.015314022382490577,0.000513428602793662,0.10274704367591032,0.2402498698914688,1.9811242105343403,0.0,1.4710618450501078
3,39.50098579913805,0.02053574423326262,12.039982444182451,-0.02910469611076394,4.54197241019777e-06,0.10147732711494208,0.0199071136297958,3.3241223276704157,0.0,1.7018753910947995
3,39.71112459333874,0.01984385407291954,12.029445682066047,0.21013879420068804,-0.0006918901603430797,0.10379403787264989,0.3064640349974187,4.170530976405308,0.0,2.6981935581974916
3,39.584304227606246,0.01966132127607646,12.047278197711417,-0.12682036573249178,-0.00018253279684308024,0.09773391432148941,0.1209336658819365,1.914963716287096,0.0,1.1993491899074211
3,39.61344429053065,0.02019389788120099,12.067081309761823,0.029140062924405186,0.0005325766051245302,0.11538096899955942,0.1011286025246929,4.370375826525731,0.0,2.387445118312251
3,39.625459016867595,0.02005709897138524,12.084228177337014,0.012014726336943227,-0.000136798909815751,0.1056312892617014,0.412338849337139,3.974694459090862,0.0,2.812024928219709
3,39.759043730023514,0.019803802780927686,12.078670955052479,0.13358471315591913,-0.0002532961904575526,0.10375824383497527,0.1494666594395271,1.099928376824241,0.0,0.8488975072911746
3,40.016196921723406,0.019610469207547367,12.07359114391526,0.25715319169989215,-0.0001933335733803193,0.10088997884058941,0.3838951411534447,3.887799884394246,0.0,2.7116902245040126
3,39.85244421555451,0.019395987867316188,12.084913624627585,-0.16375270616889281,-0.00021448134023117904,0.08233174054790134,0.0300181491707688,3.827839829871626,0.0,1.9739562132773507
3,40.264244692761096,0.019315664827795447,12.064806749726726,0.4118004772065831,-8.032303952074105e-05,0.09408453657050504,0.2869588344091356,4.685136509650006,0.0,2.916485923643274
3,40.32348636235285,0.01970843178268143,12.076361912505252,0.05924166959175636,0.00039276695488598204,0.09105289335417041,0.11116988934582,4.960875865262134,0.0,2.7027777113227067
3,40.35265463066493,0.01973816525881137,12.06204867170553,0.02916826831207686,2.9733476129941566e-05,0.09198691175433271,0.130529865226298,1.6782061451752788,0.0,1.1001628030402353
3,40.34413400746876,0.02008636769410124,12.073404707939094,-0.008520623196169197,0.00034820243528986897,0.0849667066646706,0.2696074975872654,4.291846621189636,0.0,2.6851383057693488
3,40.30543595454686,0.020574333826569906,12.045498531488812,-0.03869805292190165,0.0004879661324686674,0.11645561299142959,0.1391911333138327,1.3196339881320966,0.0,0.9381992606937137
3,40.259324665563916,0.020362223985652562,12.029666875395632,-0.046111288982942256,-0.0002121098409173447,0.0957456336528284,0.4182592400498642,4.311699087614247,0.0,2.992368023906852
3,39.976464035253684,0.020464040228934718,12.022923521206035,-0.2828606303102319,0.00010181624328215594,0.09217095673538664,0.4148954122673779,1.8428457754469056,0.0,1.7512137122582088
3,40.08072999947801,0.02040184423300462,12.01340522932318,0.1042659642243251,-6.219599593009634e-05,0.0898861237706397,0.3621869463232137,2.9319361469804845,0.0,2.1903419661366694
3,40.00332092802576,0.0209450845434499,12.001643344633502,-0.07740907145225151,0.0005432403104452775,0.0844286042315585,0.0132420947191038,4.412782162202428,0.0,2.232875270539422
3,39.97841018956855,0.021385009022509623,12.011558542506965,-0.02491073845720848,0.0004399244790597237,0.08995030047367686,0.2956971753984541,3.189564708738432,0.0,2.1861767051661243
3,40.24930479958396,0.02160288660289377,12.018368300075167,0.2708946100154108,0.00021787758038414873,0.0853764570475186,0.4573243076899632,2.51639095986375,0.0,2.1728440953118016
3,40.37847478876389,0.021039273294510892,12.004719770824012,0.12916998917992828,-0.0005636133083828793,0.08049133588110222,0.242997310333865,3.109191268542417,0.0,2.0405902549389383
3,40.2597727954282,0.02096926963591237,12.010670567896668,-0.11870199333569076,-7.000365859852198e-05,0.08165942460290763,0.3974395209644306,2.4729474205759083,0.0,2.031352752216815
3,40.11252905757908,0.02078276133163123,12.011220928865729,-0.14724373784911648,-0.00018650830428114037,0.08216027332254165,0.3491571496129819,1.7953896184759803,0.0,1.5960091084639538
3,40.06856283405823,0.020312376489711497,12.043987671072902,-0.04396622352085444,-0.0004703848419197326,0.05823740612876215,0.2345887207257059,4.026371010871857,0.0,2.4823629468873403
3,40.19667167718431,0.02062731092282574,12.0331554782268,0.1281088431260855,0.00031493443311424174,0.06014738544199686,0.0137276187939442,4.871536711223864,0.0,2.46322359319982
3,40.04613187231497,0.020367017709565553,12.034466050992679,-0.15053980486933938,-0.00026029321326018554,0.060392558351158754,0.1633480168143792,3.2545047793098267,0.0,1.9539484232836717
3,39.92788510015262,0.02016187239000693,12.026114598119722,-0.11824677216235102,-0.00020514531955862295,0.07187162888451451,0.4347368243735979,1.5659746653447884,0.0,1.65246098141959
3,39.93747136779437,0.02007044401996865,12.022131821903987,0.009586267641751078,-9.142837003827883e-05,0.07541257139416013,0.4484221398009499,3.698923426461061,0.0,2.74630599283243
3,40.18477541563005,0.02014407041447464,12.00911813250882,0.2473040478356765,7.362639450598715e-05,0.07164002582589923,0.4441546628688481,3.2290418614992458,0.0,2.502830256487319
3,39.91687714450015,0.020276884905789327,12.028998983736932,-0.2678982711299014,0.00013281449131468878,0.09222859415602158,0.494955633005637,3.99130969929997,0.0,2.985566115661259
3,39.7981406333968,0.02027450863816409,12.051685402793003,-0.11873651110335004,-2.3762676252363224e-06,0.10334076208293495,0.318807497441734,4.480311503256093,0.0,2.8777707465115148
3,39.79367794728257,0.02002892186477856,12.053431447146822,-0.004462686114230507,-0.0002455867733855317,0.10348978786654281,0.3320475769762712,3.3318709578413666,0.0,2.3300306328732256
3,39.76466385010474,0.02045551398193812,12.03921280944762,-0.029014097177828546,0.0004265921171595598,0.1089383371991091,0.3614428581029723,3.091139202015728,0.0,2.2684553172138084
3,39.675436038190675,0.020822155499243773,12.016711323951409,-0.08922781191406415,0.00036664151730565406,0.10782140144452598,0.2356558842568953,2.3960666775271755,0.0,1.6693451072773784
3,39.62906277331265,0.020807683916451818,12.022733138994834,-0.04637326487802795,-1.4471582791955595e-05,0.10691180958211603,0.0959434316748181,3.377442100864794,0.0,1.8806079137820333
3,39.96732202224104,0.02087163156737566,12.018838940596845,0.3382592489283951,6.394765092384083e-05,0.10649600576640295,0.3286531197713648,3.051558285629556,0.0,2.1830853823575076
3,39.878665858964666,0.02116266241713539,12.023054784625057,-0.08865616327637582,0.0002910308497597325,0.10231706847708348,0.4666789842744845,4.124868732530845,0.0,2.9957923348143916
3,39.724829446233784,0.02108696787660129,12.021004163863802,-0.15383641273088244,-7.569454053410127e-05,0.10423640985939157,0.2406271328606943,1.7257632921019517,0.0,1.3441359117723644
3,39.66082242876828,0.02094988599423246,12.03912277983101,-0.06400701746550652,-0.000137081882368828,0.10992714961368691,0.3587534237794759,4.131681786208272,0.0,2.7833477406630878
3,39.61456607001089,0.0206595700078619,12.02015179875845,-0.04625635875738965,-0.00029031598637056094,0.09549214499534127,0.4737813371976869,2.022887122794601,0.0,1.9590062357926743
3,39.60948120873711,0.02069126545431775,11.995992350462078,-0.005084861273779495,3.169544645584971e-05,0.0739415621458713,0.4629578714147006,1.7112519342470578,0.0,1.78154170995293
3,39.745482474986034,0.02061365494404915,11.990428212450956,0.1360012662489254,-7.761051026860047e-05,0.06979508741153381,0.3645546300045234,1.666168796321248,0.0,1.5621936581696707
3,39.921604532258996,0.0197504528513162,11.983311429926788,0.1761220572729627,-0.0008632020927329502,0.0787244426755718,0.1586683429672828,2.5382771449681263,0.0,1.5864752584186288
3,40.12227982697216,0.01943111355978511,12.002415680559974,0.20067529471316448,-0.0003193392915310893,0.08468784390347994,0.3055209048865697,3.5234964414205128,0.0,2.3727900304833955
3,40.0373321135909,0.01887442101304244,11.995852516592752,-0.08494771338126128,-0.0005566925467426695,0.0844044589464155,0.2948382992880646,1.1973770663573884,0.0,1.1883651317548234
3,40.22323966316323,0.018652521599991128,12.005289083828588,0.18590754957232747,-0.000221899413051313,0.09134647595190777,0.3376505380714828,4.439412651140327,0.0,2.895007401713129
3,40.428434647792315,0.01881643765668774,11.995252817629511,0.20519498462908814,0.00016391605669661274,0.1030022514727736,0.1628823976066326,3.7522454210153264,0.0,2.2018875057209284
3,40.42409613097423,0.019064411145436288,11.974226476884501,-0.004338516818087612,0.00024797348874854713,0.13536429100633343,0.2841432210334119,3.960122200419565,0.0,2.5483475422766064
3,40.36596764936813,0.01873479766648651,11.95408749786884,-0.05812848160609718,-0.0003296134789497786,0.12029713244246103,0.2167638005787208,3.138566345507062,0.0,2.002810773910973
3,40.34069242633074,0.01887481021419915,11.952333331500077,-0.02527522303739005,0.000140012547712641,0.11959616682383274,0.319999960583793,3.604022907252026,0.0,2.4420113747935988
3,40.47880308957513,0.01877261133763187,11.96217048566335,0.13811066324439025,-0.00010219887656728183,0.1238365840523818,0.0142492835488385,1.8752458432742336,0.0,0.9661214887347938
3,40.34862608017614,0.0188517645392055,11.95984038738676,-0.13017700939899157,7.915320157363126e-05,0.12297779100614424,0.1097166557727155,2.6643743534843813,0.0,1.5516204882876217
3,40.18144373603298,0.01960551889587623,11.990001972135653,-0.16718234414315702,0.00075375435667073,0.13426425196471842,0.1626185345813207,4.328504066092638,0.0,2.4894891022089602
3,40.25825555828955,0.01951647610649907,11.987461059653416,0.07681182225656613,-8.904278937715837e-05,0.13193303525560704,0.3469797596275126,4.938428207263372,0.0,3.163173622886711
3,40.31113481944692,0.01964011166709511,11.991164485390573,0.05287926115737207,0.00012363556059603875,0.13189585603918716,0.4884650204259942,4.454358429368787,0.0,3.2041092555363817
3,39.889198851941295,0.01967364725767592,11.991087740638875,-0.42193596750562534,3.353559058081115e-05,0.13182185848945044,0.4054417106318526,3.610021559528615,0.0,2.615894201028013
3,39.76728704267464,0.01960921231375588,11.98431643064404,-0.12191180926665623,-6.443494392004145e-05,0.14135336609631025,0.3716250307427651,3.085360860693754,0.0,2.2859304918324073
3,39.851052248788385,0.0193994692296836,12.022373699797424,0.08376520611374616,-0.00020974308407227873,0.10791994972357953,0.4458387964705116,4.648240404548519,0.0,3.2157977952152823
3,39.92610165624991,0.01952092415618435,12.024782986746475,0.07504940746152755,0.00012145492650074766,0.10637100809986766,0.028450736797684,1.924886653571514,0.0,1.019344800381125
3,40.001868322602725,0.01933104769919035,12.013297005164471,0.0757666663528127,-0.00018987645699400021,0.11654923231317592,0.1088300503772826,3.6585123442298624,0.0,2.0469162728694963
3,39.981295758229074,0.019345416548781504,11.999928125311524,-0.020572564373651403,1.4368849591155086e-05,0.1190458651329236,0.4149248527157068,4.289179136837175,0.0,2.974439273850001
3,40.125622194717174,0.019503853503752493,12.006668439181578,0.14432643648810028,0.00015843695497098909,0.12034066034261397,0.4818542003590775,2.3873901404438302,0.0,2.15740347094007
3,40.17711965279672,0.01966387900576669,11.994999240551634,0.05149745807954531,0.0001600255020141987,0.10785579397497876,0.4824225228794953,1.4857406124771335,0.0,1.7077153519975572
3,39.929232028963234,0.01983082852703982,11.977892341478384,-0.24788762383348484,0.0001669495212731284,0.10536875997215218,0.0608661494467889,4.932245224041148,0.0,2.5878549109141518
3,39.74246323712022,0.01956991507925391,11.970938475336729,-0.18676879184301498,-0.00026091344778591055,0.10555534119931582,0.0871939275010365,4.920446281427463,0.0,2.6346109957158044
3,39.997061970111915,0.01960808600785073,11.97080736049093,0.25459873299169544,3.817092859682153e-05,0.10537073700061952,0.054608912983825,4.118855415370132,0.0,2.168645533652716
3,39.91489132433047,0.0197171188124608,11.98745944521337,-0.08217064578144573,0.00010903280461006803,0.08273463292216157,0.3534508203884595,3.853696234068868,0.0,2.633749757811353
3,39.85318556259385,0.019571978076566993,11.97135774012887,-0.06170576173661857,-0.00014514073589380616,0.07474343764593191,0.2647333548851712,1.459632297304986,0.0,1.2592828584228353
3,39.777723403980794,0.01936239030574203,11.969822966179484,-0.07546215861305683,-0.00020958777082496355,0.07484912008004085,0.1093751088501874,4.588437000905717,0.0,2.512968718153233
3,39.87327852041774,0.019110716754181873,11.975933765872252,0.09555511643694814,-0.00025167355156015606,0.06824338420225169,0.2578650642557247,3.28508141426692,0.0,2.158270835644909
3,39.85024688976522,0.019419633754856207,11.988052239342284,-0.023031630652525337,0.0003089170006743344,0.0679604005546552,0.4759158158899977,1.4051999030348106,0.0,1.6544315832974008
3,39.97096150000176,0.01916717626011223,11.963049787140138,0.12071461023654706,-0.000252457494743976,0.08366907476270424,0.3694713423931916,2.349846571164008,0.0,1.9138659703683873
3,39.94233086592722,0.01896041973668757,11.95062226865862,-0.02863063407454547,-0.00020675652342466017,0.07796573232146521,0.1377629398678728,2.760938411953329,0.0,1.6559950857124102
3,40.07381257291058,0.01885740123440462,11.970013315323573,0.13148170698336514,-0.0001030185022829512,0.09109214624896188,0.3091055018299695,4.164971407694778,0.0,2.700696707507328
3,40.006604111234154,0.019050124250507262,11.96893905523562,-0.06720846167642947,0.00019272301610264234,0.09158544159686961,0.1687844792678615,3.221424857858628,0.0,1.948281387465037
3,40.092882932850344,0.019094393490666727,11.954159090199358,0.08627882161619027,4.426924015946479e-05,0.07836517816098933,0.1834897308261302,2.003956596945634,0.0,1.3689577601250773
3,40.225076645107514,0.01894218298704658,11.968729416900457,0.1321937122571697,-0.0001522105036201489,0.08968200095911881,0.1857059301623608,2.169987753088446,0.0,1.4564057368689447
3,40.15560449840727,0.018796202984404868,11.973059728089906,-0.06947214670024238,-0.00014598000264171018,0.08886424138080373,0.0487353344601127,1.5073672292587543,0.0,0.8511542835496025
3,40.109686430542766,0.01918306061814136,11.978994927176252,-0.045918067864505474,0.00038685763373649124,0.08974519334090143,0.382486997181384,1.988923495054592,0.0,1.759435741890064
3,40.010693810101074,0.01974899934047371,11.981372930345284,-0.09899262044169177,0.0005659387223323521,0.08872458882375533,0.2975970664042527,1.9584500120351944,0.0,1.5744191388261026
3,39.83679154441801,0.019564627467253532,11.980696693811646,-0.17390226568306133,-0.00018437187322017934,0.08824278760450419,0.037152725751436,1.8809105445292105,0.0,1.0147607237674772
3,39.93805412852886,0.019819475240702607,11.994233453980419,0.10126258411084876,0.00025484777344907464,0.06643987333946588,0.3622480207876397,4.092702046107508,0.0,2.7708470646290335
3,39.97664192969763,0.019393965809393267,12.003893639058742,0.03858780116876659,-0.00042550943130933994,0.06266820290320028,0.3294449963299654,2.934700524218381,0.0,2.1262402547691215
3,39.77245517091414,0.01886134226809675,12.000358945083018,-0.2041867587834858,-0.0005326235412965175,0.05681939117903703,0.4549109567198788,1.2169154691471515,0.0,1.5182796480133334
3,40.017748870187454,0.019465995883187398,12.01047629667635,0.24529369927331146,0.0006046536150906487,0.05087494372622581,0.4537013542953048,2.488787111219963,0.0,2.1517962642005912
3,39.82940243080412,0.01966027505037955,11.99518022338408,-0.18834643938333073,0.00019427916719215108,0.08232713802719199,0.2649147294125324,2.371202692699637,0.0,1.7154308051748832
3,39.79595970689438,0.019375416069213593,11.987087062004825,-0.03344272390974368,-0.00028485898116595645,0.07531879249409994,0.4408316574934683,3.1062631425265272,0.0,2.4347948862502005
3,39.7044444156721,0.01945570282169607,11.993113146456174,-0.09151529122227942,8.028675248247796e-05,0.07685034839365001,0.058876758551859,2.8285907795071905,0.0,1.5320489068573133
3,39.716595766219356,0.0193196739697052,12.010935684773107,0.012151350547256357,-0.00013602885199087006,0.10026731717888031,0.4239371878930479,2.325772486138693,0.0,2.0107606188554423
3,39.607399997643,0.01889812816763617,12.01676915284676,-0.10919576857635604,-0.0004215458020690316,0.09850124171154688,0.4757794895969083,2.9993813515332595,0.0,2.4512496549604466
3,39.72342377473663,0.01872916067660105,12.00660433057398,0.11602377709363054,-0.00016896749103511785,0.10167429702214624,0.1692566908578224,4.546156993174977,0.0,2.611591878303133
3,39.57720022966348,0.01875090640104189,12.012882709336331,-0.1462235450731484,2.1745724440837277e-05,0.09922170240921015,0.0903065384018185,3.1937828161616224,0.0,1.7775044848844481
3,39.43553793641543,0.01918744074586148,12.01753596759337,-0.14166229324805357,0.00043653434481959186,0.10091319496742733,0.2156319301817604,1.8542732249029368,0.0,1.3584004728149892
3,39.4370008163033,0.019977576494058537,12.016388228080737,0.0014628798878746352,0.0007901357481970572,0.10027013913642348,0.0561509516782551,1.8652504007127977,0.0,1.044927103712909
3,39.3418229540854,0.01951924673155862,12.023581297557552,-0.09517786221790203,-0.00045832976249991775,0.10368029939333427,0.2299309875812676,1.5741798194489554,0.0,1.246951884887013
3,39.2325165942926,0.0194025023266925,12.05194482004337,-0.10930635979280368,-0.00011674440486611828,0.06998058862286542,0.2007344605600231,2.818387593111806,0.0,1.810662717675949
3,39.36786620174759,0.01978605685264405,12.046054976671964,0.13534960745499092,0.00038355452595154743,0.07593221892489174,0.1974422767621541,3.07853296387232,0.0,1.934151035460468
3,39.506079933393295,0.02024847321499661,12.040894360423053,0.13821373164570616,0.00046241636235256137,0.07828533174409216,0.3247966863642118,4.061691221093405,0.0,2.680438983275126
3,39.713265494436385,0.02023421504767864,12.016522061578907,0.20718556104309016,-1.425816731797161e-05,0.060627721488042983,0.4493520282411887,4.823951060893849,0.0,3.310679586929302
3,39.78301737234634,0.0206039382726732,12.01318926712029,0.06975187790995818,0.00036972322499456006,0.06157195525077181,0.2805590075080789,3.021489808173802,0.0,2.071862919103059
3,40.01791689217563,0.02108760976680289,12.031160740704298,0.23489951982928403,0.00048367149412969004,0.06170992271823007,0.3792989105545208,4.362741332845757,0.0,2.93996848753192
3,39.865195944858655,0.021047475776594122,12.018767563113109,-0.15272094731697194,-4.01339902087669e-05,0.07772973726555453,0.4762059321059475,3.621086166000614,0.0,2.762954947212202
3,39.95094276166265,0.02086979557815533,12.010746861083124,0.0857468168039972,-0.00017768019843879268,0.0758316991496717,0.0293484720226651,1.592890791726179,0.0,0.8551423399084197
3,40.15208066678196,0.02055679930373218,12.008861733685634,0.2011379051193103,-0.0003129962744231503,0.07464246486328932,0.2977698861638078,4.061907689410612,0.0,2.6264936170329216
3,40.25086153285011,0.020766271731195447,11.986733389711402,0.09878086606814662,0.00020947242746326838,0.07754352200819253,0.2395950060237617,4.906299556271622,0.0,2.9323397901833346
3,40.488335533592284,0.02074378521958213,11.992238200400331,0.23747400074217495,-2.248651161331633e-05,0.08682907808445366,0.4564120558131141,2.394567714078577,0.0,2.110107968665517
3,40.36741056352777,0.02070099019014755,12.022498608502625,-0.12092497006451453,-4.2795029434581494e-05,0.11862187347938535,0.1335821354851541,4.293893562749597,0.0,2.4141110523451066
3,40.31550589635681,0.02032428552673173,12.033508826919677,-0.051904667170958874,-0.0003767046634158208,0.11996275611146645,0.0132374127916649,1.9011717751300237,0.0,0.9770607131483416
3,40.135902728543,0.02005139269101488,12.030665316844559,-0.17960316781380925,-0.00027289283571685016,0.12241776403674053,0.0762738711099039,4.2246149538727344,0.0,2.264855219156175
3,40.01857758760174,0.01977266473518782,12.02171291256338,-0.11732514094126145,-0.0002787279558270593,0.1293968485389505,0.0375591372562026,1.23115388043595,0.0,0.6906952147303802
3,39.67421082709617,0.01910644781428763,12.029602412838463,-0.34436676050557224,-0.0006662169209001902,0.13768425606433476,0.4049831755123152,3.728328701942616,0.0,2.6741307019959386
3,39.4940679164738,0.01912298348255593,12.055913680572734,-0.1801429106223651,1.6535668268299886e-05,0.13131268307796526,0.1250700168571247,2.554535466005281,0.0,1.52740776671689
3,39.591069030464624,0.019037723641357522,12.04261609697641,0.0970011139908209,-8.52598411984068e-05,0.14466963284935164,0.1216680523083145,4.066416305810766,0.0,2.276544257522012
3,39.456041136647755,0.01904346450254642,12.045225459620795,-0.13502789381686853,5.740861188898577e-06,0.1449143589630496,0.027673296300597,3.631988670184388,0.0,1.8713409276933881
3,39.37523199841183,0.01886065959214208,12.059628118573878,-0.08080913823592795,-0.0001828049104043404,0.13314659806004658,0.4132342939190177,4.224442946816874,0.0,2.938690061246472
3,39.265442391740734,0.01880144086598153,12.045264289833236,-0.10978960667109305,-5.92187261605516e-05,0.13103047435147774,0.4271554135336459,3.2376138231577927,0.0,2.473117738646188
3,39.22827742462573,0.01837961896684117,11.994441427067953,-0.03716496711500383,-0.0004218218991403587,0.13863691403181702,0.3330029308539399,2.9221542431525074,0.0,2.1270829832841334
3,39.281706187110224,0.018528606816566172,11.983454465835234,0.053428762484493575,0.0001489878497250019,0.1339572750749819,0.0673081495195745,2.473301603562664,0.0,1.371267100820481
3,39.36146494511026,0.01908309698034471,11.971225167723144,0.07975875800003251,0.0005544901637785371,0.14513441155584975,0.3259714226966866,3.391275489720169,0.0,2.347580590253458
3,39.391994527973004,0.019307196909068368,11.978289056186393,0.030529582862747873,0.00022409992872365891,0.14260583580755773,0.3918773782091964,4.422752257568519,0.0,2.9951308852026526
3,39.66300255079823,0.019362161912536303,11.93891362491527,0.27100802282522807,5.496500346793484e-05,0.13113865648703144,0.0145069431515938,3.9705789518853463,0.0,2.014303362245861
3,39.945152847814555,0.01959421580851055,11.954613353453116,0.2821502970163223,0.0002320538959742456,0.16386640933598134,0.2123421163932808,2.163066898933841,0.0,1.506217682253482
3,39.95834429787138,0.01995324685532861,11.961450312091959,0.013191450056822873,0.00035903104681806255,0.16078629684437953,0.4121140227348108,2.321260693416798,0.0,1.9848583921780205
3,40.07163229315943,0.0199638869331766,11.938029350190103,0.11328799528805433,1.0640077847987733e-05,0.1604063597829804,0.3245321623873385,2.772569662587113,0.0,2.0353491560682335
3,40.09363052802752,0.020019151618106672,11.923529086166424,0.02199823486808583,5.5264684930073776e-05,0.1584942561275006,0.0130178779685898,3.630452603446356,0.0,1.8412620576603576
3,40.07962956131931,0.02035671446355915,11.91438670317547,-0.014000966708209717,0.00033756284545247844,0.15633431905233,0.4462302264431254,2.7317289070299924,0.0,2.258324906401247
3,40.15282468638388,0.02083466208362494,11.93710426808283,0.07319512506457215,0.0004779476200657898,0.14553398527723463,0.3985243416980944,4.994520918537441,0.0,3.2943091426649094
3,40.17892143961268,0.020488908072180602,11.951496301859066,0.02609675322879923,-0.00034575401144433873,0.15755498909099072,0.0295674801238776,4.834294592469643,0.0,2.476282256482577
3,40.145054981067126,0.02009025972580537,11.986343258454852,-0.03386645854555326,-0.000398648346375232,0.15919844882068207,0.0550860572504373,4.176159747170881,0.0,2.198251988086315
3,40.479743949367716,0.01992903219412078,11.997220784236287,0.3346889683005898,-0.00016122753168458862,0.16118519172890156,0.4185585903475394,3.290354936812759,0.0,2.4822946491014584
3,40.29888638470015,0.02027859004448867,12.028461585943438,-0.1808575646675692,0.00034955785036788756,0.14792564549952059,0.0082146339359766,2.004060933778062,0.0,1.018459734760984
3,40.18747841664782,0.019360317302585743,11.997343406877508,-0.11140796805232611,-0.0009182727419029257,0.11247188965986785,0.4362879574284928,2.5397743269520205,0.0,2.142463078332996
3,39.88841253931436,0.019346881251219937,12.009974128936193,-0.29906587733346157,-1.3436051365806057e-05,0.11069787929496004,0.4372291801948751,4.619693952069179,0.0,3.1843053364243397
3,39.98099003733543,0.0190268404089589,12.019572030493235,0.09257749802107185,-0.0003200408422610358,0.09717417032901833,0.2694862913892112,2.5641117984371125,0.0,1.8210284819969786
3,40.20335867452995,0.01927040803325304,12.041214440712448,0.2223686371945206,0.0002435676242941373,0.0853203056442806,0.2400895761638891,4.10369946293986,0.0,2.5320288837977083
3,40.18497883459717,0.019097046172254543,12.03492889367619,-0.018379839932784137,-0.00017336186099849507,0.09774088522074957,0.1193331703364847,3.819961584179554,0.0,2.148647132762746
3,40.249736234254094,0.01920653760859942,12.028508220295784,0.0647573996569264,0.00010949143634487665,0.10403913601893944,0.2238409192134968,3.783531607012528,0.0,2.3394476419332575
3,40.13205472039344,0.01911716890645122,12.039392476035292,-0.11768151386065284,-8.936870214820009e-05,0.12028295860362231,0.2072515766151382,4.353834390557658,0.0,2.5914203485091054
3,40.14337234382222,0.0193028049960793,12.02799992362441,0.011317623428780621,0.0001856360896280787,0.11388054873434555,0.3329294569414428,4.617649183190631,0.0,2.9746835054782013
3,40.07841656405712,0.01932267734088653,12.021096024634494,-0.06495577976509992,1.9872344807232017e-05,0.11297195399407686,0.1548924071748801,1.342831550501189,0.0,0.9812005896003546
3,40.17061321621683,0.01918148134851188,12.019779618985066,0.09219665215970707,-0.0001411959923746514,0.11189234263921959,0.1334580968643384,1.0912036483102785,0.0,0.8125180178838161
3,40.111764567637294,0.01976507722759176,12.029412319187468,-0.05884864857953431,0.0005835958790798811,0.11325988967637408,0.0812082405983907,4.5003038582177215,0.0,2.412568410305642
3,40.34315633020815,0.01940344277321064,12.030662910637911,0.23139176257085836,-0.0003616344543811191,0.11361417721730256,0.0112349062849733,1.9948102880456515,0.0,1.0198749565927723
3,40.2102348557193,0.019853927581336212,12.043372954171065,-0.13292147448885316,0.00045048480812557093,0.10820136024053396,0.268805840589451,4.916670926592198,0.0,2.995947144475001
3,39.91635364432972,0.01946839075144931,12.026652041064196,-0.2938812113895821,-0.0003855368298869011,0.11241066386023342,0.1620780284825925,4.293458123768843,0.0,2.4708851188496066
3,40.12119098823622,0.01930897840534939,12.038008985360095,0.20483734390650454,-0.0001594123460999207,0.09650261307429711,0.2031677025565557,1.553318684938478,0.0,1.1829947475823503
3,39.84900835802077,0.01882883537413239,12.06576988924041,-0.27218263021545397,-0.00048014303121700005,0.09568748083622648,0.0945865156219748,3.759324211098964,0.0,2.0688351367934317
3,40.03811717173809,0.01923668618200542,12.047672774147808,0.18910881371731847,0.00040785080787303016,0.07391631606184089,0.4956630222478926,3.164344766980426,0.0,2.5734984279859985
3,39.996266888170794,0.01894834040153254,12.037081354278191,-0.04185028356729248,-0.00028834578047287965,0.08283285125142371,0.2211395871899645,1.90508678009801,0.0,1.394822564428934
3,40.05552406789934,0.01869866499003242,12.02434531808073,0.05925717972854727,-0.00024967541150012,0.09713297984648019,0.2173422914578497,2.4863383505075847,0.0,1.6778537581694917
3,40.11321681852981,0.018728060610325947,11.990320570174216,0.05769275063046564,2.939562029352638e-05,0.12461968898633599,0.2574250243676736,2.054396448437124,0.0,1.5420482729539091
3,40.05160102144272,0.018579132443960582,11.985188605700547,-0.061615797087085866,-0.0001489281663653655,0.12119914389673367,0.1559549553186957,3.9119953592498247,0.0,2.2679075902623036
3,40.14955369095962,0.01877318841168365,11.973395944497478,0.09795266951689996,0.00019405596772306688,0.11824881972307702,0.0096635114583203,1.648712376247888,0.0,0.8436832110405845
3,40.147294250614515,0.01874071909486763,11.981460034929857,-0.0022594403451066114,-3.246931681601811e-05,0.12708367619616426,0.2572374772842847,1.977453484314522,0.0,1.5032016967258304
3,40.252810485214255,0.01888725757009412,12.009831398901756,0.10551623459974024,0.00014653847522648825,0.1439765426168172,0.4651986878952936,4.05632394581942,0.0,2.9585593487002972
3,40.21647136538287,0.019147637467795332,12.000755809238742,-0.03633911983138205,0.00026037989770121353,0.15036528733529814,0.0392194810027206,2.808356835868284,0.0,1.4826173799395832
3,40.267972718728515,0.01911193550904432,11.979394583071132,0.05150135334564254,-3.57019587510117e-05,0.13519259176377044,0.3120115628913219,4.6935018437861,0.0,2.970774047675694
3,40.13438487688443,0.018847048672231182,11.952288924591397,-0.1335878418440828,-0.0002648868368131385,0.14452086139706066,0.0833040469089106,3.3840393295867828,0.0,1.8586277586112125
3,40.16054428684527,0.01857740447481761,11.966979303519675,0.026159409960840208,-0.00026964419741357104,0.14939190398999858,0.1920962520233242,3.565153556471223,0.0,2.1667692822822597
3,39.991530606122936,0.0190355162519176,11.980124930764553,-0.1690136807223368,0.00045811177709998915,0.14625761468684753,0.2140595163270007,2.106431392420803,0.0,1.481334728864403
3,39.92385437193172,0.019168197552209897,12.004794331109613,-0.06767623419121804,0.00013268130029229705,0.12338151186604242,0.2407288744676436,4.313483309862964,0.0,2.6381994038667695
3,40.02242858134376,0.019084852850681212,11.99932779897575,0.09857420941204253,-8.334470152868492e-05,0.1230645531887282,0.4147763664759264,2.91938413976938,0.0,2.289244802836543
3,40.0309923003965,0.01896011930625663,11.993258807548049,0.008563719052737895,-0.00012473354442458368,0.127338416256717,0.1553612012416937,4.848607724871988,0.0,2.735026264919381
3,40.10041898333004,0.018978719612054367,11.988988342798725,0.06942668293353904,1.8600305797738387e-05,0.12254474614673026,0.0727089424129388,4.738290369457928,0.0,2.5145630695548418
3,40.0798954166748,0.019349189469981952,11.968386013366374,-0.02052356665523547,0.0003704698579275849,0.09558897399091167,0.128800829213193,1.5849985577829604,0.0,1.0501009373178662
3,39.98527832291843,0.019495774860763378,11.970725045600162,-0.09461709375636929,0.00014658539078142574,0.09307676556711024,0.4320472934348322,1.7627264355409549,0.0,1.7454578046401419
3,40.01935256767508,0.020063501609740658,11.96569219299067,0.034074244756645555,0.0005677267489772805,0.0942013175459792,0.1770648167332014,3.6563821744653366,0.0,2.182320720699071
3,39.959832544506035,0.02042539684477869,11.981478244119455,-0.0595200231690427,0.00036189523503803167,0.07139457668879653,0.051349918325598,4.036983723591822,0.0,2.1211916984471073
3,39.95385346654834,0.0209836684191687,11.973877370376101,-0.005979077957697143,0.0005582715743900103,0.06373752186669945,0.141678198296861,2.0001940702313608,0.0,1.2834534317094024
3,39.88155332920582,0.021266323421176903,11.975646326732218,-0.07230013734251628,0.00028265500200820234,0.06500898052392401,0.3348110829698887,4.043623313308822,0.0,2.6914338225941883
3,39.83441955647373,0.02114427393130092,11.962307392008784,-0.04713377273208863,-0.0001220494898759826,0.0720141647800711,0.0741229916255482,3.823183516288851,0.0,2.059837741395522
3,39.66239256723776,0.021436888913240512,11.959472957913743,-0.17202698923597382,0.0002926149819395922,0.07174706337149225,0.3703286515557065,3.5409726261688514,0.0,2.511143616195839
3,39.51767278432688,0.02151421651651366,11.984655898074195,-0.14471978291088305,7.732760327314875e-05,0.08608796025578586,0.2644488876133156,4.676716900318839,0.0,2.8672562253860505
3,39.444766193832784,0.02129726882801069,11.983712737404584,-0.07290659049409243,-0.00021694768850297197,0.08477425623568904,0.3537911620969126,1.641764119797175,0.0,1.5284643840924126
3,39.37853741009355,0.02109135064642731,12.000282810934298,-0.06622878373923413,-0.00020591818158337966,0.10336007872965569,0.1596106935701756,4.6079529661247705,0.0,2.6231978702027363
3,39.40786162807143,0.02066505835795485,12.005388839510463,0.029324217977880096,-0.00042629228847245945,0.09845513385892034,0.436537683962974,2.479634314563175,0.0,2.1128925252075357
3,39.4241419494994,0.020498103432929078,12.003564549331054,0.016280321427970534,-0.00016695492502577167,0.1002784914978912,0.097669650086666,1.1718113499488942,0.0,0.7812449751477791
3,39.637436195463756,0.0205483438379667,12.00831177656234,0.21329424596435587,5.0240405037621505e-05,0.09829445099692284,0.2104752583082998,1.6429475222395085,0.0,1.2424242777363539
3,39.69731170808991,0.020803305244460602,12.002828771396576,0.059875512626156535,0.0002549614064939025,0.10026139264538671,0.4717425701931294,2.1665958233826825,0.0,2.0267830520776
3,39.68048063048892,0.02064693599528302,11.995846352838935,-0.01683107760099034,-0.0001563692491775813,0.10095547976426533,0.3849888100316556,1.4283035516617222,0.0,1.4841293958941724
3,39.623079303270714,0.02078611368968669,12.016728974335722,-0.057401327218208564,0.00013917769440367073,0.0933177781176663,0.3290631890315103,4.110449790407026,0.0,2.7133512732665337
3,39.731612715309375,0.02073953083231252,12.023425864544809,0.10853341203866052,-4.658285737417153e-05,0.09058429171836552,0.0970413580172779,1.4383833755066315,0.0,0.9132744037878715
3,39.673906318347896,0.02062357180543784,12.009035677573866,-0.05770639696147839,-0.00011595902687467838,0.08123293454550189,0.4954592779506295,3.973892500918059,0.0,2.977864806360288
3,39.673632331687095,0.020887001974418482,12.00653366144363,-0.00027398666080102885,0.0002634301689806405,0.07893244772124308,0.1460485904366505,2.049222332278237,0.0,1.3167083470124195
3,39.66205974460097,0.02081058143981309,12.008345937246032,-0.011572587086128294,-7.642053460539186e-05,0.08319089053852773,0.1865859889349699,3.4081068198005764,0.0,2.077225387770228
3,39.69660410969581,0.02132598111806699,12.015696290206844,0.034544365094845375,0.0005153996782539007,0.07976852052641102,0.4850042891308595,4.614930577503851,0.0,3.2774738670136445
3,39.78123777165681,0.021224930054412137,12.033688914486195,0.08463366196099997,-0.00010105106365485353,0.07220209191782172,0.1151161996168945,3.880907790166369,0.0,2.1706862943169734
3,39.6828727064818,0.02083000493566433,12.053591447794926,-0.09836506517500965,-0.00039492511874780756,0.0857027596631227,0.4464241390937118,1.0509912160793893,0.0,1.4183438862271183
3,39.709631221197945,0.02070038568147094,12.059069369593898,0.026758514716142656,-0.00012961925419338952,0.07960249189233233,0.4530963119632188,1.7073218775385368,0.0,1.7598535626957061
3,39.8481812769104,0.02028448541022005,12.07129613322581,0.13855005571245727,-0.0004159002712508901,0.07081952259690702,0.2726799039074437,4.7066459150757645,0.0,2.8986827653527696
3,40.15756853708872,0.020013534301473172,12.058351212926546,0.30938726017831897,-0.000270951108746878,0.08048213617761583,0.3435940749200573,2.992547250307123,0.0,2.183461774993676
3,40.16576969261225,0.01999161513159234,12.059344645722557,0.008201155523529735,-2.191916988083381e-05,0.08001312038885687,0.4421694660004501,4.896884002121572,0.0,3.332780933061686
3,40.25636094528141,0.020463044249237727,12.05455196930886,0.09059125266915657,0.00047142911764538886,0.08556962062160886,0.0581171184046612,3.0973778719785,0.0,1.6649231727985723
3,40.25329971327771,0.02020135753491511,12.041749365739943,-0.0030612320036951246,-0.000261686714322619,0.09360722006961195,0.1173506654289793,3.3213911939472816,0.0,1.8953969278315994
3,40.41656022664423,0.02042529801733907,12.015770642082732,0.1632605133665166,0.00022394048242396075,0.08409610545809251,0.3635004972520084,3.0445481045690985,0.0,2.249275046788566
3,40.34537166866709,0.02011263612543108,12.019452387550883,-0.07118855797713763,-0.0003126618919079907,0.0848431982745818,0.2321981979270224,2.271786016026188,0.0,1.600289403867139
3,40.414397750346325,0.02000543064132444,12.00186303755436,0.06902608167923319,-0.0001072054841066393,0.0877215355616667,0.0003947224589981,3.604095704525353,0.0,1.8028372971806728
3,40.365977141070985,0.02018599590284418,11.979056116699002,-0.04842060927533964,0.00018056526151974048,0.057383349118275306,0.082273509230228,2.32321953339519,0.0,1.3261567851580511
3,40.41298386339206,0.01999049284928056,11.97216501272829,0.04700672232107195,-0.00019550305356361847,0.0585960513884532,0.4509977658136871,3.370229925744462,0.0,2.5871104944996053
3,40.1143151948131,0.02023734144370642,11.971977906724618,-0.298668668578955,0.00024684859442586013,0.05822344929042269,0.4462946035721453,1.4155255133661695,0.0,1.6003519638273753
3,39.94728936795664,0.020505115705587728,11.963884201433066,-0.1670258268564595,0.0002677742618813067,0.06673340632735551,0.1783053261971003,2.7070393253174,0.0,1.7101303150529006
3,40.1070437526598,0.020605887963103704,11.949142910921555,0.15975438470315595,0.00010077225751597627,0.06685662874308235,0.2261019608262232,2.9721231212892203,0.0,1.9382654822970564
3,40.03868960306764,0.020410757767718064,11.975876388261376,-0.06835414959216024,-0.00019513019538563992,0.107076498524966,0.101152091874039,4.56569586370178,0.0,2.485152115598968
3,40.14811435526251,0.02021450900523918,11.988213661075918,0.1094247521948688,-0.00019624876247888515,0.10874807824572442,0.0071632304538327,1.297482206294541,0.0,0.6630675640549359
3,39.9386072804483,0.01976461603470884,11.987661913570971,-0.20950707481420494,-0.00044989297053034047,0.10910014518440918,0.3755685349113932,3.501331738860423,0.0,2.5018029392529977
3,40.21203528505058,0.019620543661703998,11.976318973523325,0.27342800460228034,-0.00014407237300484085,0.10761818242840068,0.2614299097606195,2.691030286604797,0.0,1.8683749628236375
3,40.00975394642254,0.019668603458273613,11.994536727153298,-0.20228133862804043,4.8059796569615426e-05,0.1105252581655024,0.4324502963499161,2.532317570164443,0.0,2.1310593777820537
3,40.007360093504765,0.01982244203337549,12.007415211463705,-0.0023938529177769396,0.00015383857510187574,0.11392973101654807,0.4983716633242221,4.239589712800573,0.0,3.1165381830487306
3,39.88303072629098,0.01964524773691577,12.027099683891262,-0.1243293672137824,-0.00017719429645971993,0.11642408934653971,0.4600824277849785,3.8480010034329712,0.0,2.8441653572864425
3,40.052949167706345,0.01964686770247576,12.024653636280533,0.16991844141536205,1.6199655599909157e-06,0.1155403245564701,0.1598804829725476,4.977200517334745,0.0,2.8083612246124674
3,40.2231984700731,0.01966191696070312,12.047054597609602,0.17024930236675573,1.5049258227359252e-05,0.10288984732002852,0.1460605961993817,2.750666287039213,0.0,1.66745433591837
3,40.090078743101536,0.01997998339111311,12.075656489202022,-0.1331197269715645,0.00031806643040999116,0.09107981352586786,0.187384633351179,3.1047612339928743,0.0,1.927149883698795
3,40.09051006753912,0.019507115167806,12.048829332223686,0.00043132443758509,-0.0004728682233071102,0.08514143131879,0.1548672718945066,1.482913624012696,0.0,1.0511913557953614
3,39.869780307056665,0.020053750964144933,12.037863731126066,-0.22072976048245607,0.0005466357963389325,0.0908574526430962,0.140957788574068,3.196012261122756,0.0,1.879921707709514
3,39.924727841460694,0.02050206896066937,12.03603859711862,0.054947534404028886,0.00044831799652443605,0.09357230830849435,0.3069895608705446,2.780569509753043,0.0,2.004263876617611
3,39.7683449210849,0.02085546784983771,12.062246810708402,-0.1563829203757905,0.00035339888916834095,0.09957745740206257,0.3270124743573538,1.6870785260046914,0.0,1.4975642117170533
3,39.7678831880846,0.0208574884822621,12.04933900895386,-0.0004617330003000575,2.020632424389046e-06,0.10355263414107786,0.1034528793895696,4.566738966858264,0.0,2.490275242208271
3,39.763493846186336,0.020417052005805146,12.03414825091318,-0.0043893418982676735,-0.00044043647645695266,0.10764887773440962,0.2565240681270911,1.7370589776294847,0.0,1.3815776250689247
3,39.57575920067073,0.02066853629509775,12.0138903145266,-0.18773464551560437,0.0002514842892926035,0.10691322848245358,0.1242219273434577,2.8973548022135325,0.0,1.6971212557936817
3,39.5055087798605,0.020743295339160608,12.006790382557075,-0.07025042081023258,7.475904406285816e-05,0.10650509468162898,0.078956359628313,3.999539015368216,0.0,2.157682226940734
3,39.23102803483235,0.020200062571101667,11.98421709822814,-0.2744807450281499,-0.0005432327680589405,0.11021328795175558,0.3169468484501253,3.1098263368082613,0.0,2.188806865304381
3,39.213277513979804,0.01997700194389257,11.989825863296137,-0.017750520852544582,-0.00022306062720909778,0.12147526238943841,0.2573963163831375,3.922056901369324,0.0,2.475821083450937
3,39.36289723693478,0.020188711128531368,11.997486265620392,0.1496197229549736,0.0002117091846387982,0.12079415307174612,0.4182974015716471,1.2547605392807428,0.0,1.4639750727836656
3,39.36453319305553,0.01986084178779198,12.015863867272172,0.0016359561207508477,-0.0003278693407393861,0.12615999883906912,0.4967566062708412,3.456118968965455,0.0,2.72157269702441
3,39.165415226846356,0.01946008051098743,12.02814799539992,-0.19911796620917244,-0.000400761276804551,0.11992452851109799,0.0555432977171269,3.8817671671940848,0.0,2.0519701790312963
3,39.13054232720818,0.01903826701988906,12.007084006779623,-0.03487289963817375,-0.00042181349109837035,0.10377842196740725,0.3106137361411116,4.498995078447675,0.0,2.8707250115060607
3,39.327177367598246,0.01906904625415019,12.006821379274271,0.1966350403900634,3.077923426112947e-05,0.10390533477887828,0.0823210654481064,1.4756505193747889,0.0,0.9024673905836073
3,39.35062451400771,0.019260795664476058,12.02123687634467,0.023447146409466768,0.0001917494103258685,0.10362905527484496,0.2504295650847122,1.461371942277964,0.0,1.2315451013084064
3,39.519229187623175,0.019025010143488848,12.035738120137259,0.16860467361546227,-0.00023578552098721048,0.09889607990199452,0.3763189449984099,4.793861457839177,0.0,3.1495686189164083
3,39.6638221579239,0.01860689427934601,12.034194010000373,0.14459297030072804,-0.0004181158641428373,0.09997146953438402,0.4799689946620007,2.342299582704014,0.0,2.1310877806760082
3,39.879578725667116,0.01906059320766204,12.073474003594647,0.21575656774321317,0.0004536989283160306,0.10390307918977575,0.1618592938974539,4.377321178175006,0.0,2.5123791768824106
3,39.919683865145316,0.01856773312697264,12.041869574260883,0.04010513947820016,-0.0004928600806894008,0.10091392797086561,0.2852644393298335,3.174572030173296,0.0,2.157814893746315
3,39.88581461100878,0.01869543325974648,12.041493012287905,-0.0338692541365333,0.0001277001327738385,0.10100219956237065,0.4359973105131508,3.98713740994973,0.0,2.8655633260011664
3,39.93716047685922,0.01849613382426816,12.029458832174432,0.05134586585043621,-0.00019929943547832007,0.09620670938526943,0.4392096546891935,4.915939591998392,0.0,3.336389105377583
3,40.07110721255144,0.01856926559262035,12.042625918183612,0.13394673569221993,7.313176835219148e-05,0.10451704536757676,0.0741263142254358,4.305361728295652,0.0,2.3009334925986975
3,40.21426439210675,0.01867673139101849,12.055656823778845,0.1431571795553097,0.0001074657983981403,0.10527244068765626,0.236410160394912,2.185458535836957,0.0,1.5655495887083026
3,40.04204117357657,0.01894886980814562,12.055818402533054,-0.17222321853017775,0.0002721384171271296,0.10511123698138997,0.4014157552917064,4.97790793521552,0.0,3.291785478191173
3,40.03696697025832,0.018864942573861433,12.047634129510191,-0.005074203318251591,-8.39272342841868e-05,0.10582952464992398,0.147817712279855,2.198173628309266,0.0,1.394722238714343
3,40.24309281065344,0.01915740437389496,12.040862029320687,0.20612584039511717,0.00029246180003352634,0.10631617842080708,0.2124517923070029,4.686266469267472,0.0,2.7680368192477416
3,40.120695560360176,0.01932456580031121,12.04820322229027,-0.1223972502932611,0.000167161426416252,0.1029716713338733,0.3189689126614614,2.738069046767662,0.0,2.006972348706754
3,39.86429072365961,0.01931110268215217,12.004627237373011,-0.25640483670056824,-1.346311815903986e-05,0.09559736583439636,0.0220542316600972,2.428905966123869,0.0,1.258561446382129
3,39.883996225859946,0.01960352507956837,12.006181000033052,0.019705502200338287,0.0002924223974161977,0.09397143064746977,0.3558003530012441,1.2958436363404258,0.0,1.359522524172701
3,39.775937349765336,0.01979333158311098,12.00698614158686,-0.10805887609460996,0.00018980650354261108,0.09412306735086579,0.4134371658650239,1.9894645200383596,0.0,1.8216065917492275
3,39.85945253598409,0.020055056890429586,11.996671326694257,0.08351518621875442,0.00026172530731860544,0.09919021367259762,0.1204004117498525,2.939051819232802,0.0,1.710326733116106
3,40.03107524201774,0.01967215372135547,11.974872812551395,0.17162270603365215,-0.00038290316907411623,0.08205222775010916,0.4000721446746008,3.187206758790515,0.0,2.393747668744459
3,39.82762655492406,0.01979510870486222,11.96907758242082,-0.20344868709368313,0.00012295498350674977,0.07212770682009441,0.4532576590402808,3.53748838535771,0.0,2.6752595107594166
3,40.05840576437389,0.01959177343161112,11.975856044676336,0.23077920944982822,-0.00020333527325109776,0.07454304179504502,0.0291236079829394,1.5919061235608472,0.0,0.8542002777463024
3,40.15065117211376,0.020203638432062167,11.965914366568493,0.092245407739874,0.0006118650004510451,0.0771814363951648,0.4189071906405279,1.097016257706454,0.0,1.3863225101342826
3,40.11539771943551,0.02005181666816442,11.954700937430895,-0.03525345267825486,-0.00015182176389774704,0.07922826609305998,0.1658436087146134,1.5714349342248068,0.0,1.1174046845416301
3,40.10946264932152,0.020032972647229287,11.96011892112752,-0.005935070113984864,-1.88440209351326e-05,0.08704930189209474,0.3338216846945052,4.486875168591636,0.0,2.9110809536848286
3,40.11118776150853,0.01972170901076511,11.981926328067313,0.0017251121870103248,-0.0003112636364641756,0.07563159787596754,0.2749482971241346,2.3692036750642216,0.0,1.73449843178038
3,40.07477625551078,0.019762295318258488,11.992325595889977,-0.036411505997755,4.058630749337669e-05,0.07389676416244702,0.093220588102602,1.3885965315877562,0.0,0.8807394419990822
3,40.11051477951335,0.019656287231274,12.002047169953709,0.035738524002574934,-0.00010600808698448677,0.08452927724242314,0.4482713765984883,4.87785193515577,0.0,3.3354687207748617
3,40.10502062720785,0.01976384652176549,12.007287900137243,-0.005494152305502098,0.00010755929049148863,0.07949205057474759,0.465442299991096,2.0114430801994665,0.0,1.9366061400819252
3,40.11689739445582,0.020391924416991742,12.014983403688776,0.011876767247969156,0.000628077895226252,0.07599939264113774,0.2767011575558223,3.074142907743251,0.0,2.09047376898327
3,40.18693111957311,0.020303990124625658,12.017904729537655,0.07003372511729111,-8.793429236608405e-05,0.07851929757527168,0.2413097537171145,1.6239394652695045,0.0,1.2945892400689814
3,40.115822609270374,0.02019504247378594,12.007858446261146,-0.0711085103027358,-0.00010894765083971705,0.08310999550370403,0.4985439740943446,2.9090972153050565,0.0,2.451636555841217
3,40.1150976578963,0.01986347818696892,12.005659566361517,-0.0007249513740745783,-0.000331564286817021,0.08641598645126156,0.0763168598997245,3.3309452999064293,0.0,1.8181063697526636
3,39.96862056667014,0.01979212933550328,12.020965850606327,-0.14647709122615993,-7.13488514656399e-05,0.07696678807101236,0.1725943863377655,2.355934809952404,0.0,1.5231561776517328
3,39.89846837482354,0.01991275413838544,12.011496777000659,-0.07015219184660282,0.00012062480288215979,0.07290416735605669,0.4791720943692137,4.322297458092582,0.0,3.1194929177847186
3,39.82927550067203,0.020120362461043508,11.997810380951409,-0.06919287415150421,0.00020760832265806842,0.079174758741726,0.2827855597852793,4.313909026946217,0.0,2.722525633043667
3,39.76748888899672,0.02074598523535458,11.989977827402726,-0.06178661167530919,0.0006256227743110729,0.07973989218397229,0.4779567974002546,4.538373642346428,0.0,3.225100415973723
3,39.82780121928242,0.02068818523816763,11.975882243905591,0.06031233028569716,-5.779999718695181e-05,0.06445604927442991,0.1991325291828352,1.867068358237604,0.0,1.3317992374844723
3,39.87952144759661,0.02041727090931296,11.978256438285207,0.05172022831418843,-0.00027091432885466976,0.06423997430296467,0.12525179998821,3.499070242776824,0.0,2.000038721364832
3,39.965054336033305,0.02011286128262612,11.981487802268216,0.08553288843669549,-0.00030440962668683985,0.06719784441077008,0.2957899390797176,3.83007901966974,0.0,2.5066193879943053
3,39.974113139388884,0.020157307734389007,11.963645071093568,0.00905880335557896,4.4446451762887584e-05,0.05792924039693536,0.118910915516977,4.886758630672162,0.0,2.681201146370035
3,39.8496253209478,0.02047460756533838,11.948348548739697,-0.12448781844108225,0.00031729983094937186,0.08282035645889842,0.1409475586271455,1.0559229594822357,0.0,0.8098565969954088
3,39.68131909457149,0.02058413307360251,11.951658952869654,-0.1683062263763091,0.00010952550826413138,0.08046027679851844,0.456581986807705,2.7655262695396874,0.0,2.2959271083852535
3,39.661769676952005,0.02050687108389655,11.961788875953925,-0.01954941761948703,-7.726198970596163e-05,0.0979232064951031,0.0295832255317212,3.4372100029846577,0.0,1.7777714525557713
3,39.893429578827195,0.02061253999640847,11.96260196316417,0.23165990187519014,0.00010566891251191993,0.09828871266650345,0.2478437515192885,1.2963798876482633,0.0,1.1438774468627086
3,39.7931713016625,0.02038103269767111,11.982636159665468,-0.10025827716469848,-0.0002315072987373601,0.10537540756119945,0.2861891721809407,1.7934252555512336,0.0,1.469090972137498
3,39.69560072602006,0.01919195645731305,11.991366137396394,-0.0975705756424361,-0.001189076240358057,0.10594645628802016,0.2845406878275934,4.9322592249195445,0.0,3.035210988114959
3,39.68419797048959,0.01931237932633149,11.976553709639314,-0.011402755530468767,0.00012042286901843904,0.11704852685268818,0.269549320500431,3.593822429251612,0.0,2.336009855626668
3,39.689825494631386,0.01917636721258198,11.977082338880667,0.005627524141793572,-0.00013601211374951114,0.11709616321266295,0.3664862274516891,4.824359718424208,0.0,3.1451523141154825
3,39.485783149515726,0.01913459878106405,11.977252003806834,-0.20404234511565988,-4.176843151793008e-05,0.11721499793823571,0.0794101368564142,1.5941767401322031,0.0,0.9559086437789299
3,39.464720916131,0.019051738390364593,11.993141425118491,-0.02106223338472546,-8.2860390699456e-05,0.11824262595947597,0.3354895383869672,2.8524314728045197,0.0,2.0971948131761944
3,39.46285579895736,0.01853096317044571,12.008984171422387,-0.0018651171736436822,-0.0005207752199188828,0.09414008058804761,0.1226248111318386,1.7776216315935731,0.0,1.1340604380604637
3,39.38457284101758,0.018358245721199977,12.003450021321349,-0.07828295793977702,-0.00017271744924573368,0.10165937124870059,0.1716837733200992,1.6501061163778652,0.0,1.168420604829131
3,39.14102032685933,0.01867579880517635,11.989939619840431,-0.24355251415824597,0.00031755308397637266,0.08881158116676549,0.2541484131206756,2.199920045576268,0.0,1.6082568490294853
3,39.205173666223025,0.01906783757303692,11.98802606937823,0.06415333936369194,0.00039203876786057107,0.0886342088848963,0.3995156049923943,1.141803354499369,0.0,1.3699328872344732
3,39.42098058509279,0.019614863817888913,11.975960967736679,0.21580691886976666,0.0005470262448519919,0.07854845053096066,0.2076950120831605,4.019769610077544,0.0,2.425274829205093
3,39.44368436815244,0.020475354950624688,11.96844109384231,0.022703783059647265,0.0008604911327357752,0.07561401907443698,0.0459425370137923,2.588099561006099,0.0,1.385934854530634
3,39.514461476926556,0.02030227475468236,11.993971208601,0.07077710877411647,-0.0001730801959423274,0.0681685150564055,0.2599062385605529,4.303087083507023,0.0,2.6713560188746173
3,39.30378498378334,0.02053607493706817,11.990738044132904,-0.21067649314321812,0.0002338001823858106,0.06919186191408529,0.0494747545254822,3.5601665424670466,0.0,1.8790327802844877
3,39.35219262491962,0.02090868024945372,11.99333654704807,0.04840764113627927,0.00037260531238554953,0.07216660981178698,0.3613842028100676,2.442008417166244,0.0,1.9437726142032572
3,39.21857543931851,0.020925728679902878,12.002491724376847,-0.13361718560110347,1.704843044915763e-05,0.08738616355751715,0.3744671026097481,4.340540050276438,0.0,2.9192042303577153
3,39.31087611960046,0.021048273650462686,12.016552378353504,0.09230068028194438,0.00012254497055980834,0.08660639220862965,0.3724764332033043,2.6899787032724847,0.0,2.089942218042851
3,39.5618265002743,0.02111696625320133,12.029859139655091,0.25095038067384223,6.869260273864239e-05,0.06787821875410686,0.2372644448164449,4.233569821203159,0.0,2.5913138002344693
3,39.94331641205641,0.021141239439931712,12.035668264602679,0.38148991178211134,2.4273186730382895e-05,0.06853430781703607,0.0778654614209802,4.589492518804905,0.0,2.4504771822444127
3,39.76783114530569,0.021111500708173213,12.029245530902676,-0.1754852667507194,-2.973873175849892e-05,0.07620178919279301,0.3521052802080985,3.4149897624630268,0.0,2.4117054416477104
3,39.86053479714151,0.020923642033544767,12.047926886575505,0.0927036518358193,-0.00018785867462844594,0.08626400319080879,0.0186881497133699,2.0500311055962515,0.0,1.0623918522248654
3,40.08258515690481,0.02052757087240615,12.0454545104474,0.22205035976330123,-0.00039607116113861765,0.08931125288203579,0.4363334193039083,3.567568564059977,0.0,2.656451120637805
3,39.908575858193686,0.020425894962186098,12.02639751878807,-0.1740092987111268,-0.0001016759102200511,0.09860161404798264,0.1595369474492002,1.1818761610527262,0.0,0.9100119754247635
3,40.1011748188361,0.020421736924736873,12.026304857084686,0.19259896064241389,-4.158037449224911e-06,0.09867487776445316,0.0065221835626066,3.254003063101684,0.0,1.640045898676055
3,40.024786374672566,0.01995773851616023,11.998932424936333,-0.07638844416353407,-0.00046399840857664493,0.11871716908563051,0.0872085459076726,1.2780273819202117,0.0,0.813430782775451
3,40.26837886186141,0.020270907189016172,11.97213276804246,0.24359248718884174,0.00031316867285594366,0.10724786133407904,0.4261732759430228,4.15559749953454,0.0,2.9301453016533157
3,40.191000616300826,0.0203794696314636,11.974475470932113,-0.07737824556058115,0.00010856244244742894,0.10997740306958022,0.046871390507429,2.956527098198304,0.0,1.57200633011401
3,40.03477926088973,0.02037856389027691,11.976756158919269,-0.15622135541109827,-9.057411866908449e-07,0.11061350873452336,0.4439779832270834,3.73131393546602,0.0,2.753612934187177
3,39.86116224317363,0.02032644661024654,11.975698732258746,-0.17361701771609717,-5.211728003037125e-05,0.10968307714128411,0.3993594033380985,2.8762818594589348,0.0,2.2368597364056644
3,39.84303328467345,0.019906379892542188,11.990850584663672,-0.018128958500177816,-0.000420066717704351,0.11197289186929558,0.3698019548166139,3.3701552201796945,0.0,2.424681519723075
3,39.80862925407686,0.02001358658847073,11.982044060292678,-0.034404030596590474,0.00010720669592854254,0.09889728314568602,0.3441014160454851,1.5605183164548997,0.0,1.4684619903184202
3,39.65521808318276,0.02030210622480977,11.975628037143894,-0.1534111708941026,0.000288519636339038,0.10409267497630784,0.2193261170330129,4.57676502390261,0.0,2.7270347460173308
3,39.78053821394319,0.02041717854602935,11.96555344977472,0.12532013076042858,0.00011507232121958297,0.11643221782363143,0.0355177808184755,3.60949395255419,0.0,1.8757825379140458
3,39.7587175425064,0.02044846470016605,11.955294535419629,-0.021820671436785233,3.128615413669836e-05,0.12179327774660925,0.1145910945139014,3.310447768667516,0.0,1.8844060733615609
3,39.749680617341035,0.020837329262680313,11.96865257513446,-0.009036925165368359,0.0003888645625142635,0.11013920825221436,0.4174950696478368,4.080304555425476,0.0,2.8751424170084117
3,39.57112569780071,0.02038815833411513,11.971064654279491,-0.17855491954032487,-0.0004491709285651818,0.1086016216560491,0.3457616498896105,2.208384156976676,0.0,1.795715378267559
3,39.74140823173977,0.02033668715112837,11.953954497460607,0.17028253393905857,-5.147118298676201e-05,0.0993019165235185,0.3154380593378394,1.7834999330911971,0.0,1.5226260852212774
3,39.78794139353558,0.01993370101894734,11.960356857606731,0.04653316179581424,-0.000402986132181031,0.10552300778184351,0.265860910956185,2.581586808088562,0.0,1.822515225956651
3,39.72216460329576,0.01938195078129825,11.946747660333216,-0.06577679023982341,-0.0005517502376490881,0.10014558305898634,0.2323328097351953,1.8384932793777573,0.0,1.3839122591592692
3,39.658142281698495,0.01924861724643922,11.953007327929209,-0.06402232159726395,-0.00013333353485903143,0.11042010641018617,0.3517714687693293,2.149133279431832,0.0,1.7781095772545745
3,39.51020494777568,0.01911430762159888,11.930697809990702,-0.14793733392281894,-0.00013430962484033832,0.1034889015455608,0.0824020683053454,3.491782698807244,0.0,1.9106954860143126
3,39.764794083287754,0.01906666294536336,11.958279797408572,0.2545891355120773,-4.7644676235521904e-05,0.12152436563695215,0.4518935186053094,2.131421081580981,0.0,1.9694975780011093
3,39.82113664185801,0.0192079440500343,11.993843113381093,0.056342558570257495,0.0001412811046709421,0.121662992109814,0.1389191891653186,4.66738904077104,0.0,2.611532898716157
3,39.72658290874691,0.019282377256989038,12.014115804680058,-0.09455373311109838,7.443320695473682e-05,0.1121229279279713,0.2033444255197382,4.015841231218885,0.0,2.414609466648919
3,39.90521578966908,0.01922599240585202,12.034342290455353,0.17863288092216578,-5.6384851137018105e-05,0.11501428074617373,0.3456384526101964,3.535062451417878,0.0,2.4588081309293317
3,39.82021070495223,0.019388487897208852,12.064823783104211,-0.08500508471684753,0.0001624954913568323,0.12131889732781896,0.3733463103296978,1.5725699608991817,0.0,1.5329776011089864
3,39.71567147541685,0.01952677538999887,12.085130627282963,-0.10453922953538353,0.00013828749279001795,0.11251206332287696,0.1720137773648702,4.065244476738769,0.0,2.376649793099125
3,39.758199957225045,0.01980016597531589,12.09564825763032,0.04252848180819768,0.0002733905853170189,0.11668568604762745,0.0526570323032996,2.456679636109922,0.0,1.3336538826615603
3,39.797329494160664,0.02019902612757078,12.100932240574489,0.0391295369356186,0.00039886015225489013,0.10888818682748867,0.3356877407522488,3.79654580469013,0.0,2.5696483838495627
3,39.86563119328487,0.02033311209229838,12.100366961342328,0.06830169912420558,0.00013408596472760242,0.10869634926880561,0.0107126647407284,4.391316170695536,0.0,2.2170834148292244
3,40.189154905751174,0.02003495932894912,12.1168740317758,0.3235237124663044,-0.0002981527633492617,0.07569836168602619,0.2035647210485406,3.2867363527106703,0.0,2.0504976184524164
3,39.94621057626429,0.01993226636879385,12.094785864885647,-0.24294432948688183,-0.00010269296015526924,0.09513900170016172,0.044126200557152,1.3107488765502944,0.0,0.7436268393894512
3,39.671104623040556,0.019598545105901498,12.067371072589037,-0.2751059532237363,-0.00033372126289235235,0.11375918041729478,0.3681692688066292,2.69879259839104,0.0,2.0857348368087782
3,39.76071435123767,0.01968739545234596,12.061577206427769,0.08960972819711088,8.885034644446135e-05,0.11586787384126232,0.0156992403099945,2.268869308322986,0.0,1.1658331347814819
3,39.563920042907526,0.0195709407631401,12.050724256785497,-0.19679430833014067,-0.00011645468920585753,0.1127497990747276,0.2629223391958258,2.749089765756042,0.0,1.9003895612696726
3,39.63439948523778,0.01956328191205877,12.017693997245019,0.07047944233025305,-7.658851081331075e-06,0.1044264802296297,0.4111325414701678,1.3363129577167907,0.0,1.490421561798731
3,39.55296358052137,0.019346089064669718,11.989590209583076,-0.08143590471640749,-0.00021719284738905276,0.10832595097825343,0.3639747344712914,2.712542326438278,0.0,2.084220632161722
3,39.488587650773624,0.01939917107942823,11.986953946736733,-0.0643759297477473,5.308201475851329e-05,0.10327459485485575,0.3602504162290789,3.817874104895591,0.0,2.629437884905953
3,39.59009864942795,0.01927578796258118,11.987219147911905,0.10151099865432656,-0.0001233831168470506,0.10324364771394143,0.0400799212100816,2.517445488374908,0.0,1.3388825866076173
3,39.597056224927506,0.01928246229260967,11.985640783023804,0.006957575499555446,6.6743300284888285e-06,0.10089436841875313,0.2416136340204002,1.1698303343342151,0.0,1.0681424352079079
3,39.36879251520325,0.01927141632453623,12.000922360289925,-0.2282637097242528,-1.1045968073438578e-05,0.11773322210702913,0.1948660216473649,1.8418413031220453,0.0,1.3106526948557524
3,39.58317013675953,0.019179263823771452,12.002125210968856,0.21437762155627382,-9.215250076477846e-05,0.11696122642614815,0.1701743012970572,3.300279628111093,0.0,1.990488416649661
3,39.687356516276616,0.01952485333666925,12.01128146079483,0.10418637951708831,0.00034558951289779746,0.10971133500368185,0.3422084854412806,2.1418537813670038,0.0,1.755343861566063
3,39.62893103128734,0.01966804559324577,12.006384473207294,-0.058425484989278686,0.00014319225657652077,0.11145419053933785,0.0256134736825498,2.4926056913704526,0.0,1.297529793050326
3,39.808475212397255,0.01999968213330157,11.999611470031592,0.1795441811099181,0.00033163654005579843,0.11181955551348728,0.4759472313865648,4.621184412983505,0.0,3.2624866692648817
3,39.783824750706785,0.02005045974902377,11.99625678702131,-0.024650461690470138,5.077761572220077e-05,0.11578350567282286,0.0485503531969524,3.9932976482947935,0.0,2.0937495305413014
3,39.782227229060126,0.02014728326957297,11.99939003687871,-0.0015975216466586062,9.682352054920032e-05,0.11173414710796158,0.2844472150762061,4.226692137528994,0.0,2.6822404989169093
3,39.880668783046914,0.01989405084612794,11.984819441100285,0.09844155398678822,-0.0002532324234450316,0.09739969054417243,0.0354432361079271,1.6200965515914767,0.0,0.8809347480115925
3,39.686430597191936,0.02003896996869548,11.991644781627787,-0.19423818585497798,0.00014491912256754322,0.09920970276611295,0.2600762777284869,1.6652182263760429,0.0,1.3527616686449953
3,39.79569693034109,0.01958902115074445,12.006238603611974,0.1092663331491508,-0.0004499488179510319,0.12641817032002942,0.3115446875951585,4.053238324441127,0.0,2.6497085374108806
3,39.69639762459402,0.01977399992478972,11.991300022923346,-0.09929930574706702,0.00018497877404527116,0.11183912429888918,0.3224946513031317,1.9707739247403795,0.0,1.6303762649764533
3,39.47296631078392,0.019720410937865418,11.995209930470109,-0.22343131381010295,-5.3588986924302945e-05,0.1105124815077602,0.0845301413201908,2.8017547814473134,0.0,1.5699376733640382
3,39.57461486924046,0.01936383326550151,11.983594294999582,0.10164855845654586,-0.0003565776723639079,0.11903190240893634,0.2687454128737765,4.114856827808378,0.0,2.594919239651742
3,39.81495033370718,0.019349627370235177,11.987305056454822,0.2403354644667175,-1.4205895266333063e-05,0.11840785138230175,0.2194149613201803,3.8247921859891463,0.0,2.351226015634934
3,39.86475988768983,0.01902163790739335,11.987079221286026,0.04980955398264797,-0.0003279894628418281,0.11845998943972917,0.0996758597316175,3.8846344217041833,0.0,2.1416689303153267
3,39.9488824055938,0.01874380984961348,11.996616318105929,0.08412251790397107,-0.0002778280577798685,0.11068872495123515,0.0042076939158056,4.549960535726083,0.0,2.2833956556946524
3,40.113561973910166,0.01896814776036325,12.012329309377451,0.164679568316366,0.0002243379107497688,0.10339200794773075,0.0978995301041654,2.2224448123265343,0.0,1.307021466371598
3,39.98810190846823,0.01901320480393792,11.990381166434677,-0.1254600654419349,4.50570435746693e-05,0.12462399186472961,0.0931429126626343,2.583106393301957,0.0,1.4778390219762472
3,40.06320885377214,0.01891963924690093,11.980553212562716,0.07510694530390793,-9.356555703698977e-05,0.12363745130557116,0.2611732367011896,1.920517269063998,0.0,1.4826051079343783
3,39.91709774149238,0.019240853641043602,11.956556296987154,-0.1461111122797618,0.0003212143941426736,0.07796471995738218,0.1100462984435365,2.793912636054348,0.0,1.617048914914247
3,39.939239311793436,0.019204908385504448,11.956053475426483,0.022141570301059232,-3.594525553915484e-05,0.07746225323737825,0.246143357765503,3.589864444138696,0.0,2.287218937600354
3,40.13507233935982,0.019451865989765383,11.971402108823288,0.19583302756638687,0.00024695760426093546,0.09557146172302912,0.4184271242146027,2.034019000778218,0.0,1.8538637488183145
3,40.18262931798538,0.01989284985628381,11.98724688949291,0.04755697862555763,0.0004409838665184254,0.08698104324019476,0.4175786023803823,2.372856157970193,0.0,2.021585283745861
3,39.86385894638265,0.019435739810966902,11.992508324263172,-0.3187703716027315,-0.00045711004531690663,0.08847798440791821,0.3101934903709791,1.914353032254092,0.0,1.5775634968690042
3,39.757217228471134,0.01944324014411599,12.00582081609302,-0.10664171791151489,7.500333149088739e-06,0.09317675356632747,0.1315606431717499,4.466232157665236,0.0,2.496237365176118
3,39.84793541200632,0.0196586108704528,12.004297136823237,0.09071818353518779,0.0002153707263368096,0.09420975208704088,0.0184504268009071,1.172546069454916,0.0,0.6231738883292721
3,39.699151010872804,0.01931236153938218,12.013703410747091,-0.14878440113351843,-0.0003462493310706187,0.10232813384914392,0.3082807079976964,3.475655843943345,0.0,2.3543893379670653
3,39.76846472163385,0.019550757916463612,12.03293834337851,0.06931371076104398,0.0002383963770814304,0.06862584617703361,0.0921240664432731,2.5919514136554214,0.0,1.4802238397142569
3,40.003676799880054,0.01991162706280692,12.026246939132452,0.2352120782462066,0.00036086914634330877,0.08016910083711745,0.2773451029990973,3.352346079096702,0.0,2.2308632455465456
3,39.89090927597418,0.019888477382562542,12.043597630230357,-0.11276752390587319,-2.3149680244378273e-05,0.0961477337600449,0.4820224115102153,1.6951715798366638,0.0,1.8116306129387625
3,39.90015451924828,0.019677916712366413,12.037864809077487,0.009245243274101256,-0.00021056067019612976,0.09912989686962903,0.3040749602376222,2.906426908387265,0.0,2.061363374668877
3,39.82646704441031,0.019966515529130667,12.02718993854064,-0.07368747483797478,0.0002885988167642545,0.09340830587152298,0.0909727248462597,2.7040507461651084,0.0,1.5339708227750737
3,39.78232853558656,0.01979900336342049,12.0101525563591,-0.04413850882374959,-0.00016751216571017635,0.11012181879651628,0.0420739151495128,4.8503237516309134,0.0,2.5093097061144825
3,39.8799349991459,0.02000653602880558,12.007851278459382,0.09760646355934455,0.00020753266538509063,0.10969979506625867,0.3153064621547715,2.9224787373158927,0.0,2.091852292967489
3,39.81612946208122,0.020053395774826538,12.00102901020124,-0.06380553706468106,4.6859746020956605e-05,0.10575739190251805,0.4731122331434629,3.513363268464361,0.0,2.7029061005191064
3,39.614886133223365,0.01987913098746103,11.995647991733694,-0.20124332885785634,-0.0001742647873655065,0.1104567796419012,0.1404901237908206,1.0707971880198683,0.0,0.8163788415915754
3,39.75572109216198,0.0200853944831609,11.978572021960446,0.14083495893861198,0.00020626349569986824,0.09964269589814906,0.2712087996001739,4.594577301124536,0.0,2.839706249762616
3,39.74103929382219,0.019961184875274478,11.984962638574265,-0.014681798339786667,-0.00012420960788642188,0.10209876989857634,0.3375533524436224,3.113703016823034,0.0,2.231958213298762
3,39.52862250826752,0.01962658585150607,11.997694558848215,-0.21241678555467303,-0.0003345990237684088,0.0953583372041677,0.0717281480157614,1.736527010350846,0.0,1.0117198012069457
3,39.783132830464645,0.019435305513944692,11.97779308929179,0.25451032219712744,-0.0001912803375613767,0.06587326421473647,0.2565189524607452,1.1152679642825394,0.0,1.07067188706276
3,40.03373018134555,0.02016058999547228,11.973573722486584,0.25059735088090207,0.0007252844815275883,0.0680041323360801,0.2920786527532282,3.996742457663779,0.0,2.582528534338346
3,40.08400850629474,0.0196500311214844,11.96711763760313,0.05027832494918982,-0.0005105588739878798,0.06553680007708197,0.2830861264537196,1.6244050145087932,0.0,1.3783747601618357
3,40.00778286988611,0.01973341901771999,11.980319907473168,-0.07622563640862978,8.338789623558995e-05,0.049146155040787474,0.4180850291734399,1.5656609852825958,0.0,1.6190005509881777
3,40.243621340963394,0.01971469841536325,11.968415493904473,0.23583847107728673,-1.8720602356740723e-05,0.0538352301537008,0.1868139045999663,1.878060160887289,0.0,1.3126578896435772
3,40.29879684558163,0.01963954351515366,11.98991691457189,0.05517550461823362,-7.515490020958832e-05,0.10143883210626094,0.2921691799515332,1.878285514686408,0.0,1.5234811172462703
3,40.23364364299237,0.019819203728579503,12.000937653134534,-0.06515320258925783,0.00017966021342584113,0.09471396217942611,0.0777051362729469,2.6621628094144976,0.0,1.4864916772531425
3,40.12047585692072,0.02021698339282737,11.99340586360036,-0.11316778607164935,0.00039777966424786593,0.10097693725511558,0.113858208679161,1.718240442355954,0.0,1.086836638536299
3,40.11649493677881,0.0201352548089303,11.999418272951903,-0.003980920141913202,-8.172858389706925e-05,0.10627991963748151,0.0255633341512961,4.41768213309991,0.0,2.2599677348525473
3,40.26479836428176,0.02005202118215178,12.008708441210354,0.14830342750295245,-8.323362677851998e-05,0.11106109088420531,0.4037181704595927,2.287992403431446,0.0,1.9514325426349084
3,40.22738631324018,0.0202959209132611,11.995213479423109,-0.037412051041577854,0.0002438997311093212,0.1206023745962238,0.3435958963616372,2.7392319510756304,0.0,2.0568077682610895
3,40.097233791071226,0.02003840753763798,12.007743372196504,-0.1301525221689559,-0.0002575133756231203,0.1188971568154041,0.0001143902242287,3.3736829814138303,0.0,1.6870702711553724
3,40.13411480504845,0.02037018842242357,11.99125421569816,0.03688101397722221,0.0003317808847855888,0.13626117859607453,0.2618436066182547,2.5588702209156,0.0,1.8031223236943092
3,40.28201233269637,0.020361741194444734,11.987976340954663,0.1478975276479204,-8.447227978835431e-06,0.13706986466933554,0.2996779994705766,2.029100519480161,0.0,1.6139062586812336
3,40.09092576810079,0.02025050182855284,12.009573899780682,-0.1910865645955795,-0.00011123936589189226,0.13808236093495638,0.2279019977978109,1.7906025469135751,0.0,1.3511052690524092
3,40.119862831589856,0.02017676382563246,11.971248018067724,0.028937063489067327,-7.373800292038296e-05,0.11837914635849553,0.2474103429242514,1.117546160701152,0.0,1.0535937661990789
3,40.336282300159176,0.02017070714027509,11.975439279243579,0.21641946856932037,-6.056685357368891e-06,0.12010853523776066,0.0513444755870426,4.438073446716248,0.0,2.3217256745322095
3,40.346281278404696,0.0197056873864133,12.001837389886564,0.009998978245519652,-0.0004650197538617895,0.12714069172543147,0.2980752585738604,3.963720543602631,0.0,2.5780107889490362
3,40.60834963489616,0.01958117480926931,11.997978548804157,0.26206835649146143,-0.00012451257714398908,0.12408462395801069,0.307402002816451,1.555179147579799,0.0,1.3923935794228015
3,40.55230775925053,0.01984523853352079,11.985466627334535,-0.056041875645625794,0.0002640637242514801,0.11875289050846302,0.0584099028540951,2.6887994425049184,0.0,1.4612195269606494
3,40.303187000898795,0.02006428624156327,12.015742798117664,-0.24912075835173653,0.0002190477080424788,0.12198251385973512,0.3797662200107884,1.075201154488783,0.0,1.2971330172659683
3,40.21870855248318,0.01979966846717956,12.00850041778013,-0.08447844841561647,-0.00026461777438371165,0.12190813750952084,0.0398350268859373,2.859635045321915,0.0,1.5094875764328322
3,40.18694009227106,0.019253889679088268,12.038315511897279,-0.03176846021212043,-0.0005457787880912904,0.09839141152981032,0.2242747114968085,4.545035667796169,0.0,2.7210672568917014
3,40.08105029970406,0.01896663417837505,12.043678731333952,-0.10588979256699815,-0.00028725550071321757,0.0939739032621036,0.3176457078330855,1.941120554074416,0.0,1.605851692703379
3,40.091564927417664,0.01908040813446523,12.030445458462978,0.010514627713604341,0.00011377395609018029,0.09250112191974018,0.424985912537128,2.939661800167368,0.0,2.31980272515794
3,40.06916493414267,0.01905468096046593,12.03939784506661,-0.022399993274994756,-2.5727173999300773e-05,0.07700311846439528,0.1416441280575912,2.1618511849921886,0.0,1.3642138486112767
3,39.901606054552246,0.019225409307777407,12.032293889515717,-0.16755887959042326,0.00017072834731147665,0.08029335923086431,0.3618886733536312,4.048046054122192,0.0,2.7478003737683583
3,39.85161460823474,0.019404921990855497,12.020726784628062,-0.04999144631750596,0.00017951268307809035,0.06893852207841848,0.007312143699406,2.946679060499401,0.0,1.4879638176485126
3,39.640963625364144,0.01906510760128407,12.009235800996924,-0.2106509828705967,-0.000339814389571428,0.06936128619441959,0.2593930828860163,2.87299829543447,0.0,1.9552853134892678
3,39.65783892574218,0.01888705814530214,12.008286472213474,0.016875300378039526,-0.00017804945598192887,0.0699334402219734,0.3378570741858125,4.73555496347456,0.0,3.043491630108905
3,39.79299903722143,0.018706087095706377,11.982835379047708,0.13516011147924445,-0.00018097104959576352,0.05086608327361264,0.2602835072116478,2.5134519947345044,0.0,1.7772930117905479
3,39.82850012053471,0.01865298595831677,11.970195476215604,0.035501083313285164,-5.310113738960648e-05,0.06593863942518619,0.4524940026367833,4.169118272669934,0.0,2.9895471416085337
3,39.71827885201101,0.01926926695948477,11.969460183704388,-0.11022126852370207,0.0006162810011679995,0.0644246948316243,0.3515844556614494,4.911168511109286,0.0,3.158753166877542
3,39.687823651878944,0.01958463220000334,11.966971059356057,-0.03045520013206726,0.0003153652405185718,0.06374056242896071,0.3164289856427505,1.955284364708394,0.0,1.610500153639698
3,39.67642207833253,0.01990481500705901,11.967059928668537,-0.011401573546415023,0.00032018280705566754,0.06376172597997773,0.0169701429860917,4.181339524739396,0.0,2.1246100483418817
3,39.68234183451802,0.02026173968506146,11.969693439720766,0.005919756185491565,0.00035692467800245084,0.0634132375204461,0.202630885673621,3.3310658526121157,0.0,2.0707946976533
3,39.74447522671899,0.020140996653028383,11.93618123600891,0.062133392200969695,-0.00012074303203307712,0.12414553675092406,0.2707890736263111,4.000247455786045,0.0,2.5417018751456446
3,39.673189780568876,0.01999378949845183,11.913980434333508,-0.07128544615011378,-0.00014720715457655284,0.12444085563603664,0.4358084202764171,2.9461338431142603,0.0,2.3446837621099643
3,39.67909216064494,0.020574900731488203,11.903707026852839,0.005902380076065583,0.0005811112330363737,0.12489629157308775,0.1701843605288667,3.0450046393062964,0.0,1.8628710407108815
3,39.66547896363466,0.02056761384002429,11.921226531279515,-0.01361319701027952,-7.286891463911815e-06,0.14526806363481473,0.1609205352326105,3.971646172509511,0.0,2.3076641567199765
3,39.67887946019013,0.02065936848009927,11.926024042805622,0.013400496555469488,9.175464007497858e-05,0.1456123215698785,0.4970388757434684,3.8135736899891777,0.0,2.900864596481526
3,39.71322946024475,0.020993529719758028,11.928775049413812,0.03435000005461575,0.0003341612396587576,0.14428363065102465,0.3241325832915313,3.2599511028393438,0.0,2.2782407180027344
3,39.91518058839686,0.0204620054422315,11.93275515387199,0.20195112815211047,-0.000531524277526528,0.14958300679269393,0.4930618922436904,1.908543341023535,0.0,1.9403954549991482
3,40.01425600673476,0.02050243249060064,11.941991992109816,0.0990754183379039,4.0427048369141155e-05,0.1550034025459255,0.2264329563313568,3.5223345775643216,0.0,2.2140332014448743
3,40.17539672460653,0.0207035775222786,11.940643368986057,0.16114071787176698,0.00020114503167795866,0.15468344395813025,0.2691663632756656,4.413737910684695,0.0,2.7452016818936786
3,40.17199123546934,0.02049488325048692,11.937733883857655,-0.0034054891371866347,-0.0002086942717916783,0.15425996470699438,0.2059865924115489,1.82849614715306,0.0,1.3262212583996278
3,40.02669781509895,0.02039770007355178,11.974082565733397,-0.14529342037039328,-9.718317693514084e-05,0.11111589960817422,0.1490003047082601,2.6924407308096887,0.0,1.6442209748213645
3,40.13022013204909,0.02082680068598278,11.989528780323125,0.10352231695014069,0.000429100612431,0.09586103274575024,0.3671622202978306,1.760009542307604,0.0,1.6143292117494632
3,40.091877525832835,0.02089625685828863,12.020242158950023,-0.03834260621625418,6.945617230584913e-05,0.09628162230098065,0.3875438600334734,4.7590789778169,0.0,3.1546272089753966
3,39.93471981286287,0.021484942998373,12.01115075863824,-0.15715771296996195,0.0005886861400843692,0.08745451279963425,0.3313130072043628,3.896451898232173,0.0,2.610851963524812
3,40.029965800987426,0.02151251241900435,12.017052855679694,0.0952459881245531,2.756942063135079e-05,0.08536090629140934,0.024346658620983,2.097510742422797,0.0,1.0974486884533643
3,40.32629013975931,0.02172306319132743,12.027375141050138,0.2963243387718819,0.0002105507723230808,0.07187294083417678,0.4276750756572976,1.358092017340475,0.0,1.5343961599848326
3,40.05369070400937,0.022177245177440172,12.003961224982195,-0.27259943574993883,0.0004541819861127415,0.07401252509868722,0.1931164009636622,1.587679526866196,0.0,1.1800725653604225
3,40.05683209829116,0.02220010583824822,11.978628268652859,0.0031413942817906104,2.2860660808046718e-05,0.09228264986256472,0.1031267575930111,2.9900546661190357,0.0,1.7012808482455402
3,39.75571903919483,0.02123080109919514,12.000480199078018,-0.30111305909633046,-0.0009693047390530798,0.11294881639239292,0.2451230872741626,1.9670464832583223,0.0,1.4737694161774864
3,39.82955636159765,0.02119747266651035,12.004195672489104,0.0738373224028237,-3.332843268478991e-05,0.1115185356163173,0.339545262650866,2.189615775987787,0.0,1.7738984132956253
3,40.020709554451194,0.02092761322888983,12.006197776954474,0.19115319285354104,-0.00026985943762052045,0.11153291501391198,0.489003282471129,2.917356013125279,0.0,2.4366845715048973
3,39.985624018614544,0.0206630737083449,12.02571832064297,-0.035085535836650195,-0.00026453952054492774,0.12063149383892925,0.0148304707905558,3.210637044611501,0.0,1.634979463886862
3,40.06159938167523,0.02070114004204063,12.00291984355123,0.0759753630606852,3.8066333695730564e-05,0.11386366037153799,0.3602514677319726,4.1892385363047255,0.0,2.815122203616308
3,40.242965839001336,0.02021489286103568,12.002592148357953,0.18136645732610646,-0.00048624718100495276,0.11371607667615105,0.4930386997413085,4.287792673971996,0.0,3.129973736468615
3,40.30202439720865,0.02017984432195676,11.990272865531605,0.05905855820731176,-3.504853907891972e-05,0.11866427039307446,0.1930366556456422,3.334504029197656,0.0,2.0533253258901123
3,40.11618717691779,0.01979787833617331,11.996748348017858,-0.18583722029085692,-0.0003819659857834494,0.11988505289388919,0.1149422828932666,1.960380878104055,0.0,1.2100750048385607
3,40.250197573261296,0.01935474043274327,11.997009232010495,0.13401039634350553,-0.0004431379034300388,0.11963581019261645,0.3145936276198078,3.490992267843177,0.0,2.374683389161204
3,40.272306875969825,0.019199424802099442,12.022049261707513,0.022109302708528844,-0.00015531563064382845,0.10106174428074957,0.35698172990534,1.1320890324047954,0.0,1.2800079760130778
3,40.46909794756096,0.01948755869113819,11.988236064715476,0.19679107159113585,0.0002881338890387483,0.09651789170487884,0.3275078835434593,2.6751319088362124,0.0,1.9925817215050248
3,40.29561580402282,0.01934198306015275,11.988297647801677,-0.17348214353813773,-0.00014557563098543946,0.09651368913690775,0.3353767662875568,1.5313369673088388,0.0,1.4364220162295331
3,40.37360941446743,0.01987262429905512,11.99840825156757,0.07799361044460795,0.0005306412389023685,0.10468016733669555,0.4738453630056582,3.6155477779607175,0.0,2.7554646149916753
3,40.435934059815025,0.01931988429402866,11.98443330812508,0.0623246453475943,-0.0005527400050264579,0.0884452028414535,0.2482291527786877,3.8006573361733262,0.0,2.3967869736440384
3,40.32379901651606,0.018954400353634993,11.989909295770797,-0.11213504329896296,-0.00036548394039366897,0.08648771840483316,0.3243688900712081,3.759182074779803,0.0,2.5283288175323175
3,40.33249960224294,0.01910601922901053,11.992755419382446,0.008700585726877819,0.00015161887537553861,0.08901534371963311,0.2747636770698249,1.7199410646511324,0.0,1.409497886465216
3,40.326355710513326,0.01909537372566829,12.0074731928912,-0.006143891729614381,-1.0645503342239515e-05,0.08259422870482942,0.3868124384726465,3.5800628746091023,0.0,2.5636563142498443
3,40.39816200731696,0.01925269808733786,11.992951576999275,0.07180629680363637,0.00015732436166956965,0.08765420336296571,0.2681559880262483,2.5477998490165894,0.0,1.8102119005607913
3,40.35571120010648,0.019616590200405147,12.009338867429166,-0.042450807210485664,0.0003638921130672858,0.08251822894334887,0.017291583753655,4.885491283371978,0.0,2.477328809193299
3,40.10435175756153,0.01936207756039563,12.011270880970638,-0.25135944254494547,-0.000254512640009516,0.0840752405826956,0.1698474238995131,3.639652284269265,0.0,2.1595209899336587
3,39.95474215569554,0.01913153631177285,12.026832757234336,-0.14960960186598982,-0.0002305412486227794,0.06200799978180037,0.366175657012451,3.151711272998281,0.0,2.3082069505240423
3,39.97602050141607,0.01946044342302762,12.033303627647465,0.021278345720531888,0.0003289071112547691,0.06023565953255114,0.1398034303829578,1.7054098746891069,0.0,1.1323117981104691
3,39.992278937327356,0.01920995653313355,12.023428038541903,0.01625843591128273,-0.0002504868898940693,0.052593509460352864,0.3903500103615426,4.756677986377015,0.0,3.1590390139115927
3,40.03667144058387,0.01968124191391078,12.019248099985905,0.04439250325651756,0.00047128538077722756,0.05430793618489566,0.2725794115386218,2.5263878979497063,0.0,1.8083527720520967
3,39.870399694368515,0.02010820039398409,12.023790841382642,-0.166271746215358,0.00042695848007331255,0.05314350556691125,0.0741956733499524,1.5742980765197236,0.0,0.9355403849597667
3,39.86738947818062,0.01997339739605377,12.02459431920867,-0.0030102161878957645,-0.00013480299793032155,0.05406824040280761,0.4778596245557123,2.83202132609818,0.0,2.3717299121605144
3,39.42651948338441,0.01977545761609607,12.023641306681792,-0.44086999479620914,-0.00019793977995770026,0.05384984976169079,0.454004164230639,3.432848469104885,0.0,2.6244325630137206
3,39.26503267696107,0.01983638325927829,12.046815611993551,-0.16148680642334057,6.092564318221916e-05,0.044156367852594997,0.1779041958769783,2.593352436242557,0.0,1.652484609875235
3,39.25812955366725,0.01971896287665882,12.035191419120945,-0.006903123293817259,-0.00011742038261946738,0.05462747445791727,0.3497960502427609,2.8409977848427013,0.0,2.1200909929068725
3,39.52859377966591,0.01994844850970581,12.032980064779967,0.2704642259986585,0.00022948563304698785,0.053018816747068105,0.0298957731077502,4.691373857071984,0.0,2.4054784747514923
3,39.7203132037873,0.020533715184995492,12.028314156804198,0.19171942412138776,0.0005852666752896828,0.05773114250671091,0.1094497264878652,3.388407091874348,0.0,1.9131029989129045
3,39.64287525983543,0.02076862401019954,12.009768014871888,-0.07743794395187109,0.0002349088252040464,0.07738028497086902,0.1007559983662303,4.82142823317353,0.0,2.6122261133192257
3,39.482403230091414,0.02094222813309813,12.008024626947815,-0.16047202974401387,0.00017360412289859142,0.07736363523283794,0.1009641773185447,4.905084872344594,0.0,2.6544707908093867
3,39.48172060628929,0.02070784672876785,12.009120621154704,-0.0006826238021275799,-0.00023438140433027985,0.07701046811814277,0.1963636850904293,1.5834010829397545,0.0,1.184427911650736
3,39.84196558939692,0.0203266504271579,12.014565184412495,0.3602449831076342,-0.00038119630160994913,0.08063444866812536,0.4296347315643369,1.9858640376885144,0.0,1.8522014819729309
3,39.792584391210426,0.02053387858170218,12.00642118013441,-0.04938119818649511,0.00020722815454428042,0.07689811449507339,0.0984441314646194,3.269800462416035,0.0,1.8317884941372562
3,40.148340573074414,0.02097100692952792,11.999885525019014,0.3557561818639883,0.00043712834782573887,0.07740171259780003,0.4080347936917539,4.075034992359374,0.0,2.8535870835631947
3,40.16638165164233,0.020798687252862953,11.980016884318157,0.01804107856791859,-0.00017231967666496775,0.06384872174058491,0.1347204494952047,1.8385599441026628,0.0,1.1887208710417407
3,40.18432744308312,0.02038428814715153,11.992895689372727,0.017945791440787673,-0.0004143991057114216,0.06834685133244985,0.2932753757621095,1.6177983277844938,0.0,1.395449915416466
3,40.162827606894,0.02031056020010577,11.971556746592086,-0.02149983618912188,-7.372794704576038e-05,0.07826159560591192,0.1608403590721844,4.581946673242435,0.0,2.6126540547655868
3,40.0646637947102,0.01974808349068073,11.9738127075926,-0.09816381218379888,-0.0005624767094250423,0.0781198799059442,0.4495655446804061,1.3229985878702273,0.0,1.5606303832959258
3,40.312583667524436,0.019416384564408994,11.99672553919,0.24791987281423644,-0.0003316989262717347,0.07519372828821382,0.1531565865142375,3.215592020299588,0.0,1.9141091831782688
3,40.554164159099614,0.01974311601158107,11.988856768446771,0.2415804915751778,0.0003267314471720774,0.07874801017156602,0.034550250266282,1.4505416359976344,0.0,0.7943713185313812
3,40.44748901406116,0.01995482562500434,11.989800824521755,-0.10667514503845155,0.00021170961342326794,0.07884198223854029,0.2202066774507372,3.751338879488602,0.0,2.3160827946457756
3,40.28289318647236,0.02031297211611826,11.98931924304323,-0.16459582758880487,0.0003581464911139205,0.07819924748356138,0.3345451747284573,1.2651850867939674,0.0,1.3016828928538984
3,40.34049853157346,0.02030613161563773,11.98517676834248,0.057605345101102046,-6.84050048052956e-06,0.07853193161767832,0.4697987554215651,3.357966080508197,0.0,2.6185805510972284
3,40.325885209845396,0.020055927649954793,11.979565079329179,-0.01461332172806351,-0.0002502039656829373,0.08205017228248979,0.4104101662363785,3.2100896307175617,0.0,2.425865147831538
3,40.389534666154894,0.0201350261597882,11.982254161120744,0.06364945630949848,7.90985098334078e-05,0.08082112533013439,0.2969112086356359,3.955915383865218,0.0,2.571780109203881
3,40.382818196528014,0.02018517049088637,12.000210572786457,-0.006716469626880439,5.014433109816821e-05,0.11542381157627768,0.3157469033448192,3.4180309280743595,0.0,2.3405092707268182
3,40.18672393993121,0.020142864202969648,12.024335969715313,-0.19609425659680113,-4.2306287916720614e-05,0.10399670775173807,0.2468961699538983,1.291399991759981,0.0,1.139492335787787
3,40.38059811956815,0.02073000365083507,12.021062544854278,0.19387417963693565,0.0005871394478654222,0.10605799478152594,0.273165578437681,4.585236349289339,0.0,2.8389493315200314
3,40.46776968907807,0.0209252271496794,12.002187023830956,0.08717156950991978,0.00019522349884432827,0.10897998011758898,0.1299831606600627,2.182369702991596,0.0,1.3511511728159236
3,40.31622987487666,0.02041378547873659,12.005119742358255,-0.1515398142014064,-0.0005114416709428096,0.10696295922411649,0.100035546181837,4.32439209934582,0.0,2.362267142036584
3,40.37026516948612,0.02044569285718435,11.986623690540972,0.054035294609455775,3.19073784477604e-05,0.12258467890123068,0.2300896242100247,1.3363513541569816,0.0,1.1283549254985403
3,40.54851299899647,0.020105620723521768,11.986777064966159,0.17824782951035445,-0.0003400721336625813,0.12271741918916722,0.0477286598596863,2.04650229444824,0.0,1.1187084669434926
3,40.574743504128406,0.02001047379405761,11.9921632712422,0.02623050513193448,-9.514692946415923e-05,0.12263606074156516,0.1868128771829783,4.297619325983858,0.0,2.5224354173578853
3,40.7470127035211,0.019923460854778308,12.00330172455439,0.17226919939269436,-8.701293927930107e-05,0.11925596204366049,0.4238035836825853,3.159563614253464,0.0,2.427388974491903
3,40.75899815566982,0.01958773876399077,12.016398137628558,0.011985452148721265,-0.0003357220907875373,0.12125124725218109,0.257500187863212,2.841572107156415,0.0,1.9357864293046316
3,40.856998523411804,0.01998379797914767,11.98466150550272,0.09800036774198162,0.00039605921515689993,0.09063661983855761,0.1096916327690888,4.665054913071366,0.0,2.5519107220738606
3,41.007314169173455,0.019757774847896988,11.958605986325553,0.15031564576165124,-0.00022602313125068274,0.09554392038188851,0.3525380817997343,4.783712046390365,0.0,3.096932186794651
3,40.76288366112014,0.01942212908664867,11.959949199846529,-0.24443050805331268,-0.00033564576124831685,0.09545403003185754,0.0216659311937028,4.398789187468051,0.0,2.242726456121431
3,40.57229392053052,0.01925673131947804,11.957922160034428,-0.19058974058962264,-0.00016539776717063026,0.0970174753770862,0.3068281588191591,2.784964167858296,0.0,2.0061384015674664
3,40.490506508182236,0.01962597956865878,11.95340125135329,-0.0817874123482838,0.0003692482491807411,0.09839440311201662,0.0342863748604223,4.072287879638376,0.0,2.1047166895400324
3,40.56255012603309,0.019560313369085,11.96298993210105,0.07204361785085212,-6.566619957378006e-05,0.08761426752823283,0.399087972334015,2.6729730581384614,0.0,2.1346624737372606
3,40.4866122366418,0.01969125134786299,11.945956907498466,-0.07593788939129098,0.00013093797877798685,0.07768451616054586,0.1306335526234358,2.79559975085616,0.0,1.6590669806749516
3,40.425123784026766,0.01918510750066482,11.939175890452374,-0.06148845261503055,-0.0005061438471981698,0.07388042311549095,0.3193840131815047,3.5630773940016622,0.0,2.4203067233638405
3,40.19046301757176,0.01930746910014452,11.934672626539665,-0.23466076645500777,0.0001223615994796999,0.06963013546153997,0.1875658806806648,4.988911802182842,0.0,2.8695876624527505
3,39.900718464656904,0.01970110926111802,11.91946932604515,-0.2897445529148541,0.00039364016097350255,0.04301726753669534,0.2229814771697811,3.980795751753402,0.0,2.436360830216263
3,39.83561536409108,0.01951802531119944,11.919918423898764,-0.06510310056582114,-0.00018308394991858185,0.0432068205131362,0.3480116936683883,2.0386124481530525,0.0,1.7153296114133028
3,39.61317030710201,0.02004532380831886,11.951095223979582,-0.22244505698907346,0.000527298497119421,0.07106758039810479,0.1571822392524014,1.1605585508003258,0.0,0.8946437539049656
3,39.62658045746807,0.020315587908646928,11.948186245387905,0.013410150366063078,0.000270264100328068,0.07124672291352362,0.3516226331498605,2.3330696052260524,0.0,1.869780068912747
3,39.687558618413775,0.020254999036972747,11.95825496531711,0.06097816094570163,-6.058887167418106e-05,0.06788892248783884,0.3134560290046944,4.049234268946688,0.0,2.651529192482733
3,39.7913465606531,0.019682385315817792,11.961767840871534,0.10378794223932886,-0.0005726137211549548,0.06577637335128614,0.120456108298527,1.009037838345184,0.0,0.7454311357696459
3,39.64950817026426,0.019569728239265997,11.9860652761538,-0.14183839038884116,-0.0001126570765517948,0.08686115243472443,0.4464933298368707,3.211373645952537,0.0,2.49867348265001
3,39.5924562256041,0.019689025146794888,11.984983461047138,-0.05705194466015939,0.00011929690752889022,0.08793749122543774,0.1414998144170314,2.099009433189196,0.0,1.332504345428661
3,39.570847394177065,0.01991997570007257,11.99872714334225,-0.021608831427037956,0.00023095055327768121,0.0919754070079186,0.3773010884723202,3.2760089667453114,0.0,2.392606660317296
3,39.640816320788716,0.019728967410244068,12.011200377233234,0.06996892661165077,-0.00019100828982850093,0.09678630796098034,0.2307288653152212,4.395524617617111,0.0,2.659220039438998
3,39.87868217353141,0.01965721150816954,12.011591186161375,0.23786585274269356,-7.175590207452939e-05,0.0964732998429096,0.3513920816167662,3.946957111748719,0.0,2.676262719107892
3,39.96991293825519,0.01989101484562212,12.019675950189274,0.09123076472378244,0.00023380333745258094,0.09297453072354607,0.2291545023337279,1.0545713996062482,0.0,0.98559470447058
3,40.167634434451955,0.01969996375791341,12.009444927470117,0.19772149619676327,-0.00019105108770870946,0.08375995164279355,0.1012516829026248,3.5678252451023846,0.0,1.9864159883564418
3,40.10604046288783,0.019157546706607312,12.017437539589622,-0.06159397156412183,-0.0005424170513060982,0.0791451775952707,0.4351036250936362,3.252417814590108,0.0,2.4964161574823267
3,40.033908085128544,0.019307196117136022,12.025201152785126,-0.0721323777592886,0.00014964941052870995,0.0791651070518828,0.1164425277630678,4.110092290428977,0.0,2.287931200740624
3,39.951793172644464,0.01967960043546287,12.045417455307106,-0.0821149124840801,0.0003724043183268473,0.08117565027702653,0.4507646029597488,1.528899345408924,0.0,1.6659788786239595
3,40.0173132358169,0.02016509849606018,12.034715548200486,0.06552006317243553,0.0004854980605973093,0.0716135014894371,0.2174943736185838,1.7372354104847498,0.0,1.3036064524795425
3,40.12025918938929,0.01995568184329936,12.062095441382027,0.10294595357238734,-0.00020941665276081808,0.06738864143521278,0.1255680865585486,4.051388941978587,0.0,2.276830644106391
3,40.11337435857502,0.01992099742211615,12.059481575066638,-0.006884830814264831,-3.468442118320994e-05,0.06693448658574516,0.1978776792265901,3.8853285577217087,0.0,2.3384196373140345
3,40.03869679548252,0.019947152685283777,12.051806414174294,-0.07467756309250007,2.6155263167626508e-05,0.06615629541635211,0.2459944520935487,1.404940670784566,0.0,1.1944592395793805
3,39.96634662257593,0.019602885850353642,12.056528284659937,-0.07235017290659584,-0.00034426683493013477,0.05886602542527241,0.49201254240747,3.169208624351566,0.0,2.568629396990723
3,39.849077163927106,0.01953725358032548,12.064778987355393,-0.11726945864882055,-6.563227002816252e-05,0.05882922117233988,0.4733980162773919,2.060696368730783,0.0,1.9771442169201752
3,39.776152865822134,0.01942936599573486,12.0512781793975,-0.07292429810497225,-0.00010788758459061992,0.07858741570234774,0.3277493803697641,4.956097170827801,0.0,3.1335473461534287
3,39.819330681176275,0.019612625524099377,12.06200616858944,0.04317781535414156,0.00018325952836451692,0.07980295147522298,0.2181513743058915,4.190323287600108,0.0,2.531464392411837
3,39.807679602369205,0.019632514239146658,12.065480983183576,-0.011651078807069837,1.9888715047280958e-05,0.08047506675195278,0.2258223641373034,1.5378794024193527,0.0,1.2205844294842831
3,39.69601041382164,0.019267245685362124,12.04713996428249,-0.11166918854756602,-0.00036526855378453404,0.08159391774869824,0.3979055350133301,4.578944295170093,0.0,3.0852832176117064
3,39.626671519755696,0.01916773224146851,12.050226248003048,-0.06933889406594318,-9.951344389361183e-05,0.08221098616600976,0.1009516108683832,4.834444025781979,0.0,2.619125234627756
3,39.47784259469553,0.01957136010591378,12.020758756451546,-0.14882892506016532,0.000403627864445269,0.08502126781963301,0.3316163925827329,3.249026183234968,0.0,2.2877458767829495
3,39.46795651023386,0.019411813799131927,12.019896939094716,-0.009886084461669498,-0.00015954630678185339,0.08464216786502864,0.3897079751172818,4.559835914265449,0.0,3.059333907367288
3,39.75005529429784,0.01904311297530567,12.00244399152128,0.2820987840639759,-0.0003687008238262568,0.10038322200182491,0.2196109548221049,4.344164334809584,0.0,2.6113040770490015
3,39.83398832835327,0.01931998076625071,12.014866840671797,0.08393303405543406,0.0002768677909450387,0.10630984362711403,0.2025344052684388,3.8116416661101504,0.0,2.3108896435919526
3,39.95478953234719,0.019477724417411767,12.021608514548069,0.12080120399392058,0.00015774365116105749,0.11426608969592417,0.3469932149478748,3.3490799006240506,0.0,2.3685263802077747
3,39.99365248408127,0.019738987821518568,12.028381575131661,0.03886295173407461,0.00026126340410680127,0.10809959086954311,0.1344395746037368,3.785419177166648,0.0,2.1615887377907974
3,40.04846367809184,0.02001986893983433,12.026873649876176,0.05481119401057555,0.0002808811183157636,0.10680240553304224,0.3877467258333903,4.602007406079203,0.0,3.0764971547063817
3,40.051116762670475,0.019565445614215117,12.014895492929254,0.0026530845786325585,-0.00045442332561921456,0.10500618509760579,0.0517434335849164,2.491062419518101,0.0,1.3490180769288833
3,40.155390081959794,0.020017956004246086,12.023155759254283,0.10427331928931949,0.00045251039003096905,0.10345926681743195,0.1998940654013141,1.2156744503385588,0.0,1.0076253559719075
3,40.29084222172648,0.02008766889019727,12.014435485402611,0.13545213976668435,6.97128859511835e-05,0.10190652240388884,0.4324932240266494,1.662468775461461,0.0,1.6962208357840294
3,40.38383184157662,0.019789650059847362,12.034143763132723,0.09298961985014387,-0.0002980188303499075,0.09178332619717058,0.4307870938262348,3.5036709656507248,0.0,2.6134096704778322
3,40.41235495108125,0.020076108874064257,12.02532280745729,0.028523109504625666,0.00028645881421689515,0.09433574080069893,0.1371863394999102,2.334128847384004,0.0,1.4414371026918225
3,40.120731060925316,0.020445353484327237,12.025812361632921,-0.2916238901559325,0.00036924461026298025,0.09332524771754791,0.2043593157690657,2.515215645769238,0.0,1.6663264544227505
3,40.04926757811762,0.02022587836327889,12.031311939448756,-0.07146348280769388,-0.00021947512104834865,0.10051762736227944,0.2194879170644303,1.2463138061715973,0.0,1.0621327372146592
3,39.97128990946237,0.020025999698354523,12.003413464388979,-0.07797766865525091,-0.00019987866492436612,0.09667169340308944,0.2347055476348132,4.312866328999845,0.0,2.625844259769549
3,40.11377376207274,0.01971974904548656,11.990030777147735,0.14248385261036844,-0.00030625065286796205,0.11043901324751704,0.2525428447513526,1.0303968279958875,0.0,1.020284103500649
3,39.941300639307435,0.019477138181912768,11.98011293093829,-0.1724731227653038,-0.00024261086357379308,0.1033656880996857,0.2252827995054866,2.255392806423338,0.0,1.5782620022226421
3,39.89449226702321,0.01968810001520868,11.966670808052168,-0.046808372284225186,0.000210961833295914,0.11240788885949632,0.0566826130261843,4.717872314265099,0.0,2.4723013831849183
3,39.863372834563535,0.019784903250284442,11.950453830619887,-0.031119432459675522,9.680323507576041e-05,0.11190795120266908,0.4690196672248709,3.853749099523637,0.0,2.8649138842115605
3,39.70346774842355,0.01963986553356573,11.93839423191692,-0.159905086139986,-0.0001450377167187128,0.11346239639305593,0.2119365519766693,3.3289632078513005,0.0,2.088354707878989
3,39.754265044378876,0.01959125268701804,11.914785646616703,0.050797295955327115,-4.861284654768955e-05,0.10545123918180649,0.0579247157469605,0.8117386939239919,1.0,5.5217187784559165
3,39.72872721493044,0.01965768458936939,11.927761589642891,-0.025537829448438742,6.643190235134863e-05,0.11894401624416039,0.0605582218801018,2.766135354309428,1.0,6.504184120914918
3,39.85566684150543,0.019339139948469718,11.950213490079532,0.1269396265749947,-0.0003185446408996706,0.12447379439047274,0.0987812219768255,3.8674112094876074,1.0,7.131268048697455
3,39.90948312089718,0.019530455633679382,11.921552693035324,0.05381627939174649,0.00019131568520966424,0.09849333260515857,-0.1922795038084055,3.5934304762049707,1.0,6.4121562304856745
3,39.83532811261121,0.0197395743634843,11.944684965400665,-0.07415500828597033,0.00020911872980491908,0.11591064584223915,0.1413007923829971,2.2589426765806504,1.0,6.41207292305632
3,39.78383167931143,0.019983146591907128,11.970824596049514,-0.051496433299774935,0.00024357222842282672,0.11762036670879782,-0.0493655976818774,1.3643979455277155,0.0,0.5834677774001029
3,40.06276370193104,0.02087365069195899,11.957303894252203,0.2789320226196068,0.0008905041000518629,0.12109022452024633,0.2023968020264206,2.5634954372271066,0.0,1.6865413226663946
3,40.057672442104746,0.02090899490424871,11.882312261895766,-0.005091259826293992,3.534421228972018e-05,0.30050707683150135,0.1937754583427239,3.610156731370002,0.0,2.1926292823704485
3,39.9241068862426,0.02067194706762669,11.862456283847546,-0.13356555586214824,-0.0002370478366220223,0.3071207049184402,-0.060378500495701,2.621176076459141,1.0,6.189831037238168
3,40.12876095596788,0.02030671793687071,11.862276772423304,0.20465406972527944,-0.00036522913075597713,0.3071156459447862,-0.1320382206372636,1.88091827774352,1.0,5.676382697597233
3,40.154361454265725,0.02069792163308498,11.940924492272439,0.025600498297848162,0.00039120369621426995,0.39067437567856006,0.1401509931915467,1.6611226997849426,1.0,6.110863336275565
3,40.17539446844943,0.0207694085850865,11.891604043107012,0.02103301418370762,7.148695200151836e-05,0.4006074419082213,0.1828297180366187,0.4917635101298366,0.0,0.6115411911381557
3,40.12008061891822,0.021369828282164157,11.910163054639074,-0.05531384953120977,0.0006004196970776574,0.41427935742156163,0.0918985901738781,2.940287336744217,0.0,1.6539408487198648
3,40.42338619266379,0.0216830123505802,11.992281076288275,0.3033055737455683,0.00031318406841604127,0.48394333528154787,0.3383559084595553,3.6740208950278817,1.0,7.513722264433051
3,40.31019012129498,0.0218671861073832,11.932402651314796,-0.1131960713688116,0.0001841737568030015,0.5028628334262027,0.1446818556433662,0.4715410446711816,1.0,5.525134233622323
3,40.26142987745335,0.02204711284712366,11.917571749545974,-0.04876024384162747,0.00017992673974046025,0.49970092345056233,-0.0036046345329037,3.283418669729453,1.0,6.634500065798919
3,40.09399192322611,0.021710496029628018,11.963055547743972,-0.16743795422723906,-0.000336616817495642,0.5152364415068326,0.1485801499924279,1.6896212862086002,1.0,6.141970943089156
3,40.2340417053382,0.02231951549847418,12.104718059291788,0.14004978211208652,0.0006090194688461621,0.4377297700780729,0.264972977981332,2.489324470133194,0.0,1.774608191029261
3,40.453764110775424,0.02255208749730352,12.091701267764261,0.2197224054372242,0.00023257199882933954,0.45335250685634726,0.0447952121960448,3.723904230363405,1.0,6.951542539573792
3,40.49132350690205,0.02324958256266029,12.18178057615484,0.03755939612662473,0.0006974950653567714,0.4920808694788747,0.2102757691635886,3.3435613916390503,0.0,2.0923322341467023
3,40.33238842303293,0.02366168043664383,12.131466460782791,-0.15893508386911748,0.0004120978739835385,0.4663868656950639,-0.1005672387734387,0.248918038458497,1.0,4.923324541682371
3,40.38795297772899,0.02392394318617424,12.142125903866077,0.05556455469606192,0.0002622627495304092,0.4538889318166908,-0.189227349713404,2.856281009881475,1.0,6.0496858055139295
3,40.45833317309673,0.02409992360710128,12.13951391404049,0.07038019536773987,0.00017598042092704241,0.45318544556395385,0.2339779428863836,3.46524260163556,0.0,2.200577186590547
3,40.09591155290859,0.02395934621240248,12.109456170998854,-0.36242162018814383,-0.0001405773946988008,0.42030867139273487,0.2164361562701609,2.606682162721752,0.0,1.7362133939011977
3,40.25840361966368,0.02445989288282894,12.141561379873774,0.16249206675509242,0.0005005466704264584,0.3809206930674888,-0.1031402552987296,2.0529629240867235,1.0,5.820200951445902
3,40.45362763028183,0.0243510395504406,12.145692291029954,0.19522401061814776,-0.00010885333238833811,0.37879459369500007,0.1403616250460542,1.5910569446800595,1.0,6.076251722432138
3,40.56843782076459,0.02452181371610428,12.086895696090084,0.11481019048276409,0.00017077416566367923,0.39343783232939517,-0.1266709544420091,0.5470141928508093,1.0,5.020165187541386
3,40.620546290799,0.0240946505035017,12.074488529327263,0.052108470034404775,-0.00042716321260257914,0.38043918025314066,-0.1718256687351408,3.163649744835633,0.0,1.238173534947535
3,40.58450704377893,0.023919633119344072,12.101509288069028,-0.036039247020070775,-0.00017501738415762885,0.34735206657392426,-0.1328184915510145,3.7760078179577583,1.0,6.62236692587685
3,40.55204584263463,0.02423850978745215,11.985091958076625,-0.032461201144300844,0.00031887666810807846,0.28849266661280826,-0.1943276047360856,0.688148805009356,0.0,-0.04458080696749317
3,40.65422631958435,0.02415457844386984,12.01965951752115,0.10218047694972654,-8.39313435823108e-05,0.3254971029416485,-0.058501869402272,0.2900291276068926,0.0,0.028010824998902298
3,40.79412484857827,0.0244355986097685,12.111636813890081,0.13989852899391764,0.0002810201658986593,0.35516009435473517,0.1920170511730359,3.623028083678459,0.0,2.1955481441853015
3,40.9130886048716,0.02465359053847285,12.065961549545,0.11896375629332567,0.00021799192870435025,0.36634126556089497,0.3010772385182387,2.3357365895813498,1.0,6.770022771827152
3,40.92861684341905,0.024870265717472688,12.062256211868455,0.015528238547453554,0.00021667517899983876,0.36271018631593577,0.0909717352676921,1.2223799544545773,1.0,5.793133447762672
3,41.050995098610514,0.02469862163448058,12.124720507279793,0.12237825519146384,-0.0001716440829921083,0.3744835953703207,0.1311375220898183,2.511324530311202,0.0,1.5179373093352377
3,41.17836705901842,0.0248811814550522,12.129890018816704,0.12737196040790622,0.00018255982057161987,0.3727443297566035,0.3378694704879952,3.392414178318437,1.0,7.371946030135209
3,41.269140852016235,0.02503376031294894,12.169596740775438,0.0907737929978154,0.0001525788578967402,0.3463064085234103,0.3007179777744271,1.0049050110131583,1.0,6.103888461055433
3,41.32857427228069,0.025427279718975532,12.196263828221998,0.05943342026445464,0.0003935194060265927,0.37378546827844095,0.1937069194642097,3.0854470586899048,1.0,6.930137368273372
3,41.47022884226392,0.026360114815065373,12.15840788258688,0.14165456998323123,0.0009328350960898409,0.4307263340684323,0.1281565902685762,1.6823777593570934,0.0,1.097502060215699
3,41.38140293675138,0.026000557539404827,12.24364551574041,-0.0888259055125431,-0.0003595572756605464,0.3918178938401241,-0.173956823335525,0.7921485126526614,1.0,5.04816060965528
3,41.512604835018266,0.02603174085168229,12.192854057179204,0.13120189826688744,3.1183312277461434e-05,0.3919936345106497,-0.1184399769536963,3.541673524576772,0.0,1.5339568083809934
3,41.34109485999766,0.026129063373601807,12.130847451558656,-0.17150997502060505,9.73225219195184e-05,0.36421832810847593,-0.013598722687128,0.6486029044968116,1.0,5.29710400687415
3,41.34897638459938,0.02585765076058651,12.105827359820692,0.007881524601721424,-0.0002714126130152969,0.3979570166336669,0.110787581724295,1.33301810121792,1.0,5.88808421405755
3,41.35017190372073,0.02598436828795418,12.142339741774183,0.001195519121345967,0.00012671752736766878,0.4392027374764523,-0.1812223102846061,1.6745147785616152,0.0,0.47481276871159545
3,41.29471315765508,0.0255250537460175,12.07540937180554,-0.05545874606564638,-0.0004593145419366784,0.43498155257191173,0.2784084601914657,1.4749062777917228,0.0,1.2942700592787928
3,41.03038899098574,0.02613739966045368,12.075316407259887,-0.2643241666693399,0.0006123459144361798,0.43499005524460327,0.0295732897294292,0.3401655307133391,1.0,5.229229344815528
3,41.11161574018884,0.026621936712835283,12.071552973584568,0.08122674920309692,0.0004845370523816027,0.4345997749883626,0.2953466258982042,3.3830797620567807,0.0,2.282233132824799
3,41.0459387888425,0.02666375258984851,11.970864484077413,-0.06567695134634022,4.181587701322653e-05,0.40098757926478595,-0.1636592893410293,2.818984898901768,0.0,1.0821738707688255
3,41.259533939979804,0.02627643731061787,12.122468510754633,0.2135951511373051,-0.0003873152792306378,0.46148040794216794,-0.0423140603625405,2.876088197552285,1.0,6.3534159780510615
3,41.546786822959476,0.026445495226873082,12.117488775338538,0.2872528829796721,0.00016905791625521083,0.4577076661798659,0.249094246099293,3.5121890608795554,0.0,2.2542830226383637
3,41.48402722170749,0.026398792078067012,12.236080660965781,-0.0627596012519831,-4.6703148806070266e-05,0.5562751733775739,0.0485883925933361,1.2661811044738631,0.0,0.7302673374236037
3,41.646195254325896,0.026521067479129662,12.275895692666063,0.1621680326184034,0.00012227540106264992,0.5520711538449914,-0.0650704935186087,0.4389844540640015,0.0,0.08935123999478334
3,41.70003668687144,0.02712397468849536,12.26754439504229,0.0538414325455463,0.0006029072093656981,0.5650742291945355,0.2108826653283077,1.4877220594246496,1.0,6.1656263603689405
3,41.862152703700204,0.02726291945162061,12.159214200210915,0.16211601682876164,0.00013894476312524898,0.5699156720840703,0.162559743904563,2.58732656341274,1.0,6.618782769515496
3,41.91737718563387,0.027845534023690176,12.258959369076683,0.05522448193366358,0.0005826145720695675,0.5869058655031848,-0.0586046422401715,2.600526098839224,0.0,1.183053764939269
3,41.88011906158508,0.027601652222805927,12.225555282564345,-0.037258124048790364,-0.00024388180088424916,0.6098670844510754,0.1852734000425372,1.5652146582277249,0.0,1.153154129198937
3,41.838853681463355,0.02676350054430841,12.22653673199352,-0.04126538012172176,-0.0008381516784975174,0.609641849360242,-0.0075593589273786,2.721227482516254,1.0,6.34549502340337
3,41.82436078434331,0.02709606769413439,12.282251169204471,-0.014492897120042869,0.0003325671498259804,0.5748846117885561,-0.1224340388818088,0.5457558235638125,1.0,5.028009834018289
3,41.58063257423909,0.0276713560399659,12.269343888059572,-0.24372821010422285,0.0005752883458315095,0.5592239602454582,0.093682182262105,2.177899899775719,0.0,1.2763143144120694
3,41.54309734262772,0.02815831951708126,12.283751338788516,-0.037535231611371955,0.0004869634771153611,0.5650319632170889,0.2073447070768106,3.8904705608248378,1.0,7.35992469456604
3,41.41082664565652,0.028670494709796053,12.129911751347283,-0.1322706969711973,0.0005121751927147922,0.510030902040167,0.0470111320076488,2.6589521088016435,0.0,1.4234983184161194
3,41.39367503651198,0.028710758636783778,12.12370537907874,-0.01715160914454117,4.026392698772488e-05,0.5067134949382727,0.2515879975503046,0.5971004608644315,0.0,0.8017262255328249
3,41.46436274063407,0.028644755088933698,12.161305108815355,0.07068770412209346,-6.600354785007978e-05,0.4630043590786575,-0.0715984589076808,1.7374443286906882,0.0,0.7255252465299825
3,41.38860055040938,0.028601095686629635,12.258901116385681,-0.07576219022469388,-4.365940230406304e-05,0.4455254413641274,0.208800427752484,3.3086056840002707,0.0,2.0719036975051033
3,41.38659006901585,0.02849697836888332,12.192782823186668,-0.00201048139352622,-0.00010411731774631616,0.4040078496159456,0.1058532553340115,1.7331812421046746,0.0,1.0782971317203602
3,41.67402442424354,0.028381221449213057,12.239382239212755,0.28743435522768834,-0.00011575691967026167,0.3666479416155553,0.2092322105846372,2.782751362701499,1.0,6.809840102520024
3,41.879086850299096,0.028730319347599086,12.266273421144783,0.20506242605555514,0.00034909789838602837,0.3655576424033718,-0.0137667711792004,1.0427580191484556,1.0,5.493845467215827
3,42.11332348270758,0.029040735048760723,12.337323813586462,0.23423663240848214,0.0003104157011616371,0.41679546735217404,0.063513131790699,4.070630360469647,1.0,7.162341443816222
3,42.05845719959875,0.02878378984854747,12.25587450384435,-0.05486628310882935,-0.0002569452002132537,0.3883276463888959,-0.1284534133308832,3.4312630722038824,0.0,1.4587247094401747
3,42.001294037612084,0.02916276964075289,12.201446038548426,-0.057163161986665045,0.00037897979220542083,0.3801862586060468,0.3231795787499915,0.8084295297699274,1.0,6.050573922384947
3,42.270626351655025,0.029237884844692696,12.246197031285604,0.26933231404294133,7.511520393980661e-05,0.32528442095221655,0.2986493818709418,2.397828481129527,1.0,6.796213004306647
3,42.43047121626199,0.02921086777950734,12.197693647168466,0.159844864606967,-2.701706518535782e-05,0.34523741863732094,-0.0398559663215975,4.512498656323293,0.0,2.1765373955184515
3,42.47176471668506,0.02954066156411838,12.306193564672908,0.04129350042306612,0.00032979378461104117,0.38291396497584296,0.0940834285364371,2.8364218008299336,1.0,6.6063777574878415
3,42.62899384179569,0.03031338416078812,12.393469560861984,0.15722912511063214,0.0007727225966697414,0.5334780739029787,0.1530027621987252,1.5819374817967191,0.0,1.0969742652958099
3,42.62788943077429,0.03055684673892132,12.350051999185258,-0.0011044110214015745,0.0002434625781331974,0.5730258776751828,-0.1614984054152061,1.8450092592120768,0.0,0.5995078187756262
3,42.61523365931554,0.03141314805111728,12.310874307761434,-0.012655771458746301,0.0008563013121959603,0.5994098461599798,0.3877392050719828,3.771360799551295,1.0,7.661158809919613
3,42.5024468153852,0.03209132181845109,12.298041042014225,-0.1127868439303441,0.0006781737673338117,0.5992837406640016,0.0305652672565601,1.43325404911638,1.0,5.77775755907131
3,42.393216398678746,0.03204487569200278,12.242539710213112,-0.10923041670645262,-4.6446126448308755e-05,0.5606716155640341,0.3160208591896144,4.122825529485924,0.0,2.693454483122191
3,42.69986085312746,0.032069791563555786,12.168455465715553,0.30664445444871546,2.4915871553003732e-05,0.6376014763300389,0.1875567616073141,3.906878546948117,1.0,7.328552796688687
3,42.607068898585965,0.03186552864804219,12.21373584883584,-0.09279195454149658,-0.00020426291551359221,0.6410289618198081,0.18284945261391,2.388002503963242,0.0,1.5597001572094409
3,42.66804778399691,0.031674899076294484,12.231252677444974,0.06097888541094676,-0.0001906295717477094,0.6386927207660534,0.270870157959944,2.534965735407793,0.0,1.8092231836237844
3,42.57596697950092,0.03176271643078004,12.318165979239154,-0.09208080449599265,8.781735448555594e-05,0.6409808057752501,0.3543173159013761,2.538026599906257,1.0,6.977647931755881
3,42.445358697091855,0.031897630492978855,12.213392457506707,-0.13060828240906375,0.0001349140621988154,0.6190699846062561,-0.0446414975964242,3.9355811953711983,0.0,1.8785076024927507
3,42.47718003134882,0.031992117192808464,12.049784565181064,0.03182133425696776,9.448669982960872e-05,0.42896576832093225,-0.019698227458533,3.040712153560923,1.0,6.480959621863396
3,42.61112250951821,0.03233900371741704,12.132946393218642,0.13394247816938787,0.00034688652460857644,0.43443869329388335,0.2208879416033544,0.6593640473662599,1.0,5.771457906889839
3,42.805439673094455,0.03219887115673522,12.095386936500535,0.19431716357624396,-0.00014013256068182156,0.4820414894980623,0.0589050124934893,4.0051409789270505,1.0,7.120380514450504
3,42.72039959268987,0.032115516152679296,12.0717650025401,-0.08504008040458189,-8.33550040559225e-05,0.4796448899471572,0.137582202166832,4.027018841890875,1.0,7.288673825279101
3,42.64512582867012,0.03222526958226708,12.01490587831509,-0.07527376401975516,0.00010975342958778611,0.4759037101989774,0.2259883208258057,1.4925532116798013,0.0,1.198253247491512
3,42.69777466164087,0.032968297542409666,12.018170808263857,0.05264883297075329,0.0007430279601425838,0.47034418631815916,0.1294882539371202,1.0703349056628852,0.0,0.794143960705683
3,42.87843322436068,0.03310256218257673,11.959128918865176,0.18065856271980607,0.00013426464016706025,0.4449442101081245,0.1314330804073056,4.092478597034563,0.0,2.3091054593318927
3,42.58248204390863,0.03315853170107524,11.92107477834054,-0.29595118045205027,5.596951849851095e-05,0.43505582986492675,-0.1397876784079829,4.027627045284357,1.0,6.734238165826213
3,42.627778120451225,0.03406931107387305,11.793796139043842,0.045296076542598485,0.0009107793727978139,0.35220495146795433,0.2926743583629398,2.7651529440688933,0.0,1.9679251887603262
3,42.54445569426314,0.03396489577547658,11.820047381816032,-0.08332242618808294,-0.00010441529839647079,0.367192454435735,0.2806492972539682,1.470602815689579,1.0,6.296600002352726
3,42.57253598789379,0.034064114705752005,11.81132112426375,0.02808029363064435,9.921893027542428e-05,0.3671336213260502,0.1675779562189613,1.163478560293403,0.0,0.916895192584624
3,42.619497330013715,0.03389017519054799,11.779261763100791,0.04696134211992842,-0.0001739395152040163,0.3060535342223611,0.0992882963299967,2.8560936885290205,1.0,6.626623436924504
3,42.46429866969271,0.034087865224552906,11.731598844615373,-0.15519866032100538,0.0001976900340049173,0.3951805520706989,0.3636678866276647,4.157534540659146,0.0,2.806103043584902
3,42.79188471626433,0.03421486784969725,11.69415049808435,0.32758604657161783,0.00012700262514434707,0.3835042813887494,0.2462232466346229,3.4448610570214395,1.0,7.214877021779966
3,42.753834565519995,0.03411205032879045,11.649006363825773,-0.03805015074433271,-0.00010281752090680191,0.3976272359553455,0.1986241556342964,2.983715083987952,1.0,6.889105853262569
3,42.50703830442491,0.03430325543865627,11.727174585835046,-0.2467962610950849,0.00019120510986581768,0.39992319736098453,0.060353163688666,2.1093999051512022,0.0,1.175406279952933
3,42.37521040066549,0.034390166262958585,11.752426728472491,-0.13182790375942233,8.691082430231645e-05,0.4175709748087127,0.2956381565257834,2.324134963407831,0.0,1.7533437947554824
3,42.516040528408034,0.034963543290639894,11.865358567346174,0.14083012774254655,0.0005733770276813085,0.5719038945987058,0.0432857398048444,2.1605156279636675,1.0,6.1668292935915225
3,42.571742958398936,0.03475769643950963,11.898509559012293,0.05570242999090169,-0.00020584685113026607,0.5546047775549785,0.0651546737692811,3.392640417293338,0.0,1.8266295561852313
3,42.812365658076644,0.0349895677275794,11.90368424302782,0.24062269967770789,0.00023187128806977098,0.5571676137972974,0.0243558018443244,3.450369490968905,1.0,6.773896349173102
3,42.96677536274957,0.03551061735677398,11.869851748455524,0.15440970467292914,0.000521049629194581,0.575856842150771,0.0637605664718847,1.5978290379705542,1.0,5.926435651929046
3,43.04822360297691,0.0361603408692859,11.826728409284033,0.08144824022733843,0.0006497235125119197,0.5633870414787563,0.2484055132864751,1.0746728349394818,0.0,1.034147444042691
3,43.01089731349329,0.03632423617507431,11.875940713049319,-0.03732628948362304,0.00016389530578841266,0.4931870331068244,0.1760794359297368,0.7069785712091189,0.0,0.705648157464033
3,42.82937455891869,0.03666621264063941,11.9304790799906,-0.1815227545746012,0.00034197646556510114,0.49372380687974154,0.1935648674542,2.83362745847471,0.0,1.803943464145755
3,43.21662434884563,0.037318767166522736,12.003644664680845,0.3872497899269405,0.0006525545258833226,0.44790742223100916,0.2508252112163056,2.340011767343193,1.0,6.671656306104207
3,43.3868904445754,0.03708615214961515,12.00589265317059,0.17026609572977236,-0.00023261501690758496,0.44844213915963455,0.2738527528447954,2.293896268949865,1.0,6.694653640164523
3,43.49118836326444,0.03750959249775316,12.003457685621594,0.10429791868904204,0.0004234403481380086,0.44780033412922843,-0.1166277888667865,2.101172622165328,1.0,5.817330733349091
3,43.60200445858499,0.037485814068534254,11.933178978705715,0.11081609532055126,-2.377842921890555e-05,0.31158386303990926,-0.0869654096808666,3.9251803033368073,1.0,6.78865933230667
3,43.70716707750006,0.0379072113883143,11.903428550619179,0.10516261891506673,0.00042139731978004663,0.34037258031472617,0.2606145369981856,3.9455268184673034,1.0,7.493992483230023
3,43.74787607794834,0.03815521013114552,11.878317383301582,0.040709000448281074,0.0002479987428312194,0.3271372317987795,0.0112129648028927,2.72576995681626,0.0,1.3853109080139154
3,43.614863944041744,0.03772452297088139,11.996669636280373,-0.13301213390659683,-0.0004306871602641274,0.3615909926553474,0.3053899180622504,1.6602521949132687,0.0,1.4409059335811352
3,43.5868320187805,0.03772556257194186,11.934611418302428,-0.02803192526124576,1.0396010604665773e-06,0.446109947525014,0.057909604815155,3.123559584156542,0.0,1.6775990017085811
3,43.87612472344719,0.03825973172760555,11.917720230003733,0.28929270466669266,0.0005341691556636913,0.47033486808523334,0.3366097009323009,3.3382768447397493,0.0,2.3423578242344765
3,43.753741420998615,0.03848867723012271,11.8452222196595,-0.12238330244857565,0.00022894550251716106,0.48111905056210236,0.0166907721403948,2.6323253033752065,0.0,1.349544195968393
3,43.58894302667253,0.03864695438683805,11.838155958019602,-0.164798394326084,0.00015827715671534043,0.4779997273169861,0.4083309073040767,4.191676802217995,0.0,2.912500215717151
3,43.68435525474986,0.03909050634304048,11.868068559795068,0.09541222807732908,0.0004435519562024301,0.5055999789381891,0.1185599304574044,1.3564774315454418,1.0,5.915358576687529
3,43.757678024621285,0.03871120434198292,11.784282649634452,0.0733227698714245,-0.0003793020010575618,0.5318564626220823,-0.0654846048177448,3.461427021666624,0.0,1.5997443011978225
3,43.70600232872572,0.038890465233937646,11.782717409611468,-0.0516756958955682,0.0001792608919547259,0.530258522087122,0.2043615937484231,2.1699325225140846,1.0,6.493689448753889
3,43.69245362316617,0.038981140335290945,11.772497618330043,-0.01354870555954335,9.067510135329915e-05,0.5375546675802232,0.1135701184784848,3.8391452425106247,1.0,7.1467128582122825
3,43.66313289105334,0.03932024742942834,11.83764108145997,-0.029320732112836367,0.0003391070941373975,0.5943747361526467,0.1362046550416197,2.832455017995343,0.0,1.688636819080911
3,43.8090032152036,0.039441619751727934,11.8088461350324,0.14587032415026613,0.00012137232229959133,0.5581612716210407,-0.0116336790964397,4.935143244598292,1.0,7.4443042641062664
3,43.76798006689796,0.03979164132823384,11.885591329341025,-0.04102314830564069,0.0003500215765059045,0.5097469880610531,0.1275475954793707,3.2655750937399355,1.0,6.8878827378287095
3,43.521798497091986,0.0393985484559675,11.965511183083832,-0.2461815698059766,-0.00039309287226634015,0.4592150356918676,-0.0619570211523422,2.8345109810747733,0.0,1.2933414482327021
3,43.83319225984861,0.03954801355702203,12.052858039093527,0.311393762756623,0.0001494651010545342,0.43374837546239314,0.3200313138306782,3.394965132445216,0.0,2.3375451938839644
3,44.02713411457906,0.03956906264685448,12.091022744539309,0.1939418547304541,2.1049089832449186e-05,0.444922406200105,0.391765556298459,3.179773996356757,1.0,7.3734181107752965
3,44.02446203644782,0.03933283298206229,12.10168716525705,-0.002672078131240596,-0.00023622966479219104,0.454618706921123,0.1115331538868824,2.2076748477532,1.0,6.326903731650365
3,44.09703771575173,0.039535620163748626,12.240412788043113,0.07257567930390962,0.00020278718168633553,0.37408930840284066,0.4056687174672834,2.8585236346907688,1.0,7.240599252279951
3,44.30366994058029,0.0399093751169734,12.192457651822618,0.20663222482856014,0.00037375495322477387,0.4005840991197357,0.4056690566626234,3.915151880800901,0.0,2.7689140537256973
3,44.24453590035556,0.03972330855317148,12.269093608184352,-0.05913404022473401,-0.00018606656380192044,0.2853485714407061,0.2491839461805304,1.305521710728844,0.0,1.1511287477254828
3,44.160697928903915,0.040024464935859885,12.25078388227623,-0.08383797145164351,0.0003011563826884056,0.2689358670992374,0.2141775360382736,2.774089471599831,0.0,1.8153998078764628
3,44.23077799306738,0.04004338987017864,12.2465476735008,0.07008006416346291,1.8924934318757802e-05,0.26785413428435867,0.417688003224577,1.9528953604464203,1.0,6.811823686672364
3,44.271773318971285,0.04016357845695649,12.210379483673073,0.04099532590390709,0.00012018858677784877,0.332336002676201,0.2836271642142193,3.23015356454239,1.0,7.182331110699634
3,44.56476332092372,0.04019810390271869,12.211439801016548,0.2929900019524325,3.4525445762198514e-05,0.33178197650621,0.3306073833656398,2.0397664727738536,0.0,1.6810980031182063
3,44.556085115859005,0.040042335095438475,12.166054437944265,-0.00867820506471162,-0.00015576880728021547,0.3447390095002123,0.3291921093780536,3.135070027689728,0.0,2.225919232600971
3,44.536393770062574,0.04018913222564434,12.130528656251913,-0.019691345796431392,0.00014679713020586405,0.338661409357951,0.0103377679542391,1.599284267083518,0.0,0.8203176694502371
3,44.55239775111175,0.04052923326908928,12.120561519291758,0.016003981049173888,0.00034010104344494446,0.3272750224561894,0.3913830613399908,2.522012252211086,1.0,7.043772248785524
3,44.81471844847373,0.041032629260414163,12.063905495058894,0.2623206973619787,0.0005033959913248801,0.2697720745813936,0.1435431513378799,4.419158154585059,0.0,2.4966653799682894
3,44.955441330553676,0.04133725090993009,12.0161866341769,0.14072288207994887,0.00030462164951592513,0.3538690168319114,0.1989622520840915,1.3929174307324503,1.0,6.094383219534408
3,45.06523278433065,0.04195582717774779,11.962310654989379,0.10979145377697108,0.0006185762678177012,0.37182081189457994,0.2143895290955445,2.3268018932252037,1.0,6.592180004803691
3,45.2229205242581,0.04194838396351825,11.903865161414938,0.15768773992745366,-7.443214229539696e-06,0.3414748609211435,0.0322697926966752,4.606279513054942,1.0,7.367679341920821
3,45.084191606278885,0.04241796453627468,11.887457800120629,-0.13872891797921483,0.0004695805727564298,0.3244205374689934,0.2233203301261522,1.122484078565253,0.0,1.0078826995349308
3,45.06290045875019,0.04262494659928083,11.952454304216408,-0.02129114752869299,0.0002069820630061503,0.3179292498880954,0.1589235719520118,4.372843470615269,0.0,2.504268879211658
3,44.991526418992805,0.04306087323917956,11.959461796101369,-0.07137403975738721,0.00043592663989872743,0.32131865395926684,0.4787566734482739,3.748478209305157,0.0,2.8317524515491264
3,45.00228294547902,0.04339631589913344,11.877759540673598,0.010756526486211726,0.0003354426599538815,0.43052291534809184,0.4381985261838305,3.4426009290886266,0.0,2.5976975169119743
3,44.9364285028839,0.04350434857906596,11.845762840596825,-0.06585444259511775,0.00010803267993252097,0.43039664201365313,0.144011886200365,2.189212307570443,0.0,1.3826299261859514
3,44.8306551356912,0.04345039404930175,11.798081879426409,-0.10577336719269681,-5.3954529764213555e-05,0.3838457811060039,0.1924543771481529,1.3283223252150045,1.0,6.049069916903808
3,44.743363527759975,0.04345736457145563,11.789439877735322,-0.08729160793122759,6.970522153884606e-06,0.37767556539209934,0.501180909084277,3.337120261203548,0.0,2.670921948770328
3,44.58921887273425,0.04333381739531077,11.845080385604836,-0.15414465502572483,-0.0001235471761448642,0.3375351336263043,0.3331193825331828,2.55128495876408,0.0,1.9418812444484055
3,44.59851812004196,0.042997196695906466,11.898381360328573,0.009299247307708924,-0.0003366206994043011,0.33855666421277425,0.3047249322936124,2.573990323185296,0.0,1.8964450261798729
3,44.708533161893214,0.04327636660764987,11.937233887518238,0.11001504185125555,0.0002791699117434057,0.34910024636810894,0.2184889216517873,2.8729657705791185,0.0,1.873460728593134
3,44.83441549096516,0.04348458927413887,11.895248347339876,0.12588232907194907,0.0002082226664889969,0.3492439417361791,0.1438820182409927,4.668644504746558,0.0,2.6220862888552645
3,44.950860255919466,0.04319614437909906,11.876600976651172,0.11644476495430212,-0.00028844489503980497,0.3348942722008714,0.0449970259724415,3.873335911783984,1.0,7.026662007836875
3,44.86758324853364,0.04348930444873912,11.909690903096418,-0.08327700738582422,0.00029316006964005825,0.3764924721872721,0.1889471633365986,0.9755501947795524,0.0,0.8656694240629734
3,44.70480208667427,0.0434534364667409,12.035888508426307,-0.16278116185937108,-3.586798199822078e-05,0.2492493420426294,0.3241783754506022,3.8517098858820864,1.0,7.574211693842248
3,44.661937564006315,0.043816641218936234,12.093199702248457,-0.04286452266795493,0.0003632047521953327,0.2293772606668646,0.4354175491285011,3.091015525027242,0.0,2.4163428607706234
3,44.988505899962306,0.04404116311464292,12.018542787219854,0.3265683359559901,0.00022452189570668774,0.3654597938308632,0.3728352458961859,4.017611153531235,1.0,7.75447606855799
3,44.89263323684254,0.04407695365891074,11.99548968962884,-0.0958726631197635,3.5790544267819135e-05,0.37425937341051657,0.3144337193844806,1.1955385169398802,0.0,1.2266366972389013
3,44.94521902250674,0.04427513208386173,11.975703832823992,0.052585785664199136,0.0001981784249509913,0.38703763538091324,0.2037806591557739,1.4707624331609537,1.0,6.142942534892025
3,44.84280241761259,0.04432020172989179,11.950824100982883,-0.10241660489415239,4.5069646030057586e-05,0.38298779363614244,0.4353905102965153,3.7242803418974657,1.0,7.732921191541763
3,44.78891026809468,0.04422703310296068,11.900399758210767,-0.05389214951790677,-9.316862693110883e-05,0.38029947220905846,0.0531838993218507,4.81900780099109,0.0,2.5158716991392467
3,44.73247379433124,0.04452044112134782,11.919889403641623,-0.05643647376344063,0.000293408018387141,0.37413049507700574,0.1081968819837466,3.083830154387691,1.0,6.758308841161339
3,44.83505677018964,0.044629322862955546,11.955295127189071,0.10258297585839671,0.00010888174160772479,0.4014236571284918,0.1418247029303116,3.231848913673418,1.0,6.899573862697332
3,44.66065950748739,0.04496890566714297,11.949541889683722,-0.1743972627022501,0.000339582804187423,0.3937081675564214,0.2132263138138025,3.4387202722956696,1.0,7.14581276377544
3,44.91262513674262,0.04539558139226416,11.94001485040049,0.25196562925523125,0.0004266757251211936,0.3848034117400427,0.498277370738925,2.4695810404492198,1.0,7.23134526170246
3,45.18598540412693,0.04547569495789308,11.827424198000225,0.2733602673843123,8.011356562891842e-05,0.4366595076602037,0.3329378622157827,1.7264152328402291,0.0,1.52908334085168
3,45.002691876153136,0.0455259191056676,11.92095568774009,-0.18329352797379528,5.022414777451634e-05,0.38293215020432414,0.3670612876300856,3.934087857510656,1.0,7.701166504015499
3,45.2388783238094,0.04578913958119935,11.941358245996792,0.23618644765626584,0.00026322047553175437,0.3790972627130118,0.4496377135234282,5.028228868244714,1.0,8.413389861169213
3,45.10238604677558,0.045738523108234105,11.9324151754782,-0.13649227703382394,-5.0616472965246684e-05,0.38729630606520615,0.4001736679825485,3.5055033564171167,0.0,2.5530990141736556
3,45.11109365670817,0.04581641880038822,11.890324316419063,0.008707609932592675,7.789569215411324e-05,0.41375026305481505,0.2420430808623824,2.8980378793937778,1.0,6.933105101421654
3,45.020339709861176,0.04583981042899869,11.947584737050814,-0.09075394684699489,2.339162861047378e-05,0.4227479727723315,0.1937125367309213,4.119013100884813,0.0,2.4469316239042493
3,45.20467097976204,0.04585315161341212,11.982147850692774,0.18433126990086635,1.334118441342902e-05,0.432455104606481,0.170550677280644,2.862059022426564,0.0,1.77213086577457
3,45.14698745135792,0.0461522676188604,12.029885557591179,-0.0576835284041195,0.0002991160054482758,0.5023938215318228,0.0996829037658391,1.0884114408755714,1.0,5.743571527969464
3,45.369056776655235,0.04606937251371581,11.929542527076139,0.22206932529731205,-8.289510514458698e-05,0.519400321642565,0.2528233567735525,2.9849895805480724,1.0,6.998141503821142
3,45.48845036938365,0.04637378832612698,11.918090781589273,0.11939359272841443,0.00030441581241116844,0.5134000767613217,0.3090308556561003,3.008362480328566,0.0,2.1222429514764833
3,45.350015361648964,0.04672211836154624,11.96780260770656,-0.1384350077346852,0.00034833003541925867,0.4511067640368959,0.2965894846711209,3.0925099236404803,0.0,2.1394339311624817
3,45.2587024043376,0.04707193665210692,12.02892329632492,-0.09131295731136646,0.0003498182905606814,0.51272149373569,0.3035938758006919,1.1583903734442158,0.0,1.1863829383234918
3,45.30822485048241,0.04764210893392819,12.010235128608123,0.04952244614481316,0.0005701722818212684,0.5185327332965184,0.1404051659803661,2.845854544583923,1.0,6.7037376042526935
3,45.50973038955638,0.04865540378067486,12.018569699136975,0.2015055390739704,0.0010132948467466707,0.5113980967508537,0.1075558390430121,2.0374938845008503,0.0,1.2338586203364494
3,45.54944788417718,0.04913844718669675,12.073430548643604,0.039717494620795435,0.00048304340602189216,0.47463564232713235,0.139329817870415,3.342056060525052,1.0,6.949687666003356
3,45.824185880183975,0.04959175030314061,11.997210295765392,0.2747379960067988,0.0004533031164438567,0.5010259927312601,0.2103816106975255,3.358453157640158,1.0,7.0999898002151305
3,45.80111864539467,0.04945612368902782,11.981611269338144,-0.02306723478930195,-0.0001356266141127882,0.4948174410700007,0.1348803415499899,3.207976988752099,0.0,1.873749177476029
3,46.04570777702536,0.049858526114768445,11.999256971018278,0.24458913163068985,0.0004024024257406264,0.5314530920680178,0.1975928655851484,4.101178158214175,1.0,7.445774810277385
3,46.04263549298213,0.05027262788677239,12.05264429977646,-0.0030722840432346743,0.00041410177200394693,0.48975269200832644,0.2793949377527212,5.012128986752839,1.0,8.064854368881862
3,45.851570869524686,0.05031790571759267,12.121943927290992,-0.1910646234574429,4.5277830820276976e-05,0.5447256975632975,0.0946381456784275,4.8169491155148405,1.0,7.597750849114275
3,45.80357627072012,0.050109199677105976,12.140249722431895,-0.04799459880456425,-0.00020870604048669333,0.5298888972871046,0.0620784821359467,4.182576894396192,0.0,2.2154454114699895
3,46.10487851964733,0.05040559756313625,12.034165120108531,0.30130224892720747,0.0002963978860302738,0.5016499911973161,0.150414467810818,2.4240149683625654,0.0,1.5128364198029187
3,45.90876679227658,0.05062333171563234,12.071250645772503,-0.19611172737074867,0.00021773415249608935,0.4945815106813205,0.0726376742432473,3.2626134939771765,1.0,6.776582095475083
3,45.897550904536445,0.0501790889923451,12.059785932663962,-0.0112158877401356,-0.00044424272328724007,0.5063790752012731,0.4883639049220912,4.084118431997384,0.0,3.018787025842874
3,46.20550871959152,0.05038324730720591,12.02235682794526,0.3079578150550759,0.00020415831486081393,0.5229640580141282,0.3751527051784724,3.493793701055245,0.0,2.4972022608845674
3,46.28968841845953,0.05072620422406323,12.095003476925548,0.08417969886800591,0.00034295691685731766,0.49223457081712374,0.594414249101405,5.38368965575656,1.0,8.88067332608109
3,46.500582678790224,0.0511302840423581,12.090948684112298,0.21089426033069714,0.000404079818294871,0.49244938447687275,0.1853624300380123,1.7693174813676271,0.0,1.2553836007598382
3,46.55187791875473,0.05109308449534742,11.911167828534007,0.051295239964503025,-3.7199547010681455e-05,0.4330858201549339,0.4253431067731926,4.352744972216614,1.0,8.027058699654692
3,46.67954803748164,0.051149327672141,11.91717393247169,0.12767011872691114,5.6243176793577265e-05,0.43385254385639327,0.2023285584125296,3.2501177053514545,1.0,7.029715969500787
3,46.711056278183136,0.05141637000747993,11.82294453910852,0.03150824070149838,0.0002670423353389323,0.30251360953909623,0.5417390787996144,4.058748572882394,1.0,8.112852444040426
3,46.93904369769079,0.05143940292766175,11.865730956722043,0.2279874195076559,2.303292018181885e-05,0.33250193411283774,0.3531776066929016,3.0614806660285008,1.0,7.237095546400054
3,46.754980201856235,0.0516066002350587,11.95206298325689,-0.1840634958345575,0.00016719730739694905,0.3866838103180217,0.4265429635488266,2.66548194547684,0.0,2.1858268998360733
3,46.61711178440919,0.051575792642556836,11.907824430029414,-0.13786841744704503,-3.0807592501860825e-05,0.3864864097543312,-0.0195210031859964,1.8116653609581856,1.0,5.8667906741071
3,46.69957851057154,0.05163227632691603,11.907350499774696,0.08246672616235173,5.648368435919038e-05,0.3869837740715986,0.1048726878321154,5.095300981459985,0.0,2.7573958663942233
3,46.50844871122652,0.05203990689181757,11.92326592157659,-0.1911297993450205,0.0004076305649015413,0.3783395662128142,0.5086503704874279,1.2672082910707043,0.0,1.650904886510208
3,46.38292596312642,0.051633602222271445,11.85571751797083,-0.1255227481001029,-0.0004063046695461231,0.3780544140388347,0.1920353840555899,4.6306062050239465,0.0,2.699373870623153
3,46.29639719929209,0.05188666456150204,11.876660899095658,-0.08652876383433039,0.00025306233923059335,0.39537008012086844,0.3625839659003699,4.892999572247139,1.0,8.17166771792431
3,46.167360269640554,0.05217267280127894,11.94737715398205,-0.12903692965153368,0.000286008239776904,0.32592247133880314,0.4214870778075742,3.494864627599579,1.0,7.590406469414938
3,46.22972712835896,0.05204632501475663,11.952421233091208,0.06236685871840564,-0.00012634778652231143,0.3271123985268591,0.1540570962699848,4.15409088926291,1.0,7.385159637171425
3,46.19898304945373,0.05200081841771218,11.975516409801617,-0.030744078905229344,-4.5506597044449315e-05,0.3280745287477047,0.2631353705543241,2.19643389202891,1.0,6.6244876871231035
3,46.132213693512995,0.05235037139174886,11.934024958937515,-0.06676935594073541,0.0003495529740366807,0.31424746672712883,0.5662630325571909,3.141172170339568,0.0,2.7031121502841655
3,46.274661078690144,0.052392553418098245,11.872616919470158,0.1424473851771495,4.218202634938273e-05,0.23079750568275842,0.2817224109258313,4.141151206613312,0.0,2.634020425158319
3,46.51931161124586,0.05269496612312839,11.913497115021208,0.2446505325557169,0.0003024127050301473,0.23501924451138428,0.4086603364433013,3.5519336739133847,0.0,2.593287509843295
3,46.50875065602169,0.05299667444181451,11.997039385614169,-0.010560955224171664,0.0003017083186861169,0.2359609337613046,0.1111574308384495,4.50271518335126,0.0,2.473672453352529
3,46.51996430919126,0.05319089606545542,11.996278285088994,0.011213653169569682,0.0001942216236409111,0.2366503059900632,0.2527540808254327,2.3875552414283905,0.0,1.6992857823650607
3,46.640297303583324,0.05328227358174074,12.046475871637735,0.12033299439206502,9.13775162853167e-05,0.17825369608650632,0.6463919244479054,5.249367477200771,1.0,8.917467587496196
3,46.3403897926306,0.053320358422347024,12.117409769711887,-0.29990751095272117,3.8084840606286696e-05,0.3399080798897211,0.3418160142079156,2.280140167074977,1.0,6.823702111953319
3,46.43774110073679,0.05368389762961452,12.076578519243288,0.09735130810618386,0.00036353920726749783,0.38429949602224656,0.3732442213661126,3.870879932365533,0.0,2.6819284089149917
3,46.492346678178436,0.05378320788041376,12.0277488216876,0.054605577441648734,9.931025079924077e-05,0.41834962214691324,0.3035279207227828,5.018045547007958,0.0,3.1160786149495445
3,46.498794223806115,0.05370525368480257,12.033914804723542,0.006447545627679574,-7.795419561119205e-05,0.4198490738355079,0.1134363187481588,1.8071316578345125,0.0,1.1304384664135738
3,46.431787583024835,0.05354933365966961,12.083776472394323,-0.06700664078127971,-0.00015592002513296205,0.42432501326427574,0.4989013653323505,3.444874807117834,0.0,2.720240134223618
3,46.51733394922912,0.053739434850904065,12.098521410117247,0.08554636620428369,0.0001901011912344569,0.4209200074159657,0.147019708587012,4.30687092608241,0.0,2.447474880215229
3,46.3049360450676,0.053040477707645785,12.055445590585942,-0.21239790416152005,-0.0006989571432582803,0.4401801124199533,-0.0027725028608419,1.717520164746133,1.0,5.853215076651383
3,46.70551197540506,0.05292694862695531,12.012318568552706,0.4005759303374603,-0.00011352908069047624,0.4262595514808185,0.7459550758721536,5.9434220154251935,1.0,9.463621159456904
3,46.862471736296655,0.053190984571082824,12.081465289233748,0.15695976089159558,0.000264035944127515,0.443755758322489,0.1934309903895988,2.90683572649168,0.0,1.8402798440250376
3,46.954166061225216,0.05340333881228786,12.093075444752383,0.09169432492856089,0.00021235424120503305,0.4445092888626805,0.4725739242927672,3.163619027952349,1.0,7.526957362561709
3,47.27762950056702,0.05318744359972779,11.977508452991675,0.32346343934180766,-0.00021589521256006744,0.3262691617359659,0.2680503828815985,2.0452974573244536,1.0,6.558749494425424
3,47.23460453066478,0.05316890419831505,12.05195407428649,-0.04302496990224114,-1.8539401412741296e-05,0.29874847601796234,0.1278724301463439,4.6337686193672365,0.0,2.572629169976306
3,47.29441513130696,0.05362972602527334,12.09669550060049,0.059810600642180134,0.00046082182695829366,0.244893472757437,0.2204522226787244,4.451692773579412,0.0,2.6667508321471547
3,47.31673741928439,0.05379245709954507,12.045261796240762,0.022322287977424082,0.00016273107427172695,0.28274968051261673,0.5408070817962232,1.7663882323015714,1.0,6.964808279743232
3,47.67903662117275,0.05460923387933978,12.01459746369731,0.3622992018883622,0.0008167767797947131,0.262892426054244,0.4612176901537574,5.079044036391418,0.0,3.461957398503224
3,47.79811625036152,0.05507926175706175,12.10334498470324,0.11907962918876791,0.00047002787772196936,0.4002349265384232,0.4410028991309658,2.881346980039372,1.0,7.322679288281618
3,48.043238680150495,0.05605315151717131,12.144550529670727,0.24512242978897802,0.0009738897601095572,0.37305026550441983,0.1956474389154939,2.755663193343043,0.0,1.7691264745025093
3,47.78764598036053,0.05612451812478777,12.131638523286906,-0.2555926997899647,7.136660761646041e-05,0.3828646532862922,0.2131916527264778,1.6946053287038685,0.0,1.27368596980489
3,47.77063201860926,0.055359261610307485,12.143961210013503,-0.01701396175126746,-0.0007652565144802836,0.39744603305103215,0.208674851452034,4.881547711406988,1.0,7.858123558607562
3,47.54751263667008,0.05567092411407332,12.151870355984467,-0.2231193819391848,0.0003116625037658319,0.3988342585417248,0.4423266550542677,3.5535419045798866,0.0,2.6614242623984787
3,47.4419428143473,0.05630916417715019,12.231957988100543,-0.1055698223227779,0.0006382400630768753,0.4034603200021102,0.0945510322706485,2.916392126884982,1.0,6.647298127983788
3,47.49714191723676,0.0567183053457895,12.239804890777188,0.055199102889460505,0.00040914116863930566,0.4053217995802511,0.2557917252479657,4.008458750243113,1.0,7.515812825617488
3,47.45417007777806,0.057116623364231275,12.207820278411228,-0.04297183945870131,0.00039831801844177755,0.43738697826278394,0.5898150804475109,3.5720886396117293,1.0,7.965674480700886
3,47.66457603517522,0.05767910175686354,12.321363585380583,0.21040595739716395,0.0005624783926322652,0.42037718390096906,0.5500872812911479,4.40055743927187,1.0,8.30045328221823
3,47.38770622755874,0.057703650615144264,12.26182984920499,-0.2768698076164853,2.4548858280723507e-05,0.4999638650326819,0.4333702448147846,2.8574333562728045,0.0,2.2954571677659716
3,47.16205081148567,0.05747555013694476,12.176774734871897,-0.22565541607306727,-0.00022810047819950274,0.4353072757365572,0.1740258618779291,2.854437382503225,1.0,6.775270415007471
3,47.24130514740865,0.057587664729005096,12.247696417650044,0.07925433592298248,0.00011211459206033475,0.47723657765260175,0.5558853661963855,5.099833221173311,0.0,3.6616873429794268
3,47.2729510235028,0.0582497352139008,12.290253774084965,0.03164587609414582,0.0006620704848957007,0.4527063761053549,0.4625272647099918,4.653691309941864,0.0,3.251900184390916
3,47.39355753751875,0.05856785376375288,12.237534733148241,0.12060651401595379,0.00031811854985208665,0.44124914495351575,0.4253376337994582,4.322970261511636,0.0,3.0121603983547347
3,47.52697429884157,0.05865365873585411,12.249843678978019,0.13341676132282032,8.580497210122773e-05,0.44335831747948534,0.3760526555809632,3.333045139463632,1.0,7.418627880893743
3,47.579015971789495,0.05852895981562302,12.19591842715974,0.05204167294792228,-0.0001246989202310922,0.42673498476891397,0.2550674317608568,2.041835519122235,1.0,6.5310526230828305
3,47.67613313050469,0.058678945967934215,12.163094336022693,0.09711715871519289,0.00014998615231119616,0.4252086123496625,0.5923216603717608,4.049265051852839,0.0,3.209275846669941
3,47.737250167875494,0.0580556299247154,12.282122895118153,0.061117037370806315,-0.0006233160432188162,0.44235823812959013,0.4017015350554213,5.3677919992405965,0.0,3.487299069731141
3,47.70361207014476,0.05789566663409832,12.193292949016376,-0.033638097730737115,-0.0001599632906170781,0.42118469405854375,0.1499042463138894,5.40905545153154,0.0,3.0043362183935485
3,47.820352451219044,0.05793522859217028,12.306059954193014,0.11674038107428686,3.95619580719625e-05,0.34038060245943,0.4598017733036873,3.803171438395576,1.0,7.821189265805163
3,48.01547909430718,0.05825581492380179,12.373433364022263,0.19512664308813754,0.0003205863316315047,0.36399188786097575,0.444866344146976,2.130470837102475,0.0,1.9549681068451896
3,47.97446125898291,0.05821341726528769,12.302517490489937,-0.0410178353242685,-4.239765851409699e-05,0.33770071343553765,0.3446268185022225,4.522969599462491,1.0,7.950738436735691
3,48.043186639650926,0.057913291124874186,12.239614709871855,0.06872538066801326,-0.000300126140413505,0.40282895556142356,0.4700879577648686,3.552971098148343,1.0,7.716661464603909
3,48.1233819339913,0.05843820422849698,12.226156745026918,0.08019529434037054,0.0005249131036227928,0.4106395466448182,0.2890224986105772,4.665626871255804,0.0,2.9108584328490563
3,47.98576219163936,0.05849386416819489,12.166102860724171,-0.1376197423519372,5.565993969790933e-05,0.4301551657581718,0.2747276391245401,3.6017397162822435,0.0,2.350325136390202
3,47.93632664753963,0.05887245499209058,12.128515301886841,-0.04943554409972961,0.0003785908238956928,0.454817235503232,0.4466754381346974,5.031956972009184,0.0,3.409329362273987
3,48.00715378020842,0.059051711280205,12.104954025342552,0.07082713266878926,0.0001792562881144169,0.46626162904079155,0.6450274517966503,2.5714140303330524,1.0,7.575761918759827
3,47.99797217491734,0.0596338625907671,12.064177365688044,-0.009181605291082917,0.0005821513105620998,0.40538899114837373,0.2595876036076875,3.2844113858992707,1.0,7.16138090016501
3,48.280035228165936,0.05995013347809501,12.05031899954918,0.28206305324859926,0.000316270887327913,0.4144180689819384,0.6846530874052282,4.309404518493972,1.0,8.524008434057443
3,48.28815187422267,0.06027713963852667,11.971571636717524,0.008116646056734567,0.00032700616043165875,0.3783813913050733,0.3080482031778155,4.765949364070534,0.0,2.999071088390898
3,48.18461350625104,0.06044614192838765,11.831039189013671,-0.10353836797163041,0.00016900228986098387,0.2929079420289598,0.1907640597263862,3.7561122365801807,1.0,7.259584237742862
3,48.29072304462902,0.06069307752675681,11.858980813791131,0.10610953837797865,0.0002469355983691565,0.33216180534372586,0.608978703961875,2.83709220355856,1.0,7.63650350970303
3,48.231646972125986,0.06114496463352823,11.966245360910245,-0.05907607250303215,0.0004518871067714231,0.40792537021545916,0.3652672813381648,1.6999751506128522,0.0,1.5805221379827556
3,48.10597587244016,0.0612645066324088,11.985407641514971,-0.12567109968582457,0.00011954199888056932,0.4117246700979464,0.563581995487499,3.769030854287166,0.0,3.011679418118581
3,48.29847523029549,0.06171237615975075,12.043026478248278,0.19249935785532557,0.00044786952734194446,0.418936048515121,0.3476215647246715,2.622107400594816,1.0,7.006296829746751
3,48.56128366843438,0.06210712599735365,12.103680127117787,0.2628084381388902,0.0003947498376029035,0.40718782779757645,0.4612212868976834,2.0357565466978063,0.0,1.94032084714427
3,48.431377074277314,0.06207218661627363,12.115617640350324,-0.12990659415706318,-3.493938108001943e-05,0.39888263064402485,0.3940799281154756,2.925794250861448,0.0,2.2510569816616752
3,48.393009175968004,0.06226899531813228,12.073302876801876,-0.03836789830931053,0.0001968087018586473,0.37953033019959354,0.2364342516214372,1.9422710638931595,1.0,6.4440040351894545
3,48.382956930348335,0.06269845403658166,12.11830823763801,-0.010052245619668554,0.000429458718449377,0.3629379185268717,0.3079770852715021,3.71225474980356,1.0,7.472081545444784
3,48.455382069259464,0.0626488863667102,12.192807468874852,0.07242513891112878,-4.956766987145034e-05,0.3623464060465443,0.268289444843833,4.6281127203475725,1.0,7.850635249861452
3,48.56325146120327,0.06284696612238772,12.211956054501616,0.10786939194380807,0.00019807975567751046,0.3169788784156201,0.311591159180173,4.830417989317876,1.0,8.038391313019284
3,48.525038001685644,0.062370872331471275,12.16828354672727,-0.03821345951762822,-0.00047609379091644033,0.3213281154073602,0.275030350504782,2.450238135059516,1.0,6.7751797685393225
3,48.52000102987621,0.06258151834330704,11.986197849322812,-0.005036971809431634,0.00021064601183576337,0.4754558833227071,0.1860946588969973,5.59325170151009,1.0,8.16881516854904
3,48.68056372758556,0.06276989978614514,11.94390312331474,0.16056269770934506,0.00018838144283810088,0.4785843504702386,0.3567503268746861,4.991895933022837,0.0,3.209448620260791
3,48.81374805238646,0.0628001606687945,11.961056767083017,0.1331843248009008,3.0260882649360554e-05,0.4974243943394632,0.4284594538913931,4.328052089242297,1.0,8.020944952403934
3,48.84006820339359,0.06245503028351668,11.930161232202764,0.02632015100713403,-0.0003451303852778226,0.4831032901973532,0.4450832807283632,5.7420009149750495,1.0,8.761167018944251
3,48.750785696854976,0.062256342419602,11.855183604325116,-0.08928250653861625,-0.00019868786391467885,0.5401871422584827,0.121133175005936,1.6479904435431902,0.0,1.0662615717834671
3,48.9181692415065,0.06246935482652895,11.832808865435597,0.16738354465152128,0.000213012406926949,0.5361581734255852,0.6355863797129555,3.5962675715362646,0.0,3.0693065451940433
3,48.7330548244977,0.06237393356064651,11.815424489817321,-0.18511441700879772,-9.542126588243938e-05,0.5257310036922814,0.2092406214033618,2.868905007802649,1.0,6.8529337467080484
3,48.74787627034611,0.06280851095486605,11.765637879736293,0.01482144584841194,0.00043457739421953745,0.47183019001943166,0.4227243428788233,3.2233341741193207,1.0,7.457115772817307
3,48.931382664940564,0.06291799060832748,11.861589319064663,0.18350639459445262,0.0001094796534614334,0.5232572037604799,0.3651344614903069,3.401314784747018,1.0,7.430926315354123
3,48.86739519283337,0.06380080012617668,11.872207182966303,-0.06398747210719335,0.0008828095178492062,0.526165356105794,0.2571772840358423,1.7165130061156957,1.0,6.3726110711295325
3,49.00913192564214,0.06353987232599616,11.953258096947442,0.14173673280876642,-0.0002609278001805271,0.4010328051338301,0.7064967160680271,3.0529455431025894,0.0,2.939466203687349
3,48.84485457979952,0.06384253673422764,12.00329552135032,-0.16427734584262055,0.00030266440823148444,0.4001627949866757,0.2665199112395517,3.8132408966170033,1.0,7.439660270787606
3,48.818281794007774,0.06401012136499719,12.032311427476179,-0.026572785791742604,0.0001675846307695461,0.4493408139624656,0.6091739008761887,3.3763016292209604,0.0,2.9064986163628577
3,48.71176205543331,0.06450503041448342,12.104153203043012,-0.10651973857446251,0.0004949090494862363,0.497662691221145,0.5940602021398619,5.195691616177824,0.0,3.7859662123686357
3,48.89160592598911,0.06502733774544635,12.118835374876095,0.17984387055579987,0.0005223073309629234,0.46824543074488445,0.3621296664179133,5.317809078912785,1.0,8.383163872292219
3,48.71155529276039,0.06487538902582693,12.179703351818242,-0.18005063322872417,-0.00015194871961941858,0.4645346097544521,0.5848161708822621,4.329056127975477,1.0,8.334160405752263
3,48.75372608508294,0.0650713962861712,12.184100936996565,0.042170792322551165,0.00019600726034427196,0.4631007840246026,0.3951690550484785,3.138890054782862,1.0,7.359783137488388
3,48.719838671545155,0.064779135287702,12.210679838447081,-0.03388741353778357,-0.00029226099846919873,0.46074168889495093,0.1754608280930167,3.181694480677683,0.0,1.9417688965248747
3,48.51469564778721,0.0647395202491191,12.22091235212671,-0.20514302375794813,-3.961503858290749e-05,0.4697527220834775,0.2071904592061767,4.164750372240977,1.0,7.496756104532842
3,48.57108141129231,0.06474262247536208,12.248307180345886,0.05638576350510505,3.1022262429875047e-06,0.4666121875713998,0.4083977707866473,2.8546685747060607,1.0,7.244129828926325
3,48.385611163184066,0.0651528007352211,12.227142881160493,-0.18547024810824553,0.00041017825985902034,0.4992246797214954,0.4720269316391435,3.307800292005293,0.0,2.5979540092809335
3,48.4749266765458,0.06521641479739375,12.2052494697562,0.08931551336173271,6.361406217264554e-05,0.5042412227691379,0.3119257984686141,2.3930156132669635,1.0,6.82035940357071
3,48.59273645849196,0.06555741697205023,12.111062713713732,0.1178097819461641,0.00034100217465647675,0.4650039521512803,0.7670217693521129,5.558869429432782,1.0,9.313478253420616
3,48.67983549635394,0.06565816192892103,12.0165532045226,0.08709903786197515,0.00010074495687080465,0.42296968069730806,0.4857843888246881,4.146810168648184,0.0,3.0449738619734683
3,48.63216196279586,0.06559059011799726,12.164424567092315,-0.047673533558075576,-6.757181092377496e-05,0.40829967646208765,0.2169884752382631,3.5717057545328577,1.0,7.219829827742955
3,48.79851397217577,0.06585328049938163,12.145921659014638,0.16635200937990646,0.0002626903813843784,0.3991163170359371,0.4674880185088839,5.798361788278789,1.0,8.834156931157162
3,48.79210343727623,0.06572368349983196,12.182067862393305,-0.006410534899536913,-0.00012959699954967485,0.4075328886635764,0.4160649877936481,2.374295660492112,0.0,2.0192778058333523
3,49.068913040668136,0.06599144038353748,12.136089264057933,0.27680960339190364,0.0002677568837055194,0.41934416055411966,0.803597437043719,5.764180799750297,1.0,9.489285273962587
3,49.13517541619645,0.0655991515573182,12.128036341794793,0.06626237552831071,-0.0003922888262192781,0.4093376908292714,0.652217308304751,3.350467610548705,1.0,7.979668421883854
3,49.3760758717682,0.06584436785438239,12.104814053126617,0.24090045557175443,0.00024521629706418524,0.40357723648289257,0.3557073823503654,4.3458463028244765,1.0,7.884337916112969
3,49.51405713090812,0.06599640579097518,12.218119300684897,0.1379812591399201,0.00015203793659279707,0.3597868648074435,0.2484093470271241,3.13985524759715,1.0,7.066746317852823
3,49.47192467977011,0.06607565602414615,12.259146432606096,-0.04213245113800923,7.925023317097157e-05,0.3559352713949559,0.3071082660798697,2.075246899780475,1.0,6.651839982049976
3,49.40403371498071,0.06625766626060967,12.322689407804514,-0.06789096478939882,0.00018201023646351178,0.334611415555926,0.6200928195640947,5.835856421694528,1.0,9.158113849975454
3,49.4615617174038,0.06653268165841059,12.391342804172755,0.057528002423083535,0.00027501539780092066,0.2731709969248878,0.4197959686843755,5.080254831951396,1.0,8.379719353344449
3,49.89103789593923,0.06674694450081294,12.308882638721329,0.4294761785354311,0.00021426284240234905,0.2628044245673834,0.5587524716856683,5.927727647306424,1.0,9.08136876702455
3,50.09520077987001,0.06730264574024893,12.333270605694949,0.20416288393078474,0.0005557012394359906,0.2672878828330101,0.7818968874493464,3.3069059901817104,0.0,3.217246769989548
3,50.246272643310775,0.06753840880089934,12.282869839740506,0.1510718634407624,0.0002357630606504152,0.2934204796605436,0.3558873138101507,6.025194514053492,1.0,8.724371884647049
3,50.098186860815886,0.06760063381484581,12.332448341980248,-0.14808578249488846,6.222501394646807e-05,0.24734136288320563,0.5868937343361134,3.698627928354464,0.0,3.023101432849459
3,50.39445590198991,0.06840560748182835,12.367308057233616,0.2962690411740212,0.0008049736669825391,0.300970023068246,0.3877673440958989,3.4849056296486447,1.0,7.51798750301612
3,50.207622318975176,0.06830146973196186,12.236847412422405,-0.18683358301473163,-0.00010413774986649249,0.5838421889208396,0.4523317304848765,4.574811932998546,1.0,8.192069427469026
3,50.303981537402905,0.06860804453659311,12.12053485425732,0.09635921842772888,0.0003065748046312544,0.6192943671470381,0.5994003339744447,3.271036101096679,1.0,7.834318718497229
3,50.38747550968245,0.06869401921227337,12.054572853320874,0.08349397227954825,8.597467568026429e-05,0.6197476404226921,0.287956125400009,1.9015679881080405,0.0,1.5266962448540382
3,50.41854263611666,0.06878763233277116,12.030636775733964,0.031067126434209058,9.36131204977847e-05,0.6048902035152075,0.5805609742417805,3.567846514527388,1.0,7.945045205747255
3,50.34478858787679,0.06859035880247054,11.924668927023374,-0.07375404823986997,-0.00019727353030062067,0.614924118005501,0.2972873382227524,2.13774739944551,1.0,6.66344837616826
3,50.17224410653398,0.06885926082500277,11.936308589284925,-0.1725444813428112,0.0002689020225322275,0.6169365707814031,0.6161381873875977,4.98988564341797,1.0,8.72721919648418
3,50.12103090549672,0.06867535424452656,11.894757663135037,-0.0512132010372639,-0.00018390658047620634,0.5891003758961851,0.3960067989284788,4.243658851393294,0.0,2.9138430235536044
3,50.03391721340299,0.06882864421847909,11.896305022697112,-0.08711369209373032,0.00015328997395253063,0.5892096505967823,0.7048555628423577,2.1554821636278447,0.0,2.487452207498638
4,39.6736846475206,0.01982820965355173,12.036491973519926,0.056556293348094755,-0.00021980648407309011,0.1496509237995101,0.2277478649730281,2.4877225182399143,0.0,1.6993569890660134
4,39.956036318761385,0.01967494360635814,12.06482435502293,0.2823516712407823,-0.00015326604719358844,0.12156421403330829,0.4972201150019998,2.9333725688004253,0.0,2.4611265144042123
4,39.920575012692666,0.019598311027716912,12.050509065270372,-0.03546130606871856,-7.663257864122877e-05,0.11303444776804773,0.3886158264419781,3.743859472188461,0.0,2.649161388978187
4,39.99683305222466,0.01981905112963072,12.02519061614129,0.07625803953199295,0.00022074010191380777,0.11278055050352218,0.3535511829813407,2.673305758967196,0.0,2.0437552454462793
4,40.089884677435016,0.01957997682765667,12.021867081298838,0.09305162521035726,-0.00023907430197404878,0.11537157070102186,0.2207687700961986,3.3905144569206325,0.0,2.1367947686527136
4,40.210616207305186,0.01972319935740863,12.027999959956635,0.1207315298701701,0.00014322252975195945,0.11435660230245633,0.2158288885635194,2.1750421614176467,0.0,1.519178857835862
4,40.14395169018315,0.01979161086987063,12.046737305130492,-0.06666451712203525,6.841151246200078e-05,0.09671478213290374,0.4401830050210754,2.775859768515075,0.0,2.2682958942996883
4,40.06976279566209,0.019970206857414848,12.034904543693047,-0.07418889452105759,0.00017859598754421668,0.0882020174880793,0.4072331691098363,1.3687896899775025,0.0,1.4988611832084238
4,39.96578057828005,0.02021411554966464,12.063766417849639,-0.10398221738204683,0.00024390869224979322,0.10058830782887182,0.3431888042161526,2.959669800272867,0.0,2.166212508568739
4,40.04277733975053,0.0203191038346393,12.055399419983274,0.07699676147048251,0.00010498828497465876,0.09438406865227762,0.3504785366300424,1.226162678713815,0.0,1.3140384126169922
4,39.98422917338838,0.02010341113990648,12.042080720330942,-0.058548166362150766,-0.00021569269473281985,0.08710437443378741,0.4517324594187395,2.5234952380355296,0.0,2.165212537855244
4,39.77736996064533,0.02026563628683645,12.027456280524682,-0.20685921274304775,0.00016222514692997014,0.09367656796205238,0.1228237062495067,3.843450208248699,0.0,2.167372516623363
4,39.806880608223395,0.01997164934498142,12.023688968242576,0.02951064757806421,-0.000293986941855031,0.09347148197961574,0.3749447579823872,3.906904389221197,0.0,2.7033417105753728
4,39.79542393108689,0.01967143085784511,12.027308755397337,-0.011456677136507665,-0.0003002184871363084,0.08928465048076241,0.0146810398679734,4.685091541204457,0.0,2.371907850338175
4,39.86360110073805,0.020034075289274027,12.019876673415478,0.0681771696511646,0.00036264443142891567,0.10091040345587816,0.3166282588814761,2.018533588459825,0.0,1.6425233119928646
4,39.98934913768444,0.01969540414169163,12.025121054536967,0.12574803694639058,-0.0003386711475823964,0.10331921273869686,0.1967741613226001,3.5212174247106223,0.0,2.1541570350005115
4,40.14183010387554,0.01977792854276491,12.019145487995074,0.1524809661910993,8.252440107327924e-05,0.10398440240719688,0.2880344330465259,2.108101160660504,0.0,1.6301194464233038
4,39.99223782226363,0.02013059548414329,12.013074892735036,-0.14959228161190907,0.0003526669413783795,0.10430441495278626,0.1976740684062878,1.1558330187277464,0.0,0.9732646461764487
4,40.08324151563619,0.01987361647044255,11.99733762150056,0.09100369337255643,-0.0002569790137007394,0.07593511041153016,0.1253665207203941,1.4976669939397542,0.0,0.9995665384106653
4,40.19825083986925,0.019957054070310558,11.983945878808791,0.11500932423306409,8.343759986800814e-05,0.0708238939668278,0.3401622638946514,3.3663700277235846,0.0,2.363509541651095
4,40.231749860078494,0.019848939987019608,11.973248274913507,0.03349902020924134,-0.00010811408329094996,0.07170781477529678,0.3426361056387667,3.8504326713883623,0.0,2.6104885469717143
4,40.180144664210566,0.019883574218737272,11.988434739734231,-0.051605195867928444,3.4634231717664554e-05,0.07630838888294923,0.2889548279743381,3.5037760236912483,0.0,2.3297976677943004
4,40.22814392081852,0.020308012490361817,11.969036964873156,0.04799925660795168,0.000424438271624545,0.09273177537828038,0.0986500872265508,3.317174462691748,0.0,1.8558874057989756
4,40.1406571564728,0.02014423167922025,11.970207528813566,-0.08748676434571934,-0.0001637808111415659,0.09251700477870205,0.3383619557651879,1.502334023175127,0.0,1.4278909231179393
4,40.19204153821512,0.019821671145716292,11.98722870066213,0.051384381742323626,-0.0003225605335039593,0.08370324588589884,0.1389118027821838,1.994486356110587,0.0,1.275066783619661
4,40.233385370613874,0.02001486916424962,11.974958854784706,0.041343832398752056,0.00019319801853332624,0.07539288147010616,0.0845308734628292,2.459333143910213,0.0,1.3987283188807649
4,40.11410702886691,0.01976413316287421,11.968755617795845,-0.11927834174696272,-0.00025073600137540814,0.07728910182643481,0.1203820815843826,4.550957299554574,0.0,2.5162428129460523
4,40.188909475649226,0.01926267045991971,11.960789317855902,0.07480244678231429,-0.0005014627029545013,0.07996697494258456,0.4184964556101674,4.414740142272238,0.0,3.0443629823564535
4,40.327748885391884,0.01969971850775549,11.945401321430992,0.1388394097426584,0.0004370480478357794,0.07024740148974422,0.2252655105839356,3.7007416721247823,0.0,2.3009018572302624
4,40.18808787083585,0.019502545159895402,11.960104335955416,-0.13966101455603308,-0.00019717334786008636,0.08491431062818756,0.1776745280359184,4.430992214939751,0.0,2.5708451635417124
4,40.17744287012839,0.01967271245846345,11.951682441915258,-0.01064500070746277,0.0001701672985680476,0.0931335410261382,0.3899122981526668,1.217315374564302,0.0,1.3884822835874846
4,40.20657091565803,0.019772812542210503,11.959975230913379,0.02912804552963877,0.00010010008374705323,0.10802812607738628,0.0567790081498681,3.0532203910578946,0.0,1.6401682118286836
4,40.00689344863127,0.01964916599921749,11.98746491980885,-0.19967746702675981,-0.00012364654299301323,0.10253660477004611,0.4941523538659406,1.6897074932913534,0.0,1.8331584543775579
4,40.09849952962013,0.019883413115128628,11.99183071027489,0.09160608098886058,0.00023424711591113825,0.1021745870243108,0.4299956311236326,3.851360519081072,0.0,2.785671521787801
4,40.146337625938884,0.019722182486026602,11.984995280484315,0.04783809631875613,-0.00016123062910202574,0.10216181322169673,0.1161000797291431,2.9209382977294744,0.0,1.6926693083230235
4,40.11317232041563,0.019292809810721512,11.983467870412245,-0.03316530552325503,-0.0004293726753050904,0.10255367170439936,0.2783547427275899,1.207023195544604,0.0,1.1602210832274817
4,40.113537352488905,0.019074453635422102,11.998318528189358,0.00036503207327598375,-0.00021835617529940982,0.10306704523956745,0.0996901903782112,1.6030798701867823,0.0,1.0009203158498137
4,40.30761452947325,0.01920994704927631,12.008660567775195,0.19407717698434368,0.00013549341385420827,0.09725898642153571,0.1888085709295388,1.5431656747472386,0.0,1.149199979232697
4,40.31482673596281,0.01896773491721932,12.01583130711094,0.007212206489562334,-0.00024221213205698894,0.0924251078940822,0.2063457264522712,2.468960737965836,0.0,1.6471718218874605
4,40.2306291653982,0.01957705983152628,12.003382687895465,-0.08419757056461208,0.0006093249143069579,0.0887499980383232,0.0946319964255879,1.661968643282035,0.0,1.0202483144921932
4,40.07895652682892,0.019392668502815562,12.032409826591426,-0.1516726385692806,-0.0001843913287107174,0.07401966880940092,0.0707303259420374,1.1116046039123495,0.0,0.6972629538402495
4,40.29256565136923,0.019476587624467377,12.00268604190351,0.21360912454031222,8.391912165181536e-05,0.07677367869717108,0.3211096627518306,1.1359573429272736,0.0,1.210197996967298
4,40.35985557510104,0.019495134293012282,11.990450848052996,0.06728992373180631,1.8546668544904693e-05,0.07040093302942425,0.3875438339186324,3.4960893241353257,0.0,2.5231323299049278
4,40.36142354018182,0.018846137238352288,11.986936542786161,0.001567965080781164,-0.0006489970546599937,0.07053542811285024,0.1114536330856245,4.611555847879474,0.0,2.528685190110986
4,40.15913978108144,0.01914859966607532,11.991510481015371,-0.202283759100375,0.0003024624277230305,0.06966937916605079,0.2148237253848184,4.954046087044507,0.0,2.90667049429189
4,40.191789242601104,0.01975552468019206,12.004923289658572,0.03264946151966086,0.0006069250141167402,0.0741877896895221,0.3192718403544016,3.652400735536048,0.0,2.4647440484768275
4,40.28890760532502,0.020090180815443844,11.995913236674324,0.0971183627239185,0.0003346561352517846,0.07103368784146714,0.0662396262524527,1.1313278059152765,0.0,0.6981431554625437
4,40.19286742126714,0.0201826342412939,11.996553224498488,-0.09604018405788395,9.245342585005589e-05,0.07114912090112405,0.4870141939446845,3.72304488755149,0.0,2.835550831665114
4,40.097253232121325,0.02013818509143988,12.00414888025384,-0.0956141891458131,-4.444914985402004e-05,0.07441745791323064,0.475225052468858,3.724933511332344,0.0,2.812916860603888
4,40.1646064267409,0.0196561813316766,12.023436002047424,0.067353194619578,-0.0004820037597632783,0.08863226316482418,0.4584661350564288,1.689671059838989,0.0,1.7617678000323522
4,40.26363370004917,0.01972039659433126,12.012278848903591,0.09902727330826622,6.421526265465785e-05,0.08099991789332553,0.1869122799777702,4.637040689519846,0.0,2.6923449047154637
4,40.08865073748116,0.01932787312735316,12.021869759017061,-0.17498296256800927,-0.00039252346697809734,0.06551036904212197,0.3779529295032913,3.740818170814575,0.0,2.62631494441387
4,40.11541575499262,0.01906864526583604,12.036733146763591,0.02676501751145821,-0.0002592278615171223,0.06916547303083266,0.0380641677945912,3.4546807702375397,0.0,1.8034687207079523
4,40.17097089263026,0.01972064895217454,12.021123956037368,0.05555513763763997,0.0006520036863385016,0.09787939947930357,0.4618612674017357,2.827659911521473,0.0,2.337552490564208
4,40.307423471791566,0.01980293101520519,12.018397810820872,0.1364525791613076,8.228206303064964e-05,0.09890285960929553,0.3564217364515805,1.538045595555023,0.0,1.4818662706806724
4,40.341626643060444,0.01980470797662012,12.009515898078103,0.03420317126887795,1.7769614149287793e-06,0.09599410652128862,0.4025447254253496,4.549073503850854,0.0,3.0796262027761263
4,40.08459457293886,0.01978981056105526,12.025706101110615,-0.257032070121582,-1.4897415564860128e-05,0.10349400816383358,0.3488416313169151,4.743951157121554,0.0,3.0696588411946073
4,40.055894075071166,0.01977244743397466,12.00065963137389,-0.02870049786769613,-1.7363127080598922e-05,0.1334326257456729,0.1505030322912182,3.444345651310571,0.0,2.023178890237722
4,39.96427198605048,0.019783910103812898,12.008715045783982,-0.09162208902068869,1.1462669838237238e-05,0.14011439244979998,0.4727504031154069,2.9397079443801224,0.0,2.415354778420875
4,40.029645646554606,0.02004765509804383,11.99934891416147,0.06537366050412885,0.0002637449942309335,0.13141884174614638,0.4346604721569785,3.43780297716639,0.0,2.588222432897152
4,40.00516860867485,0.02024152416679714,11.98919286413635,-0.024477037879755414,0.0001938690687533079,0.13403415180348047,0.420237933332088,1.201803772315945,0.0,1.4413777528221483
4,40.14998124890687,0.020391017439232828,11.98643337608245,0.14481264023201845,0.00014949327243568913,0.13501556922760652,0.3156187865001653,3.6423883020072703,0.0,2.452431724003966
4,40.13769861756121,0.020848153445997,11.962671007871524,-0.012282631345655659,0.0004571360067641729,0.13000286182923354,0.0565598027065594,4.363471703170962,0.0,2.2948554569986
4,40.34569839298588,0.020591879690653132,11.985272904176517,0.20799977542466763,-0.0002562737553438686,0.12029889437800871,0.0194763208248772,3.1344635261985765,0.0,1.6061844047490426
4,40.04410017802583,0.02033564538573375,11.968777040840731,-0.3015982149600518,-0.00025623430491938243,0.13284218420457763,0.4161964577691651,3.836841138698718,0.0,2.750813484887689
4,39.78257416094669,0.02002308806695488,11.964205183520159,-0.2615260170791416,-0.0003125573187788694,0.13250068148102598,0.3731498482684231,3.430977369216861,0.0,2.4617883811452765
4,39.92009934194131,0.019752712057504628,11.957662930015145,0.13752518099462208,-0.00027037600945025234,0.12420364109695599,0.0963013701054956,2.9702284250838744,0.0,1.6777169527529283
4,39.982376582929305,0.01974962250165328,11.989783688264719,0.0622772409879957,-3.0895558513488464e-06,0.10803341892340206,0.4670570092873649,4.516790287882721,0.0,3.19250916251609
4,39.97880984539522,0.01966634738246954,11.978147911564204,-0.0035667375340864282,-8.327511918373998e-05,0.09464748205994723,0.3229544440382704,1.0682899008943862,0.0,1.180053838523734
4,39.85843393794757,0.01968743048194361,11.968070468576855,-0.12037590744765225,2.1083099474069472e-05,0.08889506055954888,0.3184738429701675,1.347071704526356,0.0,1.310483538203513
4,39.96121237962467,0.01945988184604146,11.975656738448217,0.1027784416771027,-0.00022754863590214794,0.08686134029531134,0.19644030431698,4.65315877740715,0.0,2.719459997337535
4,39.89801557855551,0.0196845777008686,11.983390671664333,-0.06319680106916081,0.00022469585482714008,0.08587654188667458,0.1793528699921029,4.262978387203146,0.0,2.490194933585779
4,39.95751235244427,0.01966146182237171,11.985107445371792,0.0594967738887604,-2.3115878496890452e-05,0.08374508273786996,0.4678750027048852,2.9395825497570702,0.0,2.4055412802883054
4,39.43594640127371,0.0195774614763655,11.989799198458249,-0.5215659511705582,-8.400034600621054e-05,0.08826841932937092,0.4928188972844499,1.679548486079395,0.0,1.8254120376085972
4,39.716216427851286,0.01974561843313126,12.013400822977665,0.2802700265775755,0.00016815695676575954,0.0618290914788205,0.054315483371934,3.5407993605872274,0.0,1.8790306470374818
4,39.863709864336975,0.01976831385586998,12.012614044030077,0.14749343648568924,2.269542273872216e-05,0.06273289861148966,0.158200048552531,4.9273078036420745,0.0,2.7800539989260993
4,39.766169071404796,0.020493579718400563,12.010629554160547,-0.09754079293217899,0.0007252658625305809,0.06083497833916591,0.0686349118271859,1.6866668167372438,0.0,0.9806032320229937
4,39.69070229592871,0.0202555860042888,11.976592866046897,-0.07546677547608738,-0.00023799371411176162,0.09954423938145988,0.176063017537885,2.830971840820806,0.0,1.7676119554861731
4,39.95731605124271,0.020417790022306082,11.97479071986421,0.26661375531399756,0.00016220401801728124,0.09861439462592603,0.1083353756390425,2.606881419441786,0.0,1.520111460998978
4,40.34018484181633,0.02033119243975898,11.98397304419725,0.38286879057362455,-8.659758254710159e-05,0.10231085351153703,0.045627661695312,2.2966126103975086,0.0,1.2395616285893782
4,40.32448319920867,0.020261297207175833,11.983891724506318,-0.015701642607659494,-6.989523258314756e-05,0.10230709699550469,0.2444482073394209,3.150674840861117,0.0,2.0642338351094005
4,40.281627970036965,0.019858452783767983,12.019513276138571,-0.04285522917170681,-0.00040284442340784987,0.15839021630244918,0.4130358019028862,1.8057361661739928,0.0,1.728939686892769
4,40.3277791716975,0.019898887194865232,12.02526620355937,0.046151201660535435,4.043441109724891e-05,0.15448560935712455,0.2042397320095255,3.8721435658974994,0.0,2.344551246967801
4,40.44569010034216,0.020126864310813657,12.01438846519871,0.1179109286446618,0.0002279771159484252,0.15359714259370325,0.0903682561625119,2.6768580569047224,0.0,1.519165540777385
4,40.504988889271296,0.02004948721171879,12.021775664801599,0.05929878892913365,-7.737709909486773e-05,0.15691704905317772,0.0233663547108512,1.026922810170086,0.0,0.5601941145067454
4,40.70376514803839,0.01997305754561551,12.030041790637933,0.19877625876709715,-7.642966610327956e-05,0.15456430100695073,0.2693514279569374,4.510163598064549,0.0,2.7937846549461494
4,40.854237028366754,0.019457622619714086,12.022789883439058,0.1504718803283609,-0.0005154349259014236,0.1549701941185998,0.1976857936986691,4.023129675483826,0.0,2.4069364251392513
4,40.858490299094264,0.01952597683851775,12.05137069484925,0.004253270727510028,6.835421880366233e-05,0.11962144436639205,0.1359416769627298,1.0645904345080304,0.0,0.8041785711794748
4,40.69836967912871,0.01935323435639248,12.05751032538744,-0.1601206199655536,-0.0001727424821252703,0.11898950015892706,0.281791619901938,3.868295954199806,0.0,2.4977312169037793
4,40.481788595933196,0.01951372328118439,12.0535354605271,-0.21658108319551417,0.00016048892479191001,0.11949712183528305,0.3297070670210514,4.945790320101434,0.0,3.1323092940928197
4,40.47864673128546,0.019711719727289374,12.042970476096013,-0.003141864647737691,0.00019799644610498518,0.13015205653673922,0.2141010900937623,1.900027823653894,0.0,1.3782160920144717
4,40.52044788252885,0.019887136310013674,11.998778797825391,0.04180115124339068,0.00017541658272430052,0.069943788694247,0.2313044064620316,1.25158878791283,0.0,1.088403206880478
4,40.43354563301042,0.01921400804632387,12.000580958053432,-0.08690224951843106,-0.0006731282636898046,0.06893235244208626,0.0897585230098496,4.713074403610692,0.0,2.5360542478250454
4,40.57299664935367,0.01915029570889553,12.000678451331442,0.1394510163432514,-6.371233742833923e-05,0.06889560134841242,0.2475565256841649,2.647551555337046,0.0,1.8188888290368528
4,40.376127407499766,0.01954799332138602,11.991620855257803,-0.19686924185390353,0.0003976976124904913,0.05665047658683848,0.2638130600209435,4.645456877159447,0.0,2.8503545586216106
4,40.04192030824383,0.02000205361497905,11.98938129965168,-0.3342070992559343,0.00045406029359302755,0.05551255703668579,0.4535745005206639,2.5930660984057385,0.0,2.203682050244197
4,39.96548043485846,0.0202890230199728,11.991663083901958,-0.07643987338536817,0.00028696940499375184,0.05566064721885849,0.311551635146461,1.9680886963453303,0.0,1.607147618465587
4,40.07345598173796,0.02048759633817829,11.98686313159636,0.10797554687949429,0.00019857331820549023,0.0543129681309105,0.3754585657000719,3.80394938779153,0.0,2.652891825295909
4,40.19155349390756,0.02049900828312072,11.986700164033868,0.11809751216960507,1.1411944942429225e-05,0.05402384717568637,0.2131284025506076,1.4199132049748129,0.0,1.1362134075886217
4,39.937437215043886,0.02055038281705284,11.980859426939563,-0.2541162788636768,5.13745339321206e-05,0.05293661891096944,0.0809295778409777,2.9833523015368937,0.0,1.6535353064504021
4,39.94598558628828,0.020480722896130298,12.00030081402592,0.00854837124439456,-6.965992092254278e-05,0.04813024999435292,0.306363761893083,4.37645761731082,0.0,2.800956332441576
4,39.9168623797493,0.020233551701023877,12.011771218924574,-0.02912320653898348,-0.0002471711951064215,0.040638596178306494,0.3503371933414511,4.230385942621281,0.0,2.8158673579935423
4,40.06757711216865,0.020857429806339842,12.021556028286469,0.15071473241935252,0.0006238781053159656,0.042181600064359635,0.0799870675579458,3.0736281867072384,0.0,1.6967882284695108
4,40.09693586739756,0.021024339072629357,12.026149778374512,0.029358755228912514,0.00016690926628951455,0.03928097215154673,0.4943890946921856,3.2062212398785257,0.0,2.591888809323634
4,40.17430412268067,0.02077099813662977,12.023239848221694,0.07736825528310476,-0.00025334093599958807,0.04025700645440095,0.4562482654723947,4.119951647666454,0.0,2.9724723547780165
4,40.21047077381018,0.02035685112522126,12.020060528086066,0.03616665112951267,-0.0004141470114085097,0.043022507030307404,0.0292247275617015,4.972296436463761,0.0,2.5445976733552835
4,40.16752493525828,0.02032259564784817,12.029636307100104,-0.04294583855190126,-3.425547737308937e-05,0.049509576919567755,0.1908759510032618,3.63310504218052,0.0,2.1983044230967836
4,39.984665620804165,0.02044337333287176,12.037892492811864,-0.18285931445411308,0.00012077768502358893,0.04697570011014193,0.1171359963598805,3.4037873516030888,0.0,1.9361656685213053
4,39.83435085025573,0.02013434700933135,12.038373514233482,-0.15031477054843378,-0.0003090263235404102,0.04739174513750462,0.0288597815958923,2.101179710520628,0.0,1.1083094184520985
4,39.9242814031499,0.02007888064624842,12.051013456715353,0.08993055289416674,-5.546636308292885e-05,0.041731977103932234,0.3875036902531589,4.073647157014033,0.0,2.811830959013334
4,39.95722144320404,0.02029072070211111,12.048156620571968,0.03294004005414308,0.0002118400558626908,0.04075654745639097,0.291056549129325,2.052208392527056,0.0,1.608217294522178
4,40.044482738097216,0.02053938572433831,12.03193216622586,0.08726129489317458,0.00024866502222719786,0.06844647461816594,0.1524648437103825,1.0699803242642862,0.0,0.8399198495529081
4,39.825650358387165,0.020014347502290357,12.013819757753978,-0.21883237971005087,-0.0005250382220479514,0.07983942529393252,0.1237795301295704,3.3558024957923407,0.0,1.9254603081553112
4,39.62718957882122,0.01995150201615923,12.013758919908224,-0.19846077956594144,-6.284548613112728e-05,0.07983131286095053,0.0337985660633897,3.083829371785757,0.0,1.609511818019658
4,39.61306544262353,0.02009795339493359,12.006328609126776,-0.014124136197693815,0.0001464513787743614,0.08475276341209298,0.1838631425823845,2.503392737337066,0.0,1.6194226538333019
4,39.61268799118597,0.01991124107034181,12.008442744046551,-0.00037745143755785193,-0.0001867123245917826,0.08409445529900487,0.0514267684757958,2.472301738275496,0.0,1.3390044060893396
4,39.746909981459034,0.01987671019424966,12.004994052848934,0.13422199027306192,-3.453087609214811e-05,0.08051066974484417,0.3947446398133838,4.584357351221596,0.0,3.0816679552375654
4,39.82152143250841,0.01978933999345983,12.001820821624833,0.07461145104937827,-8.737020078982902e-05,0.0786298427228477,0.1999731244363978,4.717630663983085,0.0,2.758761580864338
4,39.940624297309924,0.020042373017659352,12.002138196056341,0.119102864801512,0.0002530330241995206,0.07897385655169291,0.2522311094084714,4.746235644440205,0.0,2.877580041037045
4,39.989505292763596,0.02003542398587767,11.976846507351649,0.04888099545367197,-6.9490317816806035e-06,0.08774421613271562,0.2467859332563532,2.06224281985775,0.0,1.5246932764415815
4,39.93681809838724,0.019716010820399348,11.962216634697924,-0.05268719437635383,-0.00031941316547832305,0.08675790920122092,0.2715642597308851,4.831118662975291,0.0,2.9586878509494157
4,39.86545392387773,0.01985763856760911,11.96242931470844,-0.07136417450951171,0.00014162774720976115,0.08652278287869464,0.4640985030293765,2.572639535416962,0.0,2.214516773767234
4,40.01272873304953,0.02033027509374093,11.994658906495367,0.14727480917179747,0.00047263652613182064,0.11274118919713019,0.0724545674002413,4.673655909439793,0.0,2.481737089520379
4,40.064698736389914,0.02043406296937681,11.998744144629153,0.051970003340386484,0.0001037878756358808,0.11460958939831856,0.0719380094572569,1.5960114519551536,0.0,0.9418817448920906
4,40.01921739257465,0.020292077090056,12.013698075150385,-0.045481343815261255,-0.00014198587932081133,0.11350029642348182,0.0010395453276793,1.1582569391571536,0.0,0.5812075602339354
4,40.05795248537377,0.02022354065580275,12.033842457989289,0.03873509279911502,-6.853643425324893e-05,0.1267745391733652,0.133775454574357,1.8614132783576889,0.0,1.1982575483275584
4,40.11838735682147,0.02016518531124717,12.02988676551465,0.0604348714477041,-5.83553445555815e-05,0.1262601862001121,0.0517785351882689,4.7817721765643375,0.0,2.4944431586587066
4,40.24708239840847,0.02019144440168204,12.025184953587406,0.12869504158700096,2.6259090434872095e-05,0.12712848236713822,0.3396506102069083,1.2779468304939643,0.0,1.3182746356607988
4,40.19934201543121,0.02071028344632467,12.005039719506755,-0.0477403829772598,0.00051883904464263,0.13321523394332183,0.0727762501860803,3.3040589849636164,0.0,1.797581992853969
4,40.386597603322436,0.02059799260878467,12.017685632314343,0.18725558789122232,-0.00011229083754000016,0.12092867993062152,0.2442788276103702,1.2213881037710084,0.0,1.0992517071062446
4,40.43846693146823,0.02108358185582864,12.030260293777781,0.05186932814579137,0.00048558924704397016,0.11385620483211448,0.2586907455335581,2.0956699441099764,0.0,1.5652164631221044
4,40.46414367590891,0.020897336332897427,12.051301948895958,0.025676744440680466,-0.00018624552293121377,0.10115755189656735,0.1492799459668255,2.3845163192684207,0.0,1.4908180515678613
4,40.29581007877984,0.02097316047372302,12.038894988606383,-0.16833359712907026,7.582414082559288e-05,0.08558046133482569,0.2571747418152634,4.39987937942238,0.0,2.714289173341717
4,40.31808008339917,0.02087384188918721,12.032916566089735,0.022270004619329598,-9.931858453580966e-05,0.08572620431531786,0.1697802750998918,3.8569212562292905,0.0,2.268021178314429
4,40.34655625877611,0.02063624190391976,12.05482523491236,0.028476175376944468,-0.00023759998526744902,0.11882210460211254,0.2644987039899774,2.7846436412097018,0.0,1.9213192285848057
4,40.44904963592205,0.02086629055021515,12.027381691728802,0.1024933771459402,0.0002300486462953888,0.11426436114790284,0.3029789829936229,3.7616148716947215,0.0,2.4867654018346066
4,40.239870452067485,0.02113303091332045,12.014475554386232,-0.20917918385456602,0.0002667403631053007,0.12139223407498143,0.4988132353102786,2.476624298465708,0.0,2.2359386198534112
4,40.215832161581076,0.02091188126385108,12.019323535684089,-0.024038290486409153,-0.000221149649469371,0.12096148141488149,0.4649021289493402,3.232787370280653,0.0,2.5461979430390067
4,40.34904974162076,0.02067658162306161,12.0203924823408,0.13321758003968398,-0.0002352996407894714,0.11962336626859583,0.3516793797729441,4.331321182766763,0.0,2.8690193509292694
4,40.26653377023219,0.020428578036449867,12.018057849892225,-0.08251597138856681,-0.00024800358661174193,0.12107656459120844,0.1194248386414006,4.442830174506549,0.0,2.4602647645360753
4,40.101597379795585,0.0204893933129697,12.01146034778316,-0.16493639043660835,6.0815276519833594e-05,0.1223008738242223,0.2973050170587805,3.279259022767981,0.0,2.2342395455015516
4,40.24752950655981,0.02064490481354832,12.006921287318585,0.1459321267642224,0.00015551150057862076,0.1199814963446978,0.4243577948887497,4.670087536924355,0.0,3.1837593582396773
4,40.44534712168219,0.0204189865154278,11.999600876720454,0.19781761512238205,-0.0002259182981205199,0.11663303735599306,0.2445824329086569,3.9896120326394686,0.0,2.483970882137048
4,40.62444926687219,0.02029818276332061,11.995192292099278,0.17910214519000078,-0.00012080375210719169,0.11727406921858988,0.3855588198770155,1.2333214845012157,0.0,1.387778382004639
4,40.62249083676759,0.02007293422798736,11.959919146311387,-0.00195843010460095,-0.00022524853533325076,0.05379286333234781,0.2405801143601583,1.258557730144136,0.0,1.1104390937923845
4,40.36249519980963,0.02013255150324118,11.978791900963106,-0.25999563695796013,5.961727525382113e-05,0.06954164925986071,0.1041832274508872,3.695973845536467,0.0,2.056353377670008
4,40.48599329678759,0.01991810876711262,11.99900445396668,0.12349809697796132,-0.0002144427361285596,0.07269794228726943,0.4579079004361905,2.8333732126533206,0.0,2.3325024071990414
4,40.40503138833592,0.02005654697874703,11.996616076794009,-0.08096190845166973,0.00013843821163440906,0.07190155027782809,0.4927655417465915,4.318028372205886,0.0,3.144545269596126
4,40.15880540363012,0.01999888820083284,12.01995077478549,-0.24622598470580215,-5.7658777914190024e-05,0.07120153307749569,0.0792991226855959,3.38108329798224,0.0,1.8491398943623119
4,40.03728069202882,0.02014651528932267,12.028116079788258,-0.12152471160129608,0.00014762708848983092,0.0654831415608437,0.0382599914166319,3.682524670158527,0.0,1.9177823179125273
4,40.11910150532825,0.02002313030803927,12.032130839439475,0.08182081329943003,-0.00012338498128339898,0.06208406625309907,0.3046815778108659,3.2950751746895177,0.0,2.256900742966491
4,40.05409861807254,0.020074825651923818,12.038916864754325,-0.06500288725571579,5.1695343884546746e-05,0.0668346631211722,0.0503963299255308,3.582859749567832,0.0,1.8922225346349775
4,40.01730647913103,0.02002987069628661,12.040543285016906,-0.036792138941507346,-4.495495563720808e-05,0.06639423391547661,0.1821472495383761,2.052311440282168,0.0,1.3904502192178363
4,39.801853476811075,0.01979350426078179,12.061059679043224,-0.21545300231995412,-0.00023636643550482145,0.07033849478284888,0.1595761125534621,2.8728534646103947,0.0,1.7555789574121214
4,39.8888582163721,0.01979937843977988,12.086627935745508,0.08700473956102428,5.874178998090118e-06,0.06775830659218814,0.0907600635827757,4.970286715636196,0.0,2.6666634849836495
4,39.946859946888566,0.02008308881135637,12.078698274102148,0.058001730516465955,0.0002837103715764913,0.069336519281918,0.3030834289600252,1.480024104065592,0.0,1.3461789099528465
4,39.855181594855935,0.01995582834426021,12.0712387192208,-0.09167835203263053,-0.00012726046709616093,0.07079276937759837,0.3257181218698317,1.6745752971590164,0.0,1.4887238923191717
4,39.71109341812276,0.01990784035347764,12.076559352726344,-0.14408817673317742,-4.7987990782569906e-05,0.06739332093872996,0.1739381700402772,2.906060170160422,0.0,1.8009064251607654
4,39.78580423857405,0.01980391180538442,12.051949175674538,0.07471082045129407,-0.00010392854809321977,0.08976240887779488,0.3274820443433259,2.203064401260641,0.0,1.7564962893169724
4,39.88064189316422,0.02008081651456021,12.0551134574377,0.09483765459016524,0.00027690470917578897,0.08913643474448409,0.2191693439157584,4.859929278250821,0.0,2.8683033269569274
4,39.82706567314948,0.020107362497112008,12.061997386833792,-0.05357622001474027,2.6545982551799685e-05,0.08718078921384138,0.1082044560074913,1.9751170901627035,0.0,1.2039674570963343
4,39.728369360001295,0.02021667729826038,12.061458000788459,-0.0986963131481815,0.00010931480114837258,0.08686646006644,0.2036798563939382,2.776024711746112,0.0,1.7953720686609325
4,39.58969349547592,0.02028529070406587,12.054152299716074,-0.13867586452537495,6.861340580548853e-05,0.09254088807585124,0.2989267007866808,3.4772377278129296,0.0,2.3364722654798262
4,39.65139092916468,0.02059393930533063,12.058941068018601,0.061697433688756576,0.00030864860126476185,0.09987496721707978,0.0754031072931863,4.792687043645338,0.0,2.5471497364090414
4,39.69210530434301,0.020699626295862437,12.040206941346119,0.04071437517833232,0.00010568699053180655,0.08833531497738138,0.3932800701176225,2.048987394041587,0.0,1.8110538372560385
4,39.974456896334154,0.020149253895403292,12.02991343137543,0.28235159199114435,-0.0005503724004591454,0.09528550117612983,0.0136808250174278,4.181120687319529,0.0,2.1179219936946203
4,40.05770061067786,0.0201171240452273,12.004836815098361,0.08324371434370903,-3.2129850175990904e-05,0.1249856277898057,0.4679641269024597,1.3132480980197854,0.0,1.592552302814812
4,40.11533748857422,0.02034191513547216,11.993424181801318,0.057636877896356964,0.0002247910902448587,0.1245202667904064,0.1934134020377142,2.1440417795487683,0.0,1.4588476938498125
4,40.14364250265063,0.02031171562455139,12.013458934601664,0.028305014076408952,-3.0199510920769085e-05,0.11971798837047806,0.3170075927235442,2.123147132286175,0.0,1.6955887515901757
4,39.944241509430235,0.020256680082634843,11.990127461220784,-0.19940099322039373,-5.503554191654825e-05,0.13305534245692896,0.128134391517936,4.436628941547294,0.0,2.474583253809519
4,40.00915352837544,0.020098047424912717,11.977199767787784,0.0649120189452077,-0.0001586326577221256,0.13064414891140044,0.381907639866881,4.677906608028067,0.0,3.1027685837477956
4,40.026865694044254,0.02035330780670043,11.955190750261337,0.017712165668811508,0.00025526038178771276,0.12520900457721662,0.3336573953781371,3.805575961679656,0.0,2.570102771596102
4,40.15960860839339,0.02034882908887185,11.951316232327155,0.1327429143491372,-4.478717828580031e-06,0.12569135793434705,0.0992756686554884,2.9583202003225004,0.0,1.677711437472227
4,40.27940097700041,0.02062832746074168,11.931478665777288,0.11979236860701548,0.0002794983718698296,0.09051662987392395,0.1833763721242875,4.471338258966077,0.0,2.602421873731614
4,40.32769806309311,0.02063707316435961,11.943947546414085,0.04829708609270256,8.745703617932254e-06,0.10895092929857153,0.1225497045475528,3.1703602910840214,0.0,1.8302795546371162
4,40.09230777513788,0.02101531192141028,11.953517566060286,-0.23539028795522654,0.00037823875705066817,0.11154720318217078,0.1357854584208827,2.904275894968835,0.0,1.7237088643261829
4,40.16254569278407,0.02131244721103685,11.97365544379978,0.07023791764618892,0.0002971352896265697,0.09214747333438157,0.3062493002960763,2.1231519260895717,0.0,1.6740745636369385
4,40.31796480363509,0.02081158928624842,11.981139018903566,0.155419110851021,-0.0005008579247884302,0.09274705889672064,0.3399019287269074,1.4177554083609856,0.0,1.3886815616343076
4,40.43980737021696,0.02091878124471743,11.970807920399483,0.12184256658186854,0.00010719195846901203,0.08638482913315162,0.0436322801298583,1.847634613495324,0.0,1.0110818670073787
4,40.70199575425048,0.02099961450475795,11.984096633200416,0.2621883840335215,8.083326004051927e-05,0.06912395689538298,0.3752506408982501,4.311632598028416,0.0,2.906317580810708
4,40.81755800578354,0.02113371748665288,11.996952506562977,0.11556225153305633,0.00013410298189493047,0.07213981300702263,0.0987317339756768,3.038961844492803,0.0,1.716944390197755
4,40.709650455638936,0.02100975465938494,12.01538710955138,-0.10790755014460274,-0.00012396282726793995,0.06323904230906707,0.0768048897163261,3.905430771785377,0.0,2.1063251653253405
4,40.602061812491435,0.02098141420374704,12.017485887899038,-0.10758864314750127,-2.8340455637900636e-05,0.059979393842375134,0.1126598911093833,1.2751636302793683,0.0,0.8629015973584507
4,40.27234624563856,0.020753023536584408,12.00469546472474,-0.32971556685287595,-0.00022839066716263262,0.07288322142162444,0.0097702186592377,4.22551193617103,0.0,2.13229640540399
4,40.12287805764103,0.020922178828768147,11.995442197404039,-0.14946818799752748,0.0001691552921837397,0.05945414483127304,0.3412509689565793,2.291070849371719,0.0,1.828037362599018
4,40.16901686083196,0.02117525923502528,11.988383435457113,0.046138803190928,0.0002530804062571314,0.05994093547489905,0.4321928392911109,1.33100267725393,0.0,1.529887017209187
4,40.16668247699806,0.02104804419635616,12.005934616268043,-0.002334383833897391,-0.00012721503866911996,0.07867224227668658,0.1332182002250359,1.3551511100462297,0.0,0.9440119554731866
4,40.0528631398645,0.02160506235652381,12.003862111648022,-0.11381933713356318,0.0005570181601676494,0.07848995560958877,0.1437390132309296,4.982018237712655,0.0,2.7784871453181865
4,39.81070814507245,0.02173454021270642,12.02617755598142,-0.2421549947920525,0.0001294778561826103,0.09827316435573014,0.410154620608117,3.5986233159527847,0.0,2.6196208991926264
4,39.74624055174037,0.02158645727654839,12.04060534216342,-0.06446759333207552,-0.00014808293615802687,0.09691750529559237,0.4765618851609633,1.328022999574439,0.0,1.6171352701091462
4,39.413000667056515,0.02125845045369446,12.043267698575775,-0.3332398846838558,-0.00032800682285393304,0.0981637203105831,0.1202644234785201,2.885158799218656,0.0,1.683108246566368
4,39.69182331030187,0.02118788430888011,12.015955540776694,0.27882264324535555,-7.056614481434909e-05,0.12465231700785934,0.0640805409464651,2.9098044941498244,0.0,1.5830633289678424
4,39.738593092904175,0.02106998293100294,12.02698880222055,0.04676978260230413,-0.00011790137787717064,0.12211940661878067,0.4475620918874806,1.676339697281099,0.0,1.7332940324155106
4,40.0051520897308,0.021070843394339542,12.023406621116397,0.26655899682662465,8.604633366035563e-07,0.1271112407766919,0.2106105676559068,1.314261795672564,0.0,1.0783520331480956
4,39.94797860530737,0.02141613181793024,12.034351604451722,-0.057173484423429954,0.0003452884235906964,0.13328295742566346,0.3133763969630452,3.128752581244822,0.0,2.1911290845485016
4,40.114805980085315,0.02080432912773153,12.039732753327819,0.16682737477794518,-0.0006118026901987088,0.1306907504069273,0.4524946949615921,1.867563477408052,0.0,1.8387711286272101
4,39.99441727320423,0.02105761452677679,12.031226346406422,-0.12038870688108716,0.00025328539904526104,0.12526450287234178,0.0449781534281248,1.0177939720606122,0.0,0.5988532928865556
4,40.01154509116607,0.02098215417782149,12.027544426709795,0.017127817961842595,-7.546034895530157e-05,0.12679143719269154,0.0619653636964467,1.8562090652679144,0.0,1.0520352600268505
4,40.15763714368269,0.02074460508729676,12.008024610709562,0.1460920525166216,-0.00023754909052473017,0.11194108062345218,0.380580793218005,3.321954483110241,0.0,2.4221388279911302
4,40.165544381894456,0.02075503916316086,11.995583377518784,0.007907238211764422,1.0434075864099862e-05,0.10775465684567717,0.464216490745874,2.46980592089042,0.0,2.1633359419369578
4,40.40684512103702,0.02109056394127502,12.005818188646957,0.24130073914256656,0.00033552477811416015,0.12227097881723993,0.4140782143059786,3.1657447021395293,0.0,2.411028779681722
4,40.21413879567773,0.02062108579402745,12.038933395658251,-0.19270632535929622,-0.00046947814724757064,0.10228283150555531,0.0460516871743274,1.4726314316579918,0.0,0.8284190901776507
4,40.09565764505876,0.02074566328893416,12.0424339424314,-0.11848115061896891,0.00012457749490671008,0.10334075812642873,0.4393833174617595,1.151022432427883,0.0,1.4542778511374606
4,39.998743888209546,0.0205192208559665,12.06546249660409,-0.09691375684921155,-0.00022644243296765856,0.07865003713211569,0.1831064302439393,3.8024488852979936,0.0,2.2674373031368753
4,40.10889276357499,0.02011687339275149,12.041155260593632,0.11014887536544649,-0.00040234746321500883,0.08686321989577228,0.2352772229970089,1.785437116045554,0.0,1.3632730040167949
4,39.991658963554805,0.020433590088395542,12.043495784758607,-0.11723380002018757,0.0003167166956440509,0.08614478241813196,0.2348045950144376,3.1152227664818057,0.0,2.027220573269778
4,39.89689079031366,0.01990618452487236,12.04009830573104,-0.0947681732411425,-0.0005274055635231811,0.0858094905763204,0.4686339637320718,4.893825869712424,0.0,3.3841808623203558
4,39.855778237178654,0.019587831792422093,12.035592024239659,-0.041112553135008056,-0.000318352732450268,0.09126340944006035,0.3423062079553549,2.1466924407531427,0.0,1.757958636287281
4,39.90137317835281,0.01958608032862327,12.030621962190958,0.04559494117415852,-1.7514637988234882e-06,0.09459366303602271,0.3172950954639116,3.5414787881748406,0.0,2.4053295850152434
4,40.004240580027364,0.01982421912521446,12.050814188141818,0.10286740167455122,0.00023813879659119117,0.10214482906701104,0.0628808548611537,2.468991412170438,0.0,1.3602574158075265
4,39.80996748833864,0.019549087055316806,12.02046106245426,-0.19427309168872142,-0.0002751320698976545,0.09834827076263494,0.0016248162427739,4.176590701179613,0.0,2.0915449830753543
4,39.68393923053704,0.01961805946899648,11.987071431165717,-0.12602825780160032,6.897241367967433e-05,0.11366173307103133,0.1519551080069785,2.5080057082293,0.0,1.557913070128607
4,39.79340679171116,0.01960145897435027,11.997163885977931,0.10946756117412093,-1.660049464621144e-05,0.12712075211622242,0.4380154762295698,1.0633999714862172,0.0,1.4077309382022483
4,39.78573991843786,0.019879546099214572,11.97487631287036,-0.007666873273301178,0.0002780871248643027,0.13023343746791052,0.033043092773128,4.973535071410852,0.0,2.552853721251682
4,39.900342086039146,0.0203896453170245,11.984302399377132,0.11460216760128361,0.0005100992178099263,0.12813749181466397,0.0559594488720803,1.3513234187370815,0.0,0.7875806071127014
4,39.77180797701817,0.02026630679111131,11.990751826507973,-0.1285341090209755,-0.0001233385259131886,0.13225724715576237,0.3727165347475223,3.023080862884869,0.0,2.2569735009374794
4,39.89845237071071,0.02034609018597233,11.970167434404262,0.126644393692537,7.978339486101882e-05,0.14079036262661385,0.3873683944662365,3.417454209620252,0.0,2.483463893742599
4,39.877550552300896,0.02019176320673648,11.983133710836338,-0.020901818409811312,-0.00015432697923584843,0.14151046045129037,0.3361106544586102,3.115244671515076,0.0,2.2298436446747587
4,39.766397645771036,0.02003181736985394,11.98444208733466,-0.11115290652985976,-0.00015994583688254058,0.1412530855566191,0.2859091703864668,4.387395563565362,0.0,2.7655161225556144
4,39.567323221989724,0.01961659290830039,11.966874555758539,-0.1990744237813118,-0.0004152244615535511,0.12493095841331082,0.3489881268183559,4.989357705465338,0.0,3.1926551063693807
4,39.81623416764079,0.0197268940902326,11.965954629546033,0.24891094565106897,0.0001103011819322125,0.1255500616293543,0.258180145485705,4.0517539075884095,0.0,2.542237244765615
4,39.82970091735677,0.01974594637712604,11.982571111533137,0.013466749715973947,1.905228689343813e-05,0.11018063587518427,0.2410208004823152,3.404096329325716,0.0,2.1840897656274882
4,39.859787783359,0.01971030262596878,11.97242491524103,0.03008686600223598,-3.564375115725979e-05,0.09251079916045309,0.4141030750915164,2.191411541912557,0.0,1.9239119211393114
4,39.80312660285881,0.01980926977625424,11.986957380157936,-0.05666118050019264,9.896715028545958e-05,0.08359472666929971,0.3958957231161295,1.2076435132261518,0.0,1.395613202845335
4,39.64975491829551,0.01956117998504151,11.983405948937348,-0.15337168456330375,-0.00024808979121272723,0.0836924610680123,0.3376988008517684,3.567344540979543,0.0,2.459069872193308
4,39.91057887347966,0.01969145861916252,11.986112218769778,0.2608239551841507,0.00013027863412100674,0.08801437222665348,0.0742265181969829,4.819270815900048,0.0,2.5580884443439897
4,39.892174678709424,0.01987331208366307,11.997906951856407,-0.018404194770234028,0.0001818534645005518,0.07040487428574789,0.4772385018024456,1.125184822454092,0.0,1.517069414831937
4,40.068878263143134,0.019741385773572578,12.007755938809275,0.17670358443371015,-0.00013192631009049244,0.08387486909653236,0.3500550079947066,1.7767979542157688,0.0,1.5885089930972978
4,40.117071925780024,0.01999131359940467,12.029416850152028,0.04819366263689062,0.0002499278258320907,0.09840365059630121,0.0080879788454745,1.797442112252726,0.0,0.914897013817312
4,40.18200201877859,0.019601836556610238,12.022070592048113,0.06493009299856567,-0.0003894770427944304,0.10352624860044776,0.2028278038701232,4.8813857457457015,0.0,2.846348480613097
4,39.94633800550936,0.019474976776855002,12.03005870921261,-0.23566401326922914,-0.00012685977975523607,0.0945494211870591,0.3306886846515398,4.931627110563939,0.0,3.127190924585049
4,40.02732655231058,0.02009592348851991,12.043338711514556,0.08098854680122258,0.0006209467116649083,0.09280556527413711,0.4625199179723019,1.6105919473378902,0.0,1.7303358096135488
4,40.178544133584985,0.02030607623148088,12.031998886203516,0.15121758127440188,0.0002101527429609687,0.09398661887681939,0.268511897236121,2.1916495103408704,0.0,1.6328485496426772
4,40.226898996175734,0.020477587930057918,12.026637428331878,0.04835486259074884,0.00017151169857703916,0.09725074477981914,0.1820723153247895,3.807423886652156,0.0,2.2678565739756573
4,40.26291959526836,0.02026994743498579,12.042331583920435,0.03602059909262323,-0.00020764049507212765,0.09891115949123509,0.1569321105830443,1.345046795419178,0.0,0.9863876188756776
4,40.18805795002193,0.0203937411420371,12.022730102295625,-0.07486164524642902,0.00012379370705131038,0.10084119232466053,0.4450632193206225,3.9573393091168185,0.0,2.8687960931996543
4,40.207610298691556,0.02033446350017269,12.02032252874148,0.019552348669627406,-5.9277641864412256e-05,0.10317552570819107,0.4536420233350635,3.409956796711633,0.0,2.6122624450259435
4,40.32409497602823,0.02083240313880928,12.00525979267419,0.1164846773366719,0.0004979396386365909,0.09312844021555554,0.1145207288881281,4.495591206631945,0.0,2.4768370610922283
4,40.488864395581054,0.02099558771363546,11.994107571123973,0.16476941955282598,0.00016318457482617996,0.07442307933230938,0.000699166139578,2.2260198122002604,0.0,1.1144082383792862
4,40.494244930356345,0.02108344200676539,11.987629397491878,0.0053805347752913235,8.785429312993184e-05,0.08333057429597118,0.2953434004373608,1.1033394840782669,0.0,1.1423565429138551
4,40.669286290324074,0.02130103752462561,11.975216225991538,0.17504135996772874,0.0002175955178602175,0.095320207202994,0.2211506098373108,1.7704222894317423,0.0,1.3275123643904927
4,40.79737032499245,0.02092230920636107,11.957957339107958,0.12808403466837603,-0.00037872831826453804,0.08708935688239365,0.1996321492810814,4.0902883432328725,0.0,2.444408470178599
4,40.52045424995462,0.02048580326967393,11.968251252927537,-0.2769160750378319,-0.00043650593668714127,0.0947119548395106,0.1705212997468107,4.489677230224279,0.0,2.585881214605761
4,40.63597543404511,0.020160628933584567,11.97684474653311,0.11552118409048973,-0.0003251743360893622,0.09676031200082037,0.2295357617670501,2.0541229392465383,0.0,1.4861329931573692
4,40.56205730858945,0.02027909256331572,11.966539097271681,-0.07391812545565557,0.00011846362973115185,0.0842236018506837,0.2583923161088957,2.603315606975329,0.0,1.8184424357054558
4,40.44746078073411,0.02030348204965334,11.96472414142708,-0.11459652785534047,2.4389486337622612e-05,0.08538957559466283,0.1149618938214396,4.088210659004464,0.0,2.274029117145111
4,40.530047178425,0.02037051431005276,11.998746297062823,0.08258639769088916,6.70322603994189e-05,0.12458294776706252,0.046725051953679,2.2782132654610665,0.0,1.2325567366378913
4,40.23101641478015,0.02026292319616103,12.017157403298073,-0.2990307636448506,-0.00010759111389173001,0.137166265668556,0.1609671336093343,1.887696893292094,0.0,1.2657827138647155
4,40.15660710407297,0.019939363691747362,12.003473489311293,-0.07440931070718193,-0.0003235595044136681,0.13808859995306835,0.4436506910876034,4.424194825140869,0.0,3.0993987947456416
4,40.24971524221269,0.02002904485737797,12.019909333330583,0.09310813813971919,8.968116563060763e-05,0.12869061776138568,0.0783191274384582,4.4895773504768925,0.0,2.401426930115363
4,40.16713315454615,0.01978812207119162,12.042178403192079,-0.08258208766653752,-0.0002409227861863497,0.11270194473802976,0.0957073456081907,3.97511437032173,0.0,2.1789718763772465
4,40.14446390019149,0.01992551802331895,12.041302555185695,-0.022669254354660495,0.00013739595212733033,0.11379055824682577,0.3600740550449002,3.3844159441637025,0.0,2.4123560821716517
4,40.176916316246526,0.02003931108821854,12.01852655709318,0.03245241605503679,0.0001137930648995901,0.12814993242123576,0.3885539697275586,2.192202060483263,0.0,1.8732089696967487
4,40.256957938038546,0.02006104808249881,12.023248536682704,0.08004162179202012,2.1736994280270594e-05,0.1297277499696706,0.3151202744231127,1.778057264224774,0.0,1.5192691809586125
4,40.455496974034176,0.01988009937455974,12.011080933820917,0.19853903599562983,-0.00018094870793907217,0.13571381124494722,0.4432877022715785,4.846045543515418,0.0,3.3095981763008657
4,40.35710145932318,0.01990357436087403,12.041476356069605,-0.09839551471099384,2.347498631428968e-05,0.14374353403265427,0.3341343364710776,4.539487928611221,0.0,2.9380126372477657
4,40.340178919592695,0.019740076687788898,12.014785600304267,-0.016922539730487074,-0.00016349767308513133,0.12158815192189866,0.1908075995407852,2.969118519555896,0.0,1.8661744588595184
4,40.35190806005012,0.019961008758230248,12.00427117592858,0.011729140457426013,0.00022093207044135074,0.10962199283822094,0.2588106836945559,1.1289350408191003,0.0,1.0820888877986619
4,40.254727605486195,0.01980295140687662,12.002402861110932,-0.09718045456392588,-0.00015805735135362986,0.11111039783946512,0.3584492786184904,4.391920367110694,0.0,2.912858740792328
4,40.17110433928771,0.02034478085903375,12.009600934912285,-0.08362326619848659,0.0005418294521571318,0.11501614817958412,0.0697698392329527,4.463851710305354,0.0,2.3714655336185824
4,40.14234883344073,0.02023403497569472,12.004779872046825,-0.02875550584698061,-0.0001107458833390293,0.11346398520479674,0.1223673305375355,2.529588621293264,0.0,1.5095289717217029
4,39.93634884949941,0.0203899104298714,12.005670775989426,-0.20599998394131802,0.00015587545417667867,0.11267526767378001,0.0546762068567061,3.244353628592868,0.0,1.7315292280098462
4,40.061445703730236,0.02062971405502064,12.01391472621997,0.12509685423082573,0.00023980362514924164,0.10235103789035492,0.2441543145352092,2.3880301692494053,0.0,1.682323713695121
4,39.96215552570568,0.020539335020027298,12.018809820958948,-0.0992901780245532,-9.03790349933431e-05,0.1070973102890116,0.325037820587183,1.499032896786649,0.0,1.3995920895676905
4,39.903846674066486,0.02077078747515379,12.039154754826495,-0.058308851639196746,0.0002314524551264921,0.10063429275411062,0.3197260451873982,2.12740131296302,0.0,1.7031527468563064
4,40.07696307548442,0.02042395969227081,12.032360990625714,0.1731164014179356,-0.0003468277828829816,0.08937122190279742,0.1619462072885928,2.1932352079432595,0.0,1.4205100185488153
4,40.07041565418562,0.02085484621104567,12.04284505683399,-0.006547421298805034,0.0004308865187748617,0.09048588781416665,0.3334895234630383,4.060033032298984,0.0,2.6969955630755686
4,40.235170899585185,0.02073636308624073,12.031634765509327,0.16475524539956865,-0.00011848312480493978,0.09292060983930184,0.3324126904680802,1.3969737706669272,0.0,1.363312266269624
4,40.1926240415373,0.021299861535193636,12.035531671671436,-0.04254685804788494,0.0005634984489529052,0.08817532059595896,0.2061151116540127,1.7141297969736815,0.0,1.2692951217948663
4,40.2461491708561,0.02118789374271246,12.029926253077372,0.053525129318799713,-0.00011196779248117544,0.08556191215249521,0.3172270010014201,2.2582958130029485,0.0,1.7636019085043144
4,40.22193186978242,0.02090134093455785,12.026463762160533,-0.024217301073676367,-0.0002865528081546116,0.08687026803777942,0.4996606398345398,2.213151150810633,0.0,2.105896855074396
4,40.31564107141867,0.020214155107278843,12.019794066490542,0.09370920163624419,-0.0006871858272790056,0.09785364698672028,0.0263018289114725,1.8783829800697136,0.0,0.9917951478578018
4,40.27084101941428,0.020130899439457027,12.023793903276095,-0.04480005200439052,-8.325566782181604e-05,0.09452887766612764,0.3504030679269109,2.8295396275773115,0.0,2.1155759496424773
4,40.181997575468635,0.02024236427762067,12.001493181115059,-0.08884344394564181,0.00011146483816364128,0.09238745385068345,0.0179082001675439,2.3943436533608207,0.0,1.2329882270154982
4,40.18108082151501,0.02017717401788031,11.994375024678813,-0.0009167539536250047,-6.519025974035739e-05,0.08641721094825218,0.4869615549966186,4.722078636454365,0.0,3.33496242822042
4,40.212201665782764,0.02023200984743018,11.994774551967158,0.031120844267753967,5.4835829549869375e-05,0.08718924648014843,0.2764363953863525,4.36050280229414,0.0,2.733124191919775
4,40.30979651603525,0.01985939086364221,11.959631195730301,0.09759485025248438,-0.0003726189837879694,0.10882054225108743,0.4828915845286737,1.597464125549538,0.0,1.7645152318321164
4,40.3347423411196,0.019524877353276633,11.969835576354427,0.024945825084351725,-0.00033451351036557775,0.11386645817203035,0.1710339898580191,4.735391124962176,0.0,2.709763542197126
4,40.42638675020379,0.019380461934958723,11.956482808497158,0.09164440908418925,-0.00014441541831791,0.12338305014583736,0.1727121192100936,1.3189676896967506,0.0,1.0049080832685626
4,40.41400988956967,0.01935396651678915,11.929476438368106,-0.012376860634120135,-2.6495418169573265e-05,0.13204332339692412,0.169422566518243,1.692866329653274,0.0,1.1852782978631229
4,40.488610440153,0.01985890875204217,11.933267100042652,0.07460055058333381,0.0005049422352530197,0.13423071739011996,0.4730443616503753,2.0196284047442536,0.0,1.9559029256728775
4,40.239750094562176,0.020128990528582302,11.95710459397155,-0.2488603455908276,0.0002700817765401327,0.13943643596734406,0.4922475500072767,2.193660661523681,0.0,2.0813254307763938
4,40.27075116287532,0.02050355250181229,11.95394525470352,0.031001068313145197,0.0003745619732299886,0.1394739293687163,0.2955581227830661,4.327277265997388,0.0,2.7547548785648264
4,40.27665377865312,0.02038902155329466,11.955632907170276,0.005902615777799269,-0.0001145309485176306,0.13897378117228715,0.3385453618009629,3.318331479516635,0.0,2.336256463360243
4,40.2120681220488,0.020496605731216068,11.960224752678519,-0.06458565660432214,0.00010758417792140762,0.1424137402480431,0.0863680950067912,3.4142077071350734,0.0,1.8798400435811191
4,40.1379488284184,0.02018459697808818,11.940892087258442,-0.07411929363039604,-0.00031200875312788895,0.12638065008587113,0.0228349284829348,1.6959692717878618,0.0,0.8936544928598005
4,39.81871319391392,0.01982949568090027,11.974542216738259,-0.31923563450448,-0.0003551012971879097,0.11318603313101352,0.1479521690799033,3.985101792994404,0.0,2.288455234657009
4,39.776792452326454,0.01999728300598325,11.97062438247402,-0.04192074158746806,0.00016778732508298047,0.1103374142942625,0.2741508384815487,3.41393560572962,0.0,2.2552694798279074
4,39.897121740582264,0.019793647928163717,11.981432361655882,0.12032928825581024,-0.0002036350778195327,0.09865163635948626,0.3951620962121395,1.262396294647444,0.0,1.421522339748001
4,39.910145741462884,0.01957940644875833,11.999315749821282,0.013024000880619724,-0.00021424147940538735,0.06760965270593239,0.3461561448549148,2.644942535723192,0.0,2.0147835575714255
4,40.046115155347216,0.01948363861624863,12.006495059940919,0.13596941388433237,-9.576783250970014e-05,0.0735391987865905,0.3186635565435027,4.914836313541549,0.0,3.09474526985778
4,40.355676395108695,0.020062965878786337,11.985263515592713,0.30956123976147865,0.0005793272625377079,0.07691645629370772,0.3752686409620209,3.682581907642053,0.0,2.5918282357450684
4,40.35287165537001,0.020074191278786617,11.9855444203675,-0.0028047397386856687,1.122540000027955e-05,0.07673054096987651,0.4132608378808017,1.657654446263341,0.0,1.6553488988932739
4,40.27909477828603,0.02005500410461384,11.987553448920421,-0.07377687708397929,-1.9187174172777266e-05,0.07524970448894314,0.2472015412360531,2.4502188377200125,0.0,1.7195125013321124
4,40.239931613208554,0.02006128207374889,11.973143270895447,-0.039163165077475526,6.277969135048966e-06,0.07010582315971652,0.0360068806832773,2.9464116189311627,0.0,1.545219570832136
4,40.30308125894518,0.02026095458281349,11.977055815302414,0.06314964573662252,0.00019967250906460093,0.07002339434849021,0.1259158964820306,1.2216854135188262,0.0,0.8626744997234743
4,40.734145941237415,0.02046608445621791,11.985898477267185,0.43106468229223793,0.00020512987340442004,0.08820841132229285,0.3435189794670334,1.952335218262529,0.0,1.6632055680653313
4,40.6710500263418,0.02080443053012656,11.99014294617757,-0.06309591489561228,0.0003383460739086498,0.09132545349016294,0.0458517098943772,1.1468528891627447,0.0,0.6651298643701268
4,40.6411050309063,0.021265780513255738,12.00850092424521,-0.029944995435499777,0.00046134998312917855,0.09586995553263507,0.2420493900516068,1.4169654141815111,0.0,1.1925814871939693
4,40.65915900256265,0.02107993870024328,12.01167009914664,0.018053971656350143,-0.00018584181301245853,0.09422813305545365,0.4155460320251204,3.798578043547793,0.0,2.7303810858241375
4,40.41167979962126,0.021135476002076298,11.999895661609433,-0.24747920294139192,5.553730183301825e-05,0.09045860809450268,0.2358903658813154,4.573904471213578,0.0,2.75873296736942
4,40.34163113755202,0.020277924797514918,12.016589719204097,-0.07004866206924021,-0.0008575512045613798,0.08051654378640577,0.1070709009188556,1.7780539210564412,0.0,1.1031687623659319
4,40.27418659546113,0.01992896070088876,12.023928640666117,-0.06744454209088957,-0.0003489640966261587,0.07608889402494132,0.2519896043599642,1.3703666936117609,0.0,1.189162555525809
4,40.28759984497487,0.020142482261199,12.027757942455441,0.013413249513739345,0.00021352156031024042,0.07262629979115483,0.2483753444675026,3.625000197385329,0.0,2.3092507876276698
4,40.25186328350678,0.02005805142338156,12.059238362209348,-0.035736561468091566,-8.443083781744035e-05,0.09198432861313871,0.0792003002067192,4.43458309586828,0.0,2.3756921483475786
4,40.35289843500125,0.01985238003453731,12.072239510720667,0.10103515149447162,-0.00020567138884424949,0.09081484791477093,0.2384571681964837,3.6138688257393703,0.0,2.2838487492626527
4,40.08909754801847,0.020106205820948207,12.042994598555984,-0.2638008869827786,0.0002538257864108974,0.10153177636486076,0.2216276381835863,1.4155108629696609,0.0,1.151010707852003
4,40.025371394848555,0.01973418434650105,12.031978455080035,-0.0637261531699167,-0.0003720214744471588,0.10438426151834115,0.1496534675107568,2.273770091940374,0.0,1.4361919809917005
4,39.814079927254646,0.01913358916083911,12.018641837172435,-0.2112914675939095,-0.0006005951856619396,0.10150949012254434,0.388008891206282,1.4205420477690365,0.0,1.4862888062970823
4,39.80916053259649,0.01928109143878071,12.03707728359657,-0.004919394658152498,0.00014750227794160103,0.11038979064594316,0.2627184351153282,3.266595225632842,0.0,2.1587344830470774
4,39.978409366575164,0.01954382219885253,12.037269303194153,0.16924883397867063,0.00026273076007182067,0.11026854961994997,0.2497086216118182,4.325801622128957,0.0,2.662318054288115
4,40.041299249494045,0.02040312661522382,12.026760363736365,0.06288988291888131,0.0008593044163712898,0.1142897775603846,0.2875923531464801,2.327167368774628,0.0,1.7387683906802742
4,39.964401449983455,0.020184414159371288,12.024446767571444,-0.07689779951058995,-0.00021871245585253218,0.11479999524483678,0.0585963439055329,2.642978710923365,0.0,1.4386820432727483
4,40.006285850444236,0.020002772627911967,12.038172682927362,0.04188440046078057,-0.00018164153145932074,0.1176600022365411,0.4618540414873712,3.8719252849520207,0.0,2.8596707254507527
4,40.02913034465534,0.0199299640433076,12.023459621999006,0.02284449421110679,-7.280858460436898e-05,0.09591052991857581,0.0624479196157192,2.975417556134897,0.0,1.6126046172988868
4,39.99019129239416,0.020305077348830018,12.007216630783065,-0.03893905226118477,0.0003751133055224197,0.09072900322686166,0.183615763736422,4.119700808719564,0.0,2.427081931832626
4,39.90635729192853,0.02004340542174099,12.016997819626225,-0.08383400046562883,-0.0002616719270890286,0.0801011730044292,0.2429672260882766,4.570028034921668,0.0,2.7709484696373874
4,40.21532615088017,0.02045582615669157,12.02235788720439,0.30896885895164417,0.0004124207349505797,0.07749627048335006,0.4751000889669218,1.8363113767836985,0.0,1.8683558663256927
4,40.336706897086756,0.020511600091505523,12.018817584733588,0.12138074620658301,5.577393481395396e-05,0.0804691114271647,0.4793032454577225,4.2404942929490685,0.0,3.0788536373899795
4,40.29227694201592,0.02068066269507043,11.988043540111729,-0.044429955070839355,0.00016906260356490746,0.07669743325262128,0.1559398425418885,1.6979375014128375,0.0,1.1608484357901958
4,40.25692237104387,0.02034535418053595,11.990396274141592,-0.03535457097204642,-0.00033530851453448043,0.0766286065985686,0.2044973622207127,2.664349844648871,0.0,1.7411696467658608
4,40.3249619496996,0.01969868866604254,12.00712054978798,0.0680395786557284,-0.0006466655144934108,0.08261853421852132,0.2633382485253001,4.702114082000664,0.0,2.877733538050932
4,40.53594428592598,0.01978565108927489,12.002822114579686,0.21098233622637963,8.69624232323514e-05,0.08462680896597714,0.3061034199373821,4.3697157398983375,0.0,2.7970647098239327
4,40.514289992513895,0.01951828909137744,11.981893092937783,-0.021654293412083803,-0.0002673619978974494,0.07753313892102642,0.2330809557388375,1.7184364300501964,0.0,1.3253801265027731
4,40.42407692545159,0.0196600613949067,11.972511425911563,-0.09021306706230803,0.0001417723035292591,0.06665892645477593,0.1503831441894457,2.1850082849785304,0.0,1.3932704308681565
4,40.39821193348407,0.019416442684992978,11.979481027262363,-0.02586499196751646,-0.00024361870991372256,0.06891709287964211,0.4580410141557138,1.5747152247763525,0.0,1.703439640699604
4,40.65039913983742,0.01946851483152857,11.985880249065769,0.2521872063533479,5.207214653559292e-05,0.07162883161845951,0.1706941123711579,4.06197407006798,0.0,2.3723752597763057
4,40.53948770902634,0.01949139851586571,11.969976896592279,-0.11091143081107901,2.288368433714036e-05,0.08207502664755925,0.4226191206518938,1.4977756807337008,0.0,1.594126081670638
4,40.473140904253164,0.019417694679688714,11.984007881740709,-0.06634680477317545,-7.370383617699705e-05,0.0887127787015401,0.4650745606656098,4.021645410629319,0.0,2.940971826645879
4,40.725261902117815,0.01907600343925453,12.000934672800607,0.25212099786465103,-0.0003416912404341846,0.07748492448860686,0.0407924192749665,4.554643653910211,0.0,2.3589066655050384
4,40.74915589220988,0.01958605885761319,12.006277576877798,0.023893990092062722,0.0005100554183586591,0.0791580408350367,0.1313077172984782,3.6049700826544897,0.0,2.065100475924201
4,40.68331381714215,0.01973923224828619,12.00580167694135,-0.06584207506772799,0.0001531733906730004,0.07848971077322926,0.155938609586456,3.561224845628401,0.0,2.0924896419871124
4,40.59685541764266,0.01962387189546351,12.034404965353051,-0.08645839949949163,-0.00011536035282267917,0.10338377826500297,0.2217360212899223,2.419878183115085,0.0,1.6534111341373872
4,40.61819003009595,0.02006294776056822,12.054607979478742,0.02133461245329471,0.00043907586510471067,0.09640739041253912,0.4605417245068447,4.276052923824894,0.0,3.0591099109261366
4,40.80617474127808,0.01993290386112814,12.046911375219663,0.1879847111821249,-0.00013004389944008127,0.10356943607060255,0.0997134744186483,4.682786868410902,0.0,2.540820383042748
4,40.61930359934415,0.020291166363209098,12.032496955899447,-0.18687114193392773,0.0003582625020809582,0.1154404865287055,0.0954055022461183,2.3178232795423197,0.0,1.3497226442633965
4,40.47569952487885,0.02034527150166484,12.004498295181374,-0.14360407446530132,5.4105138455742136e-05,0.14355130144514855,0.2610551139383484,1.8882438820362253,0.0,1.4662321688948095
4,40.19127038968479,0.02013837747926155,12.016242911788598,-0.28442913519405977,-0.00020689402240329016,0.13428261121818025,0.2724903883254934,4.093396052368911,0.0,2.5916788028354425
4,40.34749135356254,0.020335515768907388,12.01624756343698,0.1562209638777503,0.00019713828964583804,0.13428520091624035,0.3029894393102499,2.000437430698525,0.0,1.6061975939697624
4,40.019196164451316,0.020318142951596167,12.012400182628886,-0.32829518911122335,-1.7372817311220312e-05,0.1344781195711835,0.0520252117941749,2.646963967708665,0.0,1.4275324074426823
4,39.96778726385524,0.02024978672944363,12.015004665839092,-0.051408900596072726,-6.8356222152538e-05,0.13558640394073945,0.038029200125894,4.369518306283865,0.0,2.2608175533937205
4,39.78308614123317,0.02004433841456529,12.003184552858524,-0.18470112262207294,-0.00020544831487833912,0.13214357335203633,0.0695113470881276,2.959923066523624,0.0,1.618984227438067
4,39.68884922460849,0.02004200373070654,11.981098401715531,-0.09423691662468059,-2.334683858750547e-06,0.10485345807368489,0.13009413562212,4.629996920886986,0.0,2.5751867316877326
4,39.880594571414036,0.02001397260655728,11.950774991932235,0.191745346805547,-2.8031124149258124e-05,0.10583790379283334,0.2322639021311973,2.198786597661026,0.0,1.5639211030929077
4,39.862843254634015,0.02020115699538675,11.979159007293932,-0.017751316780021398,0.00018718438882946858,0.13362456202611167,0.0880925205317879,1.6274527907698508,0.0,0.9899114364485012
4,40.10421665131688,0.020216978371905843,12.00242625490732,0.24137339668286728,1.5821376519092878e-05,0.1359284378980945,0.4610124946394323,2.4609986289824786,0.0,2.152524303770104
4,40.08435100857365,0.02028975296901172,12.026957164897695,-0.01986564274323399,7.27745971058763e-05,0.10658362522425376,0.0559573507450757,1.9199305312170187,0.0,1.0718799670986607
4,40.34625907179729,0.019841842699890592,12.0244645132222,0.26190806322364324,-0.00044791026912112744,0.1083297934021604,0.1993804577783012,3.6347882319854983,0.0,2.2161550315493517
4,40.30852724296737,0.01988047865526649,12.013883774074039,-0.03773182882991932,3.863595537589859e-05,0.10707732984970379,0.0001520864022641,4.179005195323986,0.0,2.0898067704665215
4,40.306072019685836,0.020280705441593022,12.039647423568272,-0.0024552232815366892,0.0004002267863265317,0.1291504566239291,0.263346583250019,4.376400354689283,0.0,2.7148933438446794
4,40.23029157733574,0.01991780264459031,12.033580846753338,-0.07578044235009429,-0.0003629027970027121,0.12854926469349953,0.2582019070688731,1.7467673110015105,0.0,1.3897874696385015
4,40.56384319662372,0.019940332261296913,12.046755082323418,0.3335516192879808,2.252961670660275e-05,0.12977199151069,0.3936969661629147,1.7746544261195885,0.0,1.6747211453856237
4,40.5901879844196,0.020033239208612462,12.05037603475418,0.026344787795878233,9.290694731554916e-05,0.12924472007879237,0.4692525614592486,3.983587169953346,0.0,2.93029870789517
4,40.5008798973666,0.01991652445315427,12.082589286945693,-0.08930808705299853,-0.00011671475545819293,0.09981330258241292,0.3176973362053873,3.6327518000140833,0.0,2.451770572417816
4,40.45766772657804,0.01975971267538754,12.062106043474545,-0.04321217078856421,-0.00015681177776672925,0.0908327761323994,0.2404165286998418,3.739036356515356,0.0,2.3503512356573615
4,40.27775431354167,0.01978104999811003,12.041064256245736,-0.17991341303636688,2.1337322722490837e-05,0.100056471467068,0.4777777893888988,3.886129793717549,0.0,2.898620475636572
4,40.12688371534741,0.01971854858341904,12.04565197589569,-0.15087059819425974,-6.250141469098941e-05,0.09936020404520657,0.0048763605249214,3.0019797608233056,0.0,1.5107426014614955
4,39.79971254087893,0.0198727293055246,12.042671006617628,-0.3271711744684822,0.00015418072210555966,0.10307649220083762,0.113314311451486,2.5886681998015506,0.0,1.5209627228037472
4,39.67905098673838,0.01984595018741764,12.035168738469732,-0.12066155414054691,-2.677911810695932e-05,0.11077019941330206,0.3241214206675816,4.809547501374938,0.0,3.053016592022632
4,39.684154345557296,0.01974158177696656,12.016333833759518,0.0051033588189142165,-0.00010436841045107989,0.08346002232250288,0.3449671065558172,2.812121854277219,0.0,2.0959951402502437
4,39.8429933186015,0.01950454508025956,12.007377172577122,0.15883897304420458,-0.00023703669670700062,0.08797240051221351,0.2905626617853522,1.808004909829647,0.0,1.485127778485528
4,39.66823617123805,0.019573301324101587,11.99710788652199,-0.17475714736345083,6.875624384202611e-05,0.07934725874344888,0.2997518908548078,4.300298067344732,0.0,2.7496528153819817
4,39.562381967506255,0.01944930424638307,11.99587991888979,-0.10585420373179488,-0.00012399707771851634,0.07853380699071771,0.1873179691194521,2.7682076546208587,0.0,1.7587397655493335
4,39.6213529010744,0.019432414047554792,11.977818582140412,0.05897093356814764,-1.6890198828278802e-05,0.06253933079788666,0.369199311133885,3.379329343171225,0.0,2.4280632938533824
4,39.55195275572903,0.01931129228972455,11.978893879115486,-0.06940014534536942,-0.00012112175783024134,0.06319622675089458,0.2551835905527109,4.686769579273595,0.0,2.8537519707422194
4,39.424751932868034,0.019115578479088388,11.989054676645463,-0.1272008228609991,-0.0001957138106361625,0.058666228398925366,0.315955753233456,4.591433839945468,0.0,2.927628426439646
4,39.67874708828491,0.01922934603044629,11.992038033043588,0.2539951554168738,0.00011376755135790104,0.06286914416672147,0.3735365862995442,1.3975698815084034,0.0,1.4458581133532902
4,39.88491516382155,0.01903866652779046,12.001859104907396,0.2061680755366453,-0.0001906795026558293,0.05701562948587885,0.199481489779098,4.330561212516487,0.0,2.5642435858164396
4,40.04676766937905,0.01900731476613517,12.01727352957745,0.16185250555749775,-3.135176165528983e-05,0.0472329884420425,0.0931464961402079,1.3264076324827974,0.0,0.8494968085218144
4,40.12894734161978,0.018672361420966448,12.000284524286862,0.08217967224072709,-0.0003349533451687224,0.05973236562591706,0.2573817669268654,4.564636333752905,0.0,2.797081700730183
4,39.99454841426243,0.01877610579340476,12.011985902768854,-0.1343989273573456,0.0001037443724383122,0.055343766389207044,0.4455013231866392,4.755324753681959,0.0,3.268665023214258
4,40.01306330292628,0.018807629960872242,12.009653417776837,0.01851488866384443,3.152416746748238e-05,0.05573326696345692,0.0245800546358017,3.8687571670418937,0.0,1.9835386927925502
4,40.09483070519454,0.01896042864502244,12.018061938227921,0.0817674022682624,0.00015279868415019743,0.06581812440341742,0.155697963292244,3.865368267222783,0.0,2.2440800601958797
4,39.961078065395434,0.01891077941016418,12.02412917897375,-0.13375263979910557,-4.9649234858260144e-05,0.061803720148232336,0.1747905300915579,3.637898376538103,0.0,2.1685302484521674
4,40.07571930300024,0.01893493416446859,12.026237680266256,0.1146412376048076,2.4154754304409054e-05,0.06194218892423351,0.0898528808044094,4.312315564296084,0.0,2.335863543756861
4,40.21109127453714,0.01898742830030296,12.019311227545549,0.13537197153689817,5.249413583437168e-05,0.06753850110858245,0.2436983699157072,4.446987064108601,0.0,2.710890271885715
4,40.163197071051854,0.01910395761078257,12.020967189579673,-0.04789420348528495,0.0001165293104796114,0.06943659819953853,0.4638211515024937,4.042867728897669,0.0,2.9490761674538217
4,40.099795580701766,0.01951835677782576,12.026596156672507,-0.06340149035008835,0.00041439916704318763,0.07106258791367419,0.3217104190108201,2.751808730725665,0.0,2.0193252033844726
4,39.755660375384835,0.01962079895770187,12.02230882321465,-0.3441352053169311,0.00010244217987611173,0.07032288890276961,0.4947211294670557,4.950538405963961,0.0,3.464711461916092
4,39.76930315123586,0.02007014848844743,12.04037164956396,0.013642775851025135,0.0004493495307455603,0.053232663171356165,0.3994740759152104,4.211035771344355,0.0,2.9044660375025986
4,39.87059415283403,0.02002844722286315,12.04996459234167,0.10129100159817028,-4.170126558428189e-05,0.062107379453938946,0.3740407230170377,4.138473265347156,0.0,2.8173180787076535
4,39.88197308117099,0.01994825841472356,12.044667758282767,0.01137892833695986,-8.018880813958837e-05,0.06952827336500396,0.131125781529381,3.3136481519413548,0.0,1.9190756390294395
4,39.858159522410425,0.019852984797582872,12.034200946500647,-0.023813558760565456,-9.527361714068913e-05,0.06436275283603876,0.3833402916439998,1.4990133413931366,0.0,1.516187253984568
4,39.933056919577304,0.019626603921691597,12.038348337972462,0.07489739716687893,-0.00022638087589127442,0.06421189865911439,0.3760310572690788,2.119522235192496,0.0,1.8118232321344057
4,39.88230339932671,0.0198167309602625,12.040914884391414,-0.050753520250594875,0.00019012703857090169,0.06476835744126344,0.3701737145732652,4.284687244391231,0.0,2.882691051342146
4,39.965778268003916,0.01944922358860747,12.047719684048193,0.08347486867720733,-0.0003675073716550292,0.056107830385114514,0.2708080434919812,2.408693880058248,0.0,1.7459630270130864
4,39.81788641353392,0.01916163825529591,12.034313350157452,-0.14789185446999653,-0.00028758533331155883,0.058442673785502906,0.1754285100194247,2.2379002648069704,0.0,1.4698071524423346
4,39.80840574364479,0.019448358787939272,12.042942692907928,-0.00948066988912899,0.0002867205326433607,0.0696288512617061,0.0527046848133347,2.650986352025442,0.0,1.4309025456393905
4,39.96361591251579,0.01952019083593304,12.047163632718092,0.15521016887100103,7.183204799376952e-05,0.06895501928029081,0.0868444842742677,1.995855997942024,0.0,1.1716169675195474
4,39.932296724025434,0.01963373317436943,12.045642634436037,-0.03131918849035742,0.00011354233843638775,0.06858541660509555,0.1497493090280771,1.1645877400272595,0.0,0.8817924880697839
4,40.05769594532519,0.01977459880538793,12.023816983042485,0.12539922129975878,0.00014086563101850177,0.06953640265724544,0.3274153665463457,3.6498769400891047,0.0,2.4797692031372436
4,39.955541133092446,0.01973012281196873,12.039567135237206,-0.10215481223274736,-4.447599341919975e-05,0.06562644296244452,0.2640571203312323,2.823593173645097,0.0,1.9399108274850132
4,40.061475089849274,0.02007964365422104,12.056496404331153,0.1059339567568287,0.00034952084225230856,0.07948355193283858,0.073226730605959,4.675554415176226,0.0,2.484230668800031
4,39.87092945612682,0.02053899163764026,12.050575327064145,-0.1905456337224578,0.0004593479834192199,0.08178715460834085,0.4328979627313675,2.813522053068457,0.0,2.2725569519969637
4,39.89896416337337,0.02047000766557125,12.04846496804769,0.028034707246554547,-6.898397206901025e-05,0.08164435543542245,0.4198276836735722,1.3471353037235017,0.0,1.5132230192088953
4,39.821132802162296,0.0209353708640306,12.038253448444934,-0.07783136121107503,0.00046536319845934954,0.09274444825664926,0.120762422532256,4.127886029453975,0.0,2.3054678597914995
4,39.79618213087783,0.02121023049508498,12.05141381296768,-0.02495067128446493,0.0002748596310543812,0.0905062575778077,0.0652478518343318,4.21966210642014,0.0,2.2403267568787335
4,40.05295516793334,0.02088453529099012,12.035942984784674,0.2567730370555097,-0.0003256952040948599,0.08350213661173765,0.1975819091906999,3.551862252376889,0.0,2.171094944569844
4,40.19411562543095,0.020577511231877867,12.02395486066904,0.1411604574976124,-0.0003070240591122528,0.08871327647622466,0.1813597919040178,4.242723547463433,0.0,2.484081357539752
4,40.14534959384325,0.02026511264379796,12.013419195235162,-0.04876603158770365,-0.00031239858807990614,0.09099671252590508,0.2606919545431473,1.60248356279225,0.0,1.3226256904824196
4,39.88587389168494,0.02036809386161932,12.02526529710064,-0.25947570215831206,0.00010298121782136016,0.08544378146333784,0.2411716617999349,4.3613482594453,0.0,2.66301745332252
4,39.93400598034306,0.02046056604647806,12.01850456449706,0.048132088658121575,9.247218485873912e-05,0.08188327305122732,0.3683751117087877,2.6616856964559625,0.0,2.0675930716455566
4,39.88022265040142,0.020192170646218914,12.004904271463143,-0.0537833299416377,-0.0002683954002591464,0.059063504558672035,0.0540647103717559,3.693715926775091,0.0,1.9549873841310572
4,40.076035379166036,0.02044346786591909,11.991576913097182,0.19581272876461497,0.00025129721970017574,0.0744136297062173,0.2663779950948401,3.11351954769923,0.0,2.0895157640392954
4,39.8435212138142,0.020090971865395622,11.978086548415735,-0.23251416535183722,-0.00035249600052346744,0.07607478539218172,0.0437241509804633,1.4087039934346763,0.0,0.7918002986782647
4,39.76176250513275,0.02025350228883451,11.979908075902825,-0.08175870868144841,0.00016253042343888913,0.07438277797223189,0.2494783538905577,2.087995001252109,0.0,1.54295420840717
4,39.82479553938481,0.02011836395398068,11.9605026883601,0.06303303425205797,-0.0001351383348538321,0.0653138601127413,0.4470470108187617,1.7091938494276755,0.0,1.7486909463513611
4,39.649962948264,0.02038232283417235,11.95736361818941,-0.1748325911208113,0.0002639588801916712,0.0638477536572904,0.2820125225940202,1.2258598323637853,0.0,1.176954961369933
4,39.579300843429266,0.020674336407293242,11.97053070299519,-0.07066210483473157,0.0002920135731208917,0.07207320135237968,0.1764399001669275,4.433428755353408,0.0,2.569594178010559
4,39.62828844664024,0.0208525858317059,11.968673431317281,0.04898760321097484,0.00017824942441265618,0.07293863036059871,0.4949134857146365,3.639229779936302,0.0,2.809441861397424
4,39.558488526508214,0.02089587440102039,11.97129376195379,-0.06979992013202718,4.328856931449035e-05,0.07623596965917838,0.1472037820421428,1.1957104998192287,0.0,0.8922628139939
4,39.558123196951854,0.02072758883965125,11.950712304215795,-0.00036532955635948383,-0.00016828556136913933,0.08640835938125356,0.0567199531032934,3.858413820385444,0.0,2.042646816399309
4,39.70666136750427,0.020742264000444568,11.953415427761126,0.14853817055241336,1.4675160793318348e-05,0.09020331547788168,0.3224820163916472,1.4990748253631645,0.0,1.3945014454648765
4,39.605194469645504,0.020196241470127618,11.957952883115642,-0.10146689785876362,-0.0005460225303169502,0.08616857044217092,0.0022727337248157,2.943730481122474,0.0,1.4764107080108684
4,39.71967822096825,0.02111076801658164,11.961225288910864,0.11448375132274435,0.0009145265464540232,0.08471376541719516,0.3484641621975338,3.319095103334964,0.0,2.3564758760625497
4,39.83968901760848,0.02099100176097731,11.982896280465837,0.12001079664022996,-0.00011976625560432969,0.10069003683564023,0.3382399229169461,1.369445923731104,0.0,1.3612028076994442
4,40.113344779676055,0.02074825771373845,11.99181220620267,0.2736557620675768,-0.00024274404723886173,0.09665219463246848,0.2230883874920345,3.2590532589894408,0.0,2.0757034044787894
4,40.17812277918067,0.02078749270789156,12.006925936855897,0.0647779995046136,3.923499415310963e-05,0.10443279717690797,0.2105561977845182,3.674745203245856,0.0,2.2584849971919643
4,40.21366986979881,0.020403426694963273,11.995257092517573,0.0355470906181381,-0.0003840660129282858,0.10336509177728356,0.4499472411841817,3.837167886927693,0.0,2.81847842583221
4,40.33592320986134,0.02002050695908239,11.99530328743073,0.12225334006253519,-0.00038291973588088293,0.10333274015223763,0.3856047366451571,1.8432790005044688,0.0,1.6928489735425485
4,40.53973583143643,0.019827731050784857,11.986438067958382,0.20381262157508928,-0.0001927759082975336,0.10020044792054744,0.4944837657812139,4.000751048569963,0.0,2.9893430558474092
4,40.54830217597125,0.02001262306342217,12.005960004449753,0.008566344534820303,0.0001848920126373138,0.0819397519211541,0.1736255377026199,1.161349793316802,0.0,0.9279259720636408
4,40.3271502004759,0.019920384623584968,11.993442267358207,-0.22115197549535281,-9.223843983720281e-05,0.07937624126319118,0.4643053436488886,4.491741464294143,0.0,3.1744814194448487
4,40.42434485293334,0.02003171193589716,11.991122371880923,0.09719465245743919,0.00011132731231219134,0.08243745731914978,0.4846878696394137,2.549811730393848,0.0,2.244281604475751
4,40.47763078305395,0.01951258388281889,11.997408075177393,0.05328593012060878,-0.0005191280530782681,0.08063251573362115,0.2816418528997943,4.9133215922883,0.0,3.0199445019437388
4,40.68700780885861,0.01926042217178435,11.986472130364263,0.20937702580466322,-0.000252161711034541,0.064695675688389,0.232776481654295,4.530637402471591,0.0,2.7308716645443853
4,40.54651623045851,0.01924533135837484,11.969134540441198,-0.14049157840010196,-1.5090813409508741e-05,0.08360264362752308,0.45076967825755,1.5855183903443644,0.0,1.6942985516872822
4,40.60691315975062,0.01924985790627784,11.957249242765386,0.06039692929211071,4.526547902998501e-06,0.06616039613404338,0.3848127835660813,1.0902783854432512,0.0,1.3147647598537882
4,40.38459776150438,0.019501679620953317,11.97563709984054,-0.2223153982462378,0.0002518217146754778,0.08669125252444036,0.1548743053395455,3.939335262215045,0.0,2.2794162417866133
4,40.16860832936783,0.02011170220682639,11.988186772496931,-0.21598943213655275,0.000610022585873074,0.0884755412755271,0.4182353526058679,4.901901782305366,0.0,3.287421596364419
4,40.21910859461068,0.02016107997383329,11.987241157882938,0.050500265242853004,4.937776700689872e-05,0.08863614766839577,0.1310854381929336,3.9588417292554223,0.0,2.241591741013578
4,40.33188928688062,0.020379683467687072,11.988477566676044,0.11278069226993637,0.00021860349385378203,0.08918411124652696,0.2136652607446283,3.811887118931592,0.0,2.3332740809550527
4,40.434552832395944,0.02087366661271205,11.98741914220919,0.10266354551532686,0.0004939831450249781,0.0897265613770112,0.2473139791900711,4.174902827205004,0.0,2.5820793719826445
4,40.47476915412476,0.02089276534781965,11.979300210692994,0.0402163217288134,1.9098735107598436e-05,0.1027868011624763,0.1133523807322542,2.518396793202223,0.0,1.48590315806562
4,40.50693807890016,0.02091305938303485,11.980300859084227,0.03216892477540512,2.0294035215202844e-05,0.10310890888346497,0.3555582583812912,4.164674135549906,0.0,2.7934535845375352
4,40.29993506557465,0.02045715230376674,11.989268421267653,-0.20700301332551163,-0.00045590707926811136,0.11170098210617158,0.0391831403667748,2.4780919530605177,0.0,1.3174122572638085
4,40.29826084421843,0.02084744610581953,12.012739033492483,-0.0016742213562181973,0.00039029380205278866,0.0952403764020216,0.3717336590046474,3.2243912656619,0.0,2.3556629508402445
4,40.06256077899902,0.02094517378318047,11.995491329503881,-0.23570006521941167,9.772767736094048e-05,0.11149686545014825,0.3206093319089463,4.188823794579728,0.0,2.7356305611077567
4,40.14165274368861,0.02084698225296952,11.966917448773401,0.07909196468958868,-9.819153021094901e-05,0.10828761722775908,0.3319915846626638,3.421851981333252,0.0,2.3749091599919536
4,40.312644931753056,0.020748539621719297,11.96893311413929,0.17099218806444583,-9.84426312502229e-05,0.11029627003824281,0.4899427558705398,1.1502166904091804,0.0,1.5549938569456698
4,40.2068105640508,0.0209888083190592,11.977918767677197,-0.10583436770225774,0.00024026869733990291,0.1139429450759075,0.4213253897020357,4.797087357172615,0.0,3.241194457990379
4,40.052670127808696,0.02094270905652966,11.978989418497061,-0.15414043624210194,-4.609926252954061e-05,0.11453031471373357,0.0008566483363176,2.219683666771137,0.0,1.1115551300582036
4,40.2092887661481,0.02049265333713544,11.998906650008735,0.1566186383394026,-0.0004500557193942191,0.12417801089342073,0.3825780120485194,3.955535564696816,0.0,2.7429238064454466
4,40.04311891638141,0.02075441282221923,12.015225414870022,-0.16616984976668903,0.0002617594850837894,0.1048507915865558,0.0947774955610134,4.674547947818764,0.0,2.526828965031409
4,40.04133003940679,0.02076136501118134,12.021977135115897,-0.0017888769746221556,6.952188962110889e-06,0.10696070713254803,0.2708494655365058,4.6688620654815125,0.0,2.876129963813768
4,40.11416707608495,0.021757457587849298,12.008812550207121,0.072837036678159,0.000996092576667957,0.10119545805541426,0.436267702911921,4.328748153304736,0.0,3.03690948247621
4,40.02359614106844,0.02124868938448594,12.009884361064232,-0.09057093501650826,-0.0005087682033633571,0.10177114112029273,0.4203970404816097,3.0430347576206924,0.0,2.3623114597735655
4,40.22401511672656,0.0206786402155864,12.033420141139903,0.20041897565812405,-0.0005700491688995397,0.08061290362437107,0.2718366452198805,3.94737741605398,0.0,2.5173619984667512
4,40.194538167187574,0.02046960227420747,12.044362274848982,-0.029476949538988606,-0.00020903794137893186,0.05676430690159799,0.0990376702122973,4.178320250715256,0.0,2.2872354657822225
4,39.97360861886943,0.019783005801860813,12.027107284464662,-0.22092954831814637,-0.000686596472346656,0.07060791103940489,0.3813107102289038,4.956822912836724,0.0,3.2410328768761696
4,39.91050567108111,0.01963158085134834,12.003979050692134,-0.06310294778831604,-0.0001514249505124715,0.0931651673714445,0.0430533197030032,1.188815838611501,0.0,0.6805145587117569
4,39.899081481744744,0.01962067440566689,12.009215681307705,-0.011424189336366908,-1.0906445681451576e-05,0.0968277209610156,0.4201136712307247,4.735656816004505,0.0,3.208055750463702
4,39.637032280078486,0.019369865657755857,11.998497316637827,-0.2620492016662581,-0.0002508087479110334,0.08599910021418011,0.4156490112833705,3.784944214857005,0.0,2.7237701299952435
4,39.68834226302977,0.01898664663650613,12.002117017869457,0.051309982951281086,-0.0003832190212497283,0.08526585367750614,0.4344223497425964,2.743103907697302,0.0,2.2403966533338435
4,39.572587704820464,0.01852967915405086,11.99622240990475,-0.11575455820930358,-0.0004569674824552693,0.08105196521641952,0.401247883056145,1.4411099417306783,0.0,1.5230507369776292
4,39.480723644588345,0.017920715625931512,11.990086638707204,-0.09186406023211902,-0.0006089635281193474,0.08380124116691565,0.4360575986420017,1.6158530073569437,0.0,1.6800417009624753
4,39.292502569970395,0.018328668932464497,11.969231483748699,-0.18822107461794957,0.0004079533065329856,0.0892044291059814,0.3887600756849309,1.8696515515268928,0.0,1.7123459271333081
4,39.28983498904838,0.01831277013360872,11.975278103557413,-0.0026675809220151336,-1.589879885577697e-05,0.09806763342211836,0.4102750234138411,2.6276622602670305,0.0,2.1343811769611976
4,39.35050961288389,0.018780335233722238,11.968996430884534,0.06067462383551003,0.0004675651001135178,0.10119771003523696,0.0760199417452937,2.643654636862838,0.0,1.4738672019220065
4,39.63347617950142,0.01914363893945558,11.996212213950859,0.2829665666175316,0.00036330370573334214,0.11698382324251354,0.0276345900969194,1.6654324756466776,0.0,0.8879854180171776
4,39.82712275830843,0.01904908352727887,11.994877869095305,0.1936465788070052,-9.455541217670907e-05,0.11917103075297118,0.17197853012904,1.5090951758233755,0.0,1.0985046481697678
4,39.85247063064044,0.0185141090542525,11.994376254097322,0.025347872332012855,-0.0005349744730263721,0.1187238163222697,0.3805278331280541,4.938282023150162,0.0,3.2301966778311892
4,39.89066153922191,0.01896824430184083,11.985471575907166,0.038190908581469785,0.00045413524758832965,0.11881247518363039,0.04240082640708,1.1135700682586314,0.0,0.6415866869434756
4,39.89029433683535,0.019134154532884928,11.986795929354141,-0.00036720238655618687,0.0001659102310440988,0.11910047216522242,0.4436626318981219,2.436946407465972,0.0,2.1057984675292296
4,40.00556001131547,0.01920143724796815,11.974426302220637,0.11526567448011349,6.728271508322364e-05,0.12130262402150055,0.2829164888544792,1.2428190655541944,0.0,1.1872425104860556
4,40.02256141774768,0.01971215029375645,11.980965963142008,0.017001406432214594,0.0005107130457882997,0.12035474187610067,0.1807804276909738,2.8017033599165297,0.0,1.7624125353402125
4,40.18882213681533,0.01945920967012157,12.008124964231337,0.16626071906765105,-0.00025294062363487996,0.11946452890981593,0.1516905581251486,2.246760212427367,0.0,1.4267612224639805
4,39.93747514239283,0.01951895000940092,11.99646874904215,-0.2513469944225051,5.974033927935024e-05,0.11214618621744796,0.3792523371569063,1.042930880861253,0.0,1.2799701147444391
4,39.88869423227356,0.01930391306767527,12.002783776148174,-0.04878091011926955,-0.00021503694172565063,0.10754680829030829,0.0815841192651569,2.013902306975384,0.0,1.1701193920180057
4,39.80980890080056,0.01940828992022367,11.969939546657093,-0.07888533147299626,0.0001043768525483997,0.09868151076403948,0.3430186662448553,2.172940428183321,0.0,1.7725075465813709
4,39.83627614252937,0.01922311874298943,11.965575570083331,0.026467241728809654,-0.00018517117723423904,0.10693057194715898,0.1428671470874396,2.457579357811158,0.0,1.5145239730804583
4,40.00984136009195,0.019475574287403707,11.956098707984415,0.17356521756257592,0.0002524555444142762,0.09880923815901715,0.039024170292546,4.699422558732119,0.0,2.4277596199511513
4,40.15805737630804,0.019291682139900422,11.962647062610502,0.14821601621608949,-0.00018389214750328536,0.10010449129841471,0.0227358617111474,1.6840296783541144,0.0,0.887486562599352
4,40.149904003547285,0.01938498409201754,11.961312103661173,-0.00815337276075212,9.330195211711828e-05,0.09939992159692251,0.0092995866509311,3.8166367328764736,0.0,1.926917539740099
4,40.10821387968498,0.01985544999022221,11.960406552366702,-0.04169012386230264,0.00047046589820467014,0.10006460021965538,0.4580469392432205,1.8197449042393463,0.0,1.8259663306061142
4,40.28635243337749,0.01957037430481715,11.942318469421291,0.17813855369250575,-0.0002850756854050618,0.10912826119680825,0.0373520916488984,1.8425247957856976,0.0,0.9959665811906456
4,40.31073727329097,0.01959220849981809,11.93447859568759,0.024384839913480505,2.183419500094083e-05,0.09648591921853397,0.1623345446124232,1.2675671528755532,0.0,0.958452665662623
4,40.58256747098765,0.01973201729987857,11.942772619531514,0.27183019769667993,0.00013980880006048135,0.10667385184429741,0.0342797428891403,4.802563379315368,0.0,2.4698411754359646
4,40.742213583211786,0.019848990832125317,11.955089906482213,0.15964611222413794,0.00011697353224674606,0.1155251462542607,0.3029215872720437,2.748421596032305,0.0,1.9800539725602397
4,40.615192197825415,0.019967232112692152,11.957224300284679,-0.12702138538637087,0.00011824128056683522,0.11348936071880077,0.4868862647652507,2.456054432723022,0.0,2.2017997458920124
4,40.62347777302026,0.02024336353813789,11.966597075993613,0.008285575194847183,0.00027613142544573657,0.09940025883564423,0.4044871188956392,3.03075570967799,0.0,2.3243520926302734
4,40.632531570804574,0.020212847385912176,11.972177323852467,0.009053797784311257,-3.0516152225712467e-05,0.10255071022138203,0.0544584457698638,2.9157292016901333,0.0,1.5667814923847942
4,40.57531220298601,0.020234956675834047,11.97285295606921,-0.057219367818561295,2.2109289921870556e-05,0.1028480897991814,0.2403311147689253,4.8855798954780045,0.0,2.923452177276853
4,40.67523753707963,0.02047972271369722,11.974563556841886,0.09992533409361926,0.00024476603786317483,0.10353937755596186,0.008664899435511,3.5268040062678483,0.0,1.780731802004946
4,40.81224129400373,0.02017371729292105,11.982430464419117,0.13700375692409494,-0.0003060054207761724,0.09934171470178861,0.4214674611551156,4.441818275298704,0.0,3.0638440599595835
4,40.56637788276707,0.02010495918623606,11.991665466734785,-0.24586341123665534,-6.875810668498933e-05,0.08520541565800668,0.2837557056924945,4.461820667211002,0.0,2.79842174499049
4,40.52506569883506,0.02033566483552289,11.981102318036244,-0.04131218393201408,0.00023070564928683035,0.08392790653105049,0.3925929056115299,4.200107619723324,0.0,2.8852396210847218
4,40.48218640414691,0.0200247399593371,11.97453727281203,-0.04287929468814866,-0.0003109248761857912,0.07649357035075277,0.1419944548553793,1.1822578615257409,0.0,0.8751178404736291
4,40.50411958798371,0.01982233249784036,11.974209483338997,0.02193318383680065,-0.00020240746149673833,0.07598547529011848,0.4540056897112476,1.438251863964406,0.0,1.6271373114046983
4,40.39993251668609,0.01965212089583645,11.98289444405064,-0.10418707129761628,-0.00017021160200391197,0.06699660356633298,0.2886233099387628,2.8447044190185604,0.0,1.9995988293868057
4,40.2292975824697,0.019753800880487858,12.005266709011295,-0.17063493421639464,0.00010167998465140937,0.060174242210048974,0.2113353269306489,4.021996221487882,0.0,2.4336687646052386
4,39.97443183799266,0.01980995914903744,12.001495474988541,-0.254865744477037,5.6158268549582474e-05,0.05830988834123421,0.4075587849261092,2.835132080301681,0.0,2.232683610003059
4,39.91855749128753,0.020000485391958953,11.98776011315201,-0.05587434670513147,0.00019052624292151266,0.06947184552860963,0.1094245048937082,1.9997891556703205,0.0,1.2187435876225767
4,39.83417713486716,0.02006432004232234,11.975018384298542,-0.08438035642036823,6.383465036338687e-05,0.07445015925087532,0.2952522067041675,1.755875263497671,0.0,1.4684420451571705
4,39.58215918807961,0.01999733196316274,11.973109555504474,-0.2520179467875536,-6.698807915959948e-05,0.07486183745440773,0.2276421484108345,4.625981852565593,0.0,2.768275223104465
4,39.69009815381234,0.020157491820982112,12.006803606319696,0.10793896573273543,0.0001601598578193711,0.10926994667189437,0.3456429829269845,1.992648629474004,0.0,1.687610280590971
4,39.86913940380672,0.01996623400299201,12.012706916517889,0.17904124999437698,-0.00019125781799010297,0.10699732387623637,0.0052898027011459,3.0854519178200834,0.0,1.5533055643123335
4,39.68151107494683,0.020097762486752553,12.004157342366067,-0.187628328859887,0.00013152848376054432,0.10914534773508291,0.2379211162267387,1.9841990333234285,0.0,1.4679417491151916
4,39.62584993289718,0.02041567727740327,12.01934617489855,-0.05566114204965089,0.0003179147906507175,0.12941798546096211,0.1703456306985743,1.3595802128481806,0.0,1.020481367821239
4,39.91185505249403,0.020258600372822833,12.027178774982408,0.28600511959685093,-0.00015707690458043738,0.1274723032210988,0.4391672494796991,1.7850719805384632,0.0,1.7708704892286298
4,39.778433671656025,0.020413910780121093,12.0355151768141,-0.13342138083800847,0.00015531040729825987,0.13446177340345922,0.0971515632304767,2.351506844287863,0.0,1.3700565486048848
4,39.67365084526349,0.020486652736035234,12.03370053944834,-0.10478282639253678,7.274195591414068e-05,0.13495268277606182,0.0835945847596174,4.174020401598854,0.0,2.254199370318662
4,39.869749814865784,0.02051399587192601,12.040376708999158,0.19609896960229634,2.7343135890776915e-05,0.12793011179752992,0.1353345048135252,4.236137598067556,0.0,2.3887378086608284
4,39.85711052086811,0.01985735003707431,12.066259693914585,-0.012639293997672496,-0.000656645834851699,0.12063480241012513,0.3079467942067914,3.937937596646768,0.0,2.5848623867369667
4,39.94826804371283,0.019927604578247052,12.078674974911328,0.09115752284471768,7.02545411727408e-05,0.1135226616922343,0.3329096975260999,3.24038968945276,0.0,2.28601423977858
4,39.7540344634406,0.02019607672401795,12.065524234262918,-0.1942335802722326,0.0002684721457708976,0.09906245780015314,0.4241544543572779,3.311108743034932,0.0,2.503863280232022
4,39.54305038176591,0.02033758992458854,12.068947164286655,-0.21098408167468818,0.00014151320057059075,0.09718982272783866,0.0427409328415822,4.863802500339661,0.0,2.517383115852995
4,39.776299226175254,0.02040599734773551,12.052708163219759,0.23324884440934568,6.840742314696835e-05,0.1291943378637557,0.2710609360040799,2.426478995718659,0.0,1.7553613698674893
4,39.61522639780398,0.02025858565782413,12.026332638001241,-0.16107282837127457,-0.0001474116899113781,0.11488629907968131,0.0038115223932289,3.1525095580651743,0.0,1.583877823819045
4,39.402316093552834,0.020606305231697007,12.018192029374918,-0.212910304251146,0.0003477195738728761,0.11716702048102563,0.1080517539919401,2.5392104881897746,0.0,1.4857087520787675
4,39.3914734137486,0.02055415230006847,11.994606972217841,-0.010842679804234479,-5.215293162853796e-05,0.1060047502899742,0.102205587400696,4.788388872352018,0.0,2.5986056109774007
4,39.64805744821435,0.02081735368842933,11.984404693338202,0.25658403446575306,0.00026320138836086193,0.11099671501330276,0.3374354762970709,4.336194444067864,0.0,2.8429681746280737
4,39.39617122971036,0.0208081216623059,11.98833822010314,-0.25188621850399073,-9.232026123431186e-06,0.11017784304547565,0.0569153382685282,1.128315407282161,0.0,0.6779883801781369
4,39.57353202988078,0.02084594941056486,11.973706601664698,0.177360800170419,3.782774825895896e-05,0.0947860490214305,0.4177513701581021,1.1160811348659072,0.0,1.393543307749158
4,39.59248035429385,0.02124784676627714,11.960354189547747,0.01894832441306704,0.00040189735571228083,0.08823812112883829,0.1072001044544092,1.4468843059045415,0.0,0.9378423618610892
4,39.646893165730084,0.02084520913718742,11.945892519325504,0.05441281143623655,-0.00040263762908971865,0.07084398044368882,0.2657852281536731,3.4721191733987014,0.0,2.267630043006697
4,39.74518738254885,0.02074891835676504,11.938896026766063,0.09829421681876482,-9.629078042238184e-05,0.0640847883199553,0.4849833492594648,1.3271050193219711,0.0,1.6335192081799152
4,39.623332400068236,0.0210418167209964,11.951461946747212,-0.12185498248061322,0.0002928983642313601,0.034884357472279366,0.3412266294777645,1.0229949777129024,0.0,1.1939507478119802
4,39.65495343795704,0.0208897372083525,11.962387564411125,0.03162103788880444,-0.00015207951264389896,0.05285215392454213,0.1530589458020188,3.729283257116147,0.0,2.170759520162111
4,39.68288097399183,0.02065065715471092,11.976715783558152,0.027927536034788147,-0.00023908005364157991,0.06726989736799874,0.2659964433476559,3.4250439271874265,0.0,2.244514850289025
4,39.874434623729606,0.020547576455852,11.97194479275463,0.19155364973777722,-0.00010308069885892057,0.07200344022130446,0.1444680757959819,2.905848796572616,0.0,1.7418605498782718
4,39.8217246333007,0.02075130883472586,11.995685138070188,-0.05270999042890878,0.00020373237887386098,0.08083997217170522,0.3470581944304976,4.869452128006584,0.0,3.128842452864287
4,39.8303780048193,0.020764038336712032,11.979099251641497,0.008653371518605013,1.2729501986170899e-05,0.09832634373685924,0.4645583026397596,2.027423467300532,0.0,1.9428283389297851
4,39.7869555854091,0.02099228922270448,11.972348553721174,-0.04342241941019864,0.00022825088599244883,0.0986756692971784,0.1536187639277221,3.661072858442495,0.0,2.137773957076692
4,39.72816980288983,0.02090587163282001,11.989316133119221,-0.0587857825192728,-8.641758988446949e-05,0.10686880602301567,0.3189494368405065,2.054210968973566,0.0,1.665004358167796
4,39.92366135111071,0.02077629558163214,11.982519137558468,0.195491548220879,-0.0001295760511878727,0.11054973564090921,0.4347007192998777,4.863856365464101,0.0,3.301329621331806
4,40.09343682861918,0.02102053626782244,12.011576837994761,0.16977547750847322,0.00024424068619030223,0.14000929819822647,0.0839674117689417,2.3237127036942025,0.0,1.3297911753849847
4,40.16829024462247,0.020672106421356962,12.00960000305056,0.0748534160032861,-0.00034842984646547837,0.14181676557479314,0.3650737480309547,4.235722817493885,0.0,2.848008904808852
4,40.24610075729153,0.02064148774074943,12.010549539327332,0.07781051266906047,-3.0618680607531756e-05,0.14234513762717996,0.2961120023224374,3.304897148103576,0.0,2.2446725786966626
4,40.268662031902224,0.02072751972670312,11.998109848180377,0.02256127461069468,8.603198595369052e-05,0.13949510982014368,0.1590412324682467,2.6726013427301782,0.0,1.6543831363015826
4,40.12306845788071,0.020886797796998112,12.016440373475863,-0.14559357402151107,0.00015927807029499086,0.13544624035919353,0.1268850505004124,4.929580670185132,0.0,2.718560436093391
4,40.07931346812133,0.02041705546779171,12.0162230712378,-0.04375498975938541,-0.0004697423292064004,0.1352487634697452,0.3686725329648166,3.326220772525889,0.0,2.4004554521925776
4,40.08001846189323,0.02016270617095807,12.020472907695696,0.0007049937719045829,-0.00025434929683364194,0.12889762819072648,0.468905389464661,3.5991751930890823,0.0,2.7373983754738633
4,39.955762272153265,0.02003355856352182,12.049259471341045,-0.12425618973996677,-0.0001291476074362502,0.1399499549324198,0.081698182987931,2.8094599893897403,0.0,1.568126360670732
4,40.062316668916495,0.01911657111019828,12.049587204937087,0.10655439676322942,-0.0009169874533235395,0.14011261138744815,0.3027254564432839,1.4662890199350986,0.0,1.3385954228541173
4,39.94122106489976,0.01947575450613421,12.049551265313088,-0.12109560401673747,0.0003591833959359289,0.1401555839297339,0.4353485740200049,3.977076573799845,0.0,2.859235434939932
4,39.788996764615995,0.01928911169431264,12.03277115148621,-0.15222430028376266,-0.00018664281182156905,0.12139552408953697,0.3291878459306156,2.9651225920251845,0.0,2.1409369878738236
4,39.54874523241607,0.01962362319144562,12.043448494180048,-0.24025153219992745,0.00033451149713297976,0.1111967791654197,0.0535900982036822,2.017590959112997,0.0,1.1159756759638628
4,39.61010771149667,0.019806589344604258,12.029813309336905,0.061362479080599996,0.00018296615315863823,0.11373326420912222,0.4275305885149874,1.779962311297202,0.0,1.7450423326785758
4,39.42254885500006,0.0200441613068514,12.012763499734282,-0.18755885649660797,0.000237571962247142,0.13440021835555582,0.0092700391782235,4.72173011721025,0.0,2.379405136961572
4,39.4937622574365,0.01977623771253108,12.007884489154094,0.0712134024364417,-0.0002679235943203184,0.1329042950397628,0.389989314189656,4.336399551728828,0.0,2.948178404243726
4,39.6322230457081,0.01963225818538929,11.993206089906625,0.13846078827160113,-0.00014397952714179096,0.12636117175850786,0.03659026814425,1.2483736821274904,0.0,0.6973673773522452
4,39.70976728106973,0.019941069580140518,12.013480511447531,0.07754423536162847,0.00030881139475122735,0.11901438869087957,0.0459268982743,3.2361086692792176,0.0,1.7099081311882087
4,39.62621047720897,0.02015411008790784,11.999269212795493,-0.08355680386075903,0.0002130405077673224,0.09744873463879469,0.3812121406577714,3.004964798809774,0.0,2.26490668072043
4,39.69794078304346,0.020847970416905528,12.001759863459872,0.07173030583448536,0.0006938603289976877,0.1009511957333452,0.230522657575086,2.023880927813524,0.0,1.472985779056934
4,39.599625564498425,0.020975798430058968,12.016522983235093,-0.09831521854503222,0.0001278280131534401,0.09479404220681421,0.3852437040235243,2.312953901455304,0.0,1.9269643587747005
4,39.623449672431136,0.02113864568824064,12.008663806143328,0.02382410793271106,0.00016284725818167117,0.09132613523781055,0.1041916536920698,1.4171218812201225,0.0,0.9169442479942008
4,39.77709264563554,0.02095014083921498,12.014648283608452,0.15364297320440556,-0.00018850484902565787,0.09203602791613263,0.4609506175633863,1.9570457496451268,0.0,1.900424109949336
4,39.76634956404687,0.020901553748181388,12.026967560027563,-0.010743081588671544,-4.85870910335931e-05,0.09059917056565633,0.4168153238382434,2.8663661308948445,0.0,2.2668137131239092
4,39.91131175558604,0.02068451470939192,12.066094159494085,0.14496219153917167,-0.0002170390387894669,0.061990109067628765,0.1192610464465316,2.5094210120068814,0.0,1.4932325988965038
4,39.87143368904128,0.020898442182680083,12.046014540477412,-0.039878066544758894,0.0002139274732881613,0.09902580412199466,0.3171256453324457,1.3501930271068816,0.0,1.3093478042183322
4,39.81899625415593,0.02123311963134179,12.053641604458328,-0.05243743488535557,0.000334677448661707,0.0962014545479364,0.3636756994320514,3.8954008352800615,0.0,2.6750518165041335
4,39.871804084725376,0.02083613543610073,12.032726776396155,0.052807830569449266,-0.00039698419524105896,0.11452033097907728,0.1607857975996695,4.834087637605128,0.0,2.7386154140019032
4,39.97534086426016,0.020968726174467562,12.036203454658756,0.10353677953478524,0.00013259073836683136,0.11672718573745162,0.1830886509562468,2.2447882606935186,0.0,1.488571432259253
4,39.80550165273293,0.02107752753160051,12.012548474249796,-0.1698392115272327,0.00010880135713294686,0.11765428556433383,0.0945208020678919,4.4287063614702245,0.0,2.403394784870896
4,40.04298637692521,0.02108575925778213,11.996223536673243,0.23748472419227795,8.231726181622684e-06,0.12363675932413791,0.0850599676885774,2.005331498650732,0.0,1.1727856847025206
4,39.99577378698308,0.02073724814466111,11.991733951766978,-0.04721258994212718,-0.00034851111312102223,0.12388554119429546,0.0903555242664975,3.466527069355314,0.0,1.913974583210652
4,39.84172113266219,0.02106473169601386,11.978806829692214,-0.15405265432089266,0.0003274835513527516,0.12371611459450589,0.2408176737453336,4.2524847222884095,0.0,2.607877708634872
4,39.71928072035994,0.020776002863761363,11.960351166653187,-0.12244041230224667,-0.00028872883225249807,0.12188571539751239,0.0559677404921977,2.402251773630365,0.0,1.3130613677995777
4,39.880997812166356,0.02081783056782022,11.945105472195435,0.16171709180641614,4.182770405885758e-05,0.09661164965039376,0.0831474629831907,2.1628492620048427,0.0,1.2477195569688027
4,39.82835934841135,0.020646333678469582,11.954343117034526,-0.05263846375500947,-0.00017149688935063842,0.08752314869643611,0.07409632104105,2.9591800563958324,0.0,1.6277826702800162
4,39.74648762435313,0.02046679579211499,11.949465442450947,-0.08187172405821741,-0.00017953788635459086,0.08247725443903252,0.4770969397425325,2.7391550345260973,0.0,2.3237713967481137
4,39.63762488938682,0.02085168979627254,11.954774242621676,-0.1088627349663085,0.0003848940041575495,0.07730742052452726,0.2211606791930164,3.8928708367661575,0.0,2.3887567767691116
4,39.77012398422134,0.020347443509163808,11.934703891815774,0.1324990948345217,-0.0005042462871087325,0.052239651966734385,0.1824805489429025,4.173871730378366,0.0,2.451896963074988
4,39.786559750552776,0.02017483910778452,11.933846419099098,0.0164357663314334,-0.00017260440137928726,0.05290286510525598,0.1539922693558564,2.0411976512969896,0.0,1.3285833643602076
4,39.67845293881384,0.019944508707133848,11.944721209882106,-0.108106811738935,-0.00023033040065067317,0.05245803916745082,0.4967837024693241,3.976220196277712,0.0,2.981677503077504
4,39.75295481036166,0.020232380424948238,11.939988078568879,0.07450187154781673,0.00028787171781438983,0.05252433141677668,0.369166509537418,3.242449800029352,0.0,2.3595579190895117
4,40.0093494383185,0.019807213099379252,11.929566222953081,0.2563946279568441,-0.00042516732556898557,0.0652637107707399,0.3925406443071603,1.693774414245683,0.0,1.631968495737162
4,40.12032697074993,0.020209277625860687,11.93691608365132,0.11097753243142705,0.0004020645264814354,0.0642256381517521,0.4236070627772892,4.915937559559014,0.0,3.3051829053340853
4,39.97809693195695,0.020230604254647018,11.928054162372222,-0.1422300387929809,2.1326628786330626e-05,0.05375944641356546,0.0574124479446221,4.847365306689645,0.0,2.5385075492340667
4,40.14979871227003,0.0205339834086991,11.909784305903013,0.1717017803130787,0.00030337915405208304,0.08235732460250217,0.2116977669689571,1.3198016723388633,0.0,1.083296370107346
4,40.127539122473024,0.020268550653019878,11.90546782497511,-0.022259589797002377,-0.00026543275567922353,0.07771649509384264,0.0171894844449532,3.369675662029872,0.0,1.7192167999048422
4,40.08161020605638,0.020229748442703418,11.91151620759487,-0.045928916416642096,-3.880221031645967e-05,0.08030167416497411,0.2320146362187665,1.960749519596407,0.0,1.4444040322357365
4,40.006098063391505,0.02081257083574346,11.916530893980841,-0.07551214266487705,0.0005828223930400417,0.08223841427547016,0.1919430439629507,4.389934928351828,0.0,2.5788535521018154
4,40.09696423638981,0.02095665632802369,11.910433039704511,0.0908661729983038,0.00014408549228022913,0.08630490581799455,0.0283645316924297,4.07055519237694,0.0,2.0920066595733293
4,40.26639556901911,0.02079179541995363,11.906742332090872,0.16943133262930132,-0.00016486090807005943,0.08317500979115132,0.3004025691588656,4.287687263351735,0.0,2.744648769993599
4,40.10171349697842,0.02035557842772861,11.926450061519395,-0.16468207204069074,-0.0004362169922250206,0.10628383491043553,0.4904659989460631,3.3575080198056435,0.0,2.659686007794948
4,40.16934406476442,0.020507505203415637,11.936089066942623,0.06763056778599719,0.00015192677568702864,0.09949729447904826,0.458584473978745,4.824343168800343,0.0,3.3293405323576617
4,40.05889413631607,0.02019395457385022,11.949302748971062,-0.11044992844834667,-0.0003135506295654164,0.11135320418897458,0.3839831112568488,2.838002992859015,0.0,2.186967718943205
4,40.18381043709741,0.020345400210947072,11.953622411306236,0.12491630078133653,0.00015144563709685102,0.11225539571916553,0.2328524953021535,4.996947317241426,0.0,2.96417864922502
4,40.09501703356801,0.020123845063624617,11.973323459567888,-0.0887934035293938,-0.0002215551473224546,0.08225819257162133,0.1576739061419437,4.335106114752731,0.0,2.482900869660253
4,40.16811719912275,0.02047165224548985,11.969402211134868,0.07310016555473453,0.00034780718186523327,0.08370103540253032,0.2395860453693827,1.606814221628866,0.0,1.2825792015531983
4,40.12713009061963,0.02032214088563249,11.95995807145191,-0.04098710850311704,-0.00014951135985736067,0.08890198143685935,0.3212552077228598,4.9794986451300645,0.0,3.132259738010752
4,40.04042760281766,0.02008894197298768,11.976913388412536,-0.08670248780197198,-0.00023319891264481085,0.10515107789148224,0.1933046591016303,1.6613240216444316,0.0,1.2172713290254764
4,40.01063662151941,0.01979129595804632,12.0080477004055,-0.029790981298248198,-0.0002976460149413593,0.10369511907707771,0.1250685578739288,1.2258930337240788,0.0,0.863083632609897
4,39.67867483524215,0.02021208383274899,12.025205424542298,-0.3319617862772617,0.00042078787470267026,0.10801269043799354,0.379164231246733,2.192920035316374,0.0,1.8547884801516528
4,39.64526540192877,0.02054740972521319,12.025836669197222,-0.03340943331338053,0.00033532589246420066,0.10861322895848805,0.0667216008662746,4.668710329410851,0.0,2.467798366437975
4,39.473309970308,0.020402796641610342,12.02921653053788,-0.17195543162076632,-0.00014461308360284864,0.1052287377829185,0.4809683505545462,1.671003893505596,0.0,1.7974386478618904
4,39.419029055544954,0.0206090336798567,12.011571570864147,-0.05428091476304786,0.00020623703824635894,0.10793670218593623,0.1881699510785981,4.979426190992242,0.0,2.866052997653317
4,39.45369270778661,0.02005660862284963,12.028697775573788,0.034663652241654574,-0.0005524250570070714,0.11797280962289361,0.3469432294812135,1.4626093622964484,0.0,1.4251911401106512
4,39.545784415476334,0.019830515680375072,12.02428121010172,0.09209170768972541,-0.00022609294247455738,0.12285790961035076,0.1530308948412411,4.548249693425355,0.0,2.5801866363951595
4,39.4280477862689,0.019747715727662252,12.050154663657866,-0.11773662920743533,-8.279995271281981e-05,0.1266433170677498,0.1364714700495243,2.533618435725784,0.0,1.5397521579619406
4,39.61425351692904,0.01983974431762352,12.066328976538873,0.18620573066014146,9.202858996126828e-05,0.11112036061816945,0.4788534962145494,2.47062027032614,0.0,2.193017127592169
4,39.42783860206329,0.01972293396575847,12.036438848773823,-0.18641491486575035,-0.00011681035186504943,0.12881962119753115,0.4520961077760056,1.5583371258110392,0.0,1.6833607784575308
4,39.57053054603875,0.01989563159460392,12.024263194709697,0.14269194397546414,0.00017269762884544737,0.12317973283555088,0.1336508989657549,2.165574861654108,0.0,1.3500892287585637
4,39.739261025379605,0.01948757124724301,12.020650804722628,0.1687304793408515,-0.00040806034736090915,0.1203491811939058,0.1794637838111807,4.444430547454037,0.0,2.58114284134938
4,40.05788837495076,0.01947386100478134,12.022212611148671,0.3186273495711518,-1.3710242461668909e-05,0.12189358192908571,0.0474237194330641,2.910184508043577,0.0,1.5499396928879168
4,40.0051899084895,0.019536047098151647,12.027489205390024,-0.05269846646125842,6.218609337030681e-05,0.11944469313117313,0.2542833043143884,4.203562964258908,0.0,2.610348090758231
4,40.09125259581578,0.01964425685967822,12.047241560175161,0.08606268732628308,0.00010820976152657244,0.11549206760670103,0.206135730333578,3.576782852270651,0.0,2.2006628868024816
4,40.00583038087266,0.0201160562162923,12.024481439929051,-0.0854222149431223,0.00047179935661408046,0.11200675926179304,0.0933597894516554,3.9059849876272703,0.0,2.139712072716946
4,39.832676259067725,0.02018509661423359,12.044104187393193,-0.1731541218049344,6.904039794129041e-05,0.10145717078652709,0.1720159476026866,2.128797328825272,0.0,1.4084305596180091
4,39.95091386503674,0.01995365868813422,12.017563600703294,0.11823760596901423,-0.0002314379260993718,0.09562923570568423,0.0243462802404486,4.540321543220544,0.0,2.318853332091169
4,39.875898684381426,0.01979249265748339,12.024625451156956,-0.07501518065531343,-0.00016116603065082988,0.09969801672664835,0.0163187746236348,2.363462756345999,0.0,1.2143689274202691
4,40.10065873873383,0.02020022842248699,12.043785895692151,0.22476005435240154,0.0004077357650036015,0.07526315242164942,0.3600422129104724,1.952275271177228,0.0,1.696222061409559
4,40.04752115553502,0.020697501713104388,12.030379358175042,-0.05313758319880435,0.0004972732906173977,0.09006068428293129,0.4693173784555737,2.3515465737711323,0.0,2.1144080437967134
4,39.92512369865444,0.02068183390918659,12.015531222386858,-0.12239745688058434,-1.5667803917797374e-05,0.0913215817660247,0.2573162862212815,1.8956302962797624,0.0,1.4624477205824442
4,39.562174681776,0.020353111307535598,11.999493363788446,-0.3629490168784386,-0.00032872260165099296,0.08112582597689227,0.080761308492375,4.967830122338979,0.0,2.6454376781542397
4,39.648928813327515,0.01996658710188233,11.99143660433615,0.08675413155151546,-0.0003865242056532679,0.08489147085251143,0.1685973081100773,4.638435455444509,0.0,2.656412343942409
4,39.572297536588124,0.01984755031631878,11.977813013270008,-0.0766312767393913,-0.00011903678556355116,0.07295624981291288,0.0841592869110501,1.499118102262042,0.0,0.9178776249531211
4,39.532718213654356,0.019730655026728224,11.97849271058241,-0.039579322933768424,-0.0001168952895905552,0.07257205401600487,0.3213613347469399,2.0387524161862687,0.0,1.662098877587014
4,39.7464708165294,0.01967110066082135,11.987487759057036,0.21375260287504716,-5.95543659068741e-05,0.09011160020798031,0.2804122322704184,2.248865662399706,0.0,1.6852572957406897
4,39.65708456708385,0.01975224446247217,11.990890490476248,-0.08938624944555329,8.114380165082091e-05,0.08779216897905816,0.1323066992253685,3.823775115545584,0.0,2.176500956223529
4,39.753184232289286,0.01989888318444292,11.99189666917907,0.09609966520543622,0.0001466387219707481,0.08931578417720828,0.0030997594322233,3.851858359798511,0.0,1.932128698763702
4,39.551854677034925,0.019639072531808768,11.984129044223618,-0.20132955525436103,-0.0002598106526341508,0.08904953784374173,0.4266626672522717,2.243723654931993,0.0,1.9751871619705401
4,39.28800526181651,0.0194132131193048,12.006805046073655,-0.26384941521841654,-0.00022585941250396688,0.09068914054516458,0.1334342681999847,3.946314519459876,0.0,2.2400257961299075
4,39.31048376414928,0.01913244682086164,12.000105301192749,0.022478502332774042,-0.0002807662984431608,0.09819088890739189,0.1982613482020121,3.672437731541476,0.0,2.232741562174762
4,39.67974942544828,0.0193939399794783,12.001697497972714,0.3692656612989964,0.00026149315861665953,0.09789706221249411,0.403192525041017,2.476350197558353,0.0,2.04456014886121
4,39.72359768045466,0.01970558517291807,11.99814125700513,0.04384825500638101,0.00031164519343977043,0.1017538993368812,0.1566584062529613,4.274785750062846,0.0,2.4507096875373455
4,39.84445182744879,0.019511169255641062,11.990767402720218,0.12085414699413377,-0.0001944159172770077,0.10590365543874214,0.4215713390036947,2.6173789445094275,0.0,2.151832150262103
4,39.850355292813006,0.019481255987184483,12.005577643489884,0.005903465364212934,-2.991326845657935e-05,0.10902945638043043,0.1011036236070249,4.835219735933983,0.0,2.619817115181041
4,39.83963336063927,0.019444106591528478,11.978103836389673,-0.010721932173737514,-3.71493956560047e-05,0.09671336943974923,0.1084969967346806,3.548032883693788,0.0,1.9910104353162552
4,40.253381500919794,0.01990686800890049,11.996521284801952,0.413748140280525,0.000462761417372011,0.10799126883554087,0.351718337841985,4.72218685950188,0.0,3.06453010543491
4,40.170522570116646,0.01964172482799971,11.982841008852478,-0.08285893080314821,-0.0002651431809007794,0.09933619802234009,0.1409019511873361,1.6554732250431177,0.0,1.109540514896231
4,40.356854975705275,0.01982218565259667,11.982276221292057,0.1863324055886295,0.0001804608245969605,0.09954733105360582,0.4486314643893511,1.017195953274202,0.0,1.4058609054158033
4,40.67516733397658,0.019715928284929917,11.984828043672533,0.31831235827130655,-0.00010625736766675317,0.10356495633898187,0.287034143071523,3.885938909207256,0.0,2.517037740746674
4,40.784589413339646,0.02013574616977034,12.007963360433859,0.10942207936306403,0.00041981788484042257,0.10208163564387811,0.2903780984700698,4.96778881117561,0.0,3.0646506025279443
4,40.49288859371293,0.02015159051937939,12.011213742487545,-0.291700819626719,1.584434960905101e-05,0.10205480999337961,0.0041865995753879,2.8830755027803843,0.0,1.449910950540968
4,40.396969679912466,0.02021576436870861,12.01862656784107,-0.09591891380046036,6.417384932921877e-05,0.09423719494120665,0.3158671943399413,1.823175366076199,0.0,1.543322071717982
4,40.334018785221296,0.02039755344544156,12.035147422240172,-0.06295089469116988,0.0001817890767329515,0.08624585054694911,0.206161756739943,1.8917792179161008,0.0,1.3582131224379363
4,40.36155543543926,0.0202530118857826,12.019290733915145,0.027536650217960812,-0.00014454155965895957,0.0890332705765218,0.4049900313939208,1.3518830013613132,0.0,1.4859215634684984
4,40.30470297263839,0.020541599624389,12.018751002245653,-0.056852462800868864,0.00028858773860639814,0.08987625238658971,0.1344824989469499,3.3634427649910803,0.0,1.95068638038944
4,40.17661916996405,0.02013123178309126,12.01136947704166,-0.1280838026743396,-0.0004103678412977381,0.08186870796508244,0.3609402272199677,3.179370317194976,0.0,2.3115656130374234
4,40.28562553924698,0.0200818548651292,12.012891365433209,0.1090063692829304,-4.937691796206081e-05,0.08136701379692268,0.135956759167605,1.4801301198191577,0.0,1.0119785782447888
4,40.254239920452804,0.01975088178948361,12.012895112640411,-0.03138561879417523,-0.00033097307564559225,0.08136360597311855,0.4752426171259027,3.2338529448040925,0.0,2.5674117066538518
4,40.18642042924192,0.01998373970896507,12.014974388448959,-0.0678194912108836,0.0002328579194814627,0.08515608837290918,0.1625382345651243,1.020992715886213,0.0,0.8355728270733551
4,40.280141801589295,0.019718427792163103,11.993476808417805,0.09372137234737465,-0.0002653119168019684,0.08670562551398865,0.1812551044258448,3.482568844993636,0.0,2.1037946313485074
4,40.405222923927504,0.01977238469603431,11.987715841374998,0.12508112233820867,5.3956903871207884e-05,0.08628519228233801,0.3924315383711162,1.2454031491836028,0.0,1.4075646513340339
4,40.49356452459638,0.01973610309178949,11.993247425822705,0.0883416006688762,-3.6281604244819965e-05,0.0860002014339692,0.4415910843183484,1.757736079206834,0.0,1.762050208240114
4,40.515687827266035,0.019534910320192368,11.981942476526193,0.02212330266965523,-0.00020119277159712234,0.08210180635016333,0.2355311754499721,3.5626466863050217,0.0,2.252385694052455
4,40.493479117480156,0.02003582810005198,11.995180453293816,-0.022208709785878966,0.0005009177798596109,0.08417157617407775,0.311872877707434,4.51788003832673,0.0,2.882685774578233
4,40.444186553429645,0.020026921356394,12.018068987208753,-0.049292564050510634,-8.906743657978444e-06,0.08368567450089963,0.2183654586660413,2.223222258447255,0.0,1.54834204655571
4,40.3997972827493,0.02023812178191483,12.020681499724814,-0.04438927068034815,0.00021120042552082857,0.08559523889981248,0.4461113856005476,2.7872950315782354,0.0,2.285870286990213
4,40.12041700400742,0.02052299966187675,12.027744977017125,-0.27938027874187554,0.0002848778799619221,0.08620091886066855,0.2061865954298456,4.029363998840408,0.0,2.427055190279895
4,40.17567144863049,0.02063999042377698,12.037850603162784,0.055254444623066945,0.00011699076190022778,0.08138290885039685,0.3727356319207279,4.105856696902143,0.0,2.7983996122925276
4,40.18725052734381,0.02032380538061812,12.028561901122545,0.01157907871331787,-0.0003161850431588585,0.07031253231319459,0.1094397084372678,1.1306631218157277,0.0,0.7842109777823995
4,40.20711009559586,0.02067788140930138,12.036119015910717,0.01985956825205193,0.00035407602868325894,0.05663510549005763,0.2811598287687132,4.46507397615879,0.0,2.794856645616821
4,40.18653179856305,0.020853842285520334,12.041884081607567,-0.020578297032805892,0.00017596087621895434,0.051579538419981,0.3047606519956775,3.4875724476831462,0.0,2.353307527832928
4,40.12760069293203,0.020695656799384662,12.044560158153507,-0.058931105631025105,-0.00015818548613567157,0.05066659926015387,0.4992934316817808,2.3531248745215687,0.0,2.175149300624346
4,40.02519865580577,0.02104851708509757,12.04371649413464,-0.10240203712626084,0.00035286028571290817,0.0523267448667027,0.2037456395252178,4.390214925882729,0.0,2.6025987419918
4,40.02016954827774,0.020269260438149753,12.030216622757615,-0.005029107528024213,-0.0007792566469478172,0.062278045194023524,0.1633298248579547,4.211124084042192,0.0,2.432221691737005
4,40.03660442659427,0.020067688696958068,12.036539676664338,0.0164348783165309,-0.0002015717411916855,0.07438009308414198,0.4767788696608219,4.633144283590585,0.0,3.2701298811169366
4,39.91591179616423,0.01974296779824436,12.032189430535356,-0.12069263043004241,-0.0003247208987137082,0.07227054257170942,0.4776253639472606,2.3116209100506317,0.0,2.111061182919837
4,40.2045976320645,0.019340533835526592,12.023236831609427,0.2886858359002673,-0.00040243396271776727,0.07313477422119835,0.0301945775245949,1.8651493068452585,0.0,0.9929638084718191
4,40.193580085365774,0.01920847176161205,12.010265475488598,-0.011017546698724345,-0.0001320620739145434,0.07959623631029401,0.1624073083482684,2.405102983397519,0.0,1.527366108395296
4,40.21605154572,0.01908909346802517,11.990242438446732,0.022471460354225314,-0.00011937829358688035,0.08815066358193062,0.4999687465342216,3.31323742192254,0.0,2.6565562040297133
4,39.901913839410724,0.019006041332048678,11.982094911623491,-0.31413770630927473,-8.305213597649061e-05,0.09412751704547168,0.0996785843417957,3.2485857180944744,0.0,1.8236500277308285
4,39.91544298726441,0.018491967675705098,11.978714186696365,0.013529147853688528,-0.0005140736563435805,0.09301087078531986,0.0523803568730318,2.072212002050215,0.0,1.140866714771171
4,40.05349663458223,0.01868027865544692,11.946582062978605,0.13805364731781822,0.00018831097974182295,0.120561048535079,0.0967707005039984,4.221425454347038,0.0,2.304254128181516
4,40.0706956292732,0.01867317957262239,11.94895484596729,0.01719899469097186,-7.099082824531949e-06,0.12084095583932515,0.3280699558349957,4.203755184271683,0.0,2.758017503805833
4,40.1567833899382,0.01899893047487084,11.932359358240728,0.08608776066499502,0.0003257509022484527,0.1341720917557619,0.4825625225493151,4.965650697355377,0.0,3.4479503937763187
4,40.16259202954157,0.019257116102518183,11.928979736244365,0.005808639603372967,0.0002581856276473414,0.12742168103417095,0.243544842907399,1.4902474493275002,0.0,1.232213410478548
4,40.14481551432795,0.02000402360934202,11.93814287860752,-0.017776515213618893,0.0007469075068238379,0.1393934856253803,0.4985766585833843,1.4031792603063278,0.0,1.6987429473199325
4,40.118635591288175,0.02073798696947557,11.947082889798745,-0.02617992303977701,0.0007339633601335487,0.14489467422148866,0.1526766776716901,2.4731369118087185,0.0,1.5419218112477395
4,40.196350750438434,0.02084076250796793,11.960035213867055,0.07771515915025873,0.00010277553849236121,0.1477334240410533,0.1487677765743899,1.086790566373102,0.0,0.8409308363353307
4,40.17042652817381,0.02097423097073975,11.973610240986108,-0.025924222264620767,0.00013346846277181856,0.14452759416954628,0.3430286374480451,3.781943012549172,0.0,2.577028781170676
4,40.35382880628365,0.020758876175619993,11.985783995806855,0.18340227810983833,-0.0002153547951197557,0.14135092449861594,0.1375057551756915,2.19517854492484,0.0,1.3726007828138032
4,40.26094916581886,0.02117193803989286,11.997023187514747,-0.09287964046479402,0.00041306186427286784,0.14622396140550661,0.2375960054547607,3.654323078867984,0.0,2.3023535503435135
4,40.16942614409409,0.02134019050140503,12.026454190842738,-0.09152302172476823,0.00016825246151216944,0.10907884898376034,0.243376447648423,2.804292381460705,0.0,1.8888990860271986
4,40.34167666047517,0.02110178729486594,12.02757778773358,0.17225051638108368,-0.00023840320653908953,0.10851714459972449,0.0838903956264721,3.8959509587347343,0.0,2.1157562706203112
4,40.26009047487048,0.02108911265232935,12.05189260889631,-0.08158618560469222,-1.2674642536590619e-05,0.0593889673751287,0.3898416552674487,2.686079087952981,0.0,2.122722854511388
4,40.19196210368273,0.0208791104379784,12.047589407688456,-0.06812837118775406,-0.00021000221435095098,0.05276924171206541,0.2655668901198977,3.7523098795772127,0.0,2.4072887200284017
4,40.11458693654655,0.019989932128963304,12.043919688144047,-0.0773751671361751,-0.0008891783090150956,0.04686437267826647,0.2304827831569252,1.6984885768118754,0.0,1.310209854719788
4,39.976954846668875,0.01955411466110651,12.048495016074328,-0.13763208987767683,-0.00043581746785679304,0.051287897898959364,0.2242431779372879,4.9107570753627705,0.0,2.9038648935559612
4,39.917527027341194,0.019593320355889073,12.033479155216746,-0.05942781932768071,3.9205694782561834e-05,0.07020713101145967,0.092779272507214,4.428028871971035,0.0,2.3995729809999458
4,40.02242997151994,0.01917490561636468,12.038305799701169,0.1049029441787468,-0.000418414739524392,0.06958409457363943,0.0268599451553606,3.571148546207434,0.0,1.8392941634144382
4,39.99834608310389,0.01904430209985298,12.031201945597745,-0.024083888416051025,-0.00013060351651170143,0.07642545786247003,0.4132627975489328,3.679906084216878,0.0,2.6664786372063043
4,39.968160219973704,0.01908270815560788,12.027516590074908,-0.030185863130185453,3.840605575490194e-05,0.07336803080942589,0.2552123927178417,4.968965980789228,0.0,2.9949077758302973
4,39.9301061933236,0.018892168524035222,12.040579877486618,-0.03805402665010149,-0.00019053963157265874,0.08181643267674715,0.3460925825920541,2.193849924288329,0.0,1.7891101273282728
4,39.89887456173058,0.019076600427097544,12.050524187470792,-0.031231631593023224,0.00018443190306232163,0.08015915117486754,0.4856413885884095,1.180278738269383,0.0,1.5614221463115103
4,39.83188110124547,0.019078103534404568,12.046598770466767,-0.0669934604851079,1.5031073070242984e-06,0.08333606798824908,0.2189909077819776,4.460534653904206,0.0,2.6682491425160584
4,40.12791364488868,0.019451425999292372,12.047781857568612,0.2960325436432072,0.0003733224648878042,0.084348775880302,0.3354921617208855,4.48925555557561,0.0,2.915612101229576
4,40.20227222383507,0.01999193054181802,12.03863201751306,0.07435857894638787,0.0005405045425256466,0.08306218864315096,0.16867040729166,3.984390553209024,0.0,2.329536091187832
4,40.22934576010961,0.0200335936870817,12.030586136919379,0.027073536274542676,4.166314526368037e-05,0.07898541805563329,0.1971969517323976,3.287335927601015,0.0,2.0380618672653026
4,40.23049065027096,0.019595904749688357,12.04785747110621,0.0011448901613491103,-0.0004376889373933421,0.06399552679127664,0.0727648629704866,2.950409812597769,0.0,1.6207346322398577
4,39.963125808519536,0.01957516869610209,12.0358668146152,-0.26736484175142294,-2.0736053586267733e-05,0.07365676768468085,0.3556338657441543,1.2082346524343897,0.0,1.3153850577055035
4,39.969300831092156,0.01989409007436036,12.029592583561135,0.006175022572620037,0.0003189213782582717,0.08492337637484716,0.1474556181047651,3.9835224821119866,0.0,2.2866724772655234
4,40.06493901549262,0.01984870174696524,12.01088555093544,0.0956381844004639,-4.53883273951218e-05,0.0957209059491633,0.0949284896444811,4.634269112323093,0.0,2.5069915354505086
4,40.07650072048868,0.019918974374273042,11.987138504830025,0.011561704996061906,7.027262730780262e-05,0.08802986247126886,0.0872190605119161,2.615579213939794,0.0,1.4822277279937293
4,40.24736977341212,0.020096979821936277,11.98679038297768,0.17086905292343602,0.00017800544766323478,0.08761399500282598,0.1857411176582931,2.926172139894037,0.0,1.8345683052636046
4,39.94926798112707,0.02007572387883012,11.993708417935654,-0.2981017922850455,-2.1255943106156944e-05,0.08881051648127614,0.2048095325370614,2.814430931290336,0.0,1.8168345307192908
4,39.47710129362714,0.01966410366288087,11.994997809291268,-0.47216668749992863,-0.0004116202159492495,0.09088013764995745,0.2117370459091939,1.109109139097475,0.0,0.9780286613671253
4,39.42919646499129,0.019309632804071906,12.00126561048586,-0.04790482863585055,-0.000354470858808964,0.09398862076522466,0.3400679537839494,4.627385940404253,0.0,2.9938288777700253
4,39.39779625803646,0.01966115211351012,11.994359546968838,-0.03140020695483514,0.0003515193094382127,0.09407142103320015,0.220322414426882,2.6301345749851355,0.0,1.7557121163463316
4,39.454443056081175,0.02014918692681989,11.99888341377368,0.05664679804471717,0.000488034813309772,0.09905478309231615,0.1578293887861291,2.715910906456766,0.0,1.6736142308006412
4,39.61809917824244,0.02079634462438494,12.008277135164835,0.1636561221612638,0.0006471576975650498,0.09642646541443264,0.3767129571905594,2.707856632253184,0.0,2.1073542305077106
4,39.51484492463083,0.0204849698306825,12.002651668435025,-0.10325425361160967,-0.00031137479370244026,0.10631523307902188,0.2554765374952977,4.5578135852379145,0.0,2.7898598676095525
4,39.46582520452498,0.0207520274085595,12.028538713409933,-0.04901972010584643,0.0002670575778770008,0.10457602768059737,0.2578927424626955,4.473215010565961,0.0,2.7523929902083717
4,39.47588837264742,0.0206670273250631,12.04428970618716,0.010063168122435684,-8.50000834964025e-05,0.09573381248774923,0.2151964972008496,2.458214112435896,0.0,1.6595000506196471
4,39.219395638697904,0.02058437228159364,12.034137568446662,-0.2564927339495142,-8.265504346945812e-05,0.09694326513548418,0.134943716040286,3.892110681254988,0.0,2.215942772708066
4,39.67135036048738,0.02066778726222157,12.041739406579287,0.4519547217894768,8.341498062792996e-05,0.10025351115940442,-0.0176015136648184,1.785009596932558,0.0,0.8573017711366422
4,39.846608491823794,0.02115685760421844,11.978057160096089,0.17525813133641321,0.0004890703419968695,0.19501571829252015,0.1400856055807774,1.327282714511404,1.0,5.943812568417257
4,39.94120543691575,0.0212504848017743,11.981060333399629,0.09459694509195771,9.362719755585946e-05,0.19682425026253517,-0.1102845339163974,3.683073956918456,1.0,6.620967910626433
4,40.02755378690119,0.021188329847541203,12.013960795627716,0.08634834998543539,-6.215495423309708e-05,0.21952269714889985,-0.1972957624897584,1.3539396426573838,0.0,0.2823782963491751
4,39.803366796837075,0.02122252819270571,11.949995566631321,-0.22418699006411202,3.419834516450726e-05,0.27339912626989255,-0.2901624801149222,-0.1594381824979778,0.0,-0.6600440514788333
4,39.92074417896348,0.0210417491263059,11.965855810341647,0.11737738212640636,-0.00018077906639980823,0.2827350073351281,0.1590062076031084,2.30634960860402,0.0,1.4711872195082267
4,40.170042014896076,0.02158945803865659,12.067466730991045,0.24929783593259458,0.000547708912350689,0.38673783512114573,-0.1560309128736771,1.9585131802674816,1.0,5.6671947643863865
4,40.31016382340474,0.021373142089045567,12.067569803606666,0.14012180850866685,-0.0002163159496110234,0.3867590528235493,0.2011490325656889,1.9361432321985428,0.0,1.3703696812306492
4,40.395621249275315,0.02163224898513908,12.012525456712122,0.08545742587057248,0.0002591068960935139,0.4245570090765442,0.2381494144078913,1.0396188352635622,1.0,5.996108246447564
4,40.4629195265357,0.021667452669737942,12.066249881704804,0.06729827726038451,3.520368459886125e-05,0.4527743743206277,-0.2411455404690713,0.6359424462946509,1.0,4.835680142209183
4,40.25787052250674,0.0222921151650623,12.084537893688244,-0.20504900402895743,0.000624662495324356,0.4585996709227927,0.0791218842620338,2.77333996309604,1.0,6.544913750072087
4,40.301459751881836,0.021841741117504483,12.165836762074843,0.04358922937509391,-0.00045037404755781524,0.4119197255157359,0.0705728173809049,3.7149501651586414,0.0,1.9986207173411306
4,40.355961769066916,0.022230458497316242,12.151158185051797,0.05450201718507941,0.00038871737981175866,0.4170793582227925,0.0705157385700823,2.9558708362068358,0.0,1.6189668952435825
4,40.30314429286159,0.0221726524358648,12.073883386180137,-0.05281747620532684,-5.780606145144168e-05,0.4578302096965402,0.0299248525608906,0.5891336223534718,0.0,0.3544165162985171
4,40.4520350937683,0.0223079568913534,12.092469486481155,0.14889080090671314,0.00013530445548860098,0.4339826106364865,-0.006402956309508,0.6701070886374358,0.0,0.32224763169970194
4,40.385336444951164,0.02267160959545972,12.054602386582733,-0.0666986488171375,0.0003636527041063174,0.4415116491330382,0.2347993942049484,3.030731308108638,0.0,1.9849644424642157
4,40.55317115828929,0.02269268083752366,11.961689773401371,0.16783471333812372,2.1071242063942786e-05,0.3471712396601468,0.0222121060417038,1.9781997890958711,0.0,1.0335241066313432
4,40.71672057460831,0.02296147772805382,11.970568549614688,0.16354941631902165,0.00026879689053015826,0.3533102839536689,0.2023571678972534,2.0578564234806773,1.0,6.433642547534845
4,40.8320944612103,0.02279189403797476,11.987285313157955,0.11537388660199355,-0.0001695836900790608,0.33266571578213433,0.0630743911197203,4.036826794280364,0.0,2.1445621793796223
4,40.868348565413804,0.023031905966168678,11.86428719429716,0.0362541042035005,0.00024001192819391934,0.3429453380243723,-0.1894939462176408,3.7444798769593066,1.0,6.493252046044372
4,40.93839987435407,0.02276512704142607,11.82634538096069,0.07005130894026479,-0.00026677892474260764,0.3090040562844565,0.1040874524220859,3.3959495379856124,0.0,1.906149673836978
4,41.04303437736071,0.02333928458370348,11.746055314230205,0.10463450300664334,0.0005741575422774092,0.2724559571209858,0.0481391107311663,0.3987960245539244,0.0,0.2956762337392948
4,40.84463881219209,0.02357148953795776,11.736639568083202,-0.19839556516862444,0.0002322049542542795,0.2660231740051046,-0.0377399354298324,3.557008629629157,0.0,1.7030244439549136
4,40.92534684822683,0.02364296577938821,11.809712680233686,0.08070803603474275,7.147624143044942e-05,0.2979035726932347,-0.0444944530291925,3.098691954768804,1.0,6.460357071326017
4,41.073682647277856,0.02358522689105038,11.855253652315884,0.14833579905102567,-5.773888833782853e-05,0.30733511372072436,-0.0472106753587036,1.3378333010508925,1.0,5.574495299808039
4,40.96331384482873,0.023646901336011793,12.043183354570797,-0.1103688024491234,6.167444496141261e-05,0.6534569339196666,-0.2051631434492632,0.952814445652608,0.0,0.06608093592777758
4,40.55149158319161,0.0236254192349519,12.106894333534981,-0.4118222616371199,-2.1482101059892844e-05,0.6692408988596008,0.1194507873998091,0.8557670792814782,0.0,0.6667851144403574
4,40.377583432707155,0.02379410500372448,12.058569794974069,-0.17390815048445774,0.0001686857687725786,0.6768898833231044,-0.0530691570603361,0.7375029161903643,0.0,0.26261314397450997
4,40.333976103136614,0.02421478847626718,12.070751141267767,-0.04360732957054125,0.00042068347254270097,0.6704110428566632,0.1606649005041342,3.5257686131771564,0.0,2.0842141075968468
4,40.393545818992706,0.024424365995337684,12.14804183210927,0.05956971585609239,0.00020957751907050431,0.6117986212434942,0.0764942231658618,3.1550999517163856,1.0,6.730538422189916
4,40.408707085413994,0.02431582812703003,12.157281205488433,0.015161266421287678,-0.00010853786830765377,0.6086288346654701,0.022251314363581,1.2553134596399127,1.0,5.672159358547118
4,40.492648285766634,0.024721862153579223,12.221143450539374,0.08394120035264052,0.00040603402654919296,0.5643415926774608,0.1316146649619441,1.3922199996247846,0.0,0.9593393297362804
4,40.73777690076644,0.02484287365738504,12.155364921753328,0.24512861499980687,0.00012101150380581724,0.643868193075163,-0.1010825162205691,3.910457770698716,0.0,1.7530638529082199
4,40.80188857123272,0.02505546092357112,12.02478677291654,0.06411167046628208,0.00021258726618608031,0.746879000375872,0.1562763767617258,0.2646962811367691,0.0,0.4449008940918361
4,40.77174444393397,0.02554318372405916,11.912882915359608,-0.030144127298754597,0.0004877228004880399,0.8125410570667959,0.1578551905923765,3.631840106663559,0.0,2.1316304345165324
4,40.840001039011334,0.02596316210750002,11.781767964343967,0.06825659507736503,0.00041997838344086033,0.5619169181700914,0.1107642426131645,0.2297967014950291,0.0,0.33642683597384354
4,41.10306031048297,0.026270354929057292,11.707028495986844,0.2630592714716329,0.0003071928215572714,0.49548201585162266,0.1322640383672795,2.1178090318856744,1.0,6.323432592677396
4,40.949005582849864,0.026127454720511013,11.740507031149852,-0.15405472763310257,-0.00014290020854627883,0.5094628973291341,-0.2143363864989718,0.95223523222689,1.0,5.0474448431155015
4,40.955857122039234,0.02614917272936887,11.883936874378795,0.00685153918936976,2.1718008857855853e-05,0.696581372100767,-0.132309330439035,2.9305588758097185,0.0,1.2006607770267892
4,41.00570070470692,0.02647093759080102,11.892093759741357,0.04984358266768396,0.00032176486143215,0.6993221121889261,0.0776253494781237,0.9931977564134158,1.0,5.651849577162955
4,41.069347127490936,0.02691692159070256,11.828281077486576,0.06364642278401789,0.00044598399990154053,0.7162325766255214,0.1104828583126483,2.419930837473496,1.0,6.430931135362044
4,40.97260822154068,0.02644899827415531,11.82916785615598,-0.0967389059502537,-0.0004679233165472488,0.7166701695538611,-0.1648428645752177,0.8731394398405452,0.0,0.10688399076983718
4,40.82446495791139,0.026338834095763642,11.95019003425799,-0.14814326362929364,-0.0001101641783916689,0.7010128721549282,-0.1542476758722008,2.319280317175517,0.0,0.8511448068433569
4,40.81801348778458,0.02683130972994563,12.204439930933491,-0.006451470126805248,0.0004924756341819873,0.7543571814979303,0.2155643062643119,3.252021568446512,1.0,7.05713939675188
4,40.84365504694613,0.02694197186789144,12.385733171942794,0.02564155916154931,0.00011066213794581198,0.6414862657827022,0.2231501051207623,3.882122268012746,0.0,2.3873613442478976
4,40.89413420366224,0.02693811840204719,12.330435772155932,0.05047915671610781,-3.85346584425017e-06,0.6659749187937809,0.0427181086150035,2.1785713725715667,1.0,6.17472190351579
4,40.88428442960496,0.027142665630657918,12.331124371474992,-0.009849774057279603,0.00020454722861072694,0.6653615165433147,0.1475913310294051,2.8681729416135004,1.0,6.729269132865561
4,41.34933395075486,0.027534277490984787,12.340039134403339,0.4650495211499006,0.0003916118603268688,0.6622129677667336,-0.0513651558928818,2.214370169456055,0.0,1.004454772942264
4,41.319704680979825,0.027236617850134398,12.336597748923953,-0.029629269775035993,-0.00029765964085038885,0.6571010830867631,0.1032806436495812,3.2871409300664904,1.0,6.850131752332407
4,41.33534284278107,0.02743634995177191,12.283144936687265,0.01563816180124178,0.00019973210163751198,0.695501892041728,0.3111802030997813,4.12119957971869,1.0,7.682960196058907
4,41.43527567825882,0.027672747751287318,12.376234428643254,0.09993283547775178,0.00023639779951540804,0.6180297150778089,0.0201069587867926,2.772136403605497,1.0,6.426282119376333
4,41.726703190321494,0.02805085756631196,12.368273859297336,0.2914275120626755,0.000378109815024643,0.6217497355144139,0.0014268448777199,3.764922881635575,0.0,1.8853151305732274
4,42.06319290473113,0.02863799032956129,12.381083992824253,0.3364897144096375,0.000587132763249329,0.6240718746963972,0.1071451873657047,3.487881588292497,0.0,1.958231168877658
4,41.92887527460716,0.028227541684208927,12.196887396155024,-0.13431763012397369,-0.0004104486453523626,0.5258232410424012,0.2307334079576803,2.905968088884891,0.0,1.914450860357806
4,41.9389966016971,0.028055239973296297,12.090946781229862,0.010121327089940735,-0.00017230171091263055,0.4942351383102032,-0.1186608436637536,3.6146851361246393,0.0,1.5700208807348124
4,42.07373511822285,0.02769491157679273,12.09514166099787,0.13473851652575064,-0.00036032839650356613,0.4918620686395019,0.2470426632617769,2.039518037363706,1.0,6.513844345205407
4,42.10328185893923,0.028004088168582308,12.088591756280646,0.02954674071638408,0.00030917659178957696,0.49663392789188787,0.1160845504363191,1.811200457957436,1.0,6.137769329851356
4,41.76197677483959,0.02842030071208087,12.033546010149028,-0.3413050840996448,0.00041621254349856127,0.5168076072266664,-0.1850265527864429,0.8815713020953974,0.0,0.07073254547481289
4,41.839751099006506,0.029179024561659335,11.962477060226082,0.0777743241669171,0.000758723849578466,0.36456371655935343,-0.0371795739518412,1.397952978366081,0.0,0.6246173412793581
4,41.89104333998298,0.0288043044454928,11.989465045688036,0.05129224097647267,-0.00037472011616653325,0.34463195642989647,0.0657312408586149,1.689538743005234,1.0,5.976231853219847
4,42.057913596697674,0.0290439871539311,11.883157484245107,0.16687025671469513,0.00023968270843829909,0.3970700840548511,0.255755885788726,1.2766178627706215,0.0,1.1498207029627627
4,41.771062015830665,0.029036573658603532,11.860296219338178,-0.28685158086700824,-7.413495327568409e-06,0.39154878626485656,0.2407310805587469,3.970547498595936,1.0,7.466735910415462
4,41.750651191965524,0.029104682815471038,11.871109182916488,-0.02041082386514148,6.810915686750532e-05,0.41330456014273714,0.1080837656178755,3.257094793001407,1.0,6.8447149277364545
4,42.06197069431765,0.02959951001563747,11.898146183081401,0.31131950235212713,0.0004948272001664318,0.4055685426931804,-0.0088852308706002,0.7153219172265866,0.0,0.3398904968720929
4,42.1291371047203,0.03010332352491609,11.841511130913343,0.06716641040264903,0.0005038135092786215,0.46375653728653865,-0.0851070145862349,3.3123778053594046,0.0,1.4859748735072325
4,42.179456243972645,0.030555108857072594,11.851685579928096,0.05031913925234477,0.0004517853321565034,0.4653933337800983,0.0836042553586942,1.7934255523106477,1.0,6.063921286872713
4,42.179079378290965,0.030345693301687505,11.846226690042496,-0.0003768656816802718,-0.0002094155553850896,0.46723001396527575,-0.1133357891465672,4.288001514024785,1.0,6.917329178719259
4,42.45546467637117,0.03003693827755498,11.891286783089793,0.27638529808020706,-0.0003087550241325232,0.4645699839999476,0.3156791016212638,3.319664821263592,1.0,7.291190613874324
4,42.55429214115761,0.030338549081154707,11.923773479102481,0.09882746478643867,0.0003016108035997257,0.5193918125418138,0.3464596131285112,2.070737337298292,0.0,1.7282878949061682
4,42.41317338940214,0.03069408574348329,11.913653679224208,-0.14111875175547084,0.0003555366623285844,0.5214249539485063,-0.0157576438094586,2.297122824032908,0.0,1.117046124397537
4,42.31120900456715,0.030587224529348662,11.892264023727435,-0.10196438483499293,-0.00010686121413462993,0.5554035607556467,0.1459526340455866,0.5652969725728778,1.0,5.574553754377612
4,42.49265032834102,0.030908442883042064,11.860066282447097,0.18144132377387479,0.00032121835369340254,0.5677638088903214,-0.0530008197333258,3.031688962558235,1.0,6.409842841812466
4,42.21534578824119,0.03098248151840131,11.831798828551811,-0.2773045400998342,7.403863535924635e-05,0.5299249854809353,0.1159906387714201,0.859166677484063,0.0,0.6615646162848716
4,42.20155042364715,0.03121732890006293,11.848980830957426,-0.013795364594038517,0.0002348473816616188,0.5356544751780765,0.2373428213880699,4.023419585205404,0.0,2.486395435378842
4,42.06006273231281,0.031140431790241778,11.894259473177225,-0.14148769133434058,-7.689710982115155e-05,0.49050068843889466,-0.1246057150979937,0.3612651607363807,0.0,-0.06857884982779705
4,41.93739036869524,0.03139348186302829,11.92146370734101,-0.12267236361756773,0.00025305007278651065,0.5022470668533527,-0.0980727262763328,0.7323669151834556,0.0,0.17003800503906222
4,42.149886250313955,0.03168387916283557,11.972639100902109,0.21249588161871458,0.00029039729980728096,0.5010322713509279,0.1774433934660045,3.8895483848112895,1.0,7.299660979337654
4,42.0790911960338,0.03185459839171489,11.9842345464323,-0.07079505428015409,0.000170719228879318,0.5048452346688854,0.0246629673013402,2.583017352041504,1.0,6.340834610623432
4,41.94646792567227,0.03199126766760549,11.899696006661902,-0.13262327036152755,0.00013666927589060102,0.41213936089413084,0.2123366087942471,0.9775248276679256,0.0,0.913435631422457
4,42.18839361082506,0.03251665809705287,11.850620395777412,0.24192568515278623,0.000525390429447381,0.45568549206782183,0.3454496259710471,3.449325216458537,1.0,7.415561860171363
4,42.220552217375605,0.03253171390789068,11.932312749789896,0.0321586065505457,1.5055810837813488e-05,0.35316991816870064,0.1052251577385553,1.227922754187898,0.0,0.8244116925710596
4,42.29266737537199,0.03285191045969975,11.87195705711614,0.0721151579963859,0.0003201965518090655,0.4650845653217236,-0.0555770571076899,0.6754582320415454,0.0,0.22657500180539292
4,42.487186729631716,0.03296438625421495,11.802542964428818,0.19451935425972522,0.0001124757945152044,0.4339449413584425,0.2393312635586644,2.4078241648778045,0.0,1.682574609556231
4,42.50759733878241,0.03295619475607652,11.81670715604206,0.02041060915069437,-8.191498138430953e-06,0.4463661522996235,0.3519647662695774,1.936661954250719,1.0,6.672260509664515
4,42.743361374898356,0.03376036585221788,11.8775148750505,0.23576403611594543,0.0008041710961413581,0.4604398504981943,0.3289163261132081,1.0655032786923508,0.0,1.1905842915725917
4,42.869143895805,0.03414300937908008,11.792936422271534,0.12578252090664677,0.00038264352686220166,0.4647751655640048,0.0361777633154453,2.127603659870775,1.0,6.136157356566278
4,42.8626281742259,0.03450103829163559,11.778473239448099,-0.006515721579106071,0.0003580289125555067,0.45307276952898556,0.1078709648348882,2.0000412313867253,0.0,1.215762545363139
4,42.87422268558476,0.03486552452622419,11.84473735284571,0.011594511358865134,0.0003644862345886027,0.5559540067760598,0.0560086749274816,3.91124106320026,0.0,2.0676378814550933
4,43.0544273079849,0.03505984892209221,11.85643514158787,0.18020462240014012,0.00019432439586802158,0.5601390555463068,0.3415322029268,4.474566294315212,0.0,2.9203475530112057
4,43.091755914966456,0.03505692743728019,11.888800237249047,0.03732860698155349,-2.92148481201987e-06,0.5319836517350598,0.1298077679886234,1.9903532327765443,0.0,1.254792152365519
4,43.19190858535645,0.03514191552099244,11.929287579966447,0.10015267038999554,8.498808371224659e-05,0.5434086033143869,0.0679017293570204,1.8060705964549928,1.0,6.038838756941537
4,43.26968871679394,0.03536705540200592,12.046426086595172,0.07778013143748552,0.0002251398810134836,0.41128517414045185,0.0044118321985223,1.2932571988651569,1.0,5.655452263829623
4,43.265475325185655,0.035335904199333176,12.099460614387727,-0.004213391608281825,-3.1151202672746736e-05,0.39129954373942943,0.0209077006444695,4.215073349126376,1.0,7.149352075852127
4,43.488251129215676,0.03544141016651145,12.078068876105817,0.22277580403002162,0.00010550596717827376,0.3893438801280628,0.3831627185233043,3.969267536111813,0.0,2.7509592051025153
4,43.434065586128604,0.0349270333799681,12.002610182052084,-0.054185543087072574,-0.0005143767865433482,0.4247789742441729,0.0315426746951704,0.6096562272306667,0.0,0.3679134630056742
4,43.33258812211426,0.03473765762390192,12.019829393875634,-0.10147746401434432,-0.00018937575606618046,0.39999835481562224,0.0163637747209057,1.1524395968765988,0.0,0.6089473478801108
4,43.376280994861375,0.03457733505614546,11.959490885748654,0.04369287274711553,-0.0001603225677564643,0.43895917247939853,0.1783568599250319,0.964096425108272,0.0,0.8387619324041997
4,43.39295493577968,0.03480718657913931,11.76771988768479,0.01667394091830232,0.00022985152299385275,0.4264317006380641,-0.0607326923889765,1.0653030692517176,1.0,5.4111861498479055
4,43.271764029150035,0.03497442188942796,11.764541497430836,-0.12119090662964283,0.00016723531028865063,0.42388381293040867,0.2346576708482274,1.7062766602901904,1.0,6.32245367184155
4,43.2872398370961,0.03516419438299721,11.692477484575502,0.015475807946067732,0.0001897724935692527,0.506806681159085,-0.046591088777334,2.3303125004566048,0.0,1.0719740726736344
4,43.12757259512983,0.0357090177711113,11.672394315359814,-0.15966724196627524,0.0005448233881140893,0.4858930959710629,0.1391776202621512,1.6671669946049643,0.0,1.1119387378267844
4,43.22183812720953,0.03570156620733781,11.679765338268172,0.09426553207970301,-7.451563773491765e-06,0.4934157481495263,0.3563909754914606,3.9304750280368217,1.0,7.6780194650013325
4,43.31283353288671,0.036177108629598755,11.714565231876893,0.09099540567717668,0.0004755424222609439,0.5440189147233812,0.2082022443172301,2.308307467464431,1.0,6.570558222366675
4,43.142725661776396,0.03674887785601941,11.72631838588374,-0.17010787111031078,0.0005717692264206528,0.5524097822517406,-0.0231613035493855,1.0825234715605572,0.0,0.4949391286815076
4,43.18549851329786,0.03715626345615451,11.693166679011718,0.042772851521462485,0.0004073856001351045,0.5774793621201366,0.376065593793462,2.2436610224779314,1.0,6.873961698825889
4,43.409599934798294,0.03775729383289729,11.754994392274485,0.22410142150043555,0.0006010303767427783,0.5948530704094773,0.2881377154472854,4.264389475197444,1.0,7.708470168493292
4,43.231635488626594,0.037884619704560765,11.82474892386298,-0.17796444617169982,0.0001273258716634751,0.5952562399585695,0.3039676113347231,2.001019314518324,0.0,1.6084448799286082
4,43.35407367915614,0.03817313339381275,11.917388715208071,0.12243819052954308,0.000288513689251986,0.5059563135364853,0.1796859541102448,3.498112301916944,1.0,7.108428059178961
4,43.4556224048648,0.038281861721885246,11.962495321128847,0.10154872570866047,0.00010872832807249516,0.5388224075056307,0.0040451082278086,4.014099021842287,0.0,2.0151397273767606
4,43.53670976709358,0.038720524939363545,12.118041787575269,0.08108736222878576,0.0004386632174782981,0.4003375391251873,0.4641676396248304,2.714634649137658,0.0,2.2856526038184897
4,43.5696944633264,0.03887793407838874,12.163771477846275,0.03298469623281619,0.00015740913902519832,0.4171136054764461,0.311495311015833,2.990845635543258,0.0,2.118413439803295
4,43.621368694682765,0.03880743949731548,12.068893673566283,0.0516742313563654,-7.049458107326323e-05,0.5140329722375586,0.1760493902918866,4.160674290108894,1.0,7.43243592563822
4,43.486286844893606,0.039414474694725976,12.057261079065766,-0.1350818497891595,0.0006070351974104965,0.5031361838523917,0.1370363313308023,1.4353114639947575,0.0,0.9917283946589834
4,43.576945958321886,0.03928931720698177,11.976083664301106,0.09065911342828059,-0.00012515748774420687,0.5528652199922437,0.234348679639267,3.407299172323645,1.0,7.172346945440356
4,43.62030032174238,0.039239288324853926,12.051248641035405,0.04335436342049093,-5.0028882127843566e-05,0.4751414284878021,0.3975656559841774,1.8812716380532613,0.0,1.7357671309949856
4,43.73713640358635,0.03946133166442371,11.974177047954443,0.11683608184397087,0.0002220433395697871,0.5126968758483226,0.4838409661211212,1.7687327652476943,0.0,1.8520483148660896
4,43.77533461290342,0.039838807057724024,11.939711385818498,0.038198209317073406,0.0003774753933003111,0.5117648104398236,0.1608541785911383,3.8273283241743568,1.0,7.235372519269455
4,43.638240781122164,0.04016117049105285,11.923697807699629,-0.13709383178125734,0.00032236343332882333,0.5171320797059336,-0.1111940786608064,0.6050128188316263,0.0,0.08011825209420034
4,43.53341992903539,0.040262170046356,11.93107230344125,-0.10482085208677461,0.00010099955530315508,0.5268258802289921,0.3485413403108471,2.3447504359677813,0.0,1.8694578986055848
4,43.579201669731944,0.04024710994702799,11.820900976342406,0.04578174069655461,-1.506009932801533e-05,0.523354098605975,0.0385042759091451,2.172870180572853,1.0,6.163443642104717
4,43.67645615972392,0.040675599250838315,11.700565035450298,0.09725448999197539,0.00042848930381032824,0.48569814915524623,0.2990283613094508,1.0948635606266237,0.0,1.1454885029322135
4,43.774321339994,0.0411397911464389,11.726918192261854,0.09786518027008384,0.0004641918956005825,0.46297719857119896,0.4146882786137535,3.690943732292889,0.0,2.6748484233739513
4,43.94624289785345,0.040904028356071286,11.672931228007494,0.17192155785944863,-0.0002357627903676121,0.3983741395183185,0.3758442369429652,1.4867363062769197,0.0,1.4950566270243901
4,44.01936123634121,0.041303723611691406,11.815651359022429,0.07311833848775962,0.0003996952556201208,0.5003561270618196,0.4978502745430005,4.976611041977353,0.0,3.4840060700746776
4,44.163485980981605,0.04179842245045888,11.884218658580657,0.1441247446403935,0.0004946988387674739,0.5584986527733788,0.292031599860585,4.722461091194167,1.0,7.945293745318254
4,43.90831823895394,0.041922802008028906,11.98924641793378,-0.2551677420276661,0.00012437955757002572,0.5583214147213365,0.1207497774334589,3.6597724499759456,0.0,2.0713857798548907
4,44.1396690621733,0.04210684714800867,11.941119876842812,0.2313508232193584,0.00018404513997976463,0.5961844523847241,0.1350302995288981,3.2878571400155696,0.0,1.913989169065581
4,44.11928309739064,0.042169735419176395,11.944891149581865,-0.020385964782654753,6.288827116772422e-05,0.5945819201738777,-0.0382700857709089,3.979485449464248,0.0,1.913202553190306
4,44.32616811964391,0.04211675674470159,11.88488689787007,0.20688502225326744,-5.297867447480453e-05,0.5519124711592694,0.066974794661135,3.637365485831072,1.0,6.9526323322378065
4,44.34768490794083,0.04234125782255031,11.935855749039623,0.021516788296921163,0.00022450107784872247,0.5185286894735993,0.4405824452132604,4.289496486442701,0.0,3.0259131336478715
4,44.47775103304135,0.04206942853332963,11.995420584603668,0.13006612510051951,-0.00027182928922068333,0.469400892633253,0.0363952802316938,4.83191216358601,1.0,7.488746642256393
4,44.21549725414355,0.04214022211473502,12.086000443384922,-0.26225377889780077,7.079358140538866e-05,0.44510819748492625,0.0941416722317411,4.454860447158699,1.0,7.4157135680428325
4,44.3767775997347,0.04172375363233616,12.079163022681731,0.16128034559115179,-0.00041646848239886014,0.44889740809766676,0.3403944794889943,3.045524069437077,1.0,7.203550993696528
4,44.158627341071295,0.04153810783775835,12.099348603569151,-0.21815025866340676,-0.0001856457945778045,0.4853196313218705,0.2882334101430049,3.340024547040486,1.0,7.246479093806252
4,43.917815048613576,0.04213335953885955,12.052204548299475,-0.2408122924577185,0.000595251701101196,0.4534800345418307,0.0022843924039405,0.5904598793287148,0.0,0.2997987244722384
4,44.188473449229676,0.042139321575888324,12.02613778858447,0.27065840061609947,5.962037028774125e-06,0.4344624448946604,0.160875077789884,4.260346274245194,0.0,2.451923292702365
4,44.049196550634875,0.04217648919674934,12.10230817318882,-0.13927689859480097,3.716762086101305e-05,0.35572849881980395,0.3963814740405873,2.418035650450653,1.0,7.001780773306502
4,44.350204867634375,0.04220804668914603,12.073242571796708,0.3010083169994999,3.1557492396694364e-05,0.3984586995361196,0.1053794814215646,3.2584509673426445,1.0,6.8399844465144515
4,44.15961542066505,0.04232437469758209,12.088493442032407,-0.19058944696932656,0.00011632800843605628,0.3974849183455812,0.114279104815084,3.648011047355177,1.0,7.052563733307757
4,44.24152766734121,0.0422501464392608,12.13903605942139,0.08191224667616126,-7.422825832129054e-05,0.3958793813297349,0.4794772368092869,2.2753132351729586,1.0,7.0966110912050535
4,44.30508736594668,0.043008753476954556,12.12804894888192,0.06355969860547361,0.0007586070376937593,0.40477430073805437,0.2317082507905339,2.4209856842256263,1.0,6.673909343693881
4,44.575751517145164,0.04312339377682147,12.134765106898048,0.2706641511984813,0.00011464029986691521,0.4100024367748771,0.2175597575767954,1.9380814054940576,1.0,6.404160217900619
4,44.61012715723419,0.04398108532953045,12.149641501164556,0.03437564008902427,0.0008576915527089765,0.40011163616937057,0.3864879879586747,3.095875028006859,0.0,2.3209134899207786
4,44.86101934098961,0.04429134265343988,12.053622206457677,0.25089218375541833,0.0003102573239094353,0.2859696190178498,0.3239635820403529,4.002638634838962,0.0,2.649246481500187
4,45.268382730851975,0.04383448127573612,11.968581766691685,0.4073633898623683,-0.00045686137770376,0.3748841844109835,0.4715501024561445,3.3817137232494243,0.0,2.6339570665370013
4,44.988474127431104,0.0439323405596446,11.970299431608208,-0.2799086034208713,9.785928390847881e-05,0.3761015075572769,-0.0129345134494324,1.8322558195377288,1.0,5.8902588828699995
4,45.20216134603915,0.04429050569612221,11.935589864113492,0.21368721860804385,0.00035816513647760756,0.3810900039633144,0.2336129450309122,5.068834636180329,0.0,3.0016432081519886
4,45.04906068752259,0.04452867485785128,12.015704724168197,-0.15310065851655708,0.000238169161729071,0.34900827491793873,0.3581824671788674,1.4694735039527278,1.0,6.451101686334098
4,45.30971194179715,0.04496411065092152,11.989986067251877,0.26065125427455627,0.00043543579307023933,0.3487777992156065,0.4216582769413824,2.416444822829067,0.0,2.0515389652972984
4,45.25928254633287,0.04547873496321563,11.891696337697343,-0.050429395464277604,0.0005146243122941124,0.3721529508785377,0.4170079869605139,2.226437993445652,1.0,6.947234970643854
4,45.13854170136322,0.0454298320336165,11.965005412710486,-0.12074084496964588,-4.8902929599130285e-05,0.41853452325299445,0.020516755778138,1.222781677407332,0.0,0.6524243502599419
4,44.92892819893661,0.045799671742948245,11.954911001528533,-0.20961350242661325,0.00036983970933174293,0.4065730773497489,0.1126665692184478,4.726673383917684,1.0,7.588669830395737
4,45.049356035495244,0.04566884260178035,12.016139916598338,0.12042783655863332,-0.0001308291411678958,0.45322958529131957,0.4616247956850757,4.100047940344419,0.0,2.973273561542361
4,45.127848087703896,0.045173856467915594,12.002303804735028,0.0784920522086523,-0.0004949861338647554,0.456267417727792,0.2836657339238649,4.62993430103081,1.0,7.8822986183631345
4,45.03794396050775,0.045689789909448005,12.093970835690637,-0.08990412719614937,0.000515933441532411,0.3795349620504444,0.5014174733828423,2.7391035841300866,0.0,2.372386738830728
4,45.18475287718862,0.046093755354976715,12.120366770396897,0.14680891668087526,0.00040396544552871033,0.39782164742566056,0.022913967262531,1.5412440781215098,0.0,0.8164499735858168
4,44.87047956577235,0.04583548549567633,12.17124312055986,-0.31427331141627235,-0.00025826985930038626,0.3742458212305683,0.0860930770355989,1.981882302713932,1.0,6.163127305428164
4,44.96689343086333,0.046285043822271624,12.26326888325383,0.09641386509098027,0.00044955832659529515,0.4896535905509794,0.0323941816897609,1.883015781952816,1.0,6.00629625435593
4,45.07407285504107,0.04648095162306726,12.204455617119606,0.10717942417773685,0.0001959078007956333,0.5699349666885728,0.511852783821999,5.142756918710417,0.0,3.5950840269992064
4,45.103902125928464,0.0465316078240059,12.1947315135905,0.029829270887397286,5.0656200938643814e-05,0.5863061506443654,0.311223319314623,2.714220714185484,0.0,1.979556995721988
4,45.2654886213932,0.04660234325517647,12.114773657771284,0.16158649546473924,7.073543117056685e-05,0.591515327707862,0.3823319895146665,4.929645157213463,1.0,8.229486557636065
4,45.51633565464954,0.04686737342965961,12.052539431763055,0.25084703325633484,0.00026503017448314264,0.5967954462084921,0.217467512805345,4.811008001622635,0.0,2.840439026422007
4,45.50008380361136,0.04703892139418267,12.124486640024244,-0.01625185103817728,0.0001715479645230597,0.7023527293118246,0.4806637362824713,4.706340426923252,1.0,8.314497686026568
4,45.49138518684838,0.04779024030560791,12.197241579738552,-0.008698616762977451,0.0007513189114252417,0.7084371703460272,0.1747700747970962,4.284888486377891,1.0,7.491984392783138
4,45.266950046855634,0.04731701086707264,12.14145722494853,-0.22443513999274955,-0.0004732294385352692,0.7305455460437471,-0.057657978532459,4.5214895941899815,0.0,2.145428840030073
4,45.53358523484659,0.0471663161863705,12.143626629157229,0.266635187990957,-0.00015069468070214032,0.7316987968155567,0.4559257061236438,4.529408296069363,1.0,8.176555560281969
4,45.91693543139955,0.047899202235691815,12.18177148926268,0.38335019655296065,0.000732886049321313,0.7470166903432244,0.0943069449301131,4.758337258732017,0.0,2.5677825192262347
4,45.897571916863455,0.04758362549047331,12.109292987977899,-0.01936351453609575,-0.00031557674521850293,0.6724707642775788,0.0277575153033516,2.415486963262592,1.0,6.263258512237999
4,45.91474164072518,0.04734621425436067,12.173591902467008,0.017169723861726993,-0.0002374112361126432,0.6134673074928443,0.3541319793537052,3.1615507055166856,0.0,2.2890393114657535
4,45.91892913137793,0.0471582236879686,12.174507615337934,0.004187490652746817,-0.00018799056639207112,0.6119819927381889,0.2042031303989235,3.5585689259968567,1.0,7.187690723796275
4,45.646292593782675,0.04746887714651528,12.188623821384692,-0.27263653759525397,0.0003106534585466808,0.6018892001630094,0.2558793632037747,4.459791232512524,1.0,7.741654342663812
4,45.623189192161654,0.04754280961302017,12.212113304320223,-0.023103401621021646,7.393246650488905e-05,0.58625764255987,0.3210515944514278,1.7878175472404971,1.0,6.536011962523104
4,45.608688132012674,0.047569594379493305,12.083452509106127,-0.014501060148980116,2.678476647313688e-05,0.4432681104238343,0.2643558948323262,4.4301831192410175,1.0,7.743803349285161
4,45.56303721783758,0.047781283541629596,12.000790943564336,-0.04565091417509137,0.00021168916213629152,0.417157909578825,0.531789043906883,2.242230635820881,1.0,7.1846934057242064
4,45.55924437649441,0.048117583464877205,12.069148692685811,-0.003792841343170039,0.00033629992324760855,0.4062013746224191,0.0406929677952589,0.7549252565262754,0.0,0.45884856385365547
4,45.655279271637355,0.04866905071211091,11.965483672985089,0.09603489514294239,0.0005514672472337057,0.4153025986272047,0.2512703048321055,2.2767920786985263,0.0,1.640936649013474
4,45.42217955324388,0.04858814913065942,11.947376436423285,-0.23309971839347554,-8.09015814514924e-05,0.38651348265092256,0.3832824952093456,2.558162787477196,1.0,7.045646384157289
4,45.53750585632212,0.04891960842473992,11.904085119122248,0.11532630307824121,0.00033145929408050223,0.3474618553949426,0.2166207511855824,3.098686358387768,1.0,6.982584681565049
4,45.59825320425071,0.04943103589130338,11.935016518534988,0.060747347928590045,0.0005114274665634633,0.36360789206947997,0.3476500736337647,2.426402383532116,1.0,6.908501339033587
4,45.54676534996203,0.04964577566661305,12.03471022309105,-0.051487854288680523,0.00021473977530966915,0.2956456124464313,0.3819946083865715,2.1601641090217583,1.0,6.844071271284022
4,45.82666726346379,0.04960096854536905,12.144546020549615,0.2799019135017602,-4.4807121244001824e-05,0.4071750119419395,0.4611878684291279,1.867643351118748,1.0,6.85619741241763
4,45.806262132334,0.049920465346360764,12.168062918891255,-0.020405131129791698,0.0003194968009917129,0.40222222924674744,0.2359200644858063,2.678129956009939,1.0,6.810905106976582
4,45.85460907457601,0.05048456409714745,12.176312698858448,0.04834694224201286,0.0005640987507866888,0.39967134085719885,0.4549427438264158,3.238109453274847,0.0,2.5289402142902553
4,46.08864347534383,0.05075298917445653,12.21456271915799,0.23403440076781834,0.0002684250773090785,0.3717876435839749,0.2025149304995844,2.690848597904816,0.0,1.7504541599515768
4,46.36040650702097,0.051179718776848314,12.204720981749315,0.2717630316771391,0.000426729602391783,0.3700623652940398,0.3315095724408516,2.6058158467205983,0.0,1.9659270682420025
4,46.27831180768199,0.050833301468196236,12.132394025095824,-0.08209469933898106,-0.00034641730865207776,0.554891039193626,0.4367074223185319,1.6260370982532837,1.0,6.686433393763705
4,46.571833087051004,0.0513377349310033,12.044771238108625,0.29352127936901695,0.0005044334628070621,0.5699736632732765,0.1330041570628607,5.055536856798876,0.0,2.7937767425251594
4,46.643002523057014,0.05193980027934675,12.009619676904716,0.07116943600600933,0.0006020653483434502,0.5832322561789565,0.3968949280648911,1.8351273459223576,0.0,1.711353529090961
4,46.50968455354693,0.05228661635206462,12.047834965870013,-0.133317969510081,0.0003468160727178732,0.6119097257891255,0.0687957930884176,2.312583927463967,1.0,6.293883549908818
4,46.70507030914066,0.05267844161370666,12.03378726852009,0.19538575559372617,0.0003918252616420398,0.6075567931955309,0.6022718612837363,1.694800442821632,0.0,2.0519439439782885
4,46.79584168449857,0.05311115310578779,11.979335203665054,0.09077137535791024,0.00043271149208112814,0.5354486143190174,0.3083467067376366,1.6767061906672902,1.0,6.455046508808918
4,46.84961861779506,0.05293279487435089,11.94452929523343,0.053776933296489915,-0.00017835823143690088,0.531008635186384,0.5709439926618998,4.977612611181268,0.0,3.6306942909144335
4,46.76505470580723,0.052684584970181046,11.86441518602407,-0.08456391198782853,-0.0002482099041698424,0.5640419278010552,0.3664840975355352,5.044636104797565,0.0,3.255286247469853
4,46.70632182426311,0.05266154630982541,11.883833316379883,-0.05873288154412393,-2.303866035563429e-05,0.5775208390704362,0.5515862379255968,3.6911181896009135,0.0,2.9487315706516504
4,46.70816531670311,0.05271491951186537,11.905661077522371,0.001843492440002592,5.33732020399566e-05,0.5954412450821945,0.4216562584242679,3.0907756125883723,1.0,7.3887003231427215
4,46.49836682772507,0.05276491362564885,12.049689196169242,-0.20979848897803777,4.999411378348029e-05,0.43583503639834065,0.1524997748168859,2.7661761235534623,0.0,1.688087611410503
4,46.21980590608568,0.05249576785655759,12.109164358138004,-0.2785609216393894,-0.0002691457690912613,0.4013047441207043,0.3545159523305261,1.3620739136515057,1.0,6.390068861486805
4,46.093447001318246,0.052394682964162956,12.136961508886504,-0.12635890476743583,-0.0001010848923946317,0.3751815894274442,0.0519447882703206,4.14679835067433,0.0,2.177288751877806
4,46.153036323645075,0.05235563154985025,12.087638853501389,0.05958932232682912,-3.905141431270742e-05,0.3343248441282404,0.2222329981348871,1.5099812653558609,0.0,1.1994566289477047
4,46.15152861755185,0.05190527910174716,12.067964291126284,-0.001507706093228478,-0.00045035244810309044,0.33664189739700706,0.153966826182856,3.901942437447066,0.0,2.258904871089245
4,46.23537281150324,0.0521232661415749,12.015738808526788,0.08384419395139275,0.00021798703982774115,0.31666511898438565,0.4969793071335992,1.892246058946764,1.0,6.94008164374058
4,46.250286624639706,0.052328527160904525,11.963973855065351,0.014913813136466558,0.00020526101932962643,0.38241265988010154,0.4166440936740493,4.759512931970068,1.0,8.213044653333132
4,46.2756324343358,0.05299824526679412,12.044303922140553,0.025345809696091237,0.0006697181058895954,0.3039242390547603,0.3351904268640915,3.154550615039049,0.0,2.2476561612477077
4,46.114908845491186,0.05326937380111879,11.997364533426857,-0.16072358884461124,0.00027112853432467027,0.2912591582052407,0.1637809760291033,4.338219903990443,0.0,2.496671904053428
4,46.16551480399333,0.05316422096763618,11.922988600730644,0.05060595850214611,-0.0001051528334826135,0.25970830563028785,0.1205868500343249,1.7338610636724776,0.0,1.1081042319048886
4,46.37093983017652,0.05378513791159552,11.890736687176762,0.20542502618318537,0.0006209169439593404,0.2432607581821138,0.1801213578707434,3.701517346740271,0.0,2.2110013891116225
4,46.69646870865374,0.054423277797152225,11.841963143580447,0.3255288784772219,0.0006381398855567072,0.23235144019728046,0.4452143160530235,2.307902931703228,0.0,2.044380097957661
4,47.05816037377013,0.05458704046497603,11.81061800069288,0.36169166511638906,0.000163762667823808,0.2396336308508556,0.3371184531779714,1.8885215763903933,1.0,6.61849769455114
4,47.17409597979844,0.05477431504872611,11.802009928955435,0.11593560602830877,0.00018727458375007722,0.22815055835818085,0.3318708419051049,4.639309154418607,1.0,7.983396261019513
4,47.177341216046486,0.05567099070217953,11.84002809522191,0.0032452362480484,0.0008966756534534229,0.2801633874167135,0.123514084063484,3.170220747092321,0.0,1.8321385416731284
4,47.179280235070266,0.05561198380332213,11.803617623404943,0.0019390190237800198,-5.900689885740551e-05,0.29571659943785683,0.3252423304642718,4.243183392629903,0.0,2.772076357243495
4,47.21182258989811,0.05584771117323404,11.951847225370354,0.03254235482784651,0.00023572736991191168,0.3894150164302664,0.3035559589594757,2.2907488584337106,1.0,6.7524863471358065
4,47.322383597147514,0.05574725779750356,11.951983685872225,0.11056100724940165,-0.0001004533757304818,0.3894745003890841,0.5340316273638644,5.127223189149694,0.0,3.631674849302576
4,47.3841019149761,0.05612408114233641,11.991990596735542,0.06171831782858561,0.00037682334483285507,0.3992195112980366,0.344088040305842,3.474458337455657,1.0,7.425405249339512
4,47.39869681214451,0.05686677583547685,12.03558163978612,0.014594897168407783,0.000742694693140436,0.38660175150740833,0.2983222167528775,5.247536914677671,1.0,8.22041289084459
4,47.407080491524816,0.05691860287513849,12.0921141931437,0.008383679380308706,5.1827039661639374e-05,0.3993637422734138,0.4369855713106176,4.2463143797024046,1.0,7.997128332472437
4,47.33942341057222,0.05732708515720399,12.176398381688037,-0.06765708095259271,0.0004084822820655046,0.38927458035376955,0.2158144652399349,3.555054944184295,0.0,2.209156402572017
4,47.182978587464916,0.05748097279775542,12.248021935920352,-0.15644482310730723,0.00015388764055142973,0.33809899545850797,0.6040045210256609,1.4925945713906985,1.0,6.9543063277466715
4,46.975772216141046,0.057975475757986374,12.287294946635408,-0.20720637132387054,0.0004945029602309511,0.33456854699094246,0.0548961358798339,2.631833142436852,0.0,1.4257088429780937
4,46.92710760101596,0.0580997335837564,12.302658782129445,-0.0486646151250838,0.00012425782577002442,0.3399287214086968,0.2532797619601893,4.586056316842026,1.0,7.799587682341391
4,46.97842457995314,0.05800392912646287,12.31443436473854,0.051316978937180124,-9.580445729352738e-05,0.31095821761039033,0.1666590277433794,4.9227132719841205,1.0,7.79467469147882
4,47.065138883035175,0.0581389781331868,12.216404508222235,0.08671430308203298,0.0001350490067239321,0.2898562931845016,0.2049698526177601,5.22607665841031,0.0,3.0229780344406754
4,47.06453767203752,0.05803245077543824,12.187118471037348,-0.0006012109976580859,-0.00010652735774856203,0.31594094768622805,0.3078970369053525,5.407914742259319,1.0,8.319751444940364
4,47.07091355815735,0.057936909983474824,12.152504293512946,0.006375886119833751,-9.554079196341658e-05,0.3260544823935554,0.2883595590213654,3.267374812400837,0.0,2.210406524243149
4,47.191212903190674,0.05806847883927243,12.207887622664225,0.12029934503332385,0.00013156885579760497,0.36625002547825575,0.6451859729190733,4.32316798460186,0.0,3.4519559381390765
4,47.29469791817853,0.058133204434229535,12.2044302792731,0.10348501498785367,6.4725594957106e-05,0.3641155631304033,0.5554997189352909,5.354504573001275,0.0,3.7882517243712197
4,47.3504111720958,0.05781721401464829,12.112637327531939,0.055713253917268446,-0.00031599041958124685,0.392245175854993,0.5387421388697707,2.029095782628928,1.0,7.092032169054006
4,47.4476273054575,0.05784689678673609,12.10160981810607,0.0972161333617052,2.968277208779957e-05,0.3867654550873024,0.2857329008287652,4.596456504104575,0.0,2.869694053709818
4,47.69381173925113,0.05763007908422707,12.0338241842256,0.24618443379362986,-0.00021681770250901733,0.3808455191365883,0.1940105940847723,2.502855560976763,1.0,6.639448968657926
4,47.77438374543385,0.05784712103348786,12.029086161673678,0.0805720061827202,0.00021704194926078918,0.3749591442652969,0.1994962662032312,2.3142907669551858,1.0,6.556137915884055
4,47.68442668583251,0.058406651700096034,12.093478491027195,-0.08995705960133904,0.000559530666608174,0.3568743579260421,0.3994565860427839,2.6613327845555848,0.0,2.12957956436336
4,47.735351154377454,0.05867272605743055,12.020670686703252,0.0509244685449417,0.00026607435733451423,0.4716325786791006,0.3335556085961685,3.1696394159523797,0.0,2.251930925168527
4,47.76984449886834,0.05916691513626502,12.040418188165956,0.03449334449088326,0.0004941890788344727,0.46605009820574467,0.3294352280995185,4.5132241776801365,1.0,7.915482545039105
4,48.05415370049613,0.059438863938221786,12.05714757118163,0.28430920162779216,0.0002719488019567659,0.46393919860757094,0.4501735006614921,5.194236036159678,1.0,8.497465019402824
4,47.927614041978984,0.0598349282356571,11.973477042447524,-0.12653965851714588,0.000396064297435314,0.4109005839126411,0.3186460106356101,1.599586971929884,1.0,6.437085507236162
4,47.9045779331324,0.06001206406615114,11.901455756096734,-0.023036108846582692,0.00017713583049403653,0.3921245680877768,0.247161602598456,3.524029682400469,0.0,2.2563380463971465
4,47.923535081742585,0.060061123779434414,11.947234800558986,0.01895714861018405,4.9059713283276796e-05,0.3789061334738497,0.5490215791441126,1.6775235681534604,0.0,1.9368049423649554
4,47.82645713927636,0.059961012682907655,11.81743475052804,-0.09707794246622825,-0.00010011109652675876,0.4812377049049249,0.5664192386825408,3.5098616025317764,0.0,2.88776927863097
4,47.833685125207936,0.060215744889127655,11.77271442129433,0.007227985931578473,0.00025473220622,0.5073463792848317,0.3709187436276855,5.087660633747148,1.0,8.285667804128945
4,47.92860261803213,0.059797041220673974,11.754893746773392,0.09491749282419448,-0.00041870366845368073,0.48428745964473935,0.2908771476984471,3.981252392398355,0.0,2.5723804915960717
4,48.138570490508286,0.05990441839447906,11.73538883787332,0.209967872476156,0.00010737717380508716,0.46380210057987514,0.4934415481136729,3.8671985131951487,1.0,7.92048235282492
4,48.23046743197416,0.06040852336556298,11.782749624188597,0.09189694146587613,0.0005041049710839199,0.4138091144386367,0.5479960315804813,1.9812659482726145,0.0,2.08662503729727
4,48.499419038251645,0.06049060558825733,11.64043682026752,0.2689516062774828,8.208222269434629e-05,0.5494542749758876,0.5013269906627527,3.806183685150132,1.0,7.905745823900571
4,48.51591259933737,0.0607983182703898,11.688735979839928,0.016493561085724195,0.0003077126821324702,0.6102185980494702,0.4029127530984503,4.374001399178442,1.0,7.9928262057861215
4,48.637616457283706,0.06094840290415103,11.639969047066147,0.12170385794633631,0.0001500846337612327,0.6156708491530829,0.3047333934893472,3.0201902282743087,0.0,2.1195619011158486
4,48.70303414159897,0.061344478068903543,11.645088763338473,0.06541768431526407,0.0003960751647525129,0.6161754670923155,0.315077691054502,4.380645871078991,1.0,7.820478317648499
4,48.86506243746697,0.06168625762191808,11.707158187377114,0.16202829586799794,0.00034177955301453733,0.688817970108211,0.3389482210118509,2.5266462241359315,1.0,6.941219554091667
4,49.08632987836102,0.06256916648064852,11.835285899598915,0.22126744089405292,0.0008829088587304357,0.6456318562654786,0.4787996631488423,3.828608282542127,1.0,7.871903467568748
4,49.22527974094733,0.06278124191740066,11.887405035856906,0.13894986258630837,0.00021207543675214047,0.6191677902680495,0.4062595366892938,3.2499286875081723,1.0,7.437483417132674
4,49.070009844226426,0.0631548167893852,11.834837213351856,-0.15526989672090252,0.00037357487198454165,0.6069591617514022,0.5875233293681106,2.150328111369735,1.0,7.2502107144210886
4,49.13267469695166,0.06310350341035957,11.80905472944401,0.06266485272523425,-5.1313379025627603e-05,0.600083863256864,0.5371464338216192,4.4931432340544255,1.0,8.320864484670452
4,48.9889323348134,0.06273288782815817,11.878836578403813,-0.14374236213826208,-0.0003706155822014029,0.6108361530172127,0.4887466949773694,4.233603507714425,0.0,3.094295143811951
4,48.86320140065235,0.06314615043026103,12.002927262991886,-0.12573093416104797,0.00041326260210286514,0.4133240091151487,0.3253259707409177,2.309592438059099,0.0,1.8054481605113848
4,48.59085193699268,0.06291799652295402,11.90248343767411,-0.2723494636596726,-0.000228153907307016,0.3831436666145552,0.4807512014244842,1.733347712776019,0.0,1.828176259236978
4,48.69498809758663,0.0627726920874161,11.941734369372085,0.10413616059395281,-0.00014530443553792405,0.3388018552164861,0.5013997586199123,4.097078502938253,1.0,8.051338768708952
4,48.609120890840856,0.06303118815722622,11.915294152350963,-0.08586720674577464,0.00025849606981012685,0.3669378122291341,0.2282232627188027,4.237854213547851,1.0,7.575373632211531
4,48.521728222621405,0.06313791067635863,11.79875001073461,-0.0873926682194508,0.00010672251913240727,0.2720997842677041,0.2478880515081107,2.9950077764019825,0.0,1.9932799912172126
4,48.33595448171254,0.06265829876777158,11.793603890002531,-0.18577374090886423,-0.0004796119085870437,0.2638301204816567,0.5838264361822302,2.6150106080967683,1.0,7.475158176412845
4,48.33789895624356,0.06292474748917419,11.792953440779579,0.001944474531022422,0.0002664487214026068,0.2637303537514352,0.4112165630267361,4.040670805578424,0.0,2.8427685288426843
4,48.52874949601005,0.0631146869260073,11.793490566924573,0.1908505397664868,0.00018993943683311143,0.2635852334230564,0.4827775671622745,4.835350186421255,0.0,3.3832302275351767
4,48.43474609229044,0.06332746300126182,11.842704968202353,-0.09400340371961136,0.0002127760752545227,0.31393025108802186,0.3187464218726743,1.9342685606022003,0.0,1.604627124046449
4,48.39742050060064,0.06326414251907159,11.942556309179672,-0.03732559168980032,-6.332048219023778e-05,0.5427533243364348,0.3196768658397002,4.785369346492624,0.0,3.0320384049257125
4,48.51081135408531,0.06347805339629142,11.882874363900465,0.11339085348467393,0.00021391087721983615,0.5877273002597934,0.4421031973160492,5.568988623376114,0.0,3.6687007063201555
4,48.742168234480154,0.06418482680822714,11.943969237939488,0.23135688039484137,0.0007067734119357155,0.5819504546372516,0.5928788866323587,2.474345804304638,0.0,2.422930675417036
4,48.84496263318024,0.06444415194709671,11.920715694142771,0.10279439870008389,0.0002593251388695733,0.5950017149133845,0.4182760945150056,3.4756085360029325,0.0,2.5743564570314774
4,48.969322847060845,0.06418119289010807,11.940681352320706,0.1243602138806068,-0.0002629590569886431,0.5809471195685756,0.3013316742983284,3.673507949274757,1.0,7.439417323234036
4,48.87355367231713,0.06448049802282126,12.106937432893194,-0.09576917474371527,0.00029930513271318737,0.6739192741277403,0.1532434864493214,2.120370485847284,1.0,6.366672215822285
4,48.86107044661277,0.06501196408278434,12.096887717036775,-0.012483225704357892,0.0005314660599630844,0.6738225727540187,0.3067790471246573,3.426749295061058,1.0,7.326932741779844
4,48.94799915950154,0.06511547946110326,12.14600999938989,0.08692871288877058,0.00010351537831891633,0.6698093354005208,0.5193090163195304,3.976256927802896,0.0,3.026746496540509
4,48.89215076888782,0.06535338534270188,12.198631382206521,-0.055848390613725485,0.00023790588159862402,0.6541391129382698,0.3145273071870444,5.655691725623431,1.0,8.456900477185805
4,48.86409910944325,0.06567201994625013,12.123173080983365,-0.028051659444564336,0.00031863460354825124,0.680297924817247,0.2764440236431156,2.0501473138679267,1.0,6.577961704220194
4,48.96145374044078,0.06635267341901012,12.066550918792256,0.09735463099752906,0.0006806534727599872,0.5915178363569991,0.4109970240548749,3.480067343805485,0.0,2.5620277200124923
4,48.85153405895849,0.06635494849747656,12.17220789933539,-0.10991968148228892,2.2750784664377077e-06,0.5151072402049937,0.25058186682398,2.977957012850334,1.0,6.990142240073127
4,48.92777654416267,0.06615015841562108,12.094554436806096,0.07624248520417609,-0.0002047900818554771,0.5711110284893437,0.6381603156073583,5.881040390723413,1.0,9.216840826576423
4,48.67473280195036,0.06628558103418004,12.223688424900727,-0.25304374221230574,0.0001354226185589641,0.5724571885383284,0.4838314248585029,2.579409637525296,0.0,2.2573676684796538
4,48.58297839591576,0.06682131160971136,12.244795892029213,-0.09175440603460316,0.0005357305755313152,0.5528376582150657,0.3475495928359909,2.4103931963704106,0.0,1.900295783857187
4,48.68081656096251,0.06724384031803339,12.131461646530806,0.09783816504675258,0.0004225287083220314,0.4481523716347085,0.63032248589519,2.1189545554552938,0.0,2.320122249518027
4,48.8856385862329,0.06696028078481142,12.137681963270591,0.2048220252703885,-0.00028355953322196925,0.44744284772271564,0.238942863293938,4.190486408487565,0.0,2.5731289308316585
4,48.8083953702953,0.06715756492804004,12.146299420972126,-0.07724321593759953,0.00019728414322861543,0.4520998940691238,0.6167107272463932,2.6481345837064905,1.0,7.557488746346031
4,48.97263831389044,0.06755238870499362,12.114610180125304,0.16424294359514136,0.0003948237769535873,0.4544993608792853,0.2585454723418524,3.647122880084666,1.0,7.340652384726038
4,49.07123170453869,0.0676224655432429,12.177948912120675,0.09859339064824724,7.00768382492778e-05,0.41327691579917436,0.2167292401279628,3.370498561684378,0.0,2.118707761098115
4,49.10652077492888,0.06773323952813656,12.13946885987922,0.03528907039019202,0.00011077398489366119,0.37441256426664954,0.2970553079186755,5.5687909386127545,1.0,8.378506085143728
4,49.14802233652736,0.06807589719075655,12.058136463023528,0.04150156159847995,0.00034265766261998287,0.42376239866721327,0.3888240204853094,2.8420760058586287,0.0,2.198686043899933
4,49.015542890169584,0.06854270412270577,12.064756852502706,-0.13247944635777742,0.0004668069319492263,0.41257894969874925,0.196751129658127,3.077622844710653,0.0,1.9323136816715805
4,49.45991092686874,0.06865253131294573,11.902295531119062,0.4443680366991529,0.00010982719023995557,0.40626394573263913,0.4726899527621174,2.9963579849919277,0.0,2.4435588980201985
4,49.69981653113498,0.06875190818414371,11.847648059700267,0.23990560426624086,9.9376871197987e-05,0.44603349379839885,0.5351303790724771,2.801077351760456,1.0,7.470799434025182
4,49.804579165683805,0.0690126323192751,11.833933547943241,0.10476263454882684,0.00026072413513138215,0.44163315887544985,0.4370213562303487,5.7851170537594285,1.0,8.766601239340412
4,49.75530316057713,0.06943005042259072,11.894748207120589,-0.049276005106676735,0.0004174181033156227,0.5202345653064725,0.3741903387508377,5.818085412272817,0.0,3.6574233836380836
4,49.664729995262846,0.06986579265462682,11.859026477614929,-0.09057316531428228,0.0004357422320361015,0.49294232815022654,0.2640089212157311,4.674061164857601,1.0,7.865048424860262
4,49.69734490648233,0.06980545255730719,11.846536994783508,0.03261491121948268,-6.0340097319630526e-05,0.49221298042334793,0.2697278531418772,4.580025384799871,1.0,7.82946839868369
4,49.97438944155395,0.07021426842305435,11.903679863946808,0.2770445350716244,0.00040881586574716133,0.5665083455104413,0.6963397868123531,4.352240494811946,0.0,3.5687998210306793
