device_id,temp,vibration,voltage,noise,packet_loss,latency,link_errors
0,41.970417567829934,0.0165501595640914,12.059414919420812,0.000411046406022019,0.42379917475578976,3.461502735884525,0.0
0,40.04139069953835,0.01756626498539339,12.140301839725781,-0.0015030967843568464,0.0008397085161324092,1.5891833965283855,0.0
0,41.561145302324555,0.022362761933843563,12.165148725076307,-0.0012743679171808497,0.3878243854216847,1.2885913595159235,0.0
0,41.53692323607657,0.021312528248801543,11.985434861419236,0.0010488729917096165,0.39397724129778733,3.286394582202731,0.0
0,39.56482535152511,0.016861207097877026,11.973414659457484,-0.00010249403832774011,0.1991445898398107,2.419808821586106,0.0
0,42.232515457339716,0.017748560947400297,12.061842063743,0.00028477745490177,0.4563975764325415,3.4002347335654126,0.0
0,39.041214128208935,0.020890567698530996,12.154998115154228,-0.004762852066712185,0.09460335554890159,3.691460929438606,0.0
0,41.147951381701105,0.019761507414963818,12.020472911845546,-0.0006976150738160289,0.031916965225215976,3.999091899997553,0.0
0,38.65251587537742,0.019759042079564342,12.042289772460894,0.00543612496738234,0.042452174704584844,4.018515544073341,0.0
0,39.56581243481367,0.021136200922897537,11.887816334409566,-0.00034691290479367396,0.2832781930027049,1.1709387001386986,0.0
0,39.697242903762145,0.02200722285292196,12.094090058578365,-0.007328732543219639,0.12976044138780612,2.583952473709368,0.0
0,40.22497005355408,0.020791480238630502,11.962992243846646,0.0005033075238819976,0.042468511431871026,2.9225384213777676,0.0
0,39.80039486057128,0.01985542225420434,12.061356418415436,0.002171339513001654,0.4783099480238043,1.2813032396834299,0.0
0,38.08270547397052,0.02128973815126561,12.017192216234143,-0.004117910582738747,0.11503590169900463,4.697646359987967,0.0
0,41.083899474174366,0.021138096429884488,11.87320796947417,-0.0008853159542264743,0.14069786574387477,2.230130741196004,0.0
0,38.50200370295902,0.01691139540846428,12.013837115405638,-0.001051617188277091,0.031546832002128156,4.300582666768568,0.0
0,40.14257180273099,0.021711385946209236,12.062094766397706,0.010881587685876272,0.01547834746534188,2.9690416910114092,0.0
0,39.436117247784004,0.02002580591211077,11.97728339565402,-0.0006982337056180728,0.10523652537850536,3.244864585757169,0.0
0,39.11357990193107,0.01982910672068603,11.964412242103483,-0.008705541595032952,0.00792311503150811,2.0472158550043957,0.0
0,41.354715999951516,0.016364722758183355,12.141459862351372,0.0023369903538251764,0.2607752072069784,4.611501596086023,0.0
0,41.05299093396286,0.01810704966801733,11.903462630207187,0.008052093253743951,0.4856313175121877,4.707872916732387,0.0
0,39.63909438253042,0.02067605593845389,11.958521065481468,0.0031112535880011834,0.29334955363059734,4.715667992152657,0.0
0,40.367553572534256,0.02206970541759126,12.00232942530839,-0.0018880942768678347,0.12433836742001486,2.2672947628797355,0.0
0,39.57315708032331,0.02205144865093077,11.99355433229765,0.0010346558574641708,0.2605273660347196,1.1973517303171968,0.0
0,40.53925082172651,0.018370549004626518,12.148182545857843,-0.010546797395868841,0.19623806584368525,4.236307394787675,0.0
0,40.98768274410388,0.02396984748484924,12.199882314853749,0.005822586401954779,0.33972266360770015,1.318171754866464,0.0
0,41.27290432801509,0.0190544379226668,11.985172819989447,0.005244848913364848,0.0909386934218846,2.0271216043173697,0.0
0,38.60488561056185,0.017599108371795454,12.041021108248323,0.010125313250228486,0.3770415854434874,4.79705977663828,0.0
0,38.71185462234332,0.022466830647508134,12.100520256339593,-0.0017987980161248294,0.18496053577135557,2.503244419015538,0.0
0,43.824566024855145,0.023633486648164385,11.940253875002025,0.009183937747059681,0.4655499498111386,3.7079600162725077,0.0
0,40.74413879373732,0.02062825143214635,11.887987969609833,-0.006549954384080562,0.20845125329655295,1.7713282008147448,0.0
0,38.91847814953297,0.024022959987203735,11.976122792420693,0.002926974530547462,0.4618028192815869,3.506316778476498,0.0
0,39.10180189199163,0.024860984461754117,11.98041999759628,-0.0031494074392580352,0.18637927918476294,1.2890457517362992,0.0
0,41.799674800023304,0.016220725325745273,12.0437581251847,-0.005537295988460033,0.23350033174539586,3.038171339208205,0.0
0,39.66493552185717,0.0214539000873896,12.033853821181037,0.00018268822558380651,0.1264776311102918,1.400379285247428,0.0
0,40.76892553320534,0.018843640762290805,12.068033159788675,-0.0035115304011117594,0.25725769537902954,2.9033373926161206,0.0
0,40.63887995305711,0.017462525462793994,11.979674803770708,-0.00025767248062502553,0.12900893085745346,1.7168969658978854,0.0
0,41.165676412357904,0.020311551637782446,12.079712042799525,0.0012358774256807784,0.49345086521358156,4.017024091547906,0.0
0,38.62502574432396,0.019053804518910266,11.914420161849158,0.00014270230463151912,0.06453514383921749,2.2159130535717693,0.0
0,38.81482004033242,0.019671716909666744,11.776065259305728,-0.014968299698022155,0.07164649926823524,4.438737492311947,0.0
0,39.916117180341324,0.019246551555415266,11.87260509214232,0.010233839869841775,0.2553033539968285,1.2726390343278116,0.0
0,40.350719457096744,0.019722922104418224,11.839998444675658,0.006803216402242522,0.07576780982504377,2.5790575499769974,0.0
0,38.83628899905014,0.019706071954309744,12.032961429280657,-0.00029800267913372144,0.019962780110954037,2.364555839162087,0.0
0,39.12553011719934,0.020901761442710266,12.029176653546983,0.012352500769979121,0.2030170319896118,4.436285686988617,0.0
0,39.50322375877822,0.022437777166657662,11.9914776414965,0.007917081925885269,0.31816359799268895,2.1511506003474974,0.0
0,37.711609237203135,0.018861222466098976,11.979263147757939,-0.001477386600155457,0.2242133258943711,3.5954069536924957,0.0
0,42.09839886621021,0.01572813893864084,12.176826442480076,0.00630535185828204,0.16983791406992882,2.2387554470378803,0.0
0,38.69781751781559,0.020730949202879913,12.09927306919619,-0.003113129301393822,0.39151392993433726,3.5272562332348407,0.0
0,39.09846985446101,0.02383895325656686,11.78390671435906,0.004949485766171408,0.3535663412337088,3.6886576360489403,0.0
0,40.99874995940471,0.017876920931237158,11.863502415598463,0.00034852651714714985,0.06722247950751303,2.4826957691305043,0.0
0,40.58663485305127,0.021789474437572565,12.13461715534336,-0.0023337330197305034,0.13826067461427527,1.334702516162368,0.0
0,38.633804214346924,0.018135843870100993,11.88954880460439,-0.004001069310686882,0.3181696391444792,1.9852113403685,0.0
0,40.64229452448668,0.019264941625605082,11.867003453709177,-0.002533669417069823,0.49292076723416206,3.3722191022371586,0.0
0,39.29901228911365,0.022708402731735522,11.88249480706439,0.0022813790176723,0.1290815405061388,4.1158927860933625,0.0
0,39.59624066182501,0.01651671389945909,11.932274254088904,0.010422889969798819,0.010804341787070515,2.3738303888366716,0.0
0,39.17153163685633,0.022677961084881605,11.87261021383522,-0.0023421306224913605,0.04857842743616131,4.148038970122012,0.0
0,42.16612705416115,0.01761044227233066,11.95376690301905,-0.0015323914878472202,0.1517203141371219,4.095398057484523,0.0
0,39.41918087714129,0.017925596228686478,11.957502877411756,-0.00011651124184167423,0.4029179400973705,2.569469632662699,0.0
0,40.38131236732465,0.019407518371721014,11.983721637270518,0.007830173694268125,0.2060951575537992,4.552151244123387,0.0
0,39.68604093497228,0.02245360756812366,12.062558687089005,-0.0051024334797249715,0.1181045131043682,3.4716509737710894,0.0
0,40.9512959590188,0.01917769722948818,11.855876265443074,0.0030637131264842593,0.43021441013869505,3.2813361958449607,0.0
0,41.17208759402867,0.021942472472600894,11.970763471087553,0.005406239035776778,0.35641518917194315,1.335263166007973,0.0
0,40.970543212539994,0.016040207306242952,12.064889664842386,0.002979760541886197,0.38330918407013964,4.50948157719637,0.0
0,39.44448970907017,0.017215805004010546,11.969161794313788,-0.00028207041601853374,0.030011014399790426,4.012813238320564,0.0
0,38.83189912887671,0.018958759620656566,12.028537782515542,-0.004374115453871681,0.29739973375467316,1.2808213633681476,0.0
0,40.24585899401467,0.021333987674064747,12.160934401508202,-0.010377444623803151,0.3005357369951049,3.6174272018807967,0.0
0,40.49465740861538,0.018637601487323734,11.846686912639756,-0.001723524123165106,0.4239727671608861,3.6915103901674335,0.0
0,40.65852275232454,0.0219240735974362,12.078027263130025,0.006841127809365771,0.4687363889153613,2.242926220201367,0.0
0,39.4076966105869,0.01878416186519685,11.868544280537872,0.0020954240606419214,0.29605754862088685,3.758645041141405,0.0
0,38.34172576149951,0.023183351819426042,11.898951587139377,0.0037179682943140474,0.44866891836102135,1.387913285966102,0.0
0,41.12204594902903,0.018437138886644854,12.035082191564634,0.0002567980807619502,0.24532192383197776,3.629100408924529,0.0
0,40.164617401712164,0.019251262858029885,12.076975160032324,0.008878333654389009,0.002312947235019014,4.048108945175109,0.0
0,39.62381882195903,0.020453261505844672,12.11712884342738,-0.006017138849381169,0.13703096175780766,4.899697667438055,0.0
0,42.0782953530753,0.020978827843750988,12.07359735356866,0.001753150220744032,0.49935655873350676,2.419999116076185,0.0
0,38.565153708723656,0.019865390449063818,12.067216862496004,0.0022703460719924987,0.4369461477580895,4.771711652921438,0.0
0,38.97023558010402,0.021800887564839992,11.902647448594298,-0.0028369206824185762,0.014232538552785168,2.0405289529320694,0.0
0,39.98121941156023,0.017131338497196606,12.004422602375492,0.0032346600370031886,0.4421542218886926,4.597573239016233,0.0
0,39.192561836520646,0.019961778028248348,12.1157238468007,0.004480673710913949,0.10888171885319214,4.871678862460034,0.0
0,40.189838712913115,0.018676828973804828,12.077235690452378,-0.00820040200807608,0.038030516500012435,4.573513412708751,0.0
0,40.68140420417941,0.023016218833180172,12.099499944969764,0.0020928974494152314,0.03091366058573114,1.721290958609491,0.0
0,42.199052360300676,0.016364390004575555,12.010002883036929,-0.0039564196667487665,0.17423129995237135,1.5369844454056123,0.0
0,39.54767163584961,0.02112251301736636,12.016101637307992,-0.0062549930608375775,0.4640005282167518,4.86910943201906,0.0
0,40.069544657194676,0.01860068584044444,12.043616679690519,0.0008333223041782648,0.30269488439445064,3.3871973407167792,0.0
0,40.93994801180519,0.024008039318154557,11.90452715062958,-0.0050550964637381185,0.26869813986481095,4.4882974694233155,0.0
0,39.21811879973035,0.02243586469711423,12.209493964552905,-0.002999572287892763,0.20362427954470758,3.715064827199529,0.0
0,40.54915556364035,0.017447178020281284,11.963329919567622,0.005608586722288903,0.048589131944498376,3.558160830153671,0.0
0,39.34609602994532,0.01779271743507398,12.072279754170339,-0.0019871939851341274,0.14092179930691057,2.1100952833456574,0.0
0,38.23475918115949,0.020018385502459633,12.108097223120833,0.0037296950800310507,0.17182162188532424,4.757914354678478,0.0
0,38.48613245518907,0.015841805088108504,11.99956427502011,0.0018979401362833564,0.1291001346772317,1.6553904547847513,0.0
0,39.380121811631724,0.02180751277868594,12.01265817706262,0.000793881203281055,0.1614882741845851,2.1578713576329007,0.0
0,39.739553483178454,0.018328190783271206,11.962884489893682,-0.005472773253940742,0.1958320195294898,3.08317480346924,0.0
0,41.14358254432767,0.0202440492087179,11.885127841062257,0.003037871248936759,0.26178121335399585,4.991008965324561,0.0
0,40.267135953050186,0.01787330442123268,12.02666403857647,-0.005815889801464857,0.1255012579118855,4.925258106732203,0.0
0,39.86259501367517,0.018271264228656863,12.032800580011044,0.007762604148409329,0.2424963136661482,4.229393402306968,0.0
0,41.36464024707302,0.02366156511837637,11.859587938973245,0.0032784421105902985,0.4284429642234506,3.989911071281971,0.0
0,38.658950675350376,0.02087400366821148,12.001526996212643,-0.012739990369093913,0.47089582139164265,3.4509043909252584,0.0
0,42.37210726944202,0.019814884146283417,11.986623062983119,0.006724073252576198,0.3250285948539601,1.7883111485954521,0.0
0,41.11435418990562,0.019273029687599193,11.982564383809295,-0.006122692484469482,0.38526408182172783,2.0988711309652937,0.0
0,40.420448725666695,0.013343729885675459,12.010089428761,0.004038405206742145,0.19026056945304964,1.3016411907463747,0.0
0,40.37832872438337,0.019677485321149008,12.04977048984601,-0.003742169609967881,0.07781612382261283,2.9922907628800255,0.0
0,38.73055594547011,0.022083952999198016,11.909740994731736,0.0018018801042317546,0.05166377066676592,2.5654357922749544,0.0
0,40.13989100991679,0.02126789050828427,11.981883001578597,3.402507633018324e-05,0.3736229820422655,1.1548075891552192,0.0
0,39.51219810444034,0.0176735633387025,12.155684119887415,0.0024534684496241572,0.3911153276400619,2.457402939874847,0.0
0,40.9225767604691,0.016962113651014774,12.16263628106086,0.008739303424257733,0.35957809670159,1.2321829918789184,0.0
0,41.025720747434214,0.02145069980370667,11.903015547475318,0.012317148835076522,0.12194515729192729,4.931644613379492,0.0
0,40.2918504767306,0.01696961991099015,11.934125810647016,-0.002598335330949955,0.2992194183074056,3.2745352173108753,0.0
0,38.898505145552654,0.018565199504477818,12.11056540565617,0.0014326751405972136,0.1683646838131363,3.181541233918366,0.0
0,39.68370522261322,0.016798497944419476,12.089976116946026,-0.003969114740309309,0.34392594826837236,4.238749808475538,0.0
0,40.399075820783445,0.022824277793400766,11.880346498425366,-0.0009617934078497578,0.04164646846321485,1.898692871882293,0.0
0,38.78761382860784,0.01811123132754873,11.995711705420733,-0.0012607420985849545,0.23636508992076682,2.3326862114959037,0.0
0,41.64614638329896,0.024444936126836507,12.003968815918066,-0.0038272272217898568,0.031098859449682992,4.744433117943862,0.0
0,39.454085655946976,0.022086867796989405,12.038540505590301,0.0032364760340978013,0.24701754131315806,3.806173420652555,0.0
0,38.84464101315751,0.01987260670978244,12.001326606789059,0.0027259906639887587,0.07966407835290373,4.46516039319192,0.0
0,41.164549135963895,0.016680949708539557,11.864939994998391,-0.003977224257842516,0.3995407143983536,2.331016909531188,0.0
0,39.32992024328442,0.016147625322616616,12.08455408100202,0.0017743027388899086,0.2473393357695437,2.82102719538788,0.0
0,39.071839098372976,0.016393956915020796,11.915041663600832,-0.0020007722559975054,0.17651495995224453,3.330069944619696,0.0
0,41.478694672486014,0.02196866797867052,12.099178833854483,0.002253908691223265,0.04730204791982118,2.1835243010577474,0.0
0,40.54643085761222,0.022256240948660567,12.06031785328184,0.0003178639881008797,0.11875330005831586,4.810999645129903,0.0
0,41.3838002928017,0.019160531365364254,11.971794330833642,-0.0034485669130589307,0.2982244257499243,2.7429195947093423,0.0
0,41.2802722550238,0.019557144914376223,12.145577613339052,-0.002977432118114492,0.22572841320132103,2.3109228737910392,0.0
0,41.01086455314485,0.01715133656771281,11.972414684671763,-0.005896012444643953,0.08973890341855612,4.569410476486152,0.0
0,38.88793720787886,0.022530741716823795,11.89716881561119,0.001496014162649242,0.06937729055324188,3.5398132197949894,0.0
0,39.87372902041384,0.017545295932349457,11.911881744756736,0.009573873416559861,0.169117915102092,3.0022929411565213,0.0
0,39.21901056346234,0.02131212695865484,12.1129142810754,0.000899299022841877,0.32483219049387446,1.3797835616635798,0.0
0,40.038235217930506,0.0172077063200273,12.060597806485253,-0.005220328741671616,0.053914632295700204,4.343446733229662,0.0
0,38.13117270333933,0.01755072328138609,11.972053750277228,-0.0035201932583592953,0.29275110971976503,3.340306912069143,0.0
0,39.846690368518175,0.01954770132514904,12.173381711931581,0.0008730053027334939,0.37604913051841454,1.101072134413518,0.0
0,41.29316571284426,0.01786509208280444,11.943313143806398,0.008407027179555927,0.4882491975621453,4.811776417670516,0.0
0,40.61244484689063,0.0211928446462377,11.938890233102228,-0.005593773752471574,0.43289718140007677,4.881309151249665,0.0
0,38.10791413160962,0.021091562074225367,11.856413176029536,0.009603272251597985,0.08424607944620904,1.6520540655141498,0.0
0,39.91499383934275,0.01921107521058524,11.969035043384784,0.0011655901438647575,0.43108151891288743,3.286351884509076,0.0
0,40.606827550547294,0.023906911637582573,11.97782236395528,0.0017540525198678333,0.29151380707964136,3.610257074764812,0.0
0,40.36721817741975,0.01796938567497374,11.82870144113677,0.003402612186753547,0.32645818948478494,1.2592626128271478,0.0
0,38.9944470420205,0.019481044386919468,12.008126459981037,-0.0023948452667300756,0.4630943674054133,3.7057065242711316,0.0
0,39.415616515606864,0.020360424747130002,11.881281912467612,-0.003371964788876663,0.23501956274850583,4.2219998672183205,0.0
0,39.432517799270826,0.020603955754637165,12.062317079681222,-0.0043297041555411895,0.2719761859959439,1.8008664471143203,0.0
0,38.78713729580642,0.020847165234884196,12.004991234946827,-0.005211249316599164,0.017341189567037896,3.69476963029377,0.0
0,39.32579725134221,0.017113734639294095,12.120505447585296,-0.013466342014390611,0.3543885081156208,1.7043774087153065,0.0
0,41.16375723932287,0.020291426479666266,11.91382172930021,-0.005908715099913535,0.3076817186354697,3.422544880886386,0.0
0,40.847010791562916,0.02025639356290352,12.007883075509575,0.0035496504881795225,0.26918855789535956,2.6327529739705002,0.0
0,40.65050531951308,0.0171572487960074,11.969781553008108,-0.0017171200186427288,0.22567035821864856,4.61323824490045,0.0
0,40.04294285300594,0.01693083981902533,12.145923845909188,-0.0060167141096499534,0.27419829972992127,3.1019920462113735,0.0
0,40.4277936522011,0.01924433208827205,12.038861570263503,0.0066987220765696385,0.47341286695131146,2.092654981811813,0.0
0,40.9790881333912,0.016419663021647993,12.001040021641028,0.003839747559241699,0.22960667469783563,1.6273122267299094,0.0
0,39.472707301495916,0.020567803573393686,11.958421733364913,0.002684201882256305,0.3787302266504877,4.276782492635365,0.0
0,40.35508652616182,0.019354874663214307,12.158199490994583,0.00030739103135160036,0.03344023199205848,3.727402984023305,0.0
0,39.805264283302115,0.019516977731298256,12.150970399008893,0.0028451782781331804,0.061725408049585095,1.1208404025825205,0.0
0,40.658703034970266,0.02116694533123032,11.920885642084004,0.006609007898346011,0.46214718088741213,1.640024348265042,0.0
0,39.767660126887705,0.019071414244917567,11.897604789789908,0.003951383172353359,0.10736571516754057,4.550898855681023,0.0
0,39.52529874833799,0.02203188064348919,11.89617686483504,-0.009200818083091035,0.2988030154793113,4.8095274554093335,0.0
0,39.50173563303606,0.022825253259717904,12.049646994289207,0.000509873406257802,0.1492270818572073,1.6838805600591065,0.0
0,38.988152648403734,0.018758884252454103,12.000263015077293,-0.009508725955442627,0.2696022733912776,3.2198309889014145,0.0
0,39.17300349056401,0.018365970249542663,11.971014443965451,0.0023190799539603304,0.1472297719149917,3.9024154841823444,0.0
0,39.1570902144504,0.019062749385181047,12.108196241455573,0.0010819435755631288,0.2708417038335435,1.822811353743727,0.0
0,39.393852280168694,0.01697042047979716,12.190819816627252,-0.0004925430138482188,0.22039866682431924,3.936682907809049,0.0
0,39.42044240280083,0.01903296101818542,11.926359078956912,0.00010354519456430653,0.006497359201920516,1.453485935431674,0.0
0,39.91316001717602,0.01802096119792693,11.974968721693436,0.000666188510812911,0.15724009319553783,2.178941273852959,0.0
0,38.868933127101265,0.019127959449462537,12.027013130316977,0.0016801880479440732,0.456284802681359,3.3308767510348325,0.0
0,38.72817528508288,0.021078270999326375,12.223176307274164,0.00010782452839590847,0.3779082156949331,2.730705738473437,0.0
0,39.84490665447308,0.019989908743400737,11.939120517206861,0.0013473356305013647,0.4965551247557667,2.1848814001760504,0.0
0,37.526229029293845,0.018976774768145063,12.073544086523011,0.012701916888080677,0.3773456918158079,2.904969893459538,0.0
0,40.86812505011045,0.018863700031653812,11.962461463294947,0.0024081320266499413,0.06908322602500255,1.9273529790629529,0.0
0,41.56130173160077,0.02031720725040624,11.914074857500255,-0.006990212469869591,0.10248494287708326,1.5077910676457593,0.0
0,41.080914003657156,0.022328343208228487,11.906413567657955,-0.005846780432405094,0.15088086991613542,2.558317441099228,0.0
0,41.04185161571516,0.02011814749979707,11.93042840537354,0.0007779891941007085,0.024601312474703874,4.061149037510374,0.0
0,40.98772985279616,0.020431074333809834,12.013857084414596,0.004991831831034988,0.419171460258469,2.3620773502295593,0.0
0,40.5545329263331,0.02035967372900809,12.081209773061925,0.0021983066087125497,0.11927684088616486,4.24529142706397,0.0
0,39.92059134533771,0.017570684740135793,12.18955186818887,-0.0028990305880456243,0.23316481688938762,2.413759815136709,0.0
0,41.38936567117129,0.02320956110094725,12.022919128237206,0.002210407456141888,0.1872184720573815,1.434278380627958,0.0
0,39.936697218193665,0.023543873172069414,12.026903421127752,0.006083453820810415,0.35746633705287123,3.4071217834957905,0.0
0,42.062083299384405,0.020471177101014055,11.831846479926263,-0.00011952849481827809,0.05674331835418994,3.2555219472765287,0.0
0,39.54343253475626,0.0169110299892005,12.144208088363056,-0.0017387837895409405,0.28038072091456095,2.1189422414309154,0.0
0,41.174623151431106,0.019810845134910302,11.999492494472442,0.004118900892267654,0.13997669924785033,3.8648915243499786,0.0
0,39.49297289539309,0.021625162484686527,12.045765163437537,0.0045917030528999595,0.29886938761012916,2.012668389598619,0.0
0,38.95973564477981,0.01579685159671658,11.990036826066692,-0.0008735752002291227,0.4668120656975792,4.9125168158662476,0.0
0,39.84785927382358,0.02053588028334019,11.90553241711905,0.0015015081662153448,0.3702295235734572,3.5528056701063537,0.0
0,39.11514018707849,0.01684965590119487,12.15725310863832,0.0038572745410550987,0.1516136503642337,4.366366016955484,0.0
0,41.18656762797102,0.02219128162335104,11.980567922893881,0.011019518037503857,0.3834541723974892,3.4582173655789608,0.0
0,39.74373250118409,0.022204307606081226,11.972243236999628,0.0012285708009186001,0.47099549654077516,1.083902504499191,0.0
0,40.7320696960963,0.018641447072212977,11.842177294667916,-0.003521002800803397,0.10000910126141321,4.923741746918848,0.0
0,40.78483141292015,0.018094539642058507,11.906993714493662,0.007565673299406911,0.06615140418553317,1.127101658362804,0.0
0,41.20045823848106,0.02217896033645063,12.097077507883245,0.003604123589534513,0.3254514136155497,1.3967091603377475,0.0
0,40.86009906143988,0.01945568273668307,11.923074297429396,0.009701475168150604,0.34845439389523986,4.908467826842882,0.0
0,39.804051039894425,0.019320043864444233,12.129456019757079,0.0027223397824694736,0.2579678688296125,2.3000007317541313,0.0
0,39.71470536407307,0.022389811182964816,11.978654079646056,-0.0003249626436200286,0.46323141763556447,4.5966983426718375,0.0
0,38.5323417179829,0.020667682023046776,11.98982292657563,0.0017383866380311828,0.23463101435382783,2.9145255268866523,0.0
0,40.947826866250765,0.016342971655225663,12.17138201383593,0.0002314303847002145,0.030094521454672285,1.4445010306523698,0.0
0,40.467200868843534,0.017895744805827538,12.053190189856641,0.007925206772643734,0.45836760978686925,4.777358639638415,0.0
0,40.2016190717625,0.018550152768926142,11.984276846338132,-0.002584802604500371,0.38829274293472976,3.6329187953305864,0.0
0,39.76579251663679,0.019855302377507867,11.953357039099796,0.00736864837698598,0.09921437204502842,3.607459059873651,0.0
0,41.34697515331745,0.01976741480179717,11.930285007356618,0.0057315202675751594,0.06064235181405769,4.958425271736406,0.0
0,39.67074509719062,0.01993014147423374,12.166147738504469,0.0030168026989095677,0.3121889597825753,4.6489776725726735,0.0
0,41.3705229384471,0.022196543115849232,11.89053609499493,-0.0018803361227627128,0.4136461103045867,3.0750646410339866,0.0
0,39.8507572539256,0.019031423890483304,12.286642250580575,-0.0029542973362393565,0.42758936030420575,2.340041014788093,0.0
0,40.68811243441829,0.019591906622842863,11.815212623778438,-0.0071153073708965986,0.14415023006931232,3.1794587833335943,0.0
0,39.04178487722433,0.019099763619936795,11.934550475930285,0.0014968510409090288,0.062441964070260314,1.823627857456862,0.0
0,40.91833892911676,0.018837141390677818,12.036516932241597,0.000742743441924886,0.12549298936558934,4.745860224066368,0.0
0,39.016257379251016,0.023409612590658917,12.213732640708828,-0.0021307957161327677,0.33281874638857417,3.7959884899671104,0.0
0,40.358405432415914,0.02119241402808411,11.970691826409647,0.0004510469437708745,0.38146972966211995,2.9756484287293383,0.0
0,40.560043228492006,0.015587949132728209,11.83530765072939,-0.0016515870015241351,0.1041616903684256,2.4482860925933134,0.0
0,40.23473050475759,0.01965124711888593,11.994141328879515,0.007659731635499172,0.3897813136310513,2.9073509477660813,0.0
0,40.709339770904165,0.02210841446781347,11.977110583202448,0.003693013807263117,0.1686279905446902,4.377227158925145,0.0
0,40.44133316952415,0.022299205267922208,12.11885745810016,0.00042497369603625797,0.37533626693740113,2.812984168634604,0.0
0,40.911831571088705,0.020020797409916174,11.951675595242405,-0.0038618428203138003,0.443779755365473,3.8697512010382393,0.0
0,39.136842339039696,0.02041787016477088,12.045852593878289,0.0042704961055092285,0.44733477375647956,3.6408161475524667,0.0
0,40.257375336577084,0.0217572689399827,11.967278869047442,0.004554027499683626,0.26992580509271336,4.126644924754448,0.0
0,42.954316975238214,0.021069308613161777,12.125064530161813,0.008908005958920412,0.1386018236431949,4.6693678178104046,0.0
0,40.7963605239766,0.020292777470277846,11.997586660449466,0.0019167821583927303,0.36302349145184554,2.1398933791769834,0.0
0,40.008990167016776,0.02021661911768476,12.031222670081506,0.0028344405937747465,0.14875342899810473,3.302278079036162,0.0
0,40.73686421767029,0.02284890980046095,12.000873613842941,0.0012201745255361416,0.2292129609323847,1.4928024244437736,0.0
0,39.35580570056205,0.0219623195257165,11.929886609597416,0.005633753549611772,0.46678303288205963,1.609009224789336,0.0
0,38.98703768367604,0.021357005171370434,12.008886817376219,-0.001895701425249856,0.22337238324765968,3.6079965267085443,0.0
0,40.063133573988,0.02226423122684704,12.195050725405283,-0.003693188778259369,0.32277177824139586,1.4951055834768474,0.0
0,40.03748898179828,0.018129340380533824,12.180397054045809,0.007854793047634217,0.12743785701875476,4.87964832769145,0.0
0,39.56305155166723,0.018078486024657583,12.194193609915342,0.0008033462799673187,0.37471726819252577,3.5487322056083546,0.0
0,39.79976081306931,0.016512116967396354,12.163308158753365,-0.0039484684400006975,0.3298832937432418,1.3766866949375012,0.0
0,40.190119045872386,0.022971392636178208,11.939192686226102,0.001706775433314236,0.020399552760615447,2.0271491206736045,0.0
0,40.43740561468821,0.019182535629801732,11.934174414207046,0.003441441593854699,0.4360918632807769,2.2486856912119273,0.0
0,39.74642956451838,0.019322840219643006,12.070940080521181,-0.0024120187187604606,0.036411436482916726,1.6848635311751665,0.0
0,40.91480081475364,0.017523195418400538,12.034665099871708,-0.0013819144439441188,0.12577463795887994,4.486592067923215,0.0
0,40.924619366436005,0.022856133476538795,12.038447491653123,0.004225394937182004,0.2738913773184566,4.033376710332621,0.0
0,40.4605732675395,0.018550455113947213,12.173126472907775,-0.007153175146900023,0.32964764874439434,2.8191440558652108,0.0
0,39.88087389658725,0.019720040304659105,12.158437497476658,0.00039399962773970605,0.30690076889745643,4.8383206613720935,0.0
0,41.76191326788915,0.019198294620208212,12.1239061134726,0.004345039682118756,0.334932480994452,2.326733461081106,0.0
0,40.058025268704654,0.020259655917678948,11.951567265807773,0.0032850550214486786,0.25485592518485783,4.830490719376105,0.0
0,39.9183368037533,0.020279417241021724,12.123043292363034,0.004054158263020956,0.3048577051952611,3.2117995926004004,0.0
0,40.776056636114774,0.021102571166091717,12.00255700969296,-0.00045977686874274095,0.1738834171283667,4.532282966984423,0.0
0,39.06476732580098,0.021142727230969185,12.032316428517,-0.004361866339924533,0.22154501464233328,2.670017256350894,0.0
0,40.42414292364433,0.02195950236344684,11.908740240377023,0.006350103124935952,0.4295353637895136,1.2914172649616966,0.0
0,39.08412697831458,0.019358556167026822,11.957284127399836,0.00449691869680977,0.1961634447492302,2.0405162167133346,0.0
0,41.08434967286079,0.01930017479302002,11.935779295329922,0.00797953873340555,0.2073060503178415,3.396107965156437,0.0
0,37.919716431701126,0.024530892561040886,11.992849191997182,-0.005371860172464124,0.2732447792815584,4.079646394388354,0.0
0,40.03324319359539,0.020880054041314326,12.1197112518611,-0.007233988863254649,0.06119369437675026,4.347576318628601,0.0
0,39.96395961347211,0.021860960762157978,11.954826479689729,-0.0009552509819116776,0.32387206071458974,2.3709709751888943,0.0
0,40.84355322587257,0.019640811880264133,11.943739995062561,0.0017062604772628343,0.4882527743250466,4.5971186261005315,0.0
0,40.65548518439301,0.0208551079751279,11.992727047349673,0.004027008788944903,0.0455079430868085,3.337842328119276,0.0
0,40.008571342675076,0.017259236664662957,12.023485818250311,-0.0026941511996078473,0.4304865506463403,2.3835895238653735,0.0
0,38.890964673282596,0.020357798771680733,12.103680528762311,-0.003296458926819207,0.3679457229899471,2.691989565642152,0.0
0,38.1120267338406,0.021259700611344353,11.912655478756294,-0.0024541841231131675,0.48753339540601087,4.0310421643553225,0.0
0,39.602763297254306,0.021322497276686368,12.174477367106526,0.0011283242761732485,0.022283241254523523,4.13200215250714,0.0
0,40.69985809511452,0.020151664195418154,11.932432344158466,-0.0006052046692163348,0.3263749630348495,4.482690738017209,0.0
0,38.259620650892806,0.020262687749543005,12.050265895259635,0.002773079183433127,0.4575996192078686,1.3231621073201736,0.0
0,39.82876318598092,0.021750301816434156,12.083822855281625,-0.0018717142943737754,0.1599215183304291,2.153042852278255,0.0
0,40.044847938696606,0.0211721344623903,12.06454754023376,-0.0030967579813343505,0.20984651068766658,3.116112644322139,0.0
0,39.92461302427265,0.017382992712217663,12.04080119490414,0.002302085063525711,0.3685149707116228,3.750345455975948,0.0
0,40.04351922491162,0.018687758291716153,11.93588280095011,0.005062508612464672,0.21845414356345766,3.125858267838552,0.0
0,39.30580783819174,0.01901613601694474,11.959256546043282,-0.010953032191883719,0.3054298142543101,2.2441612502015023,0.0
0,40.802237131764706,0.019579011857714265,11.978637397953882,-0.0032062743837170354,0.2983013387385165,3.34716729819521,0.0
0,39.61831586241461,0.021834740646232406,11.96718166366501,0.010941952794830165,0.4598115111621289,4.622023080706208,0.0
0,38.99448335795813,0.0176566109914889,12.024060838131422,-0.0028284609049698123,0.09449379071997527,2.251784655900949,0.0
0,39.621345939812954,0.01603836658978037,12.00920321350031,0.0004468784617083851,0.22911836437821642,1.6493354856442455,0.0
0,40.189551077061346,0.01855476880073478,12.126750722029596,0.0051782981206967464,0.43332157176227215,3.7353209650416423,0.0
0,39.3843899128085,0.01941484432779462,12.0433345303648,0.0022161568471609355,0.18550989927650174,3.8771408277890056,0.0
0,40.40482084118386,0.018865196692636397,11.96534594635504,0.0026506712673462873,0.0021028634038425253,3.790233124467481,0.0
0,39.46031121882708,0.023787756799604647,11.894595234062162,0.005650193432602658,0.4648761711092797,1.0135439857445356,0.0
0,41.95819708561499,0.019613635715589318,11.96729483574917,-0.008880414426771682,0.08909274965625358,4.81746407524307,0.0
0,40.93044089900268,0.02169476241077165,11.974659926988407,0.0052197039023290925,0.18292355679087668,4.108354859534511,0.0
0,39.08231931096515,0.020908295285003643,11.933338020288014,-0.00409358464527851,0.16919991520925348,4.525548230548104,0.0
0,40.538136001789006,0.02175674029305748,12.136664913420857,-0.006493864590250364,0.23007976169033012,1.288016586107632,0.0
0,39.55108498597217,0.017936508197820254,12.051856798944458,0.00030189697421858385,0.23991996740598182,2.3698415134249458,0.0
0,39.94135009232425,0.019746682294374044,11.968173586887605,-0.006559731889805064,0.47181682446925893,3.7825823101676295,0.0
0,38.08735527223399,0.02608780315304029,12.004161073496329,-0.005398525063692625,0.49019613191835354,3.620446827090833,0.0
0,40.6908404000419,0.02093681873208638,11.992928982461919,-0.002892767569177785,0.3947230080959189,2.208006928836165,0.0
0,39.977779461063136,0.016854536312446364,12.061346013088171,0.0019180189023052688,0.13612592951471159,1.0501423420520508,0.0
0,40.95504136609806,0.01890826421791579,11.95873842623736,0.00157094636226754,0.44846235523832906,2.8835519414146242,0.0
0,39.071029581135036,0.020665440783150496,11.96115182271312,0.0010301485185747982,0.24667431041099103,1.7821725235557748,0.0
0,40.15106362871973,0.015775516610559228,12.175062460961428,-0.004628425749187773,0.39452927345628297,2.2776779707906125,0.0
0,40.73183434738941,0.020419319617922715,12.086295574876049,-0.0019713205435367433,0.28402823280847833,2.992664808940641,0.0
0,39.082028066456324,0.02181959677590051,12.051293156476186,0.00032705890651092576,0.08945638169576492,1.3665288830382596,0.0
0,41.53693616598585,0.02125269921531757,12.020701036324507,0.0034675625724839743,0.42556425765826905,3.2572904977695396,0.0
0,39.866360981628496,0.016759421727290332,11.914841964362571,0.002673574443470195,0.424525443641513,4.437983025714736,0.0
0,40.51770084842543,0.0212006220643469,12.020364964502814,0.0037815419599268995,0.029997372444740877,2.8739254838165973,0.0
0,39.02506731646241,0.017894742107293735,11.924922518546134,-0.001963644241848673,0.27239107076611313,1.6297558667183223,0.0
0,38.878120408623516,0.02012438108608387,12.047820575564739,0.005350558405030399,0.38376384813121406,4.2385685270896305,0.0
0,41.164486252605016,0.02177527235542697,11.910042228628155,0.0015233133014509184,0.2215851281111723,3.3700009414972767,0.0
0,39.98034638167424,0.018997777401620848,12.10778642562424,0.0038694692349231967,0.20304842672017825,4.9515563123548905,0.0
0,40.43528199388239,0.02335131302952909,11.95962918419162,0.00225681113446317,0.0432206830282475,1.782534402867621,0.0
0,39.54696804777406,0.020192961213589163,12.017675876124615,0.007782766344010551,0.09136343497065358,2.1351512479168364,0.0
0,38.93118794704989,0.021266212156732578,12.114507071383457,0.00038110748480624365,0.3318652245358104,4.713429229902841,0.0
0,41.666151606167205,0.019942646392890888,12.10158484224309,0.0009292558891778228,0.36660267257603407,3.831419638539212,0.0
0,39.501558801679614,0.01787001593090974,11.884072298540737,-0.0015260792885804747,0.22646795010415455,3.201874608734576,0.0
0,39.51892290474438,0.02143883516203667,12.003334200114214,-0.01070007723289805,0.2487855656293304,2.3899057345444077,0.0
0,40.15260973855031,0.019837376218716528,12.177996245052604,-0.0016700857906379574,0.3085591127393236,2.8591120150337916,0.0
0,42.25356147112408,0.015148238458569576,12.123810112160145,0.006165080288321763,0.0027563624330617653,1.8490612726812836,0.0
0,39.66381993046156,0.01971481216945173,11.952870961018762,-0.000984289105308832,0.3320004151055207,4.012021759334635,0.0
0,41.412606134918406,0.021069814703528346,11.999064707454181,0.000978182309539785,0.19782426250979063,2.0984648129686896,0.0
0,40.891700352660735,0.017523525708800308,12.021980345593384,-0.0045253925002360345,0.300032406935129,3.6884578424898815,0.0
0,39.86929936297945,0.01846027368852321,11.987357196442764,0.0009561814111272549,0.4693899617880117,3.8553111085955156,0.0
0,40.785964069854856,0.019442327186784073,11.945695968443879,0.0008131905768760106,0.1693182965213209,2.5673983429520657,0.0
0,37.26126485080181,0.01891246153723086,11.874761100274513,0.00329700553895787,0.34867497544699166,2.853369414611992,0.0
0,39.17357443949566,0.01912217728196675,12.226806721334167,0.001367234214972918,0.18874034984851257,1.0465748547604132,0.0
0,39.08226932231941,0.020380957551820112,12.132580019337535,0.004120789815506071,0.46528426386052374,1.3668042680697483,0.0
0,41.00564028284172,0.019607085141284914,12.051019986837048,0.004367346209702897,0.14330612235651424,4.155966917602608,0.0
0,41.13781452725342,0.022664129432932265,11.976893017443668,0.001294245170988667,0.48664570687586817,3.1227377305303543,0.0
0,40.02807227006993,0.015172677753323874,12.023487198143215,0.003957154217879706,0.15353333739116265,4.004745975562187,0.0
0,40.05637443135601,0.021694566269873632,11.933714967507306,0.002920403717828119,0.32743239431116805,1.4774677039145678,0.0
0,39.583733643157096,0.020654948369400784,11.859350187303242,0.0033029953441817356,0.35689420923973175,1.9628214097769598,0.0
0,37.7424699465635,0.022722596324087838,11.958165277889464,0.0009159849169340466,0.47352776123019186,1.055847906632137,0.0
0,39.96403371862243,0.019221334587991284,12.004192525706358,-0.009121980905235772,0.04696612950122453,4.6245694784652756,0.0
0,39.40745813741981,0.02395329525004295,12.147094782283613,0.00771763029257757,0.33737246729986053,2.7679601109432754,0.0
0,41.54667818709722,0.01704550486902206,11.746500923738035,0.003763877238349491,0.1732945516730361,4.732219494542037,0.0
0,40.65850605646505,0.017871465399206348,12.111519994302055,0.003387757438056497,0.22812157642026681,1.52185301544765,0.0
0,41.857003402230134,0.020339464782623076,11.891673576896803,0.007652098075749858,0.0637943212224677,1.5356603932555193,0.0
0,38.03940522484251,0.019277614178517553,12.01130379699782,-0.0038687712338156682,0.26662281970656115,1.4019947222751932,0.0
0,41.01608732346358,0.02110024248295961,12.061951794465834,-0.0076998556649560315,0.31390250550885707,2.1605654317839633,0.0
0,39.65772906026114,0.017798997843918182,11.99009941169256,-0.0003038658020621514,0.008724050531832062,2.336167328664048,0.0
0,39.50940038326985,0.018442663031505855,12.081280431328302,0.004528894172224604,0.460780510830813,4.619802843302081,0.0
0,38.64817831623838,0.02107562916601907,12.03873732003922,-0.0009414768090367994,0.011508951010249346,1.2311380102922826,0.0
0,38.5952631570126,0.021002036814779104,12.053793071111281,0.0035277197128223883,0.3646463715551384,1.809927393140557,0.0
0,40.15648510909175,0.0216592784215963,11.931419742015564,0.005491252188855418,0.4676849094516727,4.538908944724767,0.0
0,39.36191532056171,0.019376486363501637,12.010511852059548,0.00037440722352684574,0.301076344810262,3.831290463521577,0.0
0,41.226813565963205,0.020368578219958713,12.058966451778248,0.003991991758543464,0.016977958062746934,4.461931082949784,0.0
0,39.84030514117984,0.017561605436984883,11.941022114108394,-0.002193220369232456,0.49581241179116625,1.3320605638348977,0.0
0,40.63349664855239,0.021068452039190482,12.02449817169058,0.002090875067953107,0.16729665404991428,2.7377639146467505,0.0
0,41.24917548353562,0.014870082596890962,12.013600202587716,-0.003513141237462821,0.050916775104149326,2.5196545703038797,0.0
0,38.82326826259538,0.017138477903600274,11.97826666022174,-0.0021417964606028346,0.2325331348501365,2.2878078495821965,0.0
0,39.58741252913306,0.015841475678091528,11.886046606008568,0.0038456281390389442,0.35885828862960595,2.0345649301285746,0.0
0,40.24301234768415,0.019906997619552013,11.9407650827461,-0.0027625602256202276,0.4682708317296423,4.781132162964948,0.0
0,40.920711413903476,0.01910072995848662,12.050373065361198,-0.0024150289601467196,0.4583813045228867,4.758482275424127,0.0
0,41.97975277532589,0.01705686246165538,12.081861092154057,-0.003589239697720443,0.15735082571738396,2.2391788249864564,0.0
0,40.53053674524067,0.020282291994071118,11.99864270489462,0.005778461842802573,0.22268323792083067,1.114950459960569,0.0
0,41.41688717703172,0.02076599342763154,11.751837194921976,-0.0015251608552434967,0.4857779544281674,1.9371890053691239,0.0
0,40.42166990299428,0.022284388402617213,11.966785796952738,0.0023504329885808556,0.16186783674004485,3.144946597250187,0.0
0,41.62781767967955,0.020302032543101603,12.090170232443493,-0.01097977044764859,0.24242146026500005,3.8024325887903565,0.0
0,38.51345947763163,0.022141139040445693,11.947733849144523,0.007731907903553026,0.07952056827940385,4.645000393486415,0.0
0,39.773364429420106,0.021656706657925733,11.991625926979575,0.00948193211301622,0.49790578764614324,1.823886018887284,0.0
0,40.52903891223235,0.022005302002970226,11.927082926269891,0.001077575628562565,0.036434398360760956,3.6653937051341416,0.0
0,38.134873562041975,0.017344811376965762,12.088546615255575,-0.003671648604970301,0.15477938351122966,3.3599784947718287,0.0
0,38.469337600232514,0.019734135175590486,12.219499791485262,-0.005849882395194806,0.39921410553891284,4.834854205531907,0.0
0,38.344517668746285,0.019630102863164123,12.05552200384818,-0.007704354785358822,0.37133946463052026,2.785390728776952,0.0
0,40.745785531833555,0.016992925517194443,11.835634347289151,-0.005239792635443471,0.25924876307861217,3.9433821839187493,0.0
0,40.925744743667124,0.020540654236521863,12.00934522942157,-0.007784633670566654,0.48366544318325244,3.341861590664095,0.0
0,41.18823279435525,0.020695498444170866,12.005060384429363,-0.001588073169323044,0.08458715437264275,4.203636885432987,0.0
0,39.649864896667246,0.019502699834646475,12.0208565200855,0.0004773331116707367,0.17791701452018244,2.81088227317384,0.0
0,39.49106095323258,0.017387039791003794,12.027766736201967,0.002110617159084489,0.3355051351931236,2.8140328554093914,0.0
0,40.29640262512735,0.02104248730862701,12.00104109199262,0.00109222857114726,0.16764241983668898,4.285434627061018,0.0
0,39.02300561663896,0.01707232827383161,11.941339642972274,0.00471784208606938,0.38632824496088697,2.389525795582996,0.0
0,38.3500769045638,0.017486320764783014,11.91500593840784,-0.0028443160106072143,0.13866532647341223,2.616176501580329,0.0
0,40.63959112567331,0.0191553024044137,12.139546345874658,-0.0021059539520413267,0.14510556504923944,1.5782805685579726,0.0
0,40.64989474769121,0.02092699097381564,11.999592655444927,-0.002533399332302628,0.3310083318839018,3.9185620280074134,0.0
0,39.268408287467125,0.023306539232386576,12.022713872977477,0.0031754921441201514,0.3222066673337432,2.176829523276007,0.0
0,40.00355664791424,0.018284207158800348,11.867179010467398,-0.0004233088554147212,0.34692067163443363,4.40915041675457,0.0
0,40.56189639008332,0.018650266400388228,12.028346354179229,0.0032088061365997014,0.03522132477689177,4.548413727245285,0.0
0,39.405694194434666,0.021494407255800513,11.968394422404165,-0.0008397815790502951,0.12487188241504771,2.869334567227127,0.0
0,38.24893221165585,0.019378718229115962,12.064223506139475,0.0038185323265548183,0.29186456639354796,2.3650572278741477,0.0
0,40.770666684126134,0.02067248089512349,12.027270590435913,0.0032324793803948254,0.13630099961054587,1.0062202076975528,0.0
0,41.023507611456985,0.019191697360062723,11.920833646666413,0.007526892515588451,0.059283000837087096,2.1401391229484465,0.0
0,40.3829258782643,0.015497798407075812,11.98040253812092,-0.0002531799169256637,0.33814270151637266,4.253708035455085,0.0
0,40.82141982584027,0.019312559678383967,11.853200904037319,0.0014568406311289634,0.1987635504269059,1.6122955287257414,0.0
0,38.88371458732588,0.0215849358262364,12.159607500267855,-0.0013320276836984238,0.10802316599113776,2.1845050119985934,0.0
0,41.66861081796467,0.017263951872764836,12.163070797786252,0.0018240240172164512,0.1705114052663212,2.383892378196308,0.0
0,38.24785514953072,0.017793247971500215,11.855889252723232,0.004454189797911287,0.45114642284124373,3.2759345749314486,0.0
0,37.9293858384501,0.021667972288688036,11.784630202068017,0.001187255386888645,0.3926623118365358,1.5769868885349347,0.0
0,40.01945602588489,0.01832007930867422,11.89452610009641,0.0012889457827383259,0.18949811806614208,1.5149999185871446,0.0
0,39.63188526007441,0.018597832631529723,11.965076941415,8.160453665547109e-05,0.4780203466248902,2.688859763971936,0.0
0,41.39873889070943,0.021520591884005152,11.93270905898694,0.0006706028387716179,0.23473118052879083,4.717512914813186,0.0
0,39.08011777803726,0.018487880950121514,11.93515454339963,-0.0002550081460121761,0.20364713409913304,4.712649744874906,0.0
0,39.71169875356762,0.020673120239590552,12.050339038491577,-0.0017487152240166413,0.045929733604046896,4.026675620875218,0.0
0,41.5725361913553,0.023848348495952736,12.09968008379895,-0.0022379045419505406,0.0430997632677636,1.99886012860919,0.0
0,37.85434859393058,0.020428551492352405,12.030327966413148,-0.0024033641662168778,0.001147712289129299,4.72279023292176,0.0
0,38.75988431484703,0.02103042931706076,12.02781872654832,-0.008807360115877306,0.10828621154739054,3.6315266444955907,0.0
0,39.759130420504995,0.019134558433106935,12.099106028429313,-0.0039029938170737745,0.2548284210480525,1.8706038213701017,0.0
0,39.35388647469265,0.022600231671817492,11.87482803150842,-0.002204147407278819,0.019062381540876194,3.1647936636149576,0.0
0,40.40886815572534,0.02298693262802302,12.148171843600752,-0.005195509153785068,0.4035826680028922,1.6009234978160745,0.0
0,39.95715698988207,0.0219768271556486,12.113284265527433,-0.007361179813409639,0.19786955527140693,3.236212537978699,0.0
0,37.375702397321334,0.01537624244464009,11.961712479673674,0.007883292170182084,0.15791499594149405,3.5645099993112916,0.0
0,39.30825680354123,0.02246119583427699,11.849756761263668,1.586212851363967e-05,0.22290193754914678,1.8925704305846063,0.0
0,37.65104617877459,0.021267701507889532,12.028087062087089,-0.0025359666471249406,0.3659400290925188,1.6942582750307942,0.0
0,38.990510904797745,0.020942517734886434,12.129853861465998,0.004297622506836061,0.12707496388551898,2.5298666624035238,0.0
0,40.811291856611234,0.018724521375161007,11.961488816392949,-0.004454396072337606,0.16100388098659402,3.337521041330775,0.0
0,39.45553205171386,0.020249740095483183,12.061328655254671,0.00948260081227304,0.12141496888531295,1.2661801831108046,0.0
0,38.933397818077594,0.023617657905917543,11.962114447479763,0.006949104633979641,0.24566920992191238,3.8647820372875397,0.0
0,39.37134730159834,0.018454165228253785,12.061604341973984,-0.0018748033335943203,0.17371219426212842,4.727894603231059,0.0
0,40.48843675679328,0.0209153355962638,11.974596035270471,-1.9985326032459337e-05,0.06160955106438015,1.0462709824411842,0.0
0,41.79820926929441,0.019682606193383637,11.895541277249094,-0.002041063491574006,0.19485026311216652,2.4863321604212962,0.0
0,38.388071901661874,0.02163711716302449,12.129592913077934,-0.009463151675717419,0.04261199536370408,2.105350122060203,0.0
0,40.619473562582534,0.02228875258960797,12.039304386211947,-0.0003536929073816108,0.08322545222255312,2.0337478795439123,0.0
0,40.19242057718262,0.02132300933360637,12.023911284970648,-0.004338917552932509,0.15081369692609992,4.92960693653925,0.0
0,39.40060237072307,0.018181855694963577,11.884409322693397,-0.00529749990208491,0.3021789594836964,4.796651791368545,0.0
0,38.58089028284369,0.01910621047079783,11.862709045472766,0.002921839921173577,0.038484580757977005,3.8239722010716046,0.0
0,39.6935213910321,0.01690820384239798,12.012038574336886,0.0012430504204351354,0.11842512734317256,1.7347442470923462,0.0
0,40.2141036601368,0.0181960628052905,12.1624661762476,0.001595067350696748,0.09916692761234963,3.6390731959547793,0.0
0,39.21147954113533,0.018219821791585707,12.13120460330802,0.004850395171004386,0.14947039049788452,4.4415923464930875,0.0
0,40.18176415401931,0.02141930546219204,12.155985637787913,-0.005289687749748549,0.32842079856012996,2.61379243818974,0.0
0,39.6913720331424,0.022039682649500215,12.023593031189527,0.0008185454993214906,0.2877338063977313,2.964478841153123,0.0
0,40.66237764187515,0.023185336348019323,11.82887146689384,-0.01074590374628735,0.06475385824434754,2.0554116099113835,0.0
0,40.715930350478786,0.022524927044123746,12.067174838877284,0.0020829732876045818,0.3263020111014288,2.237872933271105,0.0
0,39.66765610776659,0.017338747120601905,12.06017891258418,0.002101504537598047,0.3412376491555642,2.2352747793527588,0.0
0,40.483223728255396,0.01945028413052442,11.883819295581544,0.0022181532646046555,0.45590737059119735,4.5884174593092535,0.0
0,40.45037357782156,0.018696577298642516,12.027285872880537,0.002514019348110166,0.3922779041287376,3.0479925047420413,0.0
0,40.63568216408878,0.019853714248760437,11.865441977928898,0.006171536280273971,0.4034238739510356,3.1054419478525266,0.0
0,39.84734354073345,0.020353209636596023,12.094184139961381,0.006879756599467693,0.12600470825204108,2.0916301577654783,0.0
0,40.24897744277791,0.019901972030503097,12.016890245637239,-0.005324952411549482,0.15376831568413118,3.2838837131297334,0.0
0,41.938888671670654,0.020834250277349833,12.09163210743918,-0.004227272843495419,0.2707855497269574,4.317993294817022,0.0
0,38.79570623931042,0.020581809655176447,11.83706010410426,-0.006797805199728,0.37087043468317277,1.1366332842388025,0.0
0,39.463292777020015,0.018244342878094833,12.010402109641156,-0.0037644046772854346,0.35743519931631196,2.6881546518608292,0.0
0,41.719897187172634,0.022987678547608137,11.884203864691846,0.004330070950758722,0.2774427485831424,1.4716849971821149,0.0
0,40.424895087438195,0.01922729302931351,11.965069961770777,0.00024139191975083502,0.27955874539439285,2.304316794330169,0.0
0,38.53141607139481,0.019408111873847562,11.956642335454019,-0.0014883665478986777,0.4754920069922762,2.2655818198603077,0.0
0,40.328660848590054,0.017292197821046927,11.900714634252333,-0.001698295028265777,0.16511155004410688,1.0555707769515341,0.0
0,40.664056056579334,0.02307321002354928,11.964214957848064,0.0071669276290777404,0.16268099242790013,4.161168462363958,0.0
0,38.962882057043934,0.017007243548300563,11.94389824141245,-0.006090687477649435,0.4690083979226297,4.26232255024553,0.0
0,39.69652890785894,0.023085727527142202,12.124454962191164,0.0038114100146687565,0.22006036439168147,1.3326076334403938,0.0
0,38.65964792924735,0.018564429447624032,12.042926238106602,0.0011333539723402317,0.31913398000609977,2.1763393895166687,0.0
0,38.7067290175932,0.019300877257244293,11.972464161858655,-0.005065862535570956,0.19714615841057848,1.8255784324394275,0.0
0,40.96462697980497,0.01816117321377329,11.917354298953315,4.016133072591635e-05,0.4595903874135974,1.1986681141988584,0.0
0,40.3697172424682,0.019484974725009468,12.071673882894203,0.009885138735792132,0.08008200082709621,3.6589180515258626,0.0
0,39.02070697297224,0.020113666236830516,11.989549304625577,0.0035590953307785677,0.26784698845057464,4.12291648993876,0.0
0,40.7595931434466,0.017721683315734846,12.030444980229982,0.0008794934027096041,0.1345619374338613,3.1330443340725553,0.0
0,38.9774621727194,0.021986702550309573,12.037088266989047,0.008348159836292713,0.11130085829389852,2.2864991388515707,0.0
0,40.9728918685816,0.01952438185380876,11.94822398357879,-0.005983022967776324,0.28454783111675697,1.754642787105292,0.0
0,41.10678905406834,0.019268587629896285,11.872039857254446,-0.002850936521669763,0.09346711853442591,4.409964628580315,0.0
0,39.58168905592315,0.01838406539271793,12.046440509393134,0.003081195557084583,0.021326946799744895,2.141925633106263,0.0
0,40.077956094358356,0.021825975270575955,11.957540727591436,0.003973412535405528,0.2974608284342766,3.3571567204229584,0.0
0,39.29489112674668,0.014804273522502668,12.03967042789506,0.0002338698271842208,0.0793140921816678,1.46164146071186,0.0
0,41.15352623250461,0.020012477814872073,12.117860902054616,0.006732942157710968,0.03804592164005083,4.540390085547417,0.0
0,39.40855474489384,0.01973303187750621,11.74499998348505,-0.0012158000574719649,0.4766329243566476,1.4265866486672594,0.0
0,40.73782712869066,0.014666209361204326,11.952251110078175,0.0012299600667169362,0.03957181784703967,1.129205619586589,0.0
0,40.871866575427845,0.0212823708609898,11.975757388834703,0.0013225434925825384,0.26494985227496,2.91404624392853,0.0
0,38.20172799657117,0.02170834489444313,11.905876168666467,-0.0008104106920043743,0.17077208161980206,2.163330350760277,0.0
0,39.90052163517138,0.017198770847080644,12.06621044860476,0.007803388779339467,0.24947198355328037,1.3336542306686776,0.0
0,40.006273708691076,0.019419462231035425,12.051094279374732,3.1621167003693947e-06,0.4405947120807414,4.360219038611339,0.0
0,39.68244593166609,0.020603009697625053,12.04015291442259,0.001200718697897023,0.44683200720691674,4.585787250371313,0.0
0,38.87713398738128,0.018161780188430687,12.008687414798311,0.01452850194772813,0.21980480027663796,4.89774086009135,0.0
0,37.91308549586147,0.020789559824858223,11.993636030660651,-0.0013617980986919504,0.35696233451209397,2.249831364978059,0.0
0,41.299925046576696,0.018206543863832948,11.978190481464422,-0.007642049717360935,0.2532382290265151,4.9665195407135485,0.0
0,39.71304623362865,0.02095395566517395,12.051209966814229,-0.00616304240706431,0.35357975715270007,1.4809795589218884,0.0
0,37.803083603650336,0.019730714066256403,12.267575773146117,0.00850969223380743,0.4086527130844117,3.192337189415735,0.0
0,39.70808785081547,0.02068394502656967,11.789942784556192,0.004081691329701058,0.07060402592947124,1.9560755919316577,0.0
0,39.56456188558208,0.017825461825412562,11.901595915161336,-0.0014937478837695928,0.4441984081391611,3.078038267415264,0.0
0,40.61487115239546,0.021959127700951535,11.955019353960497,0.005807192659136399,0.43355741190182473,1.0854158919129393,0.0
0,38.62899591533156,0.019340228067851354,12.008800879410355,-0.0011678602993112493,0.027268689376405808,4.718007471738961,0.0
0,40.16224636001547,0.015966995524472945,12.051057947438363,0.0037681321412537058,0.09835440831759923,4.9349286861345565,0.0
0,40.4419348780742,0.021207682773089657,12.206949438278379,-0.004821918687622876,0.4129057839049928,1.1888077218218709,0.0
0,40.03156145001778,0.017913280092404962,12.019961699807233,0.012040860887133022,0.011977918708567736,2.47711139177397,0.0
0,38.70849558931055,0.022709177159305986,11.967301076454993,0.005332421615224663,0.02674349838724399,1.0702656781031208,0.0
0,39.19348618983061,0.020952396376113888,12.13127807906275,0.0016943078692350886,0.043588802163652074,3.0227432141470394,0.0
0,41.29558485562882,0.023091860451066287,12.142925271080902,-0.0011028404875166207,0.28040314891000073,3.902423702325733,0.0
0,39.56782063766168,0.018405477781088496,11.988187148060494,0.007479398742791195,0.30960744044924443,2.983658338973362,0.0
0,41.76598921143524,0.01915986639480238,11.972271372029612,-0.0005121627260872626,0.2961379781971138,4.411784869839051,0.0
0,40.20323936266545,0.020646601882221345,12.077094512102287,-0.0018269003016389482,0.15753993962224638,4.789038315556983,0.0
0,40.67413145220609,0.018818097364255357,11.976661116168021,0.003296945921685455,0.1653642465966838,3.0917196105868037,0.0
0,39.385997967965764,0.017705255357885984,12.025795477036379,-0.0032726763382628365,0.22007257332522995,1.7366777131459519,0.0
0,40.641471558621475,0.019646542200014567,12.173106958392228,0.004109797205765734,0.1653200798492384,3.6233488360679087,0.0
0,40.506385366941515,0.020272793532337175,11.878312681196626,0.008782362770691833,0.24437043957851495,4.760967679965731,0.0
0,39.71890554986276,0.02033769265449657,12.133388190142835,0.00501514669372493,0.41812930395159575,1.8554705762388628,0.0
0,39.449784579462964,0.020906869611753878,11.923577075706998,0.0011270620661554605,0.11764382962223224,1.5951861467285973,0.0
0,41.64446036162048,0.01992255448343602,11.935919781507758,-0.0022938986268320654,0.019347647688029934,3.5509446408776286,0.0
0,41.786586426334,0.0208622197888231,11.920653236111919,0.0007126287193718149,0.3204702892461889,1.3278177389958654,0.0
0,39.29987708785755,0.02105694293533033,11.973258815271972,0.0062309976673254434,0.4472834370223586,4.868619059654505,0.0
0,40.940048655688386,0.019453573932759687,11.829124949703578,0.0038916373012413824,0.3717535978219671,3.4350865716805283,0.0
0,40.55051826579832,0.0201827573128556,11.96170937241026,0.0012668846011474441,0.4983182754489347,4.990903557047739,0.0
0,39.909920126893624,0.02311298198015259,11.809847365683527,-0.0041455336007071835,0.2774601928711423,3.803468236301229,0.0
0,40.55675480529712,0.019462032701047172,12.115619459723629,-0.00344769443206892,0.04701807965606952,1.5535116034062573,0.0
0,39.80099694390897,0.02133312057828668,12.209762597123486,0.007867780345474681,0.3061114115104769,1.7815913084034567,0.0
0,41.32192621347049,0.01860581337742184,11.790742108769965,0.008436710062570461,0.25582639801578777,4.262263846147123,0.0
0,41.63176507787326,0.020583904638886565,12.168996329451874,0.004178741825831734,0.4417026034760626,1.577315414719184,0.0
0,39.53671034101185,0.01914614035923422,12.189895633021681,-1.1891439556307971e-05,0.3900415138057991,4.481559929995022,0.0
0,40.821641491224874,0.017284561735727604,11.899213002873715,-0.0044748830077630695,0.4340291977195574,3.0497391115786825,0.0
0,39.157364811523884,0.0158893408407271,11.946837154825237,0.001957691689981284,0.16623084292587287,2.342169603870975,0.0
0,41.540335913472035,0.01614351103865232,12.179878984710033,0.0018545889252668494,0.24996754305771862,1.9810628368570464,0.0
0,41.58127351174711,0.01870137890247126,12.19096839777396,-0.000554035399169228,0.41288114558896893,2.736472798472537,0.0
0,40.21085623171542,0.02092209548705809,11.910259337839783,-0.010170200352725754,0.37893370676283916,4.047848686911966,0.0
0,39.62811927332136,0.0183315305198853,11.961970856907776,-0.007454730908611833,0.1065397453554689,2.0261750222439523,0.0
0,41.891372319028996,0.01879360237748136,11.910635445185527,0.004041580519067662,0.13501448886858486,4.318501358352836,0.0
0,39.561623072553445,0.020504246199346158,12.11019561061406,-0.009042467690004408,0.12564321102708043,4.655297312322917,0.0
0,39.16319515425725,0.020881534950826605,11.98923489516625,-0.0022180386004599295,0.4870275148916463,1.762937013316368,0.0
0,41.39727657674157,0.019957561712905247,12.03403041495424,-0.002144229055451875,0.3333785439322201,3.5045625812125296,0.0
0,40.7000359644831,0.021054766641369706,12.041364041113228,-0.00028042408893516797,0.34111270185063847,1.413688099397422,0.0
0,38.324174902669014,0.0198997771464417,12.16506464697552,0.001792874817791523,0.2845397055806685,1.7081062910304445,0.0
0,39.52026413768314,0.02210920475850288,12.077532826429776,-0.006279470993248872,0.1980177981303678,2.269713410712639,0.0
0,38.48522471292156,0.019782611534075074,11.78305109545227,0.0003260323313874508,0.08080275488614608,3.6241681580394767,0.0
0,39.151979908323156,0.01715246046971238,11.844347023172583,0.0019492370616940858,0.24727287781097346,2.379963424490059,0.0
0,40.703771772147,0.019298230103113788,12.12722436621422,-0.004255944814817715,0.2759006991936759,4.000524472646273,0.0
0,40.53011340592726,0.020739324779036703,12.084248721569136,-0.0011431694870564855,0.17155981050318436,1.1705345110800431,0.0
0,40.84102076758275,0.021825850449651574,12.015213545074726,-0.002359068175143729,0.10944202803461955,2.331342795079958,0.0
0,40.07196228290786,0.021427696216693395,12.063518107030909,0.003679490495415835,0.20591034700072708,4.450600753429192,0.0
0,39.99197703676225,0.025173388379095003,12.022218480101293,0.002773521375639094,0.4132863984359412,1.6643274997986426,0.0
0,39.735466940245495,0.020344915681084055,12.029304371616018,-0.0022141076640996215,0.15715919349838292,4.6254226051675005,0.0
0,41.11418413810587,0.02174880485768862,12.127862564205431,-0.0005287797944014195,0.48320813342692404,4.816922507327907,0.0
0,39.178265906603585,0.018455192426440257,12.111425681186633,-0.00413220268784535,0.2038455625039613,1.9592038981680218,0.0
0,40.03898181684539,0.02054932508474508,11.847915861171156,0.0014751864163956153,0.30894563819977455,3.1864323324955968,0.0
0,38.86374222567237,0.01814326780002093,12.053968667782232,-0.007534162113049644,0.04042844049729499,1.3368613130470859,0.0
0,39.145830685341366,0.020272112072762517,12.03758937687808,0.002227754867220877,0.45436982733332537,3.411895050315185,0.0
0,40.38193617743427,0.018057734982487764,12.097743947016408,-0.004465362672848514,0.13119752327298378,2.227015357129337,0.0
0,38.741729915554906,0.0201467297002912,12.045632878515407,-0.003844913322548267,0.422019758032558,4.942984164939663,0.0
0,39.897727103048254,0.022862267668909683,11.805703135353257,-1.5506415780039897e-05,0.44586625511699135,1.8599350085351856,0.0
0,40.448864435022784,0.017590691911624677,11.904244096477381,0.0007521634159333278,0.20633853878801056,1.3972736643140355,0.0
0,40.08638926235755,0.01971304482131125,12.009827173436927,0.004019531107142845,0.420149584931983,3.3813802524118093,0.0
0,39.815517042680604,0.021023831778631437,12.1072355180802,-0.0028427585666339224,0.2350048207340137,4.390992876381347,0.0
0,40.526664178391364,0.020843322700505672,12.017179100253095,-0.004086052726005127,0.4911158409725958,4.929292213756813,0.0
0,41.120696286323515,0.017507164164426076,11.98535951037587,-0.0011535330453265515,0.41944753451471983,4.832103430182251,0.0
0,39.61802627505876,0.016427029459174597,12.083793483314663,0.0009050692704676848,0.20829393181648564,2.552870565912503,0.0
0,41.32585634013375,0.020590720367475446,12.089127915483799,0.0034425275731101153,0.1037710961319479,4.385479490674257,0.0
0,38.84389260199728,0.0216673742468259,11.98428616542587,0.0030915132546636206,0.3703941967688674,2.838705423472759,0.0
0,39.735500824291094,0.019155383112154374,11.946815565548315,-0.009962113949418946,0.1950913730754566,1.0485502256636723,0.0
0,39.56072843997953,0.01922198310249181,11.95818689199347,0.0009313433985323223,0.3418960837130816,2.870940355712422,0.0
0,41.10796167304408,0.01975141334506965,12.060893730333751,-0.0019887765738819856,0.4441350607849717,4.029400170343365,0.0
0,40.09117082584429,0.021441200219951273,11.944627223622634,-0.0034787901214379897,0.3717669513569569,1.9867643544512088,0.0
0,39.75194854310852,0.02036847737928667,11.925490437264736,-0.004777740172617758,0.23234055956724825,4.164779181795463,0.0
0,39.55536466692278,0.015060387513719634,12.028988951203885,0.0019856960479269813,0.3178589567906982,4.069467732107945,0.0
0,38.89941768643001,0.016337116919993695,12.014634612322396,-0.005074757586327943,0.2799034860913102,2.5262906660005973,0.0
0,38.671613591126814,0.019794544803446962,12.158462855281558,-0.004821453882229417,0.03979222084073869,4.936730260705408,0.0
0,39.43957295520957,0.01940051725092505,12.115392485137328,-0.005668553649668149,0.48205217423782376,1.0981549145947866,0.0
0,39.89485772374523,0.01898754896192676,11.91889605696895,-0.002494343654753927,0.03940731930060126,3.7006642387100683,0.0
0,38.93613568677197,0.02130430942085712,11.806084153060644,0.009827940042568543,0.03466847691908537,1.4669638182234923,0.0
0,39.2632619895502,0.020902892887361135,12.080977247380142,-0.005865947271536204,0.23245448563237575,2.136203436230963,0.0
0,40.901309205974094,0.020590328260070657,11.965597313548436,-0.0023219343615804382,0.26888542728638803,1.6949354436277586,0.0
0,39.96983492706819,0.016947432911624108,12.009315056132536,0.006482620006378543,0.08997297512140617,4.716644903642054,0.0
0,39.27858092985434,0.021946771314227745,12.042056800483591,-0.00048604066899086995,0.14571380214498397,1.0876265234424642,0.0
0,39.39531094708175,0.018649465653643862,12.042758638135119,-0.007236872308363804,0.3014247243038224,1.0206051789386081,0.0
0,40.77611926186734,0.022298543021515793,12.002254174603907,-0.0025396411636986246,0.44087609343076356,2.8946962718263856,0.0
0,38.248861641552935,0.018759644427914373,11.98278083021569,-0.010506509011414058,0.26040441894418975,2.16201563657796,0.0
0,41.57232167459896,0.01738686473378236,11.906779081112777,0.002595050907268796,0.4133395548685386,4.501156190851862,0.0
0,40.37451086537797,0.01883709642274656,11.947113732687763,-0.008168835448170549,0.10733888630387062,4.169962155869808,0.0
0,39.07325459944695,0.018160454112073017,12.020612241736846,0.0007053675315988446,0.1149022378041813,3.3166085191412424,0.0
0,40.79180157782075,0.020130405840076443,12.163745183275688,-0.005802991760172062,0.08796718877344978,4.200716761342295,0.0
0,38.1111596195277,0.021382549027997442,11.927831549017643,0.0016209237767196094,0.4476577597932207,1.6747117069571833,0.0
0,40.49634409788141,0.020270445634328428,11.83790213059393,0.002481056344446486,0.20855217503600376,1.2337341778700908,0.0
0,40.557183503236935,0.021446285344584568,12.205987164836975,0.0008174919130741764,0.4008297004835613,1.3095802333658861,0.0
0,39.06593967151222,0.02090844863785571,12.09515610019559,0.0010622114607001746,0.4004836277707693,3.15970588198345,0.0
0,41.45504926219345,0.01880294269016781,12.012172868885765,0.00693103277957318,0.1728647047644199,4.967358328424737,0.0
0,40.48469273897771,0.012789427062521688,12.066812841738496,-0.003991955664537169,0.3011637114811922,4.836124271593334,0.0
0,40.88951269417749,0.020265194950879264,12.293435443603752,-0.006875001120127287,0.015527286914808813,1.9474549224678794,0.0
0,39.13710254299343,0.018311601934473926,12.030014618383879,-0.0013321478867831021,0.27652779924902743,2.7783455478207064,0.0
0,38.039273003654976,0.022978852867183316,11.928257281971145,-0.0005611817561149691,0.2692490752170469,3.6567997596598123,0.0
0,41.19294616377768,0.020878977837519595,11.998121646265108,-0.0012531546012008812,0.03581141809336641,3.800630822145527,0.0
0,39.403763161455075,0.023864617841672185,12.103587939493812,0.00017265577680847257,0.3034317620801812,1.6064456649308467,0.0
0,40.75546904825627,0.02086677660588517,11.884171335579907,0.0009686381214703635,0.466409977893316,1.9682789857370189,0.0
0,40.265938558441576,0.017389669785261644,11.853879194932148,-0.0015263775670828165,0.4197934649829418,4.02669145708663,0.0
0,40.80429580978284,0.020861372871656552,12.03413916113456,0.004183086236360146,0.06743933552512599,3.772018630132113,0.0
0,38.91753693762018,0.02196408163097351,12.093062392160538,0.0011194282581576808,0.06562731880511774,2.9938767646239652,0.0
0,39.76658833096654,0.019390419581832623,11.912388360469379,-0.0038841105751240813,0.4299603054611721,1.631143466877146,0.0
0,39.408857431915116,0.019973854599840194,11.846408353327798,-0.0046974994347020104,0.4128933109913849,4.3821401441441665,0.0
0,41.08711742573337,0.019537507846258864,12.300209611080875,-0.0015611390118693087,0.46820473856622075,2.351350190223319,0.0
0,39.29675029448519,0.018874358976943176,12.087067369886656,-0.00022453388447752652,0.16541975907429735,4.9017279662842075,0.0
0,40.203861835201394,0.01628256569784063,12.039169820811102,0.0016524719269909237,0.16562893855776933,2.418719689542949,0.0
0,41.24686383835377,0.018769943120879685,12.054445098230916,0.01224953920368405,0.0962201647397396,3.5917911427734146,0.0
0,40.150908837472464,0.022754372365694095,11.956306774175642,0.006265214340773005,0.4745161489385762,4.401420840484924,0.0
0,40.67876333218488,0.01963773160105737,12.155001720477225,-0.0019829464848865213,0.241849092720946,3.0328332389148103,0.0
0,39.698611678842745,0.016161580303128854,12.040689526579191,0.0011981612687255,0.39562033935155605,2.9878993924149038,0.0
0,38.95239624028309,0.019546913066338243,11.899142433606052,-0.00616493321772682,0.34365889471393984,4.928885874976501,0.0
0,38.48218006109646,0.01916082662034523,11.871993549378242,-0.007589180302348376,0.2301392257805197,3.0842866157032462,0.0
0,38.59386646615917,0.01935805348096357,12.004388408642068,-0.002134278609663349,0.2125107948952331,4.161664841845194,0.0
0,39.888423737337305,0.015937385126788155,11.91253468007613,0.0028617418133403977,0.393858403773363,1.9570138968597237,0.0
0,39.56086508965448,0.020482834798072433,11.92968199437364,-0.0009909755254686335,0.32662630214848176,1.688715565507838,0.0
0,39.85463325153072,0.018245330071693426,11.954342811694337,0.0020636976606931362,0.02590895340886573,1.8545030421360527,0.0
0,40.01320608843622,0.017468709103547198,12.120872540648147,-0.00287086174866423,0.08791086232091955,3.5158431194381023,0.0
0,39.087324254031714,0.021258809459253666,11.833588515643564,-0.009404649185121957,0.05427741812241499,3.284796552856137,0.0
0,39.438127599360925,0.022178991342367615,12.010314685670268,-0.007833465296049785,0.14322555325518377,3.9013477417348508,0.0
0,39.171962079005986,0.02161251655814574,11.873170409580334,0.004099368512766039,0.4419308909573379,3.640133867953653,0.0
0,40.483497594929425,0.017952888504932873,11.972990766066681,-0.003205843757890781,0.28548524128022995,4.262510409142369,0.0
0,40.88276887703945,0.01895761140299549,11.829073385428671,0.0024908657743747506,0.3570076325389556,1.1038566538402295,0.0
0,41.19884023959603,0.022344215452485907,11.749879547796818,0.0023318663823095266,0.28243005885435135,4.405163022121607,0.0
0,40.832845887844435,0.019277677793089924,12.116705385668922,0.004776440370319784,0.450678576161634,3.904450742922249,0.0
0,40.29738173958396,0.01629473288733533,11.891310513422518,0.0037349411007402346,0.30951502626960087,4.552078421097424,0.0
0,40.9436978003888,0.018521932440090844,11.989807074383346,0.0037977880752774586,0.47437814555178676,3.4674310411886564,0.0
0,39.057178577605754,0.015640595125672556,12.008446540352494,0.010252052704148343,0.09038592371601417,4.37487499919,0.0
0,40.48170560488805,0.024715883401562527,12.02531171428335,-0.0006572473573003437,0.14947389702980318,3.2330587440947243,0.0
0,40.13188538521066,0.017796364581921197,11.983792220775184,-0.006465694528936102,0.3166429984618747,4.950392812221204,0.0
0,39.04237569234822,0.01997417786753835,11.921246126299344,0.002821193458874041,0.0024450646177383017,1.9835061528526916,0.0
0,41.12562573705053,0.01940610362073586,11.873361465592543,0.0022569044299959825,0.2272499332621164,2.3018979715726586,0.0
0,42.466348128935934,0.021954861985335285,11.96555762697395,0.003690843020812007,0.22680840622954596,3.8485760018553457,0.0
0,39.305864314646385,0.0191805704633239,11.955256644319707,0.004045381870167826,0.09358107983392616,1.9179033378744355,0.0
0,39.65950241605395,0.017053242171266202,11.914742455693993,0.003495968980001003,0.02344080450419095,1.7579562606566306,0.0
0,39.36022203565507,0.019117564723547864,12.003151927927627,-0.007988147954718073,0.22599766231403612,2.8256961313079083,0.0
0,40.577935516874746,0.021973455162983366,12.148273340280547,0.008768190599907355,0.029085085506181718,3.209132860265851,0.0
0,39.476938676635605,0.022048888892973604,12.065349665217592,0.007057178112443798,0.479049089673358,4.95049105398484,0.0
0,41.02893383301172,0.020303666239541607,12.136277310663125,0.005921921552874856,0.4406249473802393,3.1456440845085276,0.0
0,38.56804319788577,0.023126811768891833,11.843663573488469,0.004277152339039881,0.1123799855905454,4.263343763050878,0.0
0,40.16265526642599,0.020983199943717046,12.126200892065405,-0.0028681049371545374,0.4205203454233591,3.0549250273364286,0.0
0,38.89697884451294,0.01992214645373594,12.010623854399913,0.0010269711563230366,0.4583416886223053,4.877304707988937,0.0
0,40.433781911374645,0.01753858974902775,12.058687990582843,0.005508782191424591,0.4329875023327255,2.5635673184807315,0.0
0,40.489213321307616,0.01914758500940392,11.939520678378443,0.006817966422664217,0.337426152914802,2.085719370324918,0.0
0,39.19003457172645,0.018949831742127037,11.947356699449896,-0.0029521095153805603,0.26307889652448446,1.7365966078525612,0.0
0,41.0338428341862,0.02087374261808166,12.043278482281382,0.0012522078341422732,0.2023632971628314,2.674099159606373,0.0
0,39.265018210272274,0.017371934732905263,12.13832024583005,3.343418893539409e-05,0.12820858097388366,4.493365717036368,0.0
0,40.08860728809077,0.01995103517955384,12.05158241111551,0.002074258844480543,0.22523489895798815,2.7714745475934275,0.0
0,39.36459530680564,0.01946109881126249,12.024090908134228,0.00055381898645513,0.12308517223200921,4.4369923835726635,0.0
0,39.80706796101307,0.02621054436434907,11.933077554560617,-0.006119114634230988,0.23954787526136828,1.3547562335395176,0.0
0,38.70055024252237,0.01937545542548866,11.870137693347905,-0.0016852451035140321,0.2303283818658654,4.412704556664433,0.0
0,40.56900069160577,0.018903531955199865,11.97581257732655,-0.0008195133056495069,0.2994026021444779,4.61630741579525,0.0
0,39.47881597478667,0.016165320287979193,11.950360792080277,0.0065554193741902776,0.08918550159980743,1.1738721653634414,0.0
0,42.11308822997839,0.01950396688266244,12.074611862774333,-0.0051776364527902205,0.26616478343911093,3.9935414785455943,0.0
0,40.79049217724394,0.020469872757815952,12.047765716704129,-0.0027992582955092818,0.07305071218789005,3.3529029279815097,0.0
0,38.313547937406135,0.021537208127882318,11.775400124749915,-0.005517488175364867,0.37341711204981576,4.804535275232951,0.0
0,41.1500132300906,0.02084842596094498,11.864786042066576,-0.0020031195001084974,0.4619372538728448,2.213844429090379,0.0
0,40.17424667118049,0.021716115104020696,12.206268244278522,-0.00940591183941364,0.3350948860160096,4.260176460523386,0.0
0,40.41122189950193,0.02015939105866697,11.93711884708822,-0.003143046758131495,0.23356170301537083,2.0620841694412126,0.0
0,40.55044807034948,0.021802898521961513,11.950302352098358,-0.0014504732258502858,0.4371970527685408,3.7673471487819175,0.0
0,38.879891805967034,0.02225568259723952,11.993263813387532,0.005494194475498005,0.30578917088490287,2.61938950024108,0.0
0,41.043275564755206,0.021434929709843648,11.863365864389273,-0.0009904314559156708,0.2491804508147375,2.3059476536919172,0.0
0,40.33095585650544,0.01711361480241756,11.968624935406313,-0.006615566850360311,0.4228306802799602,3.318599585698033,0.0
0,39.25372035614483,0.016514023807477927,12.177345743585741,0.0007523242368119572,0.4704412791256823,3.4721354157337485,0.0
0,38.444225999803955,0.021805440826119855,11.89977604133694,-0.0020114596559124014,0.12079252978655325,1.7999907312237275,0.0
0,39.91860428332734,0.020225181711884112,11.908900813898336,0.0034557605877569997,0.3881086414471981,1.9230782219294404,0.0
0,39.778958714006336,0.017364132497382088,12.069451545506649,-0.0017067070999904233,0.3676171244912312,4.549934924530669,0.0
0,38.58709085221196,0.023802356735645465,11.998751187104514,0.0027645129149102697,0.2562130066786239,3.54555346341779,0.0
0,38.856632577731915,0.019148024439995297,11.909610477183069,0.008635249010735783,0.03355971940102637,4.727899161002751,0.0
0,39.08406410568811,0.020796626995050166,11.82255926850434,0.004787594513763667,0.29937432811572356,2.0206414080425263,0.0
0,39.47614618739035,0.02066798022657344,12.06637658677974,-0.002051392008338621,0.4527719819534954,1.3620997005270379,0.0
0,40.16224989571674,0.019984561542080535,11.40818849023612,0.0048641329281687825,0.07123007982124113,2.598579321231689,0.0
0,41.759252696601834,0.019725972010144057,11.35249902568021,0.0031625977743752194,0.29747327917938876,2.0697538882992776,0.0
0,41.55769277966228,0.019614502732545322,11.47330449375209,0.002196375153941112,-0.07314843437997151,0.45695327438425426,1.0
0,41.31752058672564,0.019260501703899906,11.889522183726799,0.0022007903646204907,0.11791570134398915,0.33970084462585337,1.0
0,40.03566195533368,0.020837144038157458,12.588391076814805,0.0012757374705368032,-0.044680140842663446,3.875404359035464,1.0
0,40.50740870405547,0.02304328550660271,11.816946053542335,0.0024255944868406746,0.20384050809316714,2.5702136553841877,0.0
0,42.41352997058617,0.020510255519361354,11.87969328329112,-0.003343227211192637,0.10265732439391126,1.2852176892174318,0.0
0,39.86983023679498,0.02384831145939836,11.575277351039732,0.0002813182753034175,-0.0657966964803487,0.9191289542755838,0.0
0,37.035855242070106,0.017379453329603164,12.531587540452112,-0.007406979735662518,-0.08360133791010599,-0.2398083668685218,1.0
0,40.04473266326669,0.01993190538517342,11.506907437748046,0.0020206553956809608,0.16299228083726877,3.0640704102146565,1.0
0,40.962383682573126,0.022797487503826507,11.070654542763549,0.0020902539930065596,0.02795181705448707,3.301408947563723,0.0
0,40.65030678072498,0.02179872716154367,12.605340737530549,-0.005071237569455968,-0.10441837571611445,2.779314441474102,1.0
0,40.62849244125585,0.021679059633907483,11.702742348836296,0.009487220007419563,0.22436009539748933,2.2070894678655693,1.0
0,38.9144261070673,0.022313761240046488,12.588557650064343,-0.0015644303068308011,-0.2848488293588005,1.5850833574307521,1.0
0,40.82600675827278,0.02212481850949494,11.687222696655622,-0.006133127175791044,0.1854496555771057,3.30576480747591,1.0
0,39.918865818694314,0.021807404899068565,11.69094746665259,0.0041007145757943845,-0.0002495109433212628,0.26160296471221955,0.0
0,40.14649158240991,0.025805620581744574,11.790442554371774,0.009047980246404321,0.1358984725369176,0.8094684354116384,1.0
0,40.74171356024404,0.021530170043676616,12.503044107896255,0.0013874387776833261,0.054735385935152064,1.0947485253813212,0.0
0,40.19286240824682,0.02412636016390526,12.495785869925683,-0.0010879857076398023,0.1784810516801383,1.6410945875301275,0.0
0,40.42009550757301,0.022391572843207537,11.648864526545637,-0.0052547898155204395,-0.01967380338278904,2.053082094441414,0.0
0,40.014911740235455,0.022986922613454083,11.86599171814526,-0.0036636895983256164,-0.15019012723124409,2.054079789784518,0.0
0,39.70869773088638,0.02282034543481872,12.080325970635807,-0.0014598981434206402,-0.14365691704424483,3.0304478438197626,1.0
0,40.779599111553715,0.02150754363851748,12.443812527673133,-0.005584558689729067,-0.1287022016220692,0.8370319048694799,1.0
0,40.237384767817375,0.027929037033686387,12.27502286309862,0.005117473605037665,0.0227451424256348,0.44943459829794863,0.0
0,42.1220520032528,0.022905914196604118,12.333049427700745,-0.0012055644017556274,-0.05959331712048513,1.1433906451255256,1.0
0,41.52849975299921,0.024518709306559642,11.914132283192961,-0.004642323393579146,0.20635850886628193,2.846814016853944,1.0
0,41.561759067952764,0.02396858037334104,11.89608875133412,-0.0017783237563311083,-0.042819292901096095,2.6685258823765077,1.0
0,40.45874908478893,0.02361990073315665,11.914854347672701,0.004059443572253554,-0.11272823106345073,0.5910664497450736,1.0
0,39.428150604942445,0.024101124986215982,12.218194794628396,0.0029351871891420433,-0.2725850501175993,1.275255171159905,1.0
0,40.26954838889564,0.026632545805300504,12.488739059244546,0.003615567040393101,-0.07732403438994678,2.8569373011083536,1.0
0,40.55480070370792,0.021287974619384645,11.42508787907811,0.0014739116459169276,0.23513093976711025,2.50423580674994,1.0
0,42.34110851735057,0.02186775346903308,11.344032353892283,-0.0008687096980867009,0.02840300402072249,1.4981349894928147,0.0
0,40.666015995197874,0.023650012454714056,11.446893671447135,-0.0053553055981542565,0.11714653773034722,2.3438297278898608,0.0
0,41.588255245674425,0.0252985678352605,11.97899596805985,-0.007027135610142867,0.06697720687127823,3.0297307412077163,1.0
0,43.11336322503473,0.02627918964895063,11.308411276910205,-0.005921051606340665,0.0879136538338066,4.132314364633181,0.0
0,40.57443553848397,0.02504941231678299,12.136456158665473,0.0003130425722571905,-0.015131642630317715,2.125427070469545,1.0
0,40.08430810648796,0.024984246996911492,13.133843431391867,-0.004987850166674159,-0.2423833483619123,1.3198316286578406,1.0
0,40.46226723881477,0.02928278389961502,11.788348004079632,-0.008929851168226585,0.019338728956566076,4.025496281820279,0.0
0,44.24396293984547,0.026295402699519303,11.911770694210695,0.010492037774014642,0.17072449738561152,1.6768669421372762,1.0
0,42.15922442411766,0.020564253279675277,12.099647950363622,0.0035461148322933666,0.01201238942844321,1.009677997284903,1.0
0,41.48915930313158,0.026863578108393,11.866591764149168,0.005994025747874426,0.13515922655701187,3.6504806927788676,1.0
0,39.635795968288114,0.02254043664191669,11.534591835190644,0.008476954032754523,-0.11051056501761508,2.59852759684876,0.0
0,40.761087016946114,0.027908417145346223,12.34271411158041,0.001019948828672257,0.09772402245521411,3.4342399923559803,1.0
0,40.20928209205466,0.0249629329544436,11.344135770276736,5.4967952188457514e-05,0.015214010034389991,4.03321545691257,0.0
0,42.01285584179958,0.02645893077798091,12.165190685226124,-0.012219993747248784,0.05964741354022221,2.0142791427761426,0.0
0,41.26728174308637,0.024460980138094713,12.774230602391217,0.0026422744468923764,-0.1821967738960955,0.6567975806828057,1.0
0,40.31780129325425,0.027333119220991235,11.670917139782674,0.006761530146607091,0.04380530750511469,2.117989111874678,0.0
0,40.33401880622021,0.027164982866283664,11.992463829710278,0.007535988610289704,0.22535285760217158,3.7046289727857182,1.0
0,40.60468943773824,0.023101296996195887,11.233537875336959,0.002287109229035197,0.1918443404626558,2.586670848364088,0.0
0,40.82666535553836,0.027506705843657116,11.730276113952591,-0.0008611121683605441,0.20596114490196005,2.0662102694189803,0.0
0,42.328057530779276,0.027768074189920073,11.999854613537709,0.0023504204903351525,0.20323306974846386,0.7246841567410663,0.0
0,40.20490930443667,0.026826275304490055,11.835806519606034,0.0009413604740509613,-0.045190015845729875,1.6883363843691588,0.0
0,40.90242432594609,0.02630443895315391,11.322469834555,-0.0027992583456555756,0.2212053758200992,1.0191102244384032,0.0
0,42.81791930074078,0.02509485936237265,12.978980198992641,0.00156568992477141,0.3796521077452694,1.3470422761256908,0.0
0,40.072046688247134,0.02785472844751838,12.398558643651105,0.00228743247060577,0.045947816985050016,2.366584540689938,1.0
0,41.67068021358042,0.02745262813116603,12.000457477852345,-0.007817390633356971,0.26445900430232294,3.7385007056426587,1.0
0,41.02669872977656,0.02519622485017873,12.059656828095653,0.004758219374876208,0.2738538924126458,3.212233613264021,1.0
0,42.819665204058765,0.025121743448830634,11.916496041534927,-0.0004958062654520877,0.28721212169835064,1.326776971362428,0.0
0,40.39065724824353,0.027931616059267056,11.581163142343945,-0.004587499720184501,-0.03280859101360423,3.8429129689371857,1.0
0,41.69733526683439,0.03339842317534046,11.694757816839815,-0.007056555976717834,0.011232820731153947,0.5207932465144445,0.0
0,42.892440415547675,0.027377263076852797,12.157482730473397,0.00011571250414576237,0.1347311157526752,3.50474103255381,0.0
0,41.03641840332021,0.027569415754649728,12.109600946610055,0.0022518021507102882,0.2778843769100693,1.2872987658151902,0.0
0,42.01962144216519,0.026753952476438,13.142910748281409,-0.0014914656515971653,0.23940651875782573,3.276372499853793,0.0
0,40.2750468976223,0.02645579866914021,12.42620239444371,-0.0030310474449410053,0.0043483625995539565,1.5326506419301096,1.0
0,41.73596746239366,0.027496519412959754,12.20813831797085,0.0004630092325127919,0.013591217406384026,2.9914395620938876,1.0
0,42.2242760025848,0.0288468936956672,11.997797768787805,0.0010487476571646316,0.12829251379444548,3.710601772004838,1.0
0,42.25732024697506,0.027914203131106204,11.721053788871858,-0.0047296725852911245,0.2480241363493075,1.8146532213095385,1.0
0,41.88918456111552,0.030355010967737323,11.98621488246996,-0.0005258799413669218,0.12642773067883584,3.6905737124767763,0.0
0,43.094759020952026,0.027748935097805953,12.767160817719377,-0.0016972626936948454,-0.04165810092589191,3.370504554184998,0.0
0,41.83417633556995,0.02648462654427457,12.488520770444955,-0.004261473476210002,-0.021805889122407135,2.434666149656201,0.0
0,43.16771241716601,0.02657659199157269,11.013872384805723,-0.002950051161660398,0.26575990300981744,1.0010014692147284,1.0
0,40.32804245965747,0.03167657129541465,11.988304347740204,-0.000650073608691885,0.22657272307456222,1.9173755876823293,0.0
0,40.619326636823175,0.031147271510319527,11.62480317242846,0.003021861852781058,0.19340483453313728,0.38077512451867257,0.0
0,38.673897162459966,0.0293142106259242,11.940194138349531,-0.000475195200988594,-0.04175329520511356,1.2734698614430267,1.0
0,41.496738030612185,0.029321152518900565,12.310917515253951,-0.00830517632896016,-0.17075080090271835,3.5862148106784812,1.0
0,41.02603133814014,0.03147353645212634,12.427697893620616,-0.0009909385802972473,-0.035353024828468305,2.2298036128027405,1.0
0,42.07405232858933,0.03205895422135328,13.085819307124503,0.003492095018403481,-0.07792241137286174,2.884599202418967,1.0
0,41.78889276689717,0.026344084397901257,11.886000050597499,0.001760771771470394,-0.03535521589636664,3.9526195840212206,0.0
0,42.37154582774223,0.028888000629777692,11.89234898510146,-0.0011598721806697812,0.22100193055591946,2.5160616175690302,1.0
0,42.69590516182622,0.028417788323795413,11.962222173375276,0.004984782417226081,0.08806592668447856,0.7544503881694924,0.0
0,42.97967601436891,0.029295227293233715,11.876656874769353,-0.0003041543158534768,0.2342127608381398,0.7941210009362116,1.0
0,43.69872028578025,0.02736213473274094,12.663728459560836,0.005994282186123833,0.28147250929597983,3.624178475160953,1.0
0,43.21732449437126,0.033409084045244106,12.11826364561423,-0.011613694636772488,0.24083800490140828,0.8199431135825928,1.0
0,42.68914534389085,0.03349814804473402,12.135750854630057,0.011954389600592117,0.026693686599439603,0.8215893058301134,1.0
0,42.69320205942647,0.02810529155972554,11.400198668276904,0.0037019404481831593,0.27964935424467285,1.017340279825018,1.0
0,43.06624317982329,0.03276481172135924,12.990776475082047,-0.005496884111451612,0.16013214755464497,1.5014150894016955,0.0
0,41.6508948359203,0.02529170924363383,12.426608774373955,-0.002269507503086062,0.24075872084461045,0.5593116228856222,0.0
0,42.880558086622614,0.027027819148347967,10.62991084635558,-0.001387038167251075,0.004108418619532386,2.803821979534599,1.0
0,42.17032250552701,0.032048527946060584,12.222250081887639,0.005505179563806244,0.3424256770308015,4.21863089576307,1.0
0,43.2369943990693,0.0315279062987101,11.454593949958698,0.00430721463423758,0.047089650925158155,1.1712977161283373,0.0
0,41.6696993930698,0.033513307326780456,12.159947257572936,0.0034908041554726817,-0.15002672855794594,3.8185830891244357,1.0
0,44.50022787891236,0.03477325708708272,11.965518666575601,-0.00258089044531473,0.10523159812340802,2.9224669792686817,0.0
0,42.92002211531409,0.03020794567741665,12.615264724297433,-0.000671550550571478,0.37757678819724655,3.44582608632897,1.0
0,44.294586345523655,0.02839559564657606,12.640162054984696,0.01150537409405088,-0.01625336259807151,0.9665472209997042,1.0
0,41.14527290131878,0.0330104129226864,12.858642162718695,-0.006759242267320185,0.15805115982952656,3.635415808634802,0.0
0,41.21779829630215,0.029667297191646187,12.21583639188772,-0.007179890805690939,0.27870009792584616,3.11289453685431,1.0
0,42.21412094170189,0.035820523762095345,11.6643455806051,0.00013126450816310908,0.17169862819475112,3.4735481413386067,1.0
0,43.842530242207225,0.031207568271544014,12.008608741145801,-0.005353943673615492,0.34513048121920437,2.785768325608918,0.0
0,42.71534613885139,0.034539070280214974,12.096274875762132,-0.0037834387507470297,0.0766628648552548,3.749008874219525,1.0
0,41.142868719083985,0.033364816415222924,11.794155347843601,0.00011088460695686236,-0.045667269387725695,1.591644613174025,0.0
0,42.52383868540045,0.028190356036150284,12.57100572097638,-0.005061286152191615,0.05353404902176821,1.700038482843196,0.0
0,42.174869275424896,0.038311299548199014,12.146764106584861,0.0046511079083192295,0.2151127078075419,1.6181896499224302,1.0
0,40.165369655786265,0.03008430609061034,12.5094090567325,0.00658474119921819,0.2214434822605683,3.0794523151502093,0.0
0,42.66579105678176,0.03253250591287999,12.703571034897765,-0.015232829451025836,0.341259977139284,3.8795460278071303,0.0
0,45.33525542570228,0.030462008131752972,12.707166649935703,0.003446137137831895,0.5111544450113008,2.4338259231071366,0.0
0,42.90414982592889,0.032698214358405725,12.596654441135183,-0.0013973803172809087,0.1392489405422081,2.936827728523083,1.0
0,43.459312780926794,0.03213529122910684,11.974712482716397,0.0038192511902749196,0.15039700395597988,0.7680760790926604,1.0
0,42.237593077400405,0.037761740824788184,11.581946570962641,-0.0009407304990572521,0.3140215395373398,1.156279901672475,0.0
0,42.56042290655365,0.03413138536277283,12.668625923604806,0.0019288199382863048,0.18013252530906412,4.453181731599493,1.0
0,40.65228260698369,0.03352969285614778,11.341083573013096,-0.00321033040919527,0.05707689910648739,3.9858954456668876,1.0
0,41.27970243332551,0.03244331606754574,11.593802374536951,0.007500250779343329,0.06694071725227244,2.863450242661664,0.0
0,43.55010164694647,0.03642303818517105,12.188239625208722,-0.011079237211205665,0.39446989605579247,3.959133800019943,0.0
0,42.18762825172844,0.033231649621403174,11.081861533563432,-0.00927913677015958,0.3589245703422354,0.9930066533519193,1.0
0,44.08202031494228,0.03916436345947597,11.321671368884251,0.0018741841531531992,0.1881498241137883,4.589986794352386,0.0
0,42.96911269311041,0.03794971695620703,11.498107357170433,0.001738978149321726,0.107530588908896,2.41255729501903,0.0
0,43.51581841030054,0.03562811367153576,12.196804038151566,-0.00019623047277640755,-0.03667010929530773,4.29467514018736,0.0
0,42.89177533905668,0.031810224659372686,12.258151456369301,-0.010798596373206652,0.2777304093690569,0.8456482953879035,0.0
0,41.66368059237983,0.0390810028159854,12.4958432011867,0.00019087169124153613,-0.08472824996310505,2.9809347156017374,0.0
0,44.995419002375904,0.03441322767559678,11.69435421003749,0.00028222687409992466,0.3945363384638351,1.655582052608586,1.0
0,43.37276474262915,0.03636015818373381,12.141510723078534,-0.0011498582552080558,0.20732582211100398,2.0454456053821692,1.0
0,42.90718532787413,0.03628078017340934,12.619685976606462,0.0016156611005925347,0.12707235705350622,4.116896423600769,0.0
0,43.2457512392514,0.036104629257575106,12.944706806694988,0.00014471080378216693,0.1618006879077265,3.4213173498481217,1.0
0,45.15242060863425,0.0315258648858375,11.48929225759001,0.0005917057095952379,0.0168570906660393,4.9515836927469135,0.0
0,43.83279990946266,0.03372155952754499,12.503644012873295,0.005614659736381529,0.31877487704405544,1.1879494078996127,0.0
0,43.1195190256857,0.035638738631907044,11.857605473771786,-0.0013273006683097144,0.18175538640192795,2.2305720352682785,1.0
0,44.55108818022423,0.03587430275810875,11.773528467863747,0.0010782827543582179,0.2130849526396829,2.6772012033727783,0.0
0,43.070872722927284,0.03536156986755118,11.286680450859615,0.001954744385953254,0.009363287795515707,3.8600990843083496,1.0
0,43.62114666662252,0.03766328467269309,12.080881326804183,0.0031767180777812006,0.039638597407385054,1.6627404232206209,1.0
0,45.61791942789282,0.033858133659015535,12.179457883898456,-0.0022942233624042426,0.16488157820302612,3.922972334552478,1.0
0,43.11842170012638,0.03651716397623454,11.70725449655802,-0.002722138632373127,0.040403905958435876,1.550995252154875,1.0
0,44.79913418717927,0.03634892341998135,11.691857615591507,0.0006734104290916676,0.06572657357635517,4.568236201270798,1.0
0,42.37055385384402,0.03971179765198525,11.95341430199712,0.007633750053118637,-0.12344085992895673,1.2550781823617791,0.0
0,42.82852709665835,0.038064694785099634,11.40855508750375,0.0019810796469277915,0.15495884878891406,1.959054805900165,0.0
0,43.338542383297465,0.03679386811679948,11.926555770822501,0.001979205502143722,0.32192866174971796,1.1017295792840032,1.0
0,42.93197379435591,0.035469623475143625,11.985502187296285,-0.005779722044123526,0.1427409693962482,3.7815619108036493,0.0
0,43.50407314118067,0.03729372862000052,11.993711478044567,-0.0032250684483901312,0.07574758638497174,3.5919900518420147,1.0
0,44.17632894524415,0.03520683564594476,11.948892195619827,-0.005748914770357875,0.09403002671310495,3.0047770868139128,1.0
0,44.959453468611336,0.03669092696601607,12.130433807045174,0.0016046908163161473,0.32238687796328264,4.592991098966953,1.0
0,43.05985520753985,0.03916818756976351,11.942482671301804,-0.006553152928488978,0.4010687075225563,3.598246459947006,0.0
0,42.815621547755214,0.03672697136391738,11.77198575475873,-0.00015510050414458911,-0.00040374254536745813,2.599024572114145,1.0
0,41.93852126364895,0.03817531263205333,12.15780345312861,-0.0013088053725736736,-0.01417581386952288,0.8720740522004657,1.0
0,44.77166963044929,0.03535475804388835,12.027067084480612,0.0038026127451041675,0.11142481234494225,1.9623395678706728,0.0
0,43.06448094894374,0.03811553078940301,11.494505530646878,0.0032381176116346305,0.17288880811070115,2.554985292951784,0.0
0,46.14337589724458,0.03589675234070834,12.20804887527005,0.0005870797024732786,0.09436465156641666,1.9253124823795285,0.0
0,44.54825367313061,0.03919361680460789,11.94366495378183,0.0039946502328101945,0.15231605800016096,1.7304933431081528,1.0
0,43.63517848810118,0.03753202202539457,11.933526416500628,-0.0052630891708252475,0.024116476248533886,1.1587014909900262,0.0
0,42.632688214259616,0.038439655615136514,12.523486851007723,0.0014258022508438725,0.11374338613361772,2.2865598366467816,0.0
0,43.683156104965896,0.03873953004909336,12.25333623299738,0.000952893508389092,-0.011548221836281944,3.0373998700490805,0.0
0,42.596256174513165,0.036524162248435944,12.672362745366287,-0.008252018478418624,-0.04493483266336856,0.9583851608640499,0.0
0,44.04117618688761,0.038287574669083085,12.160215290581695,-0.0031541199038592296,0.21840194443173103,2.844332230673987,1.0
0,43.17496871564145,0.039209717640748834,12.132463264094586,0.0036294343703726834,0.14848552568814036,1.5344799089711927,0.0
0,40.89833326086485,0.03731620642293405,11.697216134186721,-0.00740740223285731,-0.13119677589580936,3.099059780260601,1.0
0,42.332465717682894,0.038118362201497835,11.722948764891303,-0.0015554762463977616,0.2757751776777189,3.1080265688378725,0.0
0,42.1688933530585,0.03845278060541228,11.839171397325337,-0.008339783117272523,0.21799462902207548,3.111205174887652,1.0
0,43.0093100892143,0.04318393301318915,11.906608493970252,-0.00259180511281313,0.39750256939873496,4.600948742523929,0.0
0,43.94815505608462,0.04039161812911176,11.84635680375279,-0.011648262150069125,0.3517890218475107,1.4097452293288435,0.0
0,43.68241587035219,0.041727432961974883,12.222349350558435,-0.0037578186352013997,0.14459267382227298,1.482009076151079,1.0
0,42.360143991762754,0.040802639407312824,12.460540478426973,-0.005720454133161099,0.3617516409407324,0.9254579926771564,0.0
0,44.08968292948333,0.04215768572962797,12.083268821291384,-0.008532732060463394,0.2457067481997817,1.034406296188759,1.0
0,42.94491068273095,0.04166240917838651,11.675615377158326,0.002921506249023096,0.17609830513546748,3.0368476043984467,1.0
0,44.334700283346415,0.03912520481702428,12.34650189112783,0.0022098496313950992,-0.029101856999685476,4.031323254148789,0.0
0,43.35597587719839,0.04254713438162105,11.611711657373178,-0.007793381461293018,0.2867851686831089,2.85887452599433,1.0
0,43.59729954575741,0.03923764913641128,13.297646495687653,-0.0009304914230749417,0.18465754685283758,2.1483551552689546,0.0
0,42.67897354628226,0.04142246633380805,12.37265228338231,0.0056124809475764995,-0.10497435045675939,3.293344329500663,1.0
0,42.96696118712746,0.04162840730451216,12.017329323979828,0.000693471759925779,0.16591312764002503,4.413959795261043,1.0
0,43.520984546783815,0.04124405521918745,11.484680417470287,0.008369022547147774,-0.07381033127405902,3.802453544801528,1.0
0,43.612235275620364,0.04325944576287538,11.757267559539352,0.00019407030118401676,0.22130156924236372,1.8973646286590737,1.0
0,43.80295657911282,0.040313892334848334,12.375370989233504,-0.002467744066963255,0.27364099801752517,2.643914787322685,0.0
0,45.84412622973685,0.04188596222520943,11.989724252688363,-0.0017360705469292815,0.07973623759866544,2.834209454886671,1.0
0,44.405232810218834,0.04202890403375523,12.10840169703255,0.002937290867656383,0.2930644568178033,4.687331339515488,0.0
0,44.26412126870123,0.04501698570507003,11.531210120740619,-0.0028290559962788823,0.004300065532341711,4.42505553179713,1.0
0,44.803426750290406,0.03947403908820131,12.211369927168269,0.0008401453889037763,0.1664737846282262,4.394652439425637,0.0
0,43.98881637335663,0.037574159014909556,12.279112864803418,0.0007005923445462085,0.31549547723267607,1.033487652190106,0.0
0,45.82358747546802,0.04264852747319836,12.549231979964592,0.002394627442026822,0.46130545381590365,2.4440929216812473,0.0
0,46.27346031861347,0.03852587643321506,12.189974952441847,2.3945213667162527e-05,0.33108262719583825,2.1199810302036592,0.0
0,46.8509590778817,0.0410725330699246,11.08690640799753,0.004616295189426687,0.41484087204130915,3.9983399997910913,1.0
0,43.62541606710893,0.03953815954662486,12.272271363661606,-0.0004802196800271956,-0.00882368785534672,1.879897499742541,1.0
0,43.01188727107788,0.043795256231663214,12.34152002878298,-0.004593501307103852,0.24810142723349746,2.4370942239689475,0.0
0,45.3919599848101,0.04549331831302652,11.49618952374926,-0.003964197947741497,0.32765595156622324,3.9551984129894633,1.0
0,44.44529524975053,0.04130158291618344,12.168155685331202,-0.0033678652413720385,-0.0012360359989058711,4.222966360730728,0.0
0,45.44674434874055,0.04457085519615345,11.604870712094971,0.01170814475025549,0.33746254147870514,2.735305258929202,1.0
0,44.34016382692399,0.04426749357688848,11.458927632055431,0.0006744494869111394,0.30815940964516214,1.0894768347096355,1.0
0,46.147867835294306,0.04122086600248884,12.03036888584176,-0.014692030905964854,0.422536206256186,5.075916616920734,1.0
0,44.70671068555942,0.04299904469890234,11.255204222121549,-0.0019019409441274997,0.26979841663145815,2.191721587530815,1.0
0,44.578087667865965,0.042674522140569646,11.98252699258076,-0.002231974190187769,0.013201971315879787,4.03700135774976,1.0
0,44.63315277396486,0.04388900352074903,12.546208649065129,0.008274234250353089,0.38554727149463314,4.679923460174889,1.0
0,43.953189077225915,0.043964204501146256,12.207822422588071,0.005622443018209326,0.3852050363573844,2.584547501626199,1.0
0,44.268417622386075,0.040047234544529985,12.50902109041935,-0.004390396711980926,0.4099318373701743,0.9212051758055504,1.0
0,43.98309402619103,0.043959900268584755,11.624683159654372,-0.005443112410247446,0.05460339693068837,3.1702136618560623,1.0
0,44.966082624558865,0.039507084843545585,11.771794660208725,-0.003390423191020885,0.4776486294529066,4.217160128185045,1.0
0,44.523284080469985,0.041853678848631407,12.411335438704672,-0.002026456205488031,0.4512036331331335,1.339655952318469,0.0
0,45.294002806952506,0.04477880670304357,12.228854100021614,0.002038891149574375,0.4130364416666112,4.207914983850233,1.0
0,44.343555235265285,0.047012169816974606,11.779594856330899,-0.0009733238365458133,0.15586200523368654,3.1900270949635563,1.0
0,44.465393916041144,0.04295462857226377,11.940914275223825,0.00022411950614909673,0.04041086936530154,3.171270350748971,0.0
0,43.77648664679428,0.04198718204403659,12.598872306311511,-0.0031454075864246174,0.034676169651777264,3.587017938052447,0.0
0,42.97150343401015,0.04195724014465518,12.288631053439916,-8.913466884823132e-05,0.061575949076719996,2.701379244117676,0.0
0,44.46192285734781,0.043519035438259926,10.922426838422156,-0.0022103431959754672,0.2909560873941681,2.4091673956383355,0.0
0,45.1907215416419,0.04387981585358795,11.993724511104022,-0.004899272239230173,0.06199617556027941,2.464925977186151,1.0
0,43.16392709330064,0.03963498942746222,11.655642310202708,-0.0032859133731067357,0.3279924968622434,0.9193503049544551,0.0
0,46.265331359455324,0.04290521456113907,11.138953065184362,0.008897620614589399,0.22896097391021253,2.478250183252529,0.0
0,44.975386300443084,0.03911201759148532,12.819279343101519,-0.004344633840367891,0.11320199506790395,1.347682958850296,0.0
0,45.017381411250554,0.044660464354629975,12.165566894312095,0.0052640869914710575,0.020380772582174335,3.2037148870065497,0.0
0,43.70361827909434,0.044877825736718814,11.699355849588445,-0.01165496537789479,0.4121289924883785,1.003352026366132,0.0
0,46.71402164981978,0.044341031258308516,10.605504477546122,0.005785231076484195,0.5677315425380399,1.780695360322162,0.0
0,45.27414496735345,0.04641008083867634,12.495547472340922,0.002008224972717397,0.4866541643692584,2.25223624076705,1.0
0,43.79067413417372,0.048752949838151066,11.970813092502222,-0.0007934160107125352,0.3825302764730214,4.552810572320561,1.0
0,46.69400802626713,0.049644301172383005,11.90493851917492,0.010137886208808827,0.32675437550606456,2.3029886844089242,1.0
0,46.66993652654902,0.043667957553650605,12.145870153870023,-0.003477634057026997,0.1821952152118253,2.073247033836999,1.0
0,43.566298423456956,0.044942181113454854,11.560989127356066,0.006152265278005978,0.3110795668571029,4.166901458961287,1.0
0,44.490484799720576,0.04472664814709122,12.192892995348753,0.0019831630438803607,0.3994626361781134,4.491155666789628,0.0
0,45.62446598826787,0.04781076684519288,11.667573177627666,-0.0032477951995705245,0.12413948433819179,2.6411716566525416,1.0
0,46.06949522582465,0.0495251234017532,12.295272192548142,-0.006320755215223341,0.2407416575668734,4.347808177918507,1.0
0,46.68597715519262,0.04686918291953804,12.721643439770023,-0.009224576460904962,0.34277437865226335,2.5894092475982635,0.0
0,44.42795620421277,0.04535101131820188,12.202279586176841,0.006746498204117013,0.15009296621439172,2.24404367035343,1.0
0,45.64566187650949,0.046003852947290744,12.445392082074909,-0.00947988753719773,0.19603446664434374,2.512637758548431,0.0
0,44.79152501585004,0.04631301639305936,12.654773599575508,0.00010100611404781906,0.19554193132253628,4.58287193009877,1.0
0,45.760819519730894,0.04250277959760429,11.738636171857076,0.00346491272071188,0.4260313901459549,1.4259739135806087,0.0
0,44.68877603747811,0.045758420115034504,11.978145543945349,0.008600026230110613,0.39781076187125003,1.935109440649342,0.0
0,45.66119807180865,0.046662795049536375,11.710650164867161,0.0060669624519290866,0.23908477574323567,2.7674075553398163,1.0
0,46.51589954449619,0.04975119106111858,11.647451026159576,0.006920686482474121,0.5618369398318532,3.7468278573231726,1.0
0,45.602839867854314,0.051056319560531416,12.210176405630058,0.0050035595158987424,0.3217429029350323,4.610553401835588,0.0
0,45.90865831334665,0.05204373687785696,12.389440234801025,0.0012884150457524227,0.22353487357622112,4.7014454494139155,0.0
0,44.616388079427246,0.049124819094913216,12.221703630305639,-0.0005055790268816863,0.38962212757448444,1.6756956252002861,1.0
0,44.66508069788439,0.047383908690240534,12.357734046503824,-0.003144711834340847,0.11104391957657211,4.413384148184527,1.0
0,46.210514163792105,0.05039773158334375,12.045435039661095,0.005913768358152542,0.5263423783426331,1.7383431740270745,0.0
0,44.30724181158834,0.04993053497339701,12.300362140136885,0.003679935332319393,0.2961537592158347,2.6684533122010214,0.0
0,46.58522240858748,0.04685698274525961,11.636281145654305,-0.0015050672201959775,0.24702065414762964,1.4087638095661337,0.0
0,47.03956508366822,0.051705703343052786,11.47700418076817,0.0020777187768414875,0.2108553648632096,4.188589251250908,1.0
0,46.03901357826458,0.04596447187264391,11.4077080678355,0.0012898509951857976,0.2459520584794672,4.431430752673169,0.0
0,45.5377009406362,0.045930106891345385,10.864349213006335,-0.009329945186887458,0.4878756691899207,4.8586087079606965,0.0
0,44.418759802224585,0.04795753657256376,12.14388011099098,-0.001528438317167082,0.0620411898485225,3.0238407177943882,0.0
0,45.76682351281227,0.048834326103766604,12.32532366555014,-0.0045851617491728235,0.17724350343295261,1.936323082112089,0.0
0,44.860780349760624,0.0467519649694592,11.453710260582902,0.0003064519864966011,0.045250821402601796,4.750917557724683,0.0
0,46.78188005988641,0.04860222731677791,11.88326507869232,-0.0015235186608981454,0.35474758613767493,3.9425654860090202,1.0
0,46.657015516495015,0.05060483039454476,12.043170126642043,0.0030891065246086325,0.565235211713605,2.1207037252962637,0.0
0,48.51992426000142,0.05358131592105494,12.115923994932828,0.005163366408185219,0.6449177442706588,3.7731440008898596,1.0
0,47.52551076739278,0.051917862854828474,12.038775866087525,0.003968518764692182,0.25945678669977545,2.038183437986115,0.0
0,45.9638216898986,0.05013522440439254,12.279637650964014,-0.008060577283092934,0.2144438468859835,3.6208559761334644,1.0
0,47.50310343202292,0.04659579015436973,11.017509264803797,-0.0036156568098268207,0.32799963416221106,3.8800724593178764,1.0
0,46.23264237706894,0.05004433599163442,12.232508686296896,-0.0001134473266460816,0.39926116759239266,3.3512196455059167,0.0
0,46.518653503316884,0.05297169850495436,11.840726563120176,0.005923170114935999,0.5481078140563318,1.6921764578467642,1.0
0,46.52365151546,0.04882789520504859,11.736572200713132,-0.0036432154496483676,0.425027317000271,2.5070510225121425,0.0
0,47.89246749613412,0.05030458670086628,12.360368940471055,-0.01075639364665421,0.49511638283194775,4.118515179773836,0.0
0,47.56958352307128,0.047890622081377426,12.133953082271242,0.0011922957240372426,0.6172147431979647,3.7530901601947306,1.0
0,46.95102747519382,0.0487860787945662,12.503153921335024,0.003090218709839894,0.1427083994083977,2.26529086989754,0.0
0,45.67128345533433,0.05063099566400618,12.082219191859986,0.004044789905418567,0.5128804495670493,2.863987443253006,1.0
0,46.51803087641504,0.049954810853532275,11.547436263792916,-0.005923960512345188,0.47368764183469714,4.556239019077038,0.0
0,45.40334781628949,0.052046996127738984,11.777733193519829,0.0019508688102675032,0.1069576862920574,4.127910432784011,1.0
0,45.95101452829125,0.04862251957384045,11.514536451845812,0.00012140690345618967,0.2859000620009427,2.368407253256124,0.0
0,45.97693090985505,0.0498781187184059,12.244040764010801,-0.002345308874306905,0.5254310652251099,4.524749547529657,1.0
0,46.78493259334765,0.05107419545836304,12.743104455326346,0.0017545651598605862,0.48339875841442553,2.3211954459870117,1.0
0,45.24934333442212,0.05253677798080465,11.486147419091363,0.0006937048698232726,0.46823756963148805,3.046736334248693,1.0
0,46.3624084008399,0.05582284320624881,11.25637185075271,-0.006221904831087644,0.18826713970728973,3.0468869911131184,0.0
0,47.152719737210326,0.05364081813637037,12.164850632090253,0.004225586200095173,0.5248318501903637,4.663996019256187,1.0
0,44.834831179753024,0.053425943490653674,11.951940703350779,0.00356750137254529,0.12443533611583747,2.2661568136686823,1.0
0,46.76159991936353,0.050887637195187345,12.90635495782142,0.005151284097020138,0.4036240151321197,5.301691384243571,0.0
0,45.925089443071265,0.05209714384342884,11.69772806571053,0.004581038362519887,0.4689765492748708,2.154498834403326,0.0
0,46.526809425886874,0.052218191930670135,12.135924269458178,-0.0056232273130544805,0.510508540185766,4.98139846684435,1.0
0,45.207082029377524,0.049723236577039975,10.942565271403721,0.0008380412940916683,0.46885964494056115,1.1568421674925926,1.0
0,47.77444027864875,0.05049354997187695,11.004165724011521,-0.006410055641900965,0.32280369268420317,2.2642683343628076,1.0
0,46.0476991483236,0.050063215432150414,12.421021919054285,0.0008409389840399056,0.49847831936455866,4.402596495370446,1.0
0,46.52521789994819,0.05414092472704346,11.643491499004243,0.00017615278780755054,0.24616688512511278,3.341759735875935,1.0
0,45.72398816857272,0.05459346344901268,12.492770043894042,-0.006762508333222867,0.04185462163286964,3.8745899085794844,1.0
0,48.28262386676952,0.05347062770458342,12.063783643995958,0.0030566273515684177,0.5785533894454107,2.700343651669023,0.0
0,46.67598956330766,0.053157260148760765,12.017710736698726,-0.006686575131798551,0.36857422512976656,3.069104647545343,0.0
0,45.17834601588058,0.05517841434726454,12.821416483289179,0.0016763154202006397,0.17739267154882682,5.000974929448496,1.0
0,48.702880330471004,0.05146709212521898,11.72856952775836,-0.005264790724161368,0.42003710804317607,2.4271517081862393,1.0
0,48.663639190856344,0.05487870283844896,12.349932162568159,-0.0017039128776396703,0.6498427207770682,2.438338824318994,1.0
0,47.994466661023125,0.05581949121991407,11.932238180410032,0.0048734205267383255,0.4231664020955404,3.9775356168516374,0.0
0,48.12220928145112,0.05420337709803277,11.41230270400639,0.008509827082919209,0.23300420584441556,5.476498580690814,1.0
0,45.89924004601944,0.05088202503183378,11.99801446687676,0.0016888014488698358,0.11450511771854074,4.259494382058289,0.0
0,46.08120942899987,0.0519809152341449,12.484569048720179,-0.003691128948837606,0.18129195420013972,3.7062323221128075,1.0
0,46.3170283614571,0.05452192225536219,11.416245740661894,0.0027386442873180163,0.09519301993221668,3.631829816808395,0.0
0,47.44293487564485,0.05618173129181804,11.347667949481991,0.004339764570431418,0.3220926971289044,2.140848535462144,0.0
0,48.46055726249518,0.05308510556414312,11.314346389559347,-0.003174699760897264,0.5187644287469179,5.336946093252749,1.0
0,47.15766277581177,0.053076851049268535,12.765857057077422,-0.0071311927528336086,0.16965702248142683,3.7930026492251123,0.0
0,44.31310773293576,0.05428990674848096,11.467561749992173,-0.0014190375694017922,0.23890470965838967,3.190667839407689,1.0
0,46.94667439171121,0.05562885107240803,11.388218276128832,0.0058987237299099994,0.2712770728238691,4.461678140638926,0.0
0,46.516867700647495,0.05567590629084691,12.371294215905781,0.0030044324225800777,0.4079479849077559,1.4991054354710833,1.0
0,47.36088503665112,0.05407136664150963,12.787326239977398,0.005288735768121718,0.32200546212235803,3.022493385026467,1.0
0,47.91964195665952,0.055771771118747905,11.312131689388861,0.0036468228673631987,0.35210786921574144,4.239702001915376,0.0
0,45.72390784348535,0.057674856534563196,12.826375736188087,0.007739620407990476,0.05290471627272758,3.7727766529445157,0.0
0,47.08187830880842,0.055699286279575225,12.340044145916446,0.0056163184045513025,0.47614141010146105,5.1729616343113936,0.0
0,46.3053897536146,0.05407754167513154,12.062136157419747,0.003453501929719687,0.5639030628528162,3.576231691794347,0.0
0,47.87572116427608,0.055854438167827654,11.267797858886777,-0.005226377662861441,0.43098924562823454,1.7960461965283505,0.0
0,47.978787553839695,0.05672982364628468,12.30117494368593,-0.0001068087888279432,0.5624161282777687,3.278325134185558,0.0
0,46.39056365241167,0.05445992736598017,11.16893606381309,-0.003906463130647638,0.35596793116319375,1.5584487941444123,1.0
0,46.756859451979686,0.05562066446135153,11.380122214900588,0.0031917760769780475,0.5450947541794162,3.6018381734707727,0.0
0,47.70798678960943,0.05827110035852081,11.445854084500564,0.0047422038238738844,0.27855011105189265,2.312404633835808,0.0
0,46.13770051196609,0.05934200445607033,11.104699634355494,0.005019105933586936,0.0980613505650887,1.9461677805724447,0.0
0,48.209454312007836,0.056247578770074275,11.920758488195663,-0.008032292337490081,0.17346918724614968,4.397802009811679,1.0
0,46.48902323705372,0.05861426340998222,12.04955738535211,0.0001533707064262443,0.42543230013581035,3.9753423195792346,0.0
0,46.7314714391089,0.05284804135864618,11.602389962249616,-0.003400266339165817,0.41884524514517824,2.7817310676867972,1.0
0,46.402639831900956,0.05605218896226395,11.288204280719151,0.0028160548881744456,0.46086849352236176,3.264319411861715,1.0
0,46.190286278820665,0.05837412378017655,11.11420926435331,-0.0016866942512421346,0.5032597491737324,3.2191027210645418,0.0
0,46.91045177243163,0.053366899824114446,11.868602846361268,0.006080690743676741,0.2972460041672977,2.546684089172561,1.0
0,44.96438699964307,0.05700626822510115,11.800211670710278,-0.0043038330009549045,0.0852064503190625,2.791274613857092,1.0
0,47.690326139871225,0.058119460778787525,12.475524471399407,0.0013978021051193133,0.22819436687762426,3.121847891997411,1.0
0,47.442648641457474,0.05623571988456835,12.05652371701299,-0.005973474805945059,0.6148075795963848,1.9751511353282063,1.0
0,45.63588079449064,0.05496355926940101,12.79249358896321,0.004019139757769295,0.22490418778313148,1.5318354605605096,0.0
0,48.25156352859955,0.06341439307933784,11.894073262709579,-0.0064849861068025285,0.318176868522296,3.252427180657116,0.0
0,47.19961634038661,0.05777249614073726,11.456366067983334,0.000481718437737301,0.12760365023061193,4.097269471145696,0.0
0,48.68896261748466,0.05724657883830209,11.587517093659498,0.0056397118231976285,0.4210428368129381,5.497306500329114,0.0
0,46.72902293831462,0.056255493226047094,12.120719916939878,0.00018928876167941599,0.4042997161783231,3.40462932440039,1.0
0,47.30650790637452,0.05905349893425754,12.177412431815373,0.004207567727282154,0.4004588698122936,4.975219721130141,1.0
0,46.971743425587846,0.06042460240024519,12.282732823481034,-0.006284964904050095,0.42488493384988935,2.594536597460005,0.0
0,47.25413188093445,0.055274525755357386,11.842114007558862,-0.004006114823397564,0.1628450508047816,3.4062911175924357,1.0
0,47.88280090396268,0.058640289159309106,12.407151385655322,-0.01088422299715863,0.3887101754699476,2.0433886359393707,1.0
0,48.358417056732854,0.059012163143311924,12.944256922720156,0.005380728520969262,0.2879610294015934,5.226196295444646,1.0
0,48.37989520740146,0.059824305470260554,11.606465372000905,0.0005055235677832382,0.5893049021179884,4.24257066485177,1.0
0,47.59631718732621,0.058747828637805366,11.470788415274543,0.0021483780473433487,0.2990401014390317,3.048419782673862,0.0
0,47.065996142754145,0.06060619156063322,11.588776826513381,0.006023763993121311,0.2154139612141336,1.6449626625272602,0.0
0,47.46511689039072,0.06071984798282136,11.76413676899812,0.0013818119969220733,0.40505711271730804,3.997118170576161,1.0
0,47.80866078903609,0.060812127883722,11.908842246197723,-0.0014171775409789276,0.2862440925079214,5.546657111879024,0.0
0,45.95366526274825,0.059681329304994056,12.653152793034003,0.00894321037371983,0.480260574331102,5.0077720692966246,0.0
0,48.655794886460484,0.05770561626913281,11.10791956554079,0.005532953396222884,0.29998254043200556,4.907717818769782,0.0
0,48.29458251528698,0.057449623025544835,12.872853749504449,0.010225925619350436,0.19885359508199296,2.8513727206010886,0.0
0,48.129447458393514,0.06270312746628917,11.289100572104585,-0.00691278394037661,0.3008580236708275,4.916632150734814,1.0
0,48.84898176741054,0.06156154041747163,11.727250956819576,-0.001086723456309588,0.2275200990590587,3.2809691415784847,1.0
0,48.03383108871596,0.058881304776518185,11.652558517962456,-0.0039051507219019467,0.35248574596806287,4.498586233686092,0.0
0,49.00775430475105,0.058140224607006616,11.503705505136717,0.005639591474871799,0.31086412945862857,5.167775696832828,0.0
0,46.175826590841496,0.0619835133814156,11.654331397075978,-0.004227590165874043,0.06425832533954323,3.193248164749045,0.0
0,47.340121819924995,0.059747856537616106,12.630190759113246,0.003739260954274244,0.2720752137779762,4.299721082486511,0.0
0,47.465902339523936,0.06124035881337264,12.45892185816521,-0.005257451713140725,0.201477449394297,4.925962613569393,1.0
0,46.24122034630605,0.06181747949152058,11.998842061281335,0.0007476318144399337,0.5146229413187178,3.2643880343533893,1.0
0,46.86268163142178,0.0572601060865656,11.816261989317553,0.004408849545132555,0.3600620078353377,2.761479389206893,1.0
0,49.19455990780243,0.06235844201611484,12.485478598754865,-0.002098820677972696,0.5755017430192906,3.503410518330696,0.0
0,46.35121690628334,0.060517770115920924,12.420104741867625,-0.0013164477148416027,0.551908605137003,3.104344838999587,0.0
0,47.79660981549445,0.058365398186902756,12.167214169331848,0.003829855840281896,0.45902338378849084,1.713872692611639,0.0
0,47.60940247796978,0.060020656753973445,12.018803007898374,-0.002826633646251408,0.3460811932909663,2.499207932400047,1.0
0,48.83508483425185,0.05960724844883453,12.202502531528076,0.009017817979096754,0.4168274884503415,2.2423578586587336,1.0
0,47.28627242142527,0.061403940652563334,11.705689344076802,0.0034852440502854054,0.18690937628521856,3.7012936577421383,1.0
0,47.6557880588587,0.06105524285899234,12.604211713487162,0.004107153256630837,0.37202798237585294,2.808073771880903,0.0
0,46.98327063985667,0.061681073799980814,11.44517823123167,0.00688663864711044,0.14970607052452367,1.9110661548755912,0.0
0,49.15802471301977,0.06026550106044118,12.181867708634483,0.001240246668889195,0.30396913694021166,1.8754436742629474,0.0
0,48.093144425579084,0.0623795988002103,10.882932941182926,0.0011373959913295825,0.26969404859783785,2.812348742871329,0.0
0,48.401802639327514,0.05931996819910042,11.091266646555315,0.010322499969774529,0.22098495498695903,4.490941543114964,0.0
0,48.83568671258189,0.06104138806717686,11.440936687030753,-0.0014298678887740444,0.45339903540145826,2.989767804562073,0.0
0,46.90459524717249,0.06357104457831386,11.4521713186704,0.0019511916897587953,0.255853138707375,3.6667885279652808,1.0
0,48.05675085696909,0.061975129076019736,11.58028251871815,0.008557037211854312,0.39638606778134566,4.013779260073294,1.0
0,48.21695559763582,0.061496691003483345,12.11224702143543,0.003703518876104017,0.45844736403077024,4.175729231382896,0.0
0,48.55830148272518,0.06104622621621944,11.615487127813521,-0.006893300098761169,0.27400370704108845,5.4380215167164465,1.0
0,47.13509634446169,0.06392202844194998,11.555806154910538,-0.00026691711429420044,0.5024154023417415,4.304615151391392,1.0
0,49.722910842068885,0.06097700544118686,12.230047670700534,0.004545794179388691,0.2741964622574849,4.432207362227592,1.0
0,47.24545704419336,0.06738742551680908,11.583351644876581,-0.009995819029987122,0.47727488159989234,3.3150947844001113,0.0
0,50.69651747537169,0.06535619436172367,12.175229311162337,0.006203532292925702,0.6850699862508838,5.562714712493902,1.0
0,48.67834582228721,0.06300346532323178,11.9423984407532,-0.002546721761845216,0.5645303196483127,5.454037564058804,1.0
0,48.18286616003341,0.06618134023948222,11.991861594384867,0.006517075720045447,0.5937637519213187,4.737285413381253,0.0
0,49.2952934916728,0.062031886201567646,13.454324935085104,-0.005291133582959034,0.3070727808880149,5.423359380832967,1.0
0,49.52908227526048,0.06372311848776473,12.53528072564059,-0.002072005707506961,0.4409154149872463,2.0212865530427795,0.0
0,50.190619272377354,0.0646374038181475,12.340167235581884,-0.0038895135931641834,0.55639176440835,2.6155212016684475,0.0
0,49.07041895462271,0.06420143978513725,12.349620835155084,-0.003946348472042265,0.4073995111474868,5.318608455999537,0.0
0,48.48576318200211,0.06289974852763372,12.37443833789871,0.002169194079923396,0.40484409565458246,4.169212841088223,1.0
0,47.53141767735672,0.06320809695391953,12.869154540410934,-0.006544356944425091,0.36125546568612965,2.2034436851647894,1.0
0,50.300593180516685,0.0657564754789278,11.507314281333258,0.00507331679840158,0.32532027515828166,3.230016298975591,0.0
0,50.64574845922685,0.06485162976063842,11.710785316761752,0.005604850406212204,0.516581389404599,4.3401150202280405,1.0
0,49.99177905754246,0.06728096337374562,11.543061288292023,0.007997805239159878,0.42752707970729503,1.9995671575487586,1.0
0,49.1553034794144,0.06370200479038599,12.820836294076825,0.0032590665839360472,0.6514650456832258,3.763311338590715,0.0
0,49.05764728757805,0.06620523886341154,11.918150108276533,-0.003504761656691341,0.4565190430129054,4.448954981901517,0.0
0,50.93554259379972,0.06496550824786529,12.21767044473794,-0.00509717314857584,0.5772155922604464,5.552850803867689,1.0
0,47.3865334574335,0.06467901467073923,11.917404279508618,-0.005001367419069388,0.27560684999542623,1.4957814657512796,0.0
0,49.372374172428174,0.06392052403639716,12.14004507784793,-0.0010162769598069119,0.48240336338860285,3.255474314544049,0.0
0,49.45870546742994,0.0644956950872966,12.000384503254269,-0.003158896054837674,0.25879000317561984,5.320072219551501,1.0
0,50.79558960590565,0.06168283916552565,11.66626921091562,-0.002146742989938873,0.769816955183605,2.344412601801035,0.0
0,48.74390833259787,0.06490847045899045,12.198098793676252,0.0012971494122732503,0.2027371186405104,4.104707953745302,1.0
0,49.04979741084078,0.06570106724891345,11.819590330317599,-0.003259401214588909,0.2552181981767221,2.8003359924321947,0.0
0,47.98118399854675,0.06672497523773775,12.146463443992877,-0.006136390739279396,0.24977688493852704,5.247859795622106,1.0
0,49.76765873517222,0.06557104181208234,12.1070407957018,0.001601116386020347,0.4702355018580928,5.146290369216855,0.0
0,47.313118213331876,0.06885758766383882,12.405142491383383,0.00332347325718182,0.5508077828765949,4.273416214841094,0.0
0,49.290434456028315,0.0642266248879631,12.220669246678936,-0.004045503569483859,0.6198424753924748,5.558037223567448,1.0
0,50.60662047090052,0.0664270866336564,12.148622864241394,-0.002027048015711548,0.29315420157160405,5.445267634143298,0.0
0,48.621482905650886,0.06551203222018746,12.152858497398908,0.004877368279349338,0.34350070412593436,3.8263102167379444,1.0
0,49.68499900752896,0.06717270721046871,11.929514005859936,0.003546579610943482,0.24590927114889455,4.512346224900654,1.0
0,48.89314834841509,0.06870975321141382,11.935956655198737,-0.0024885944822572383,0.6216192388968659,3.686606174632114,0.0
0,49.795414921787554,0.06711570931686386,11.763000727393297,-0.0034888565704666876,0.6108683759301332,2.317444794850177,0.0
0,48.76317124034191,0.06684977478824339,12.198091071894813,-0.0008394762881708592,0.525327563494584,2.281194787659862,0.0
0,47.59032132134072,0.06719557276981286,12.325965229214187,0.004706583203855608,0.625151176782867,2.038801525812022,1.0
0,49.868614945527185,0.07008920572041483,12.426082558141344,0.0010809200627648519,0.6269476268000567,5.234921401372854,1.0
0,48.89981061129315,0.07047000938030369,12.326657322460312,0.009684494515736629,0.5362955520458432,3.8693634566611452,1.0
0,50.58732726391483,0.0673848157729073,11.512608870517079,-0.0017689905379940916,0.6397207583557007,4.244461337638434,0.0
0,50.689842493942386,0.06587051442515202,11.64657671675304,0.0006265174276756602,0.4225059858645175,2.3673403716945653,1.0
0,50.208501940221794,0.07089788733504494,11.824755855820719,-0.0025459971493274054,0.5105271478235844,5.341632514688171,1.0
0,49.21967938483487,0.06900252928356425,11.87323015597116,0.007376339179985326,0.5650795363746801,4.725307913926484,1.0
0,49.16106537196606,0.07132033663102194,11.63556797286154,0.004781162862919371,0.22938556758288525,5.0438937303853555,1.0
0,47.95064061983982,0.06865572686587432,11.970199862805744,-0.002765711869263536,0.22467177176482248,3.5972473294828484,0.0
0,50.084924674957726,0.06730875001014228,11.58742821535682,0.000254476556926204,0.38774574397433365,5.047709474744765,0.0
0,50.31670383287331,0.06658636325047104,12.0029696458965,0.0030774598747464695,0.27195198649057706,5.904580531871107,1.0
0,50.09530235538358,0.07160370412728649,12.374451549697634,0.001203247449815183,0.36006167957544416,5.176922702912912,0.0
0,48.33040871722001,0.07021118598692186,12.03882540407124,-0.002047533923425952,0.24869432514312406,3.039158279951562,1.0
0,49.98674644084058,0.06992341587933878,12.52641913858933,0.002237967992832446,0.7305764881378106,3.548018220727707,0.0
0,50.34684308628913,0.0708495372438623,12.702061325840008,-0.003427876930696327,0.5261405731535401,3.7227555159094887,0.0
0,49.004784335801745,0.06804841298808649,11.40373582840754,0.005431085609065775,0.5777570099232852,2.3019016306206757,0.0
0,51.570187069075,0.06982565829471893,11.96454226147645,0.009096915129691612,0.6872282487200747,3.5615449087979942,1.0
0,49.529906490965466,0.06889746641820144,11.795367172451128,-0.0015609786688262222,0.3201989878494205,5.619727810696385,0.0
0,49.643045600980905,0.0736448697080287,12.080562826984263,0.0012927676248760509,0.4440498608678788,3.135179188795229,1.0
0,49.329978126937604,0.07269225643999364,12.116783357369364,0.0014541804242663532,0.6149813455260456,3.098349956067793,0.0
0,49.468012516010006,0.07105859104369963,11.870268938006443,-0.002539450837412001,0.3717035011547053,4.071619849211433,0.0
0,50.603774885630514,0.07058411985352701,11.833436623480136,0.004692937458155207,0.6772929616003421,2.601259378390622,0.0
0,50.606106661904214,0.07038528214299195,11.959089951140681,-0.004370008896650397,0.7372796591623388,5.59443492922138,1.0
1,39.662688526773444,0.020873203099814972,12.044134459636673,-0.004446658780341523,0.3046088552225129,1.5227841729484797,0.0
1,38.505354336949424,0.02066100327528483,11.894425840836506,0.0010368014739136964,0.30476404712123084,4.897343113585867,0.0
1,40.8479899886574,0.018646226729455134,12.20415855311572,0.0023953577412447235,0.2629726429670049,3.18325570942101,0.0
1,41.328951617800925,0.01997900997535209,12.062769865318849,0.004790355428067323,0.32831067069111414,4.7703838299209025,0.0
1,39.12792282076331,0.02152001776903475,12.06025393786506,0.00777172442523115,0.3317018395933441,3.1387222141020796,0.0
1,39.33234322224432,0.01767001388630096,12.26648600736318,-0.003457876362194011,0.14284484487332993,2.5436217957300356,0.0
1,40.56967362049599,0.017086602000394028,12.026193370666704,0.004177960554456464,0.14315969366488734,2.512687341145802,0.0
1,39.39884179109543,0.01554468888456216,12.015803233699756,0.0061253032556190384,0.2327956463057682,4.345508347638142,0.0
1,39.69626384686023,0.020701744842903193,12.168162206874335,-0.00035182070952997116,0.06456584401845283,1.2059953839867021,0.0
1,39.72845459454272,0.01891564614328539,11.816077101090766,0.004126677814954924,0.1839234381444258,3.511638820265341,0.0
1,38.30837155765817,0.018428866027604685,11.938084804323232,-0.00740794567202872,0.3026569952984162,2.9695984139195213,0.0
1,41.486207142803856,0.020307249800985486,12.043534896689655,0.0004081518574773121,0.04457179827094809,2.7388371345423175,0.0
1,40.089513019478126,0.01891421116071449,11.97863764125781,0.0065422917481340334,0.4217250955417661,2.555481229010069,0.0
1,39.72996392367582,0.020712097912207742,12.172919794350088,-0.004186729704422508,0.39817219260941233,1.0706280389938065,0.0
1,40.81595789968022,0.019745813661847838,12.051829960503662,-0.0023836022880320646,0.21212838096609704,4.408693555923374,0.0
1,38.272084450472605,0.02018025209953358,12.04335721289644,-0.0013116691762716413,0.025631189431731483,3.3551887424728033,0.0
1,38.64490347091573,0.016968623670022116,11.920426583295331,0.006601225174536717,0.24289629117227962,1.1462024914705653,0.0
1,41.32916885235609,0.01980129622545445,11.883456752582433,0.008444893943685292,0.26697279729476475,3.2121984430319017,0.0
1,41.39021769536805,0.020033877929291902,12.22402685241939,0.004654540576055313,0.4082035305698482,3.785498422411277,0.0
1,40.65945909577976,0.01940729870609482,12.086173012678238,0.0007327901998460236,0.2783041562016826,1.4530645498345764,0.0
1,40.304784378383275,0.019180055911263642,12.070350993433324,-0.0009855174681248908,0.4772315973727506,1.3899438666184833,0.0
1,39.03004721055682,0.018063433427587438,12.061766479102804,0.00345241396238167,0.3885884341825784,3.970289814665489,0.0
1,39.78467395243298,0.018394074241897575,11.828109022811256,0.0016230336192495768,0.13173336088284077,2.243010600900681,0.0
1,40.05150994632436,0.017508833075065542,12.078765218739996,0.0025385160480573825,0.2805468330378737,1.7536075936363376,0.0
1,39.466283773053306,0.017032230039540065,12.103369245363925,0.006678382411314428,0.2475466734401408,2.048971226570621,0.0
1,38.07613380478293,0.019595467200331177,11.895075190344537,-0.009917025568899505,0.11770294882634941,1.9992659762738314,0.0
1,40.85315104271153,0.018743917411551535,12.11839859233841,-0.010145195857228456,0.22470701250826491,4.592514982216146,0.0
1,38.025948060968695,0.02327402882253682,11.948704682473812,0.0007108565701672407,0.45810608971498634,1.2196781834687185,0.0
1,39.26211874192045,0.020127886773082374,12.115569881376526,-0.0009860122748782262,0.008480080094393161,1.7043427395136281,0.0
1,39.6990698255162,0.023520452689019564,11.980758096935691,0.004949059042360899,0.28243547191236185,3.4167328017044842,0.0
1,39.44019127021976,0.020699335544217858,12.038267381427877,0.010581482409739041,0.01127851626987214,2.4023876319068393,0.0
1,40.79635798118144,0.021148087477587448,11.964961817657489,-0.005098257530485238,0.35254702009075456,3.2245450956870547,0.0
1,37.836353010120234,0.022197257198479547,11.895250010179497,0.0022133606538817623,0.46379857609012876,4.955267609379341,0.0
1,40.25241533920301,0.02153876996317642,11.885440976654808,0.0036196923147303823,0.2565963904034609,1.8762552021799,0.0
1,39.0214546689344,0.02195742647415168,12.056780296459394,-0.0009275940454696402,0.07997052222800943,1.993857408468473,0.0
1,39.75864174896491,0.02174173812702322,12.11054796610066,-0.00848715233157783,0.40166452241762446,1.674448536151567,0.0
1,39.939320431626726,0.0189194685483557,12.001030344815817,-0.002440582511914825,0.11006837860975677,4.082628216030603,0.0
1,39.2716785428636,0.018322388445879304,12.005862180705897,0.004685111959675108,0.2669032174603012,1.8507347468140498,0.0
1,39.43833545875145,0.019252080689453693,12.037573064725207,-0.001967696548723862,0.20132021936378547,3.297582837041593,0.0
1,39.272472676783934,0.02151127826364698,12.063922011377832,0.00074274996744064,0.03722268327028544,4.591797027121885,0.0
1,38.30443843398967,0.022675909695251198,12.17796180008136,-0.007723197227336769,0.12091254171773003,2.973819127642439,0.0
1,40.251422884206725,0.0174997200180536,12.05892155509569,0.009062641257360149,0.41286296737189504,1.3216733037381867,0.0
1,38.52110855306799,0.021000444725849943,12.000641019073743,-0.00495782890836166,0.4024666621011907,2.909518847623971,0.0
1,39.989497283411154,0.024597285763073698,11.921037239562759,-0.0004310069798596556,0.22388577841710067,3.7502410566947115,0.0
1,39.52016832453085,0.017987048701837722,12.040815146157215,-0.006389883126131294,0.45257176022970386,1.3259351077154835,0.0
1,40.798689340048526,0.021587150512317944,11.986670771542004,-0.001164876251584781,0.09346733040205202,1.3436461026207134,0.0
1,40.394988759336826,0.01935563388193964,12.123098093625414,-0.002561799215080869,0.054859770488561665,3.2060973432390156,0.0
1,39.73294319674574,0.018996512433125744,12.069269038532058,0.003723885598406771,0.3116526976127973,4.717360634961159,0.0
1,39.29117051769996,0.02090302575295841,11.78763876156209,-0.0018821123317621458,0.38667345018529437,3.635202747798068,0.0
1,40.978049527203765,0.022468284000333443,11.91293981479197,-0.006120150032776719,0.007318576732428361,4.969722189837212,0.0
1,39.67173732379283,0.02179662939423222,11.886445068355115,0.008326186661501662,0.09261563848210247,3.259326329854139,0.0
1,42.5553886860775,0.021491653571655778,11.888821577602819,-0.005049178928548343,0.1664343531763846,3.293967037958853,0.0
1,40.299548174917284,0.01907634773408001,11.924281014643931,0.00022698574521379998,0.3074964543235862,2.491400264281795,0.0
1,39.355626945646826,0.020480715025583067,12.079208305855477,0.0005144027464377115,0.4912557535050041,2.3201120210078625,0.0
1,40.7856254682922,0.01825305162071008,11.96433043407398,-0.003318175625917541,0.14284521525561072,2.407608008456578,0.0
1,38.645337913465205,0.01657623305034764,12.024623601290578,-0.001135427064371997,0.24404780090519157,4.632075940034095,0.0
1,40.418093484911665,0.019084471604529755,12.169051729479294,-0.002523000828410151,0.48132529905708105,1.2499002683214528,0.0
1,40.95032470004097,0.017574171462863223,12.032733107044729,-0.00553545493763898,0.2502404579040333,3.932290722198057,0.0
1,39.719162782047256,0.01936199865233084,11.886261998861723,-0.008105499070839831,0.07604429651654848,4.223347134503415,0.0
1,40.53837526273816,0.014704223642138964,11.762116634451946,0.0008024376424106406,0.23897316607745622,4.516966083476382,0.0
1,38.234123164318625,0.01982700755982551,12.072897594130298,0.0029019161208631117,0.02963256622179261,2.1867964107654836,0.0
1,40.56196164097811,0.021501758212258627,11.92658915844833,-0.0018516854668116046,0.29020209456087875,3.3621339639718144,0.0
1,41.39386523211152,0.02146101503727813,12.262555906949693,-0.0002356417551143875,0.33000372159645286,4.256815970119682,0.0
1,39.5186785144917,0.022215186782966065,11.869365757748053,0.0007456037031244426,0.07490458737783579,1.5739829212764591,0.0
1,40.213390324183145,0.021179796812782547,11.969741870993948,9.244562874003031e-05,0.09045926097722196,2.1070288466353695,0.0
1,39.344408162964754,0.020345722681965894,11.79135253671321,0.00381836954402479,0.008477508966004188,3.3177030433077097,0.0
1,37.54591670743731,0.02045221802950663,12.007645604597817,-0.006297132312007956,0.07865360949853617,2.33101172645142,0.0
1,38.81587533302525,0.020874922767593746,12.095012848602456,0.0013003739445412129,0.32529240001623133,4.741339979374633,0.0
1,40.289384722586966,0.022607022868785364,12.17954273673449,-0.0038031647017699667,0.14848626679745947,4.699280598508686,0.0
1,39.894999543447526,0.01708774465567542,11.91137172810877,0.002079054562699191,0.12632531215998682,1.6903368196944792,0.0
1,40.286347563954976,0.018667321845443303,11.855116540056969,0.003512768957597322,0.4928957329693437,1.6129396322902103,0.0
1,40.89881162665883,0.01952491872351519,11.935232377654186,-0.002871541068044949,0.40664624860462295,4.006295476895994,0.0
1,40.97664286141763,0.019573859060859327,11.954277376447804,0.004598175491950747,0.22682708790101364,1.682642181614407,0.0
1,41.4740181878905,0.02057502809350033,12.165963382761952,0.00752144631365751,0.35246427087793897,3.5316088596827093,0.0
1,40.8904162690616,0.021659684557437078,12.031034224355851,0.0029565227750464815,0.3195746521704624,4.544735683503643,0.0
1,40.339206939225896,0.017903843361958695,12.00325676053372,0.004184749888098049,0.12492689405817198,2.1463120927621353,0.0
1,40.544123280225364,0.019147891198626105,12.013030651116551,-0.0010891294082569281,0.4434637399535001,3.925364914054053,0.0
1,40.66399472515305,0.019831574734930416,12.069503428159548,-0.001860379657103573,0.4840485263227965,4.608630293142058,0.0
1,41.360863387429845,0.013643660285848624,11.866306251148508,0.007646325989077948,0.34984043268742254,2.2556609000490995,0.0
1,40.085242404635835,0.015744499861120136,11.944787298701904,-0.0042637506498873655,0.2492772578983658,3.621871180995808,0.0
1,39.59871628785829,0.0162593758753797,11.916111736491143,-0.003214517244364029,0.45273752303493453,3.406901487878075,0.0
1,39.70543141200777,0.018084174543156077,11.994369308223671,0.006964074098871197,0.15783802514711637,1.6023303246307203,0.0
1,38.30270084360195,0.017257481588137898,11.907194317000021,0.0024643609640371497,0.29611263398548854,1.4569272506245232,0.0
1,39.753619496818104,0.02522953156869491,12.083658298974314,-0.0016921633703058262,0.10658245028356295,2.386555554019034,0.0
1,41.138176443694846,0.019336299548060487,12.141934979993286,-0.010175732725325178,0.018061245238151613,4.378340308394442,0.0
1,39.20828124664863,0.02275379102087047,12.015980823014306,-0.008418496207371225,0.08714522493982252,4.9819139594615995,0.0
1,38.82421689490855,0.02166430939837538,12.121575351919274,-0.011338173447617415,0.25183974157303496,3.1410427338595297,0.0
1,40.73376872834574,0.01612169900740412,12.028376752560876,0.0007847968325115491,0.25894726321888034,4.4130181366644905,0.0
1,38.57309567306806,0.0162611198961684,11.91645368794194,-0.00999865470382689,0.0325903683678363,3.0075508544989717,0.0
1,37.8850566191644,0.018911568495905372,12.062084067101843,0.0014806210147524294,0.490342446349559,1.5335984880550035,0.0
1,40.63153959508991,0.021099420079825452,11.97843694866778,0.004010469204686345,0.26892457382642615,1.077913106259746,0.0
1,40.74690433762066,0.018484074923045473,12.041112428748749,-0.005990547082591885,0.4830689509718655,4.615455149170433,0.0
1,37.825470961633215,0.02137590910834821,11.8202169297871,-0.008031067831864934,0.40331130968826817,2.374846873489177,0.0
1,40.05241689132949,0.021303384921701744,11.92739206876612,-0.005150655447376215,0.18888939003014377,3.7314203187777113,0.0
1,41.424498130990635,0.021149563430003137,11.921596650232615,7.049588745373032e-05,0.3959751367333769,4.669033897612146,0.0
1,40.02235761425374,0.023954984427764402,12.036223071479643,0.0031396795279187086,0.2579461380922016,3.459879443565597,0.0
1,39.034666597891,0.017410072850360683,11.942308384034664,0.011773722291736574,0.07565549936248261,1.855201965104993,0.0
1,39.78918977056619,0.02021776217148561,12.063574616618661,-0.0003519367162083821,0.4244178451273522,2.156544025385344,0.0
1,40.75197905872594,0.018441176394785513,11.940816975490685,-0.0011387872474952774,0.45787930328023624,4.010663144376649,0.0
1,39.24224668461068,0.01969974857115872,11.885254821230072,-0.0031277492922052196,0.03556141326589424,4.763425101401745,0.0
1,41.292664045583294,0.01835482113920769,12.097364358724628,-0.0069184500218294875,0.4095445167302922,3.092988386431181,0.0
1,39.35761438413462,0.02058667278560884,12.187872100118842,-0.001014767496018826,0.36818588282909487,2.94367341108189,0.0
1,38.930416078921596,0.021134600697456082,12.020995164502155,-0.00929942857571849,0.2925419455457767,2.817388079485639,0.0
1,38.81602568311621,0.018642741396598366,11.985087522964653,-0.0062219196973368335,0.18905108963308287,3.17185764577446,0.0
1,40.04184072107198,0.019728682246155878,11.83981701167573,-0.0029362478210178274,0.2689084454676423,1.4456357635133195,0.0
1,39.86552130023514,0.02086136334642267,11.93513427822168,0.006764923798196791,0.017958762131477235,4.265905648730049,0.0
1,40.61204996904585,0.021146859582366166,12.045741617995398,-0.0003974641272599856,0.282544413291608,1.179585961599864,0.0
1,41.476327364423994,0.020494216616950924,11.921998054038419,0.003866919599302167,0.034160562972139374,2.002795323651294,0.0
1,39.33891262338682,0.02380330415292775,11.947926121475007,-0.003510451373187306,0.35218786906834787,4.926387302237741,0.0
1,39.306636092106075,0.01866240322959235,12.026250347937426,0.003051434361658044,0.1952843240485388,1.1138437267872114,0.0
1,41.0955079020061,0.02062780208873571,11.9474844814825,0.0019498863025211182,0.16702824972608077,2.6137518796883845,0.0
1,41.052133992838364,0.01956981971367084,12.057638771842955,-0.00041013300224381177,0.4862075480377612,4.656538214955203,0.0
1,42.133329034013784,0.01867934274917069,12.199571161224652,-0.004847668116540508,0.46016848865937093,1.4927475462114415,0.0
1,40.88663040230501,0.02030170494558373,11.91423651678003,-0.003427544844045709,0.20407658851802468,4.558287684066321,0.0
1,38.94042367977866,0.02067840757978053,11.983511741310604,0.0025651831517698813,0.4500227062135835,1.056585081776043,0.0
1,40.346523459549424,0.024493263185313505,12.042814963265986,0.008068915008117107,0.40898997995164776,3.9440779259616705,0.0
1,38.742293756348175,0.023208860119054788,11.743677591552167,-0.004073978888274466,0.27125568883646567,1.3500576899537435,0.0
1,40.15160424020982,0.022289043201496193,11.968653901172544,-0.0030987882294652587,0.19749924789071127,3.6219385927187897,0.0
1,40.255384982660196,0.021150213424938745,12.0507841481635,0.005915412563110106,0.48869206137334126,1.7703691340249734,0.0
1,39.645945034343356,0.01905453131082813,11.995755283702845,-0.0002464398466375312,0.45067342334919647,3.4719214375614222,0.0
1,40.53177852303812,0.020868149963875735,12.005370715934824,0.002056837543233742,0.21995354624784857,3.333698684981111,0.0
1,39.3429814965499,0.021065351654135773,11.938301746192582,-0.001832562568256652,0.11542223531760593,1.7943001328536994,0.0
1,39.51876033089572,0.020521152820359337,12.108630818465597,0.0021220466105136854,0.27485614781462797,4.457902933913726,0.0
1,40.76662298875527,0.017527590722301374,12.007398951744042,0.006553484765921879,0.24755815905954337,3.004604877969232,0.0
1,40.27173045943754,0.017041756749246968,11.878554665075752,-0.002906530051371046,0.3039202534498122,2.568700888552149,0.0
1,39.29595097973074,0.018641301534490676,11.857591774223204,-0.0005906266906249204,0.006262118366671787,1.2573874125370508,0.0
1,38.99075969132991,0.02363200679346428,11.911188747631742,-0.00279803170697461,0.008654103879085162,3.857020704453047,0.0
1,41.91644183168285,0.018524940443703408,11.78661820936246,0.01074514555899287,0.33018574094447656,2.2408534325638416,0.0
1,42.20194118382999,0.019335434205553666,11.974156533383143,0.004244178768008637,0.29260821034103957,3.1560369694582593,0.0
1,40.46522305310544,0.021627337582514818,12.073304880499865,0.0031274446495342255,0.15641571130842175,4.912386585827349,0.0
1,40.650407500124956,0.018717382108966462,12.005659683340038,0.005550340571758444,0.4099127563309991,1.2952059119375186,0.0
1,39.43885827678765,0.0178020103759604,12.041806342712148,0.003088165390548016,0.06893223294442208,4.784946204077485,0.0
1,39.204184027233936,0.018921910287437435,12.170075987181228,-0.0033386079204906745,0.29354130935870876,2.6051866325283024,0.0
1,40.17941489498661,0.018133533083408915,11.910743809193711,0.003654449436908898,0.21765562176547498,4.513452437545704,0.0
1,42.15082316572827,0.022589735371628294,11.930319908152084,-0.0037352459244279265,0.1570507697555082,1.9786210737050127,0.0
1,40.50507690318439,0.021206698651053024,11.961857256187542,-0.007231365804764815,0.4962147998251258,1.363298565228209,0.0
1,41.26448230188138,0.02221982496537008,12.05921738664814,-0.010651254660950777,0.009329081699548325,4.207704074742658,0.0
1,41.315248413023824,0.01793427653070972,12.019680523313834,0.005679938785961688,0.02185886070002091,2.474110701561775,0.0
1,39.57229228147986,0.0192160176316103,11.984332011751027,-0.0015299905106512489,0.00847658946188462,4.235388438658673,0.0
1,41.478160874933906,0.018957307084329453,11.944712954274562,-0.0053166306553466425,0.4982579685967677,2.002831979926816,0.0
1,41.058599512462614,0.01649186066589726,12.012139255025682,-0.0027141192760364754,0.33776181426541463,4.300160113847956,0.0
1,39.839332637252674,0.021936105446630653,11.880734764688187,-0.003016948373602898,0.1988199197559969,3.976002249698772,0.0
1,38.78447350959037,0.0200581775210722,12.025125119032289,0.007724418605109737,0.25035325863083063,1.790918190021328,0.0
1,41.06266465646415,0.016846005433989647,12.120615062656096,0.0008621130312286295,0.30933827910894607,4.653524211714043,0.0
1,41.57053784967973,0.017591032325328586,12.15142449278231,0.007706586791842699,0.009411085660613772,4.115640850770642,0.0
1,40.644235674853626,0.021092508859309533,11.932099314934213,-0.005828099542665773,0.11675558038318118,1.3613584210565692,0.0
1,38.46814758727652,0.019330921742062433,11.99492694126737,-0.0015945525284384258,0.17312750783055186,1.0974446659188675,0.0
1,39.438208558904265,0.022568419414071398,11.96643402303962,-0.0029906612655420483,0.39252259857659166,1.5338091919838397,0.0
1,39.51476549076197,0.016471038433967668,11.986338768541405,0.004278450257669206,0.03939139871007946,1.8113065615574446,0.0
1,38.67563292181064,0.02622345342946728,11.944078881682888,-0.005648722709983607,0.40139511013464013,4.430324328995839,0.0
1,41.69505867333579,0.023104045467006677,11.878731359443279,-0.004844574946773848,0.24154756280441192,2.6795056297112176,0.0
1,39.39284449008962,0.017006593885624564,11.994665206290524,0.007664917141483541,0.25711754011920473,2.326874379768209,0.0
1,40.66693844690108,0.01979352880829945,12.209540851764254,-0.005937891631899176,0.10720710791917254,2.3918374867671552,0.0
1,41.362045358272745,0.02253784605086828,11.830499813078369,-0.004234420420955847,0.32181846834509054,4.326895079736751,0.0
1,40.91180679373865,0.019894572985937418,12.115911371334331,0.003554564731134827,0.435271903025622,3.6405449024479397,0.0
1,40.08804247445716,0.019361015192106687,11.979163589234913,-0.0020923609967601485,0.06595421038879196,3.4775782758335194,0.0
1,41.52489394418692,0.02116918280772174,12.056808836657936,0.004108675670959446,0.06860165078947955,3.269403386989451,0.0
1,41.251821387892996,0.024376655241370407,12.048380924785397,-0.004197570629019379,0.22301010917364922,3.1186016804467886,0.0
1,39.21774744232534,0.019657418179957933,12.08825471003104,-0.003878306080426052,0.1601896117438114,2.3357269319657896,0.0
1,39.99183137469463,0.017110975410988064,12.05250437105564,-0.008895774761100195,0.46303173494204847,4.140108492928183,0.0
1,39.21679377946135,0.0180294241295144,11.985484766756578,-0.0034139023158691107,0.3400248814863245,1.0335407577688227,0.0
1,39.293464010916104,0.021862442257132558,12.028291179556387,0.003649405333319386,0.42333952556770726,3.1607650401958765,0.0
1,40.4593284101814,0.020503265462974637,12.190214196627668,0.0015666887652604747,0.3972657484011249,3.4385260743171773,0.0
1,40.14659074481086,0.021446867996219726,11.984678802220122,-0.0041833180545585505,0.2353457683861811,3.4037709719808653,0.0
1,39.769328482115064,0.02034409229465584,12.167185813519517,0.0006343507776334664,0.4134676077928636,2.7999323497197133,0.0
1,39.198487894505654,0.018341166165798818,12.119583363064148,0.005934990121359611,0.24365235326217,1.8635497295542254,0.0
1,38.3565626471017,0.01994576254874497,11.93942261912602,-0.0015088029511747924,0.4427577653986326,2.5036121233442934,0.0
1,39.66476074913963,0.020474462972713315,11.965030570600799,0.0003388528491642994,0.08535562711239086,4.9198090716034795,0.0
1,39.857894406054626,0.021414713010600727,11.969144840246217,0.0025741705417927545,0.2262188929486324,2.8309519071652796,0.0
1,40.601872060803586,0.01929749755920999,12.096921699304199,0.009150124220151408,0.3490876010654547,4.144455694385165,0.0
1,38.67634172783008,0.0185290393477418,11.866366594328184,0.0009476821871248654,0.04923296993246595,4.343873709317563,0.0
1,38.400701141727005,0.02004380605866783,12.041983477608158,-0.0038649773101875205,0.2703799441370332,2.119381634947707,0.0
1,40.2994903054454,0.023032305238193784,11.949496927054312,0.008051821001856425,0.10260829811271355,4.481222084168909,0.0
1,39.98926964667787,0.019315097003418977,11.855114403798527,0.0023878549925496428,0.27434769575997253,1.137287242440744,0.0
1,38.62278962132115,0.02157897437077878,12.090747073082413,0.006621901742764918,0.10031723532434489,3.2148918186511137,0.0
1,40.3025917619554,0.017202208563014732,12.005275706368435,-0.006072129228438531,0.10516928835929235,3.757922318421035,0.0
1,41.77312015748951,0.017548201757628834,11.966577497694177,-0.004556869430053861,0.28762638810693125,4.092591566200376,0.0
1,40.67703769122926,0.02154214436677373,12.055121224514338,0.00017058960308764855,0.1250451526284984,3.200891086136987,0.0
1,39.95276893434157,0.019308021789066824,11.898132998981865,-0.002117064351085842,0.3777979990388296,3.025908982851426,0.0
1,41.22019929427943,0.019469237639169884,11.99547754495051,-0.0035988335444070182,0.37847629958439605,1.6314236542541312,0.0
1,40.76634411552435,0.020620178491249152,11.871341519382863,0.0018962189831532945,0.35957492569765204,2.006575723206399,0.0
1,39.321678606920905,0.019247292954553106,11.94109648027283,0.009250997847386566,0.47261969046745644,3.776979019028216,0.0
1,39.27549748498813,0.01875224439928777,12.044702211684783,0.002917392062636079,0.05201266157518003,3.8364627735287486,0.0
1,38.522577058431025,0.01969180718387243,12.033347158760522,-0.0028178812998023227,0.14640734178639814,1.2097497014868113,0.0
1,40.85849584050503,0.02118764208680527,12.066002870853392,0.0063682844730658245,0.016426941414118212,1.9885384181494974,0.0
1,40.58023091597292,0.020840456604710688,11.920706911687342,-0.0002870791188120699,0.3823260926753365,1.5541939149834207,0.0
1,41.468377018834225,0.01934713452004214,12.042181148359713,0.0034895127702646027,0.44153789835733137,3.076483933465163,0.0
1,40.147961235110195,0.01557598720931976,11.975703846529518,0.0011138663112418928,0.06553754560725178,3.986628099829879,0.0
1,38.96551963081993,0.017131048793102392,12.077564034248049,-0.005881613821613261,0.4070688547975179,2.7449833991575177,0.0
1,40.373559242078905,0.017713751169004168,12.037527274529817,0.00398359636726228,0.05810721661938406,4.270587827802701,0.0
1,40.65222923118318,0.019429922139507505,12.027666595501513,-0.003708342977762783,0.47811642446226005,3.998109000396171,0.0
1,38.38815877725619,0.01941012714449254,12.027471767597534,-0.006588946123764221,0.18740747359250215,4.153767726052465,0.0
1,39.59504820809093,0.01925600136263877,12.081815277903388,0.0064763969535403315,0.3710075169843228,1.0409672809588502,0.0
1,38.71064175020573,0.018114641777341848,11.956041607208103,-0.005299013054336313,0.3212752317113321,3.8890080121464985,0.0
1,39.16867694442572,0.019016889630789627,12.109193943548764,-0.0005923287171032255,0.21202492416905339,2.357615217317151,0.0
1,39.78793971365133,0.02315832454057578,12.06923888342305,-0.005330602062434096,0.33957763293056203,2.226885273291195,0.0
1,38.64176323227353,0.019037354631458486,12.069779524844884,-0.00857705449207668,0.30275474255692686,1.1028181635895922,0.0
1,40.24437063330686,0.020834829007449665,12.029482471507345,0.0020367786432982874,0.11864651730489384,2.1508885868747676,0.0
1,40.97269772354012,0.022063130362694854,12.06275608914995,0.00272848194446552,0.17234340696653172,4.230728653814245,0.0
1,38.46119645531855,0.016485959096822628,11.971771423208665,0.001592596387885131,0.05490728400950057,1.0123627217367668,0.0
1,40.34057113760545,0.01965535543623839,11.993248115773184,-0.0006706865114113985,0.10921624884066061,4.893151115868933,0.0
1,40.35763957519823,0.02047644101939233,11.894341388092176,0.0001545001411812776,0.29529889739164006,1.1046467148345567,0.0
1,39.79695431212963,0.020644196484116768,11.896748439896006,0.001953890025661679,0.1267772179732662,3.713834657037211,0.0
1,40.111103758314336,0.019772498014515527,11.825723481173707,0.008303185451538504,0.047901271944911394,3.5759472498425433,0.0
1,39.31313177615794,0.0177725580478669,12.180569016259568,-0.0038537342382083672,0.09438722178067244,1.1876300988744442,0.0
1,39.958037530449495,0.018191625395184485,12.115342684748171,0.007921557734040659,0.2629798566015165,3.7530511615689384,0.0
1,39.22818818118671,0.021058748745025342,11.932057028784406,-0.0006769217680324263,0.1905938743056334,3.862027329919337,0.0
1,40.6650803673345,0.02102652473880725,12.066396483230383,0.005418531229063244,0.3604180157161704,3.8391673151673444,0.0
1,39.48891755276025,0.016975094356708378,11.993260560193818,0.006981292080927424,0.24264146430124556,4.417032281007983,0.0
1,40.54064242977118,0.02022211767952949,12.046580425990095,0.009861368647564244,0.1897155180599447,4.974302535988317,0.0
1,38.91315940301658,0.020650444246499425,11.952086293129257,0.0026150073024090166,0.37512689444435204,3.526620558803636,0.0
1,38.85513182830797,0.020494036742292585,12.080706037480063,-5.3702975172005357e-05,0.45984110072147866,1.7114165042228233,0.0
1,40.143074262395956,0.021004140617729778,12.03184960102724,0.004314754277439907,0.009052092419647939,1.1897060899784706,0.0
1,39.536713323084214,0.021349179779899627,11.867450072597023,-0.003215660156852084,0.428017948272252,3.593475292671014,0.0
1,40.02164256063084,0.0207089757975204,12.038486497497942,0.001140065913512761,0.15991981496421626,4.550289631597666,0.0
1,39.67710872390482,0.02440563072275367,11.926368777319553,-0.0006283649986015742,0.42896120168254565,2.5034977309799697,0.0
1,41.40241591056946,0.021999753261053686,12.028500535301973,0.004224424370155272,0.13062630008576853,1.8202730866628034,0.0
1,38.55072526411648,0.01935106447343314,11.917745334474578,0.003746071353696789,0.08611624821948799,1.5885041883097806,0.0
1,40.75197248418883,0.021155807733015685,11.986417779005125,0.0037439461723484673,0.26205422883537743,4.2542143376581905,0.0
1,41.29613246500529,0.021638877309190105,12.045500828967869,0.0011297597089651719,0.4911363857432033,2.7065224794124987,0.0
1,37.2937397537477,0.01939335553883008,11.864670266674905,-0.006267331669186827,0.3156997401147863,3.4759523467118405,0.0
1,41.975804699624256,0.024978603574683688,11.950845870525669,0.010681530065669374,0.47620121099274065,1.0128183309772583,0.0
1,39.681414823224195,0.01823995698970081,11.981600596379053,0.00414791133768122,0.3792083048633563,2.7606563311458796,0.0
1,39.56746841680984,0.02221040002557245,11.817342798863764,0.0026785682871507065,0.13222885365626702,3.395895727185883,0.0
1,38.919728121337,0.018882430284006893,12.07888614816955,0.009121012443485198,0.23015880607651729,4.673446488383145,0.0
1,40.46996385418824,0.01974102495833095,12.071681071770383,0.01277630659409083,0.08721667868890526,1.5730960152953637,0.0
1,38.80443654754043,0.018937852489104547,11.89223896279875,0.003417876980020241,0.47933285511026946,1.8510855993135467,0.0
1,39.82773151706326,0.020091560922689305,11.941157605532588,0.004313095498881762,0.16514816196609,4.504673148152149,0.0
1,40.18354732255159,0.018560237546062522,11.991070594626253,0.0013034370808858381,0.49254866206881376,1.3785822290889866,0.0
1,40.69809841023708,0.018158224123414023,12.1171403419447,0.006891044029975283,0.40117223877404884,2.9894086445760673,0.0
1,41.05248570563993,0.020420277183613736,11.85797070582556,0.004565039710817299,0.031197699002062262,1.4490493130892692,0.0
1,40.826011809236824,0.016304651473797754,11.854880984825199,0.002811596751585196,0.18264311418767987,4.6685886908531,0.0
1,38.836511827862964,0.01976233649537345,11.993231245361201,0.00390598762152864,0.41072504733791354,1.2723956127197558,0.0
1,39.78492756194711,0.021096798914651,11.89378293301636,0.0001155636360730583,0.11129595288498007,2.1711872049749834,0.0
1,40.20370803289372,0.01881180103527598,12.003597752376733,-0.0011300036823060045,0.13048190022704464,4.802661671004679,0.0
1,39.65982396598377,0.018014159617879343,12.04372328935538,0.0027816779128560128,0.05908973640834414,1.0197009122210559,0.0
1,40.65784495462027,0.01930906998549109,11.941367484421145,-0.0012333930910574332,0.4759734878285942,1.1335955590411348,0.0
1,40.35468268092047,0.015407061116425076,11.908547155399743,-0.008306883791088106,0.24742648497096253,1.4612288828359823,0.0
1,40.7681997348747,0.01762261934568673,12.00897392943464,0.003193189615914701,0.2681104306722856,2.165486392586605,0.0
1,39.695989081111854,0.021988075536282407,11.945812753220528,-0.004063768088578569,0.2975322655882318,4.3514142586875995,0.0
1,41.301997902081276,0.018206220799905734,12.062739027910752,5.951617727619678e-06,0.12225688920678146,1.2859996136477765,0.0
1,39.964728547151175,0.017847319998126335,11.974307666736506,0.007069309555014564,0.4529498281275215,3.561103398954808,0.0
1,38.82401190913543,0.01862747978012596,11.933717600149071,0.005780771073759591,0.19665095933326832,2.086520523950071,0.0
1,41.34305164470068,0.01899797739724725,11.980695771897802,-0.001874634524821943,0.23334683656557625,1.60505890537542,0.0
1,40.04985611999263,0.020561518640015257,11.936309665554944,0.002581173356261538,0.47636251363501586,1.1299735546948386,0.0
1,40.6870522005755,0.020743595489764958,12.038111218816066,-0.0020569441813072936,0.29097096017710145,3.182956562775311,0.0
1,39.9792297636813,0.019406022688507604,12.072338145411285,-0.005590882927668212,0.4829121566364121,4.657394237520661,0.0
1,40.55109620682718,0.020889590033059173,12.03165073519603,0.0009991206709978146,0.016457327543824063,1.4587584738459065,0.0
1,39.34464083576461,0.01815442672802306,12.12035521004874,-0.0006906476774365267,0.4130539439332059,1.4522602537014286,0.0
1,41.51169304569481,0.0194592633713101,12.158965679888691,0.0025468847906558213,0.13139870081341132,1.953896666397346,0.0
1,38.647095939736076,0.02128763518904466,11.831997633122457,0.006094263511587458,0.43286308275103985,4.754430790876204,0.0
1,39.62236390943441,0.01497620228483676,11.962178349055769,0.002804185031734911,0.3673083102623288,3.5405169532058944,0.0
1,40.75731683151929,0.02003009754984267,11.94755429547967,-0.0011428388608307792,0.410907191210033,3.9416848411116665,0.0
1,40.341690767747565,0.019365591562837136,11.89369283756496,0.001526356276914438,0.43360031190005305,1.5993783827068668,0.0
1,41.02763448776584,0.019115244082247063,12.221983345389472,-0.0007177389299552552,0.4654981719011884,1.40033240930988,0.0
1,39.12710179813867,0.019856768188111214,11.972384989129225,0.00252312526542574,0.4368762050518348,3.362928863544959,0.0
1,41.145643709902934,0.020612075902182794,12.061644091370589,-0.00093086713732078,0.012758410230775286,1.1619313731366887,0.0
1,40.70740396768107,0.02008787275942931,12.023155702556853,-0.011968084503271234,0.2467590739749958,2.1281875429656147,0.0
1,39.955008650820886,0.022190481688110948,12.0209046588343,-0.001385189830044784,0.49854004895340187,4.364721789814548,0.0
1,38.89770118161964,0.020217900860736288,12.059420168439722,-0.00020942383394359607,0.17601754440336864,2.9657106925924928,0.0
1,39.18148103265214,0.020453151200677668,12.092648992679566,-0.004767725172501232,0.47733416344088503,4.560104693531711,0.0
1,38.8852728455695,0.020689279059016834,11.837829126809341,0.0012983296046306322,0.431079750998312,1.1287009873236875,0.0
1,40.220786480773974,0.01862425297476828,11.967753344984363,-0.0069267114668096035,0.3187379880848066,1.0153313319522992,0.0
1,40.3236273093132,0.01701977724501442,12.020387443868561,-0.0029801920771567857,0.1407934367703781,1.1331668564413468,0.0
1,41.065742786646744,0.01861604940355689,11.634818157493966,-0.002364607576334385,0.3701367612011958,3.23313510399911,0.0
1,40.41669000479221,0.019936976204224483,11.925033317268282,0.0006300181845033405,0.14900442488001386,1.3804274081085453,0.0
1,38.60744431879631,0.019353796855378268,12.195946712791168,-0.0002018404688630341,0.3358542488766781,2.563464038152887,0.0
1,40.25866800625463,0.021479923203851874,12.140163287474763,0.002901765416924715,0.019641591307880624,3.6957113555032235,0.0
1,41.38465417527083,0.019753043233397896,11.827062754660332,-0.00024450325725684406,0.013128342729426645,1.1644027438395863,0.0
1,40.59841933000652,0.022497100122527786,12.009709435116774,-0.003501022554025594,0.059873275296344175,2.2287670985921384,0.0
1,41.18875122329634,0.023932054231080715,12.097440161531981,-0.007974880954327319,0.49037713777328024,4.661569703606142,0.0
1,39.84463553051579,0.01879243418774955,12.221498373737102,-0.00996642567870608,0.4979593081658194,2.9081271419269408,0.0
1,39.04950653676414,0.01671460305243914,11.810577691772014,0.0017254724277307551,0.07494047286413297,2.954484804640273,0.0
1,39.605776941465834,0.020790972045457733,12.009288036906138,-0.0016143905008071918,0.38979526667829084,4.9094480602511155,0.0
1,39.40941977667394,0.02146904780088417,11.90114126082002,0.004208853635957607,0.3393381207622721,4.687104012231181,0.0
1,39.503311720523925,0.019616726925139397,11.857912103245123,0.001014079143880262,0.21213788024042535,1.084761125237431,0.0
1,41.32626842017185,0.013680710334642934,12.079685171384707,-0.003755787438881955,0.35023913872261186,1.987177958085073,0.0
1,40.1539861306069,0.021868328217552205,12.10030476134833,-0.0022313383086618654,0.36856517955984125,2.046731689070173,0.0
1,40.270266695197506,0.02248235586387292,12.12795310414342,0.005179792201968148,0.2356647441503436,1.93043165856225,0.0
1,40.698791029953746,0.021249076160646835,12.085150522199209,-0.0008333794613227369,0.06242379183357116,1.5586319892484202,0.0
1,41.97636239943556,0.019024753133955487,11.952090817547205,0.0011535773102518503,0.0036006708925452324,4.654760001865162,0.0
1,39.79921706167812,0.017903953081970785,12.053976631035654,-0.0010696293430039925,0.44093210531777977,3.9068263001102728,0.0
1,39.782270516524065,0.016796545361918415,11.985714513170288,-0.0014850347026905445,0.13352473355342087,1.6580868744051505,0.0
1,40.001295587206066,0.016947454567474353,11.994158290861703,-0.00339536721517893,0.17971925125718663,2.3045288006414557,0.0
1,39.76314867689894,0.020364834947151543,12.209118834436461,-0.005846924939753363,0.4001216216985112,3.5366863000810063,0.0
1,39.802763314561254,0.020048861921300787,11.99081908040094,-0.0027703338422980024,0.4183258395762383,3.2080759655037716,0.0
1,40.58969928171655,0.018904746582992276,12.088121755309817,-0.0017324622882942922,0.4385602969353395,3.7507455717405653,0.0
1,40.355075398566264,0.016728326913076207,12.046230578834768,0.0034003000625919396,0.14913148292142053,1.8383010117989937,0.0
1,38.95271798280904,0.021745793350528897,11.882906815891257,-0.0014662969530541876,0.011817259750292963,2.37111250936178,0.0
1,41.117021041505275,0.020076939137037016,11.883191711582615,0.0038758039238248406,0.40844399705546053,3.3292385404542433,0.0
1,39.390045675625274,0.019133737146031466,11.94380573642461,-0.006111639164424633,0.37683808625594034,4.8393778980174815,0.0
1,41.84641329741316,0.015550960098321846,11.859270742612331,-6.367909915154603e-05,0.3033944663542079,4.021398241962746,0.0
1,39.986106493379,0.020932637594055004,12.036311535380593,-0.0055782068502345196,0.4304414582853745,4.4366787599805235,0.0
1,40.006009444270234,0.022252027682463572,11.906865827078972,0.003406185241484459,0.279210715310718,4.669147292014303,0.0
1,39.24132969180749,0.018370516554479622,11.93887229009887,0.00245516224089551,0.07301374822172241,2.009401654739117,0.0
1,39.99597909314454,0.023595209278087764,11.907947613670178,-0.00017045460091897154,0.21400641166042877,4.015254754802534,0.0
1,39.64993703280289,0.019294890951174305,12.108000514295671,0.007367268570268384,0.46400034631187964,3.0447196441705273,0.0
1,40.11164197021803,0.023275576022622813,12.113628607070837,-0.006545400427218657,0.49664979816253946,3.0165453632235293,0.0
1,39.822594646170515,0.015962354823022898,12.124526493065824,0.008282976358455322,0.15758767285726388,1.007560599065413,0.0
1,40.223237224064526,0.018646604015400536,12.048685540070167,-0.0023066798245164467,0.301862896104475,2.7533733734293997,0.0
1,40.374758958861776,0.021866515684804903,12.043747939976306,0.0038810060671964335,0.15207680227655596,3.6839902908412276,0.0
1,39.75625267031455,0.017781782623841082,12.104994092635401,0.0021228334979918706,0.27533146021702476,4.68931752712264,0.0
1,39.05512637151859,0.019413854531651557,11.901157930764052,0.009800157074896104,0.36074100328175684,3.502613482236767,0.0
1,40.21841565742719,0.01456260978465049,12.115583192543394,-0.0008335782021656362,0.24454498312138884,3.264163640836133,0.0
1,39.40151734573996,0.01995274849353353,12.03480193076105,0.005688691893787755,0.2512628544777722,3.4942997210958495,0.0
1,39.37170089963443,0.018328325963005283,11.915358770929963,0.0023705553729524115,0.15483292111121766,2.822716574845758,0.0
1,40.51779879430478,0.01760079675898798,11.988008209652676,-0.0018799383875201282,0.4053975824957176,3.828545887445818,0.0
1,41.97727068974977,0.01922738483236634,11.731209299986775,0.005512637254006566,0.010606660349071373,1.652447013563361,0.0
1,39.41134163939996,0.019884469339221184,12.000774218643823,-0.001529308304657436,0.025820264175377694,2.312012810454961,0.0
1,39.30393629382153,0.02341502854501909,12.079211675300574,0.0001904354293776651,0.10978632633701679,2.2991888083750514,0.0
1,38.61510385568655,0.01996643625582871,12.025232207846814,-0.001778078541636979,0.09389694070257992,3.0676420962891293,0.0
1,40.41607896697185,0.02114711614031189,12.046850898459859,-0.003083855575130877,0.000989127843409987,3.1888110757662176,0.0
1,39.1978138265636,0.02019925683870371,12.092564208827904,0.006918478778113044,0.4757882764360274,3.437208416502407,0.0
1,40.07281340248936,0.019184546186378243,12.051815494901623,0.003529212726020634,0.15012806306849696,3.6767146871449574,0.0
1,40.72424389303329,0.016312062096708844,12.118541862217096,-0.002271108623441972,0.16425586620535254,3.6959594999816416,0.0
1,39.59459688795946,0.020459671316202795,11.856430407759985,0.0012576096981785755,0.49155150707289075,4.265657790555594,0.0
1,39.709374262185776,0.016553653590794137,11.993669663161924,0.0032994834290956897,0.4845610423042067,3.6126304341298403,0.0
1,40.36219103108998,0.02406469546731942,11.856202537997994,0.0011313229752648627,0.04680656086899415,1.6673975836466348,0.0
1,38.47790134285978,0.017268793537647695,11.947006480960892,0.00856347247303989,0.45089104424618803,1.5184399088313247,0.0
1,39.085419244067026,0.02005054005128851,12.018917940879861,-0.0041117152828183245,0.49363967622406746,2.5731586609032195,0.0
1,39.667707168117246,0.022038335507679425,11.885903383252721,0.0012287100197967125,0.07463960575111744,4.455863430914938,0.0
1,39.870791159263455,0.016297574299350703,12.187314606628506,-0.004736586600354833,0.21514853047829618,2.533852691946416,0.0
1,40.47054771212302,0.020294927917244875,12.0855620684201,-0.008401989938627062,0.25056709204220207,2.139971477023481,0.0
1,41.409298092799,0.019093121641377008,11.970699811611535,0.008298969474878164,0.32276648517439155,1.9772446430332744,0.0
1,40.718483716762606,0.020473547014005444,12.132014194082478,0.006187780487730973,0.3507655263725998,2.915317108810252,0.0
1,40.426827655013064,0.02271025806488395,12.023044215763102,0.003877738928560373,0.07825426006402664,1.7529767723233736,0.0
1,40.35083481041192,0.020115547619526334,11.921808996777933,0.0038503975877188174,0.3033338242833388,4.860402747776233,0.0
1,39.15972547179671,0.01819847658907618,11.983347184905584,-0.0073302870449547045,0.3668644264172784,2.5334872955795484,0.0
1,39.85893840348787,0.015594905547661818,12.09360258069461,6.642335276477751e-05,0.20802334026901775,4.456317631312553,0.0
1,39.796934390217146,0.016770823157599916,12.027288698396504,0.0013148919185831324,0.2774220774963837,1.3476472125643495,0.0
1,40.38665150585114,0.02030986450796338,12.070606091695142,-0.00031882217422657936,0.18099006593215067,4.064597973631811,0.0
1,38.856168635752475,0.017978258630396954,11.97809650522466,-0.004815128773773541,0.006601503812489695,2.426689707280264,0.0
1,38.794907218061745,0.015115981884856262,12.001191797330957,0.00182255235742586,0.39645262734434317,2.5188653553284177,0.0
1,40.81846159596846,0.02304736033423379,11.890812047021413,-0.003137615858145264,0.029863228215391224,3.366511287380485,0.0
1,39.90493428952367,0.021560858161066815,11.984196938852666,-0.001873677964326361,0.08747031490490281,4.07899162770437,0.0
1,39.64545236816932,0.01657100232145273,11.955524925427126,-0.007672603625917241,0.196580823843702,2.7210409230159227,0.0
1,39.230522286764945,0.0184476762468605,11.9332899868908,0.0017611505415034044,0.2852446554103116,4.887501415176486,0.0
1,40.04309156467816,0.019105234379652426,11.94272425274462,-0.00014896199954801998,0.048620355319377195,2.200942217575046,0.0
1,39.708725806054815,0.018512194332913432,12.077045519016416,-0.0004080509705482779,0.3731448674882088,2.02524302990098,0.0
1,41.04680208002331,0.018149722878830928,12.122675683436663,-0.005490764811334405,0.41730025952338534,2.3315163368238014,0.0
1,38.355742556886625,0.019246153321077306,11.978251177730396,-0.0019791217288696963,0.2598908532449139,4.244964901416714,0.0
1,39.41431381117263,0.017259132360872387,11.941711454624079,0.0012697654752311918,0.44732814342716426,1.252295580312769,0.0
1,39.81655288116558,0.02623720723230362,11.73599236982211,-0.0010945252125317206,0.14203875466620702,1.8139233971002793,0.0
1,39.63948617374622,0.019185239739217576,11.906139199853062,0.002575017271285689,0.04077748094167516,2.47389083690808,0.0
1,39.25907322081747,0.02110867352458871,11.99921792880209,0.007901518410566175,0.05427930083834648,2.317429620231284,0.0
1,39.44043275226855,0.017185417883706307,11.886354493903257,-0.0014206068523378366,0.3510484085457619,1.5034429981428095,0.0
1,40.54974752252296,0.0206664945886006,11.923507399665281,0.00340090533583622,0.4297768352359368,4.5108611072126745,0.0
1,41.47117852019125,0.016531499715558808,11.923753326950651,0.0016810748147089891,0.31130623751519604,3.20551989378611,0.0
1,40.12409697123347,0.01991649863581699,12.114334113580481,0.0006496911420093156,0.11511184148187731,2.7653728453470925,0.0
1,40.91718896411339,0.021551632760016252,12.006864183441017,-0.011680029265261283,0.12303136133012449,2.02303196606182,0.0
1,39.64903501760102,0.022034911408665626,12.06483466685163,-0.007163584458189868,0.08609000024809743,4.321232908914567,0.0
1,39.360777527330875,0.01932833509343491,12.001812770873787,-0.0010335765594154498,0.39940917057981523,1.2207727802756323,0.0
1,40.53532057453247,0.01979225745777377,12.082073203496964,0.0008777095691941706,0.4103708869717105,4.106479969584315,0.0
1,39.17881634480129,0.021154221216329046,12.201510233792655,0.0013736335212197453,0.11104980251764651,4.299199546568097,0.0
1,39.37391668882517,0.018617295484703176,11.914386393273142,0.0041670310505700706,0.11682730924193696,3.6457060587489396,0.0
1,39.171107294092764,0.01870397518506353,11.98913620542318,0.0017683738511815822,0.21779073414014838,2.0708662613477826,0.0
1,40.38908198882964,0.023247374023862365,12.043051010082678,0.0010310766844631508,0.4823419393659558,2.775438866703068,0.0
1,39.481941681033206,0.018681700363739322,12.128142754754554,-0.004257162544986294,0.41222295601256187,4.753894395635799,0.0
1,40.801661736607464,0.021962104932946577,12.058824430734433,-0.0024120640832614023,0.05256683132298695,1.123992172534872,0.0
1,39.6964758608793,0.021342044504905993,12.149790880534217,-0.005629402216978521,0.43028965815206444,2.0281558585995194,0.0
1,40.360323858833965,0.02028759264893336,11.982935190166327,-0.006614212902502581,0.28749953273883866,4.66910410802543,0.0
1,39.18781148700685,0.019182652365337925,12.19114290623956,-0.003728989292780345,0.22675747575702038,3.356268461368056,0.0
1,40.04276970447904,0.021322970245344016,11.87982532989305,0.001462054901217361,0.005870801791932612,3.2899827867299893,0.0
1,39.24303383396301,0.02077757338482263,11.938853233424663,-0.0004618512196491824,0.398615552297805,2.2829106092234284,0.0
1,41.24496994302974,0.01871477734852621,11.96266347690986,0.000167774638822568,0.35293470517323083,2.5274765515425797,0.0
1,39.695838223817404,0.022909801388690164,12.07420250455042,-0.005474856705970291,0.30612593598538124,4.0682252553351566,0.0
1,40.242197966572,0.01579501538939206,12.2470001103327,0.0016936588208895096,0.3776580372004353,1.034682803394745,0.0
1,40.12337306460313,0.02432106305446283,11.886117018355886,0.00652481483497511,0.007611481354454885,1.7440050147110595,0.0
1,38.93904153750591,0.022007188247427808,12.147521991317035,0.012508807838583802,0.4738538018540438,2.2535701988798063,0.0
1,40.94204134269298,0.021827767103333534,12.153725235891393,0.001686797479066666,0.12625831454000147,1.5238498178634416,0.0
1,40.55975236031703,0.019121757485192226,11.96021656542643,-0.0038797322156646887,0.38969913894205843,3.840564169153437,0.0
1,40.227815490967615,0.020897048914746242,12.077637149982097,0.004880803819147553,0.1199116376257765,1.5373604141293535,0.0
1,39.51393395118813,0.016988291945765455,11.891107841541087,-0.0017822484248132577,0.22545067185041634,4.314817802261805,0.0
1,39.06415392606167,0.019258784657508465,12.102949536292009,0.0001559808818397191,0.4316045515955846,4.34627559507631,0.0
1,40.15568673358551,0.02164234171611519,11.961765513012011,-0.007471297467141206,0.06712525371967043,4.836906340943621,0.0
1,40.81407527342387,0.018335190701238752,11.893082077617235,0.0023126109531623994,0.48412706326063065,4.435480566518436,0.0
1,39.170157163794386,0.019028369226706924,11.96955376452375,-0.0005547558469475408,0.4082238778298535,1.155421634802492,0.0
1,39.10716314788645,0.02189076932573514,11.987870098687846,0.00040499387376449286,0.08273160904556931,3.971665460830159,0.0
1,40.3542764584966,0.020044840423897474,11.919191295977534,0.002444975323054501,0.017636311730482856,4.822812287030498,0.0
1,40.53815653355587,0.01934010288027451,12.029129713784723,-0.007406396227756465,0.4173905923256832,3.973639666760648,0.0
1,40.458625381303435,0.018877676897173234,12.0166337735171,0.0017483870196722208,0.47644267096578274,2.3213723613033697,0.0
1,40.972874393140074,0.019206094667273747,12.145028771076102,0.008345369727513947,0.40186549018363155,3.4862738813045877,0.0
1,39.06648837654557,0.01687958332322224,12.032311026701242,-0.00779854750853174,0.3320968426373727,3.6882100598323704,0.0
1,38.11556042049196,0.019801247514458508,12.045457660478784,-0.004225091087852343,0.3621861577366621,2.620675113820694,0.0
1,40.05004046688211,0.01872856410515404,11.983748431844834,0.009144381364502614,0.23560359660422875,1.5715576871727714,0.0
1,38.90350804519559,0.01691763141047232,11.958448858178775,7.12715532630748e-05,0.3985210966683022,3.9296797291179146,0.0
1,40.112119596985444,0.017234776499818288,12.213313782134598,-0.0107390635809366,0.3798426219964457,1.1602218556301613,0.0
1,42.43250449555387,0.019001144136910474,12.033418886895772,-0.0004213878594906793,0.3824355378648752,1.1727204072410626,0.0
1,40.41525198883313,0.01942117294215469,12.033643823189573,0.005178805340452572,0.21994806521719557,1.2664802292255937,0.0
1,41.28600747057427,0.022986662681581005,12.050580472950488,-0.003864416487366404,0.2562897296870208,4.415813908160159,0.0
1,40.02732280888249,0.022968540868321837,12.030106000786818,0.00024072359545685267,0.09667598339975214,1.9313128552022691,0.0
1,41.95867956674492,0.020101115687260016,11.955157865083384,-0.0021814414319878007,0.23657609581174888,4.171808234211515,0.0
1,39.50201978437544,0.015704396800706528,11.938314804204117,-0.004555656710349331,0.17309578686107135,1.8499082338042072,0.0
1,39.5666229848256,0.022550049317331466,11.98979769187895,0.006820925068867675,0.39100144387329044,4.4613337173761565,0.0
1,41.140993995955256,0.02114236325992866,11.912578342903982,0.0014679418871113897,0.4986143302441464,4.612384991011087,0.0
1,40.475409401674945,0.022362049550259968,12.088049558400508,0.0006463733713919173,0.17912267985167873,2.7480024115590767,0.0
1,39.871421548009664,0.019090385297159375,11.97106718545115,0.002398203358601365,0.17882220104306973,4.433189698427886,0.0
1,38.517744135335526,0.02007894746501014,11.97545205026206,0.003376459826702208,0.4265193699317624,2.8185722518780025,0.0
1,39.61389964398505,0.018533863871830605,12.085343421801293,-0.003817526691282551,0.49429321190290665,3.705161332881287,0.0
1,40.2246681466588,0.01822664700591587,12.00666623760764,-0.0004940116262608706,0.19497784487434217,3.1296100755775607,0.0
1,41.26296152396989,0.019304712461796842,12.15088816920766,-0.006031025787062136,0.3332123518992931,2.1656608627297733,0.0
1,39.975071937832055,0.01989002054466942,12.167521869306196,-0.005385709010023273,0.2942864178958995,1.2418425839632667,0.0
1,39.14025463785885,0.01927132664865869,12.10547560083469,-0.011171569153865262,0.4264947178880098,1.4559163371299255,0.0
1,39.15575152339983,0.018625440414125564,11.937437240314146,0.010339039350727148,0.12052233658883788,3.3988907972371853,0.0
1,39.523871939131425,0.021973976180747843,11.976705637578764,-0.007283013490832561,0.155204301947574,1.0159516380488212,0.0
1,40.136028532410904,0.017943607066925917,12.02571283048691,0.0030268403601491317,0.09372951497691101,2.564460946248227,0.0
1,40.368121311729155,0.021170505583667815,11.932984292733089,-0.00040809604277746873,0.18797841802478005,1.5792614185832634,0.0
1,39.20958410332712,0.01781477274461974,12.017571159613226,0.004251432095695425,0.10830172326126614,2.7931168297796938,0.0
1,39.072194033918024,0.020134451912425765,12.02927487398603,0.006427073496057754,0.15610532105786162,1.0357231568982805,0.0
1,40.9045722377558,0.020596043754556353,11.900799870450381,-0.0043249477235862265,0.11425560390015149,2.941366513425222,0.0
1,39.2897863125187,0.019335819065722498,12.080236679719278,0.0018472975329392627,0.04192856042458337,3.4870320816075995,0.0
1,38.863760174631246,0.02027039433630806,11.868321623524926,-0.0015108760072468988,0.15422774440089482,4.312246978000067,0.0
1,38.76660572769855,0.018140361545266583,12.077012600507796,0.0010816847765095828,0.14194343802177134,1.1613621910528713,0.0
1,39.95048464868251,0.02132799084905723,12.048184208902962,0.0006454848942879544,0.40542070312754247,2.5823415324721055,0.0
1,39.084666057929375,0.02045202209571826,12.143736104281126,0.0026922140677107195,0.21200623447647454,4.288310176167524,0.0
1,37.9203415130704,0.017934392125794934,12.025572424159105,0.003588758784189041,0.13125660668344313,1.4029793183210217,0.0
1,40.10112478534185,0.02113053261427266,11.898058077397577,-0.00039269814727430964,0.15327917099903998,1.0367867907121746,0.0
1,38.7477941306342,0.02058113980723682,11.883829213438098,0.0027100792375318317,0.19193957243659288,4.666096397407137,0.0
1,40.01549136542585,0.017911436049237978,12.101405153073856,0.006097533591138701,0.4885871696809095,1.9600916216835156,0.0
1,40.902535512757446,0.02246107688021269,12.179914615886352,0.0009815197890252227,0.3027492201388379,3.5606145014509205,0.0
1,38.25070620656407,0.018537681942342624,12.019097248587427,-0.002593035237829731,0.46446504827070334,1.6929971078170594,0.0
1,39.77749651984692,0.019732347354412615,11.912494242539449,-0.0007897694696999942,0.3994663701166424,1.636020809029087,0.0
1,40.987132767106345,0.017200319347373146,12.050503615769388,-0.003409048497282649,0.052304865170468395,2.504879767485096,0.0
1,40.02464458276384,0.019575799385533117,12.11856411349222,-0.00789499453549183,0.4883440418660013,4.920634698865049,0.0
1,39.88607408380935,0.01651698170643992,12.010758932943501,-0.0029891038067947568,0.3082036773236596,2.4233198008842805,0.0
1,38.74462031990523,0.019443841372119533,11.9234375143755,-0.00269581460188663,0.4168049897537204,1.159054625118698,0.0
1,40.478874073353545,0.01888645284745445,12.04650550725952,0.006810613218607215,0.18469875514312845,3.399956401632936,0.0
1,38.99838133223499,0.0202834245507372,11.940225756447939,-0.0033321042552920356,0.13492333963879116,2.0655236200284417,0.0
1,39.27988565216843,0.018713033797905586,11.933492101019517,-0.002632743048561519,0.1479819752975568,1.5713507238039592,0.0
1,39.7016766754175,0.017106997269897,11.999241496264478,0.0029345171586206273,0.35857051088820174,4.381392206201908,0.0
1,39.40343080125952,0.023832923211582934,11.946798883685554,-0.0037821554213152858,0.1464923414393352,1.9336448750833624,0.0
1,40.614813216742284,0.021917111639169203,12.036277684436726,0.010355708877459107,0.16757371085197914,1.3933048015622278,0.0
1,41.43138991103754,0.02154911941677789,12.200193294758833,-0.006090685312510366,0.17185389266651707,2.9506816615605027,0.0
1,39.643939794670416,0.017820438680418497,12.030447529210944,-0.0035899187486495127,0.13591929367908245,2.7048088413833136,0.0
1,40.70361609230166,0.01732101925538123,11.994948400386273,-0.0009204663719735706,0.3340700703479885,2.200347234909286,0.0
1,40.8047014990456,0.02144258728159396,12.105791977003946,-0.006246306990928039,0.4679635741365853,2.9656548878374185,0.0
1,39.31220612138555,0.019338927955095658,11.972320483774014,0.0009754962173381403,0.24633480015446485,4.614520676113035,0.0
1,40.67926865312375,0.013065439988325961,12.197974378407556,0.004001600098007995,0.215986748725504,3.174308731990583,0.0
1,40.99305877629278,0.021293776788302972,11.977068638449106,-0.0030530261936444016,0.3948016357569552,1.2099924871370402,0.0
1,38.81402634874813,0.018239296890425152,12.07653158342511,0.0001052014483826963,0.4607377485488428,4.514596691309045,0.0
1,39.37413511244562,0.018579861341280087,12.099592874468367,-0.005365973017887351,0.10542168619824138,3.2069833051537957,0.0
1,41.50463259948151,0.01801862878951146,11.988137749261519,-0.005478775956592421,0.38082373087682436,1.43320384779902,0.0
1,41.94333838107154,0.020558806334288166,11.944183082713657,0.0028154758436526772,0.3292567183074921,1.696354480622531,0.0
1,41.08230429718543,0.022768638490552474,12.050265538938737,0.0014063585992711047,0.06849750494506612,3.3226118815884345,0.0
1,40.83473328946303,0.01836866392876391,11.994920663256854,-0.006814851037399309,0.4707745677099156,4.863157298309774,0.0
1,38.67800388232764,0.022531425954755213,12.04693878165452,0.0023827009139552216,0.07790526287339017,2.9576810910810045,0.0
1,40.10206230660022,0.017776497561965816,11.978386615488828,-0.005680014424056409,0.23322538325005476,2.02861792428472,0.0
1,39.15144603745714,0.015924655890058398,12.020121190861657,0.0008332983383970301,0.16492881085025168,4.648458209906108,0.0
1,40.43774669808572,0.021467096335677824,11.90370102305551,0.0050471824441782,0.207771824465232,2.725315764378175,0.0
1,41.76851916824442,0.02152513167485635,12.064821252732182,0.006739480014573319,0.385614187509997,1.1550514399368597,0.0
1,39.35653414277743,0.01998580495472522,12.059459774089223,-0.0066993062230243814,0.4098183857590219,3.728216303668441,0.0
1,40.76413765488872,0.01759511911254997,11.856969184151142,0.013975818664678025,0.06658885039418644,4.95933566085091,0.0
1,39.33294285009021,0.020023777374952013,12.169909495042797,0.0007626904509297066,0.27533851380863106,3.408120022777617,0.0
1,38.78551822320676,0.02222187694498996,11.909748874255936,0.0053394299158125245,0.270105512602419,2.390654167975672,0.0
1,39.572779970281026,0.017017273987210764,12.02774981296337,0.00660236790456992,0.020709591207237588,3.178190342364192,0.0
1,38.06413680063778,0.022444578593795193,12.124162013836791,-0.0024258977272668815,0.45805313610266657,4.17624710867201,0.0
1,39.36127104908118,0.018723162974079496,12.021798395549865,-0.005132630404967986,0.17640298052333392,1.2161544691069999,0.0
1,39.29025033910784,0.02334651129599589,12.106418685630679,-0.0024650039613414447,0.31270994206765895,3.543230033389587,0.0
1,40.41667496062858,0.017332694892474784,11.978732299103088,-0.008048909614452225,0.10712725799430695,4.9611636018606635,0.0
1,40.377019431235055,0.02181842902827359,11.990659753124312,0.004727159911004802,0.12947344487181384,4.416262525710037,0.0
1,40.98520211614996,0.0173365941825835,12.100653693584828,-0.003889641063314275,0.22717625537164932,4.35969404769078,0.0
1,39.96417325382074,0.021206236178249495,11.90952874874981,0.0005795449005332331,0.07404531274837228,3.001469711615728,0.0
1,39.98222271047995,0.021470664260238755,12.05170459378703,-0.001293566465965002,0.12063632370596633,4.069434864460171,0.0
1,38.04924388105539,0.01853862681643968,12.074313389011891,-0.0016058013544915665,0.2848823733948487,1.0965632251492528,0.0
1,39.639936379709255,0.022224256239395987,12.049338517394233,-0.004670015066477343,0.19594496018004443,2.5382182417555734,0.0
1,41.5560108777272,0.018262450615981328,12.026961761404442,-0.00977020536910298,0.14161538004158242,1.1385653690694921,0.0
1,40.232581328867894,0.018095260374757106,12.164427310016183,0.003189801283914263,0.23229885058042354,4.459100391672996,0.0
1,39.808806074873296,0.022102250008345842,11.756663824734366,0.0008547117808874657,0.2642956489704209,2.1587308855193634,0.0
1,40.54432246481534,0.015368227752415699,11.790690621395624,-0.011444132766786283,0.0937597599417605,2.535216154485499,0.0
1,41.778316971035395,0.018288319270600584,11.909226441018163,-0.0018712253558343115,0.05514297186290107,4.700852975667223,0.0
1,38.74263300555223,0.02214062425476635,11.829177937662756,-0.0035321657321949235,0.040544054507080596,2.9251549914790895,0.0
1,38.717303942563575,0.020795839800803014,12.038205678130224,0.004758266964229936,0.11966691532160784,3.821877983415724,0.0
1,39.38183999833022,0.017703340569573886,11.931298084652713,-0.006564731684810481,0.02280574184525963,2.89035376856729,0.0
1,41.14330993905099,0.023947553080232227,12.021544831544242,0.0005666187437893904,0.3427845518069229,4.97361072352134,0.0
1,40.60068945495613,0.019986228179784227,12.024833702954934,0.0019724630847248233,0.16993460561670332,4.3289211413228585,0.0
1,38.682261453374956,0.017516486652705016,11.982512870822605,0.0010211921628257793,0.13865006680596836,3.5335706055541256,0.0
1,40.721134941474034,0.018660712320977112,12.045918580335538,-0.0031946652343790593,0.017659812961197896,2.2989113252312645,0.0
1,39.97383157536447,0.0227933306094614,11.834891344022061,-0.0011998184547120183,0.03673109401422864,1.2110066018742116,0.0
1,39.03344157450657,0.0194398839448943,11.925590667948773,-0.00410825144264724,0.05620493708562796,4.6575295298484125,0.0
1,39.93224149807183,0.019934692756754205,11.993454317205208,-0.0023676647620894152,0.3395781399580018,3.9481709194981964,0.0
1,39.557625288763084,0.01960205241367562,12.007367328566078,0.0019454660518368725,0.0516432589384585,4.429859518305816,0.0
1,39.872745718849664,0.02023479353391993,11.975126605656918,0.004177135946960872,0.4342514247554338,4.479779023530684,0.0
1,41.46556958000342,0.021649474386537276,11.950287667850445,0.0027646591694873556,0.45495993335840434,1.08777396342313,0.0
1,40.778766385234945,0.02232157918615363,12.062581671162752,-0.0018390849474286895,0.4326732220088107,4.328844075112575,0.0
1,41.01623963205634,0.017402330286303204,11.934141511533282,0.007031420374097347,0.10572938700788259,3.109848382858431,0.0
1,42.14890787235068,0.021599796588360757,11.949173886571499,0.0027226110601550955,0.03509013470826483,4.651013799896969,0.0
1,40.85224497618263,0.019647825927602728,12.079845026648677,-0.004287544438899899,0.3020864511348713,4.453056930765971,0.0
1,41.09439226572149,0.022352664320381067,12.064514911076436,-0.003459950923720922,0.26842430231765746,3.461645557737772,0.0
1,41.17131716790833,0.021675355118220666,12.115967394406537,-0.0016613964284757424,0.3353539252199129,3.82522571948034,0.0
1,42.761091110603,0.020719997381708932,11.914205733435603,0.004383571291654404,0.17278632904882113,3.5456967003557343,0.0
1,40.23279743091581,0.018614310402036423,11.873647915944744,0.00952150252250022,0.3334458601100158,4.167089688086243,0.0
1,39.53556766840882,0.02272825244597788,11.84018590853522,-0.004589620694914862,0.10539895068106331,3.6565248636297034,0.0
1,40.24564571146401,0.020437504677571397,11.932740886556482,-0.003044431836276144,0.09798367088341253,1.2664092512358782,0.0
1,40.65029814219463,0.020239739591736312,11.975730286618278,0.0010972677239213515,0.12180132466996851,3.6641624958101975,0.0
1,39.199122788339125,0.02072759067519059,11.99652977162106,-0.001724942751123605,0.33497515759086294,3.3013668098201983,0.0
1,39.60990925454726,0.021843002766408277,11.983180282628107,0.0038768957185831322,0.15984737937232257,1.333617045821092,0.0
1,39.78741657985168,0.020457021573918877,12.181856486194865,0.002563318765895905,0.47504817900849533,3.820987928503903,0.0
1,40.01533079059716,0.020052170099074496,12.00640596435768,-0.0010048527181172385,0.02998340994623727,2.9262260950056542,0.0
1,39.2918114951588,0.015949227539837234,11.9682623450377,0.0076466406350491735,0.038845184235157426,3.204729213291172,0.0
1,39.74375616001133,0.01847438863091543,12.020891440770724,0.001428056313585791,0.1516041733343082,1.8837457952510221,0.0
1,42.485686882099436,0.021183845086549687,12.083247487315653,0.009212323070211545,0.0037618741776535014,1.0846106435161356,0.0
1,39.78530798450132,0.023765648019546365,11.901336474653364,-0.0004956836205263524,0.058955474360242066,2.783536649622764,0.0
1,40.36947649649095,0.01744634079692891,12.045761635111127,-0.004168529948469405,0.425427840936364,1.633003222094822,0.0
1,40.405420021969945,0.017596530118481904,12.205724256010022,0.003434205234466589,0.15983794993447548,2.816744774605668,0.0
1,40.90374299721883,0.020239961614192028,12.007272361570864,-0.002041510462551665,0.47368920362553835,1.8210615082960122,0.0
1,37.1734795839941,0.020349967518140298,11.8926320672221,0.005322746907064856,0.2853475102740283,2.8671964799690497,0.0
1,40.61565967034663,0.025890716582559405,12.143452263029115,-0.004668047631156691,0.14587279040150913,4.64360690431393,0.0
1,39.855471727346064,0.016985246884179628,12.013639562429873,-0.002394000973118912,0.3188094579470293,1.9563015395363816,0.0
1,39.24051128712587,0.021361180310003013,11.922975597837022,-0.011972883595078525,0.44698508226697464,2.284560029130948,0.0
1,39.133272144483065,0.02132367676904535,11.875765157749777,0.00434144261148987,0.20377889017643125,3.06797830108511,0.0
1,39.49434552231772,0.021373250744520275,11.864444026661767,0.0059314464086991795,0.17013041133590867,2.514686279305058,0.0
1,39.00106362755358,0.01747473064489671,12.019673841637331,0.0015661774158601803,0.03246343655384437,1.355263245029903,0.0
1,41.51200527282003,0.022274956134058756,11.862028545348167,-0.0042298890507988076,0.3748964223786391,1.2005546465877246,0.0
1,40.38591168602254,0.018742547662646616,12.11914288405738,0.0023828841729988492,0.250211576147432,2.704669785935662,0.0
1,40.157890081857346,0.02352186056022029,11.85584087979672,-0.0031682017325157493,0.39759709088153944,2.0554703193658903,0.0
1,40.555165595977826,0.02070938204685769,12.210321752754638,0.00019365590308841198,0.3130399115176583,1.9927264746576911,0.0
1,37.96669465849369,0.019745434511872967,11.880317459463487,-0.0020057639788298833,0.026465832709122894,1.1928883275414175,0.0
1,39.37112315069353,0.017811086801553376,12.035217763722658,-0.006796606856977238,0.4213311678616749,3.628982458247488,0.0
1,40.30663042664317,0.017379715892285617,12.012099321820193,-0.005011787222126461,0.014267754037940172,2.632867272551333,0.0
1,38.79753301893956,0.019100344243769055,12.262830264544712,0.0036376183391551467,0.4862914603688887,1.278318229144579,0.0
1,40.65604822719152,0.019058359675913242,12.138466896976203,0.0005517373223366149,0.05831351166740967,2.585385653556936,0.0
1,41.99352283181591,0.0212915460008433,11.978286949755333,-0.004880392994158586,0.4898391051817812,3.740138909129943,0.0
1,39.513962343530814,0.022751742580679777,12.110059349438794,-0.0084352851460677,0.2594784571739058,3.880582175019574,0.0
1,40.03161279062624,0.020124419791066616,11.815205519045124,-0.004215625830617185,0.46527644646344457,1.463967306535471,0.0
1,40.64209983154049,0.020194951185139094,11.967981654847824,-0.010137893884457608,0.3073877864421321,1.3821113877558164,0.0
1,39.4581439519053,0.01820138612143908,12.055533582353165,-0.0009854436989431828,0.3459379568144742,3.6029380798344515,0.0
1,40.480114335268944,0.023088255025617246,12.059264910964501,0.0026545156553048487,0.013042072012482031,2.592541051409299,0.0
1,39.63791477636759,0.02092579293576208,11.90685329508314,-0.002610645901966884,0.19577721132173875,3.241898752624062,0.0
1,40.169005436672784,0.022861678132300972,12.017734792474355,0.0024854417017259834,0.22074668327005204,1.3548966438499952,0.0
1,40.16748388792851,0.01878886952141526,11.913926391543,-0.0001800189752162285,0.07659838422120585,4.2095066551091245,0.0
1,37.29387789350617,0.020618842627845812,11.861944240142316,-0.005966435933688286,0.23468722357234317,3.990467749486836,0.0
1,41.64386110038643,0.018988774121073155,11.874857621922114,-0.006641852942464147,0.3948123991681333,4.324449793301669,0.0
1,39.604253367721824,0.020121790841042934,12.036965864575864,-0.003994596618996396,0.20001765134504285,1.724680641340608,0.0
1,40.156044446512404,0.02367984631214807,12.0136160062122,-0.0022660820759392106,0.44863128004851194,1.1991796959309764,0.0
1,37.21755885049112,0.019411841001800795,12.097542847866741,0.002649942036194352,0.09612885192985882,2.24311066387375,0.0
1,39.1304237552412,0.019926280564463543,12.109889915876614,-0.003204577051068417,0.3616544800458002,4.192321638579207,0.0
1,41.02993591806458,0.017364391570001532,11.935653313253082,-0.001589795003134781,0.06109401314435853,3.39438181178222,0.0
1,39.943896369183676,0.016190942297709208,11.984248170808982,-0.0020815225045579403,0.035335883851964456,4.065841493195551,0.0
1,38.095389646457726,0.01926964058596807,11.997113503353267,-0.0027110609953718513,0.11637965525046362,2.1737882132631055,0.0
1,38.77063244282596,0.01901798697858935,11.989171222692171,0.006570286609180735,0.3879187739030303,4.614442943684162,0.0
1,41.08921121319003,0.018795790539247317,12.003237140447393,-0.004745692782148424,0.38952776172681036,4.453514170348736,0.0
1,39.84247095819998,0.01914809159276444,11.984096690687604,0.017029950653068022,0.3887733508567616,2.164645110790229,0.0
1,41.217242108512835,0.020871659541866608,12.033602293356498,0.0073584249951275564,0.3136924054907034,2.6518752448298337,0.0
1,39.481357093223636,0.023705149921213024,12.019357748000427,-9.812917800771909e-05,0.2629210021478946,2.301762992288549,0.0
1,41.11693944886913,0.020475446344421496,12.196822926134146,0.002822835608730615,0.20637215013079052,1.7102004190515663,0.0
1,42.611793820298516,0.018469166912638498,11.670907414162855,0.003168971115792029,0.08464785737005809,2.2448046047597785,0.0
1,40.499980456363815,0.015611627923154844,11.971091565482345,0.00519943639232407,0.35169056905426377,2.9364514004263045,0.0
1,39.46647106416303,0.0237702334325452,12.089170948979554,0.003832487343276953,0.2888131623008537,4.14090141929459,0.0
1,40.44980973989124,0.021940333136616856,11.939016964045448,-0.0019217151766403621,0.444712137021419,2.0669298676006,0.0
1,39.805369282910334,0.021828303524952377,11.858745650616275,0.004706034867841844,0.02678704968092077,4.343093014688368,0.0
1,39.47712583711573,0.019799118666381527,12.087787783403117,-0.0018313478182138071,0.07587677034302814,2.3899323108538413,0.0
1,38.93317903984766,0.019324165970886174,12.025220002633803,0.0024507444855224685,0.015410530148763757,4.734222628829677,0.0
1,39.11682861451843,0.02235844156050725,12.102341177600941,-0.006064920519815492,0.21570302627748378,4.487639078594086,0.0
1,39.20412316405496,0.0161847273786073,12.001210241915599,-0.003404092920741249,0.24589911433518352,2.4621250797418575,0.0
1,39.581336566073794,0.01942316364415401,11.983431665721314,0.000983475643790759,0.04811039182620275,3.5835810395031023,0.0
1,38.16460845054394,0.019546585214517166,12.101562213542081,0.006710686771100433,0.26947105941206023,4.82968145466457,0.0
1,40.551001717009605,0.021133484812835023,11.82796213481971,0.000509695541616779,0.24335398879629055,1.560761926627038,0.0
1,39.36897685623684,0.022518023015949584,12.027907072034827,-0.000809268414616626,0.3160115848240531,3.9748057268956485,0.0
1,40.10763179380505,0.015108440390598752,12.09603014467319,0.012306802211842547,0.2032895302450235,1.117268501008315,0.0
1,41.7829376052402,0.01925202959876671,12.107707672014108,-0.004652853117270014,0.32010228197411467,3.5876207957547224,0.0
1,39.31527255612937,0.019382245542045776,12.098270509734963,0.0024203272079146203,0.37303074608524567,3.5260203404843975,0.0
1,39.66069632079357,0.020573148520472873,12.165811852242623,-0.00901760600936298,0.45725415481216075,3.7901273952726173,0.0
1,40.002290161766304,0.014494230821583425,12.08371803250262,0.0018309716093992323,0.12289763869449716,3.62820721856155,0.0
1,37.87478554592199,0.018112203280592487,11.867038224729685,-0.0009781683735092753,0.2672845823671066,2.5480025344977553,0.0
1,41.265547066679815,0.01930186046970139,11.962217101472426,-0.006586913177213469,0.3928936994433407,4.7930297582543595,0.0
1,41.616216593077596,0.016386655069065472,12.060908990293218,0.0036791568019530862,0.042713856744825696,4.8250746386955505,0.0
1,39.90132458816658,0.02029368744917734,11.952585494002946,0.0034575412030610144,0.46931861056520857,1.9013960007903257,0.0
1,41.680587854567236,0.01926641174263788,12.030151039859666,-0.009286004234758895,0.025731100484423786,3.3712938388032088,0.0
1,39.9454474783602,0.0201020571874968,11.766461566892202,0.0015013682525638317,0.08260063851275373,3.451931452105825,0.0
1,40.151539516240085,0.02086399397519574,11.95249955166452,-0.0023310720999191042,0.16800663822455958,3.9107277321130756,0.0
1,40.481590424952586,0.021591497471076932,11.96258219225096,-0.003997014608739413,0.11453264362990662,1.175090615829114,0.0
1,39.794201916501805,0.017737172707646243,12.152026542883755,0.009454420188236046,0.39579252461080705,2.622470504399506,0.0
1,39.198394798680745,0.02065727837659954,12.192672012552263,-0.002941092221577619,0.46512342016040603,3.2873896526129913,0.0
1,39.53995018988576,0.021607469323157425,12.144388557091233,0.00915309703137771,0.29294400297097833,2.4684580196506443,0.0
1,38.78797008877165,0.020132908957285447,12.00633167093892,-0.0020342629686323456,0.34666621226283845,1.8303801599203249,0.0
1,41.35123128413836,0.019864312170065113,11.980077746142332,-0.004209066028799358,0.025304184864003876,1.2844517366341184,0.0
1,38.181323600454235,0.01963531907653212,12.073757683068212,-0.0036298061483377654,0.36944865506374786,3.40246493357089,0.0
1,41.13149676567278,0.01958365391264279,12.112479452945497,-0.0005403536504230241,0.44722921625939666,4.341100415920263,0.0
1,39.87537792728319,0.02028277349294383,12.039532329254568,0.002206036071956391,0.20400448250051734,1.263695990237601,0.0
1,39.870854968787235,0.019258753176622057,12.12220865293814,0.002570809468987629,0.1324145862408757,2.376319276241937,0.0
1,39.022419292525704,0.01989655573793235,11.964192011552665,-0.005182464592438206,0.3176618050552992,3.2958712050031944,0.0
1,39.43479149329031,0.018664089158349984,12.002754585823055,0.008270517530443172,0.23860180513805868,2.3295293122467235,0.0
1,40.185164226270174,0.021225673950379123,11.935323892790421,0.002583134483897881,0.4649337762879719,2.419208481363953,0.0
1,40.90724040280629,0.021578608492971236,12.107212898216302,0.0055799180332330054,0.4200481464321519,2.319328000297207,0.0
1,41.9827145855362,0.017856800045042625,11.914941763930367,-0.0018840819098414649,0.450991030794564,1.154706128792518,0.0
1,38.935411237085525,0.020841839588997362,12.232054255843593,0.0002271870032801728,0.14811607190062615,1.6314743208095508,0.0
1,40.5147026261618,0.01696130195964678,11.918904784254638,-0.0013360004275041327,0.3929784235665155,2.838111637858648,0.0
1,40.03748850535031,0.01994013581792556,11.951411422275303,-0.0030510391596071996,0.19079115558578846,4.1152091582808925,0.0
1,39.57647343399276,0.02071377478622331,12.191643910722652,0.003770332096567731,0.3684517933190071,3.968349980936585,0.0
1,40.03708915457075,0.021866162436501933,12.21416732032962,0.003299050475627774,0.18800256727939912,2.8827907374738464,0.0
1,39.612924747512224,0.019363684175986776,12.04112417932608,0.005125266496453446,0.457177433777202,2.6999823475973463,0.0
1,38.55608770690351,0.01733672366450279,12.02080246720118,-0.007704982373438868,0.3154418359993226,4.893717005097162,0.0
1,39.566410202452914,0.018621911703078108,11.983087898309865,0.0016166646798807546,0.17440717139618217,4.602778054571793,0.0
1,38.95255678210549,0.01882894991022261,12.055404057093787,-0.0007239586154693494,0.354349529518756,1.2376297218001588,0.0
1,39.03021517514173,0.020869462850577877,12.185720990629209,-0.008863272705722446,0.2739579297166231,2.2953648914308773,0.0
1,40.271699547172396,0.019355729067044854,11.915556200496942,-0.0030115544259306922,0.1177256878451744,1.7406550064184318,0.0
1,39.42267391173957,0.018406185228889222,12.064898743859175,-0.0043504363246076,0.25788419466989576,2.831849095214548,0.0
1,40.97802210325413,0.018489112618086338,11.987546298664011,9.194674186241783e-05,0.0794620415427349,4.439666874369571,0.0
1,39.888024724918004,0.0211434244762288,11.944260531473924,0.008900668770582125,0.34740221080548345,4.055510677346469,0.0
1,38.810571641340395,0.0170165139113271,12.019054931258921,-0.005517860194337992,0.2579955099162951,2.1597305354126846,0.0
1,39.424447357728496,0.02244084521275253,11.95099715567756,0.005367432014172041,0.19909864265361732,4.2306271516091325,0.0
1,37.508188435443174,0.022606288370332888,12.040175127120948,0.0013938873270086156,0.400630751844759,3.6047876707539195,0.0
1,38.35502834940174,0.021819734538084255,12.193130002236547,0.001695152827363341,0.0035857876083146834,4.144515558389736,0.0
1,39.161968349936295,0.018406622877497777,12.021327263803203,0.00534516202526884,0.32288593527890413,3.8534398834215575,0.0
1,39.99732413419534,0.024758477872942837,12.052016958188174,0.0009545516523810741,0.06729102670885906,1.9008670559030971,0.0
1,41.70157686812543,0.016302024689857315,12.150313202461668,0.0015866431586450003,0.08115548634511388,2.89633289425745,0.0
1,39.756995408584515,0.01620357709292536,12.081351100715704,-0.0053653085896828625,0.013320492183273636,2.721913220627298,0.0
1,39.8898050285121,0.020107551036088894,12.147785907486798,-0.0013628991670766378,0.02201497595171248,1.7996667670125466,0.0
1,38.732424226076716,0.020611212491019687,11.988531256179556,0.00667327938471806,0.04960583562655552,2.9655403227199706,0.0
1,40.64420967822655,0.019255675668172094,12.186762710782503,0.0019106310400213524,0.15613000530157645,2.043958683355561,0.0
1,40.94382070423511,0.020494190205874,11.997745862125253,0.0020298523315016117,0.26258822329014814,4.315579800451832,0.0
1,39.14539198803243,0.01981973027931048,11.990450127896601,0.003273878938219659,0.38872578501817734,2.613255959133848,0.0
1,39.42097997338728,0.02040397413904861,11.937225056098429,0.0022106205701492056,0.2286781050281852,1.0614043438605556,0.0
1,40.7730002846001,0.018987924665096446,11.978009588089622,-0.004068270784149858,0.18127552705090455,4.632404737581779,0.0
1,39.6109464236814,0.019805930767559248,12.04279070634294,0.006087841315071018,0.2692258747429419,4.019236622519341,0.0
1,40.47055474849054,0.02314613733536914,12.054546032092826,0.003765416165472916,0.4823536998398639,1.0884550206593988,0.0
1,39.224277831952804,0.020962467224067305,12.226806642407642,0.002651042993489128,0.06715866403761439,3.447892654818021,0.0
1,40.22391914196433,0.02023928004749285,11.747886679648712,-0.005201834752470785,0.3941848584741196,2.9437887671442655,0.0
1,41.51239937109719,0.016393103198108536,12.02244561697909,0.010321672944680314,0.22884640589310884,3.025276010596035,0.0
1,40.38150161598351,0.018807414447543764,12.136064380618992,-0.0069684801259461675,0.23104882526834136,3.7940306325735436,0.0
1,38.95189600792723,0.019352181341676315,11.979740851842804,-0.00013393009851745858,0.4566563324945761,1.6715195837032928,0.0
1,39.80762150196109,0.017326921906958684,12.010615480810758,-0.004610516631767845,0.4168983829439592,4.653407665231109,0.0
1,39.28631386965939,0.020905749274439115,11.94477552770583,0.002467095164257037,0.4079544234202739,4.50656496233991,0.0
1,39.728028774656586,0.01670915414363658,12.001283986782454,-0.005948936391281524,0.14584707591009088,2.9709051917492015,0.0
1,40.45111292791606,0.020579618106882785,12.045948597026943,-0.004857182192874463,0.4118071113870097,3.590840386163423,0.0
1,38.08382146764332,0.019931819558135156,12.137799205150763,-0.005291399346294438,0.15203351307630697,2.676448158404312,0.0
1,38.57324336884853,0.016619045433374998,12.036723503540285,-0.00037180091660895306,0.02123372787129163,3.671447514181301,0.0
1,39.990358736523675,0.02081178995485418,11.981512776238924,0.009544009964652704,0.2451671211453494,1.3322660021045305,0.0
1,38.880935350489025,0.02014537168896377,11.959585021340313,0.004542299618769012,0.22566710024588071,3.8810141232427964,0.0
1,41.288571151695834,0.021836926236473306,11.8747484585605,0.00947714859312429,0.18999775775460487,1.4778605405460121,0.0
1,39.08961387045276,0.0189160560122336,12.09595961854506,-0.003977364885062969,0.35910304835175183,4.288305483678285,0.0
1,39.41586077315604,0.02030548707602011,11.80204721046715,-0.00476404317364432,0.4806267622999222,4.098034626090492,0.0
1,39.98525154497573,0.017818113775344237,11.938480575209638,-0.0035411775606918505,0.4453273957551717,2.879414974364715,0.0
1,41.78491551361637,0.016536604827184286,11.913840633685819,-0.00876021701898553,0.20208373985175632,1.4195670960741378,0.0
1,40.24123123769557,0.021131275210079094,12.066587738935795,-0.007866354771184176,0.4491919192008287,4.414644638243872,0.0
1,40.108521296624005,0.0229259640290628,12.589790124415083,-0.0027381328431615236,-0.04711115127026311,3.318456129121723,0.0
1,38.28312664629342,0.020877965687903764,11.305212987959832,0.00042733699650224547,-0.15375957024770476,1.36680554541309,0.0
1,40.370454116491345,0.02243024947106586,12.007143665528796,-0.0015675242521831243,0.13731623216654312,0.23642447053657,1.0
1,39.851357249525954,0.017105173463365122,13.323380298526091,0.007092266365321502,-0.10043820151902833,2.543945951316853,0.0
1,40.30430881959455,0.026372334692629455,11.27243147668694,-0.008016056547638832,-0.21746217797866882,2.5745939257962616,0.0
1,38.51379373864486,0.021291990112321545,11.83734890956641,0.0017886122220709937,0.11955058119809187,1.8186646333003882,1.0
1,39.075665207888385,0.019490397570599987,12.676598076644575,-0.0017594243144611662,-0.0371856400581303,3.787502109504472,1.0
1,39.516484751831065,0.017169561745531237,12.689072279048204,0.0071954187536313816,0.15363506565119728,3.7268795991382606,0.0
1,41.06977994382335,0.017589821799822377,11.477454318600664,-0.0022903278265429742,0.22361525771046073,1.7288539862760977,0.0
1,39.99581257392929,0.024616509208705287,11.605887837023923,-0.006207547031349112,-0.157291398567858,2.9248836790273347,0.0
1,41.10815898025485,0.02003751371840669,12.197680492033854,0.004203879231060939,-0.0545543273375437,0.8280144638702794,1.0
1,39.25078001880173,0.022810362013644232,11.628986770584712,-0.005811225310222477,0.15587633623512498,0.22751814133806625,0.0
1,40.72565694663469,0.02027880697578909,11.636542039927598,0.003491745849512711,0.05003328096178444,3.9037653661283924,0.0
1,41.17092811435731,0.021730920435419396,11.60222711566269,-0.013161201360854597,0.014817573540372997,1.3253527603947106,0.0
1,39.07447605359256,0.025068634505551465,11.9226793785839,-0.007396596036178811,0.07063221368560979,3.7703975364441304,1.0
1,41.262860137468614,0.02092030843791261,13.055255573446223,0.004095497522217846,0.21946380545311292,0.9968102865662659,1.0
1,41.80045634353262,0.021234059659765218,12.273995445055448,-0.004740926756546001,0.30414692200605187,4.203439092599841,0.0
1,41.59185082844037,0.02168198431250659,12.267056787873317,0.0028370747161929116,0.2676703772338879,2.3884634214686375,0.0
1,40.93695942482757,0.019375343967134806,11.87079182172918,0.0008962325495947074,-0.16620435282482332,2.1402360738657755,1.0
1,41.20445246170691,0.021525001104288424,11.56786153857411,0.0014967618973983183,-0.0169698322809351,1.2300238641142798,1.0
1,37.315610603190414,0.022735652261722212,12.825047769327234,0.013275760040219345,-0.10698150643904741,2.069272146401669,1.0
1,38.37438296394027,0.020820169388365346,11.055686470186082,0.00684008404349146,0.05606342544841558,2.9646455868136417,0.0
1,41.45047609784889,0.0246046937709031,12.333111806882572,-0.0009411406877579593,-0.0516816636404388,2.7681195109264576,0.0
1,39.778927777561044,0.02363573781008307,11.761354483055687,0.006800757514824629,-0.021088125602267582,2.3654716884916884,1.0
1,39.580363440606995,0.02725301372478027,11.394991726353489,0.0006531041847409278,-0.21638365106759633,3.473276399183809,0.0
1,40.58122559176791,0.022014822861113018,11.887844759754552,-0.0065478948271311555,0.028829143139512514,0.7570737954462174,1.0
1,41.05864971998565,0.023553195843459277,11.845173506171635,0.0008992893080399303,0.0844871426889687,2.8275438268741144,1.0
1,40.28559193304515,0.02606617824166388,12.206105031460385,0.003299034426468864,0.2355021974713197,3.531085415220179,1.0
1,37.77989407491539,0.022337194816975114,11.71189227405609,-0.002634158109709766,-0.11309375034110991,0.6441261717135629,0.0
1,41.3481128359276,0.023870993315142447,11.93340399531433,0.011737806440172523,0.23393305208041607,0.43195359485005136,1.0
1,41.0708219797063,0.02460436317254279,12.227363078294381,0.0006544223783561958,0.1913754805317603,3.7835310482189257,0.0
1,41.59572018398927,0.02309882469743942,11.83273376827452,0.004783834819437165,0.1632234280597469,0.9738303106536789,1.0
1,41.588573143520094,0.022996609451803263,12.962963679860817,0.00026696963950566206,0.13454633672828475,2.1564962848180413,1.0
1,41.45397341781638,0.026375332749612825,11.6579103169062,-0.0007032515966042282,-0.03018515628094623,2.565054179312018,0.0
1,41.17266151753775,0.025719731001858485,11.575346229993201,0.0017183650151527824,0.13843586257607138,2.734032256510907,0.0
1,40.851258777616245,0.024286254336199038,11.79779753884492,-0.002665649179401939,0.06437938084630487,2.828834626525135,1.0
1,41.489244974618444,0.02408539269435033,12.79259077503672,-0.0007523400772180796,0.1811937335355878,2.2522314822612204,0.0
1,41.41902597322901,0.026325184954744858,13.146430863287168,0.009338775104039326,-0.012476868886826364,1.0815557574091907,1.0
1,41.124485779310774,0.02493972283450751,11.44146550986826,-0.0018647821076181173,-0.05564915402449025,3.5799625399440655,1.0
1,40.278935807896175,0.02145062812435084,11.691250045645692,-3.159043189840443e-05,0.08983872929638173,1.3832047402678134,0.0
1,41.93911545068122,0.02792837544358119,11.104387653705182,-0.005669171167490386,0.09438504312076745,4.147480396649595,0.0
1,41.98086692705819,0.02510238585695451,11.412752653217883,0.000961480587002887,0.19067811098891962,1.3438770830464581,1.0
1,43.01891793005655,0.026218093209468565,11.622077756476468,-0.004658345035434388,0.10398979600024438,2.3534559188358433,0.0
1,41.03958447561052,0.02595163677115642,11.931284568818665,-0.0009118979238103852,0.2645167929394921,1.4393659945875599,0.0
1,39.50400798208205,0.02793231622217986,11.99439093258851,0.0003033648614006159,0.020781571565157975,3.2852572401777005,0.0
1,41.51646829039931,0.029271331105240925,12.273876009331547,0.004120023599597109,-0.15984283461199852,3.1554494267569226,1.0
1,41.85185612798876,0.026206374211053304,12.145116184743355,-0.006711256415071119,0.12816381400697857,3.5995878508452006,1.0
1,41.70814664758834,0.026306312305292012,11.980182269315234,-0.008207928013020125,0.3052028130303469,3.1853948649880497,1.0
1,40.39275589413556,0.024559596736057072,11.544363880240084,0.008054041156942462,-0.06841809714510577,3.5508263656429815,1.0
1,40.603403905129476,0.025910170466898048,11.071710821693193,-0.007382324616258039,-0.1623680178234945,1.0167476866010317,1.0
1,40.486780987642796,0.029440492583998345,10.855555045446366,-0.0010000297219528351,-0.1464052214377239,3.7537342632571074,0.0
1,40.65269628372062,0.02664546593519081,12.386346262554868,9.514932931775837e-05,0.16098857517107737,0.230232805861614,0.0
1,41.11987498281888,0.025588374449911973,11.692968567908697,-0.0023869645946986637,-0.10543622921600326,3.594004936907095,1.0
1,41.82767341587257,0.03008305561233731,11.878020190760411,0.0033131492144958673,0.2663669103353019,2.190814222029794,1.0
1,41.242113647348894,0.029558177281036033,12.044249898905788,-0.008739548532584114,0.09558716459890063,3.363404799588579,0.0
1,41.89500471382394,0.029911194053335508,12.868942923006388,-0.005976341070081377,-0.14053775427911946,0.8584230489253482,0.0
1,41.60808426699763,0.03063521831738213,10.892357195955025,0.007431040714187876,0.2623481669057329,3.3458375183722087,0.0
1,41.139866712735135,0.030775470614713352,12.0222854005646,-0.004054901467471955,0.16738191995355764,3.5827040778337684,0.0
1,40.88717221614906,0.025961928585806277,11.696696965174658,0.0006497196459967388,0.15723749021625708,3.6671441661065267,1.0
1,41.65838557553346,0.026168727000445854,11.272980022014455,0.005069090010631237,0.07881332169949382,0.43500464001095673,0.0
1,41.376637535246076,0.025566717264565303,11.729927152320139,0.011694315072764916,0.09401291798100206,2.2031473819982157,0.0
1,41.280475255389334,0.03135797026239144,11.623738969133907,0.0019931907516723972,0.021827089994866294,4.104874467297271,0.0
1,44.07697234638092,0.029396175759421744,12.430175988461174,0.00034656903441327965,-0.03549136517398935,4.061957235822465,0.0
1,42.477176731373945,0.031216753114829552,12.182124749322352,-0.0020360733739143064,0.26108522832244857,0.8772012378744822,1.0
1,42.2151400790171,0.02962268205108444,11.734775942969197,-0.004260013242842775,0.09395933564248851,2.014611125091841,0.0
1,42.67720417259664,0.028264815564483035,11.924022995965926,-0.0007395964065083662,0.1957991040716059,3.2936859081808834,1.0
1,41.511602243920414,0.03217607937603382,11.361870301579994,0.0021457066880892074,0.016211204923099104,0.4243177780625108,1.0
1,42.12727346786357,0.029019348975356872,12.20780586739642,0.0028350070230364734,-0.0756947634278827,3.723589655339949,0.0
1,43.14362140780113,0.03172861913216438,12.142501854031297,-0.0019416361535692407,-0.060762583486672225,0.6312518901591471,1.0
1,40.9069501671374,0.028638478941649878,12.203275678663067,-0.0013850672127809962,0.008162816187797406,0.7761070688865981,0.0
1,41.28200672617496,0.029341843862889093,12.259121242830155,-0.001661252209580685,0.13215538232081492,1.650735376418952,0.0
1,40.9881110275313,0.027937211250838343,12.055085704997742,-0.0017220248476749126,0.0976086402074155,2.2830754608420296,1.0
1,41.230573214882504,0.028708335414821852,12.193713635104775,-0.006184621523518988,0.23175191890005997,0.821469170545631,0.0
1,41.2636997232777,0.03050198651634195,11.75705556288347,-0.003636911450110715,0.23928455218994807,2.9367195125794434,1.0
1,42.98012205863938,0.030242308443916295,12.871198324550782,-0.007151581552222682,0.2269082643625352,3.7882730531680067,0.0
1,40.496349290045444,0.028375685572651965,11.188179771903485,0.0007425007349079003,-0.005789716992872729,3.8501993706312523,1.0
1,40.98544698681501,0.02906632735118929,12.453294957849112,-0.0006021304594728543,-0.06863980051231938,3.3569636347862466,1.0
1,40.36543653076218,0.029953005449344403,11.942676914797635,-0.00019599764725525826,-0.0481871509962665,2.283410747370889,1.0
1,41.72551195397166,0.029875862766610705,11.697575208267741,0.007402455871664403,-0.09128031254304253,4.061493904299677,0.0
1,43.887322514847014,0.0326272841546021,12.850379595936552,0.00043052092419914695,0.10512618544251054,2.745881658727728,0.0
1,43.61607859992965,0.030476065324710425,11.420857672381642,-0.004173630776335658,0.3550779040131628,4.25042125693829,1.0
1,42.50069778657641,0.031396456686125104,12.331794277706946,-0.0013741596588937547,0.16260665341712044,3.70400386497988,1.0
1,41.90126335556506,0.029994359223480323,11.621460878172629,0.00011197872245772437,-0.11479221168453682,0.8518499489669992,1.0
1,43.00420042167801,0.032609503346357316,12.472421594868797,0.006147298322591115,-0.018153783511514254,2.093245596282933,1.0
1,42.85744342687869,0.03273435131388233,11.405476891010098,0.003124911941830888,0.071216518465953,3.4304522935954305,1.0
1,41.90122831343883,0.033703661343679164,11.718340261947343,-0.0011443613443883598,0.10074920903744236,3.1471253430951074,1.0
1,41.99854732305718,0.029062123429053014,11.949407730339248,-0.004816587807867871,0.07603952875594724,2.5116622705780554,1.0
1,42.75264478942365,0.03335556377891919,10.943397723396934,-0.00034471613022185257,-0.020227395689229155,2.3773950458049833,0.0
1,42.36443199743008,0.034213186576850706,11.736209517311181,-0.0004650681410316952,0.1894048302175421,0.6212385820801961,1.0
1,43.326237706687195,0.03477747194542753,12.612650823994285,0.003219724024618969,0.32444395068261783,2.799701194703448,1.0
1,41.93438038023129,0.030650845476208076,12.31032161673214,-0.005713418544869707,0.24822707751927575,0.7208232272984811,0.0
1,41.72285102270247,0.03341593342561852,11.8637968809032,0.007019717098159989,0.10769295779737717,2.5523856834615284,1.0
1,42.66813562937046,0.03245240047028941,11.98571092379516,-0.01004557841502943,-0.09072375678287224,2.96320506039313,1.0
1,42.886665443795536,0.031218806446637,11.094918079206769,-0.0037740316387997763,-0.015703858152754005,2.961637712602747,1.0
1,41.171937280788164,0.03073759572811391,11.607461552549882,0.0004466668206484381,0.10279238058307597,2.0404967072718905,0.0
1,44.907842167857346,0.034446164214683106,11.357295879472996,0.0026803958348984615,0.49298816564562936,2.749222751967203,1.0
1,42.95734493459249,0.03140635703096051,12.010967877900349,-0.007652949212836109,0.12951843917512515,2.628478406305959,0.0
1,43.85782067815309,0.03153378139830974,11.221929843679504,0.004779729627126216,0.34685885196619604,4.564979576410137,1.0
1,42.897789195707475,0.03161231415633542,11.749560115810226,-0.0069022274292677935,-0.00923244175316322,1.2904961123045928,1.0
1,42.61414801563384,0.03607229747087928,11.683365573826205,-0.0032224860155402784,-0.05228270186932753,3.234484842653632,1.0
1,42.08435964234633,0.033810094410199755,11.926593141043805,0.006858284086834464,0.09418759081220637,0.624543783617245,0.0
1,42.865894267578796,0.031422851032025814,11.342648590024135,0.002859291906766578,0.3691223305925124,0.7054131706071971,0.0
1,42.3127875320326,0.03517617714585838,12.351719774671114,-0.0002390192408840526,0.31199697647458,2.1364777246627047,0.0
1,42.583108188688115,0.03240408192528026,12.71816707887128,0.011391831501121216,-0.03245721504815162,1.805874840562947,1.0
1,42.68243092265119,0.03245537493961694,12.582755129088829,0.0170336222984657,-0.06223996420149994,4.135063826500467,1.0
1,43.03075665378555,0.03465239981920893,11.648634124109806,-0.001541778092386724,0.18429301794825492,2.75541564519931,0.0
1,41.65340995476495,0.03522756751886649,10.849781674204195,-0.0022375059419640683,0.2149785668849682,3.121413727769334,1.0
1,42.84660138310289,0.03482562700946529,11.235014107687205,0.0032013900578146395,-0.015610924540808285,3.294434257915863,0.0
1,44.86836056635323,0.0369998043169171,11.605988851287233,0.005494312144273844,0.07483983117334056,4.2234061728332595,0.0
1,41.72596299616505,0.03458261681588595,11.763212988588117,-0.009979398915766062,0.3253010104576285,3.2962180347087635,1.0
1,40.40379928307283,0.035483328659267385,11.964186491747945,0.0015369498942776965,1.3934344729599202e-05,2.5401758532610885,1.0
1,43.65169101592842,0.03508889939866704,11.682502205175194,0.002884197150651405,0.39654971447212334,1.3500725217915377,0.0
1,43.376727754776894,0.032545061083185306,11.600285871907698,0.007824196463253283,0.2023481936287126,1.4390482951549615,1.0
1,43.020535759485156,0.035869617010692495,11.54533611253953,-0.005376617078692089,0.20676153452498333,3.8797828558783,0.0
1,43.10706060491032,0.03530457412422655,13.071502826773234,0.0007549749087912144,-0.032522800072042723,2.5671523553436266,1.0
1,43.04752084687828,0.03340164488315071,12.42194657922161,0.005045958374159691,0.2585572306155175,0.8221957755403082,1.0
1,43.95500180259209,0.03920169716593585,11.842307206125206,-0.002116467806868955,0.24593247057747833,3.6274573796149627,0.0
1,42.942014621211456,0.03498345732013728,12.149485678102053,0.0028802152991347684,0.06519770754890812,3.6140929402366373,1.0
1,42.00718506645648,0.036084910858564065,11.922022295358374,0.004440414794583758,0.3308651922341226,0.5628020153930248,0.0
1,43.88689951153995,0.03605843825635483,11.05527753853153,-0.004789188184679437,0.15156413882202355,1.3175460612197165,0.0
1,43.001107614356386,0.03387713164756577,12.309376578190951,-0.00859603838736554,0.20048853707301956,4.291008693825842,1.0
1,43.45093709517063,0.03748359918774687,11.417947236864887,-0.00189121266383787,-0.058701053606131245,4.540335989538158,1.0
1,42.15427935567389,0.03557197493639727,11.155420429964186,-0.003716095701749687,-0.06881685806267385,0.647504246080197,1.0
1,42.49798795396892,0.03662045616107669,12.512243318706762,-0.005914988169822857,0.17855673686813667,4.194793366171901,0.0
1,40.42043911697753,0.03453555718245439,11.834920583213663,-0.0025005158601110085,0.26163886466279784,0.5648248518347847,1.0
1,43.97734036008041,0.036802963510336247,12.763935610998427,0.00940796343992242,-0.016315291952132265,4.693711428487949,1.0
1,43.3217717986214,0.03720673143342379,13.522249067431757,-0.0035873136464223054,0.17457028808969577,4.6589769264463,0.0
1,44.29317436129753,0.03659612734277559,11.931262271133896,-0.0006572115012049816,0.452868691063732,3.749701824417296,0.0
1,42.542723178857536,0.03883522055481624,10.848967516978593,0.015076011504871811,-0.05882301143728402,2.082785696088848,0.0
1,42.84268103519255,0.03944421836327902,12.333632319723502,0.0013290059907309013,0.26124435443379546,1.8563578277936663,0.0
1,43.31861609918472,0.04095305258494755,11.352794178566288,0.007091358960593231,0.37630713751804257,1.8711518856926919,0.0
1,42.775277775448025,0.037740462498958516,11.563724391361754,-0.010805316164327578,-0.1017998045958461,4.197427003444109,1.0
1,44.82873847316067,0.03535201406429761,12.390752559087318,0.0011094301215790166,0.25039023572860086,1.4708368826697518,0.0
1,43.2377877553234,0.038678917242390934,12.901987230963464,-0.0058344009749392856,0.2694793240178145,0.6975068817137449,1.0
1,42.894177325663975,0.04303223641630574,11.566344202106151,-0.008348502888478838,-0.06971379399597188,4.318860793107176,1.0
1,43.80850345141337,0.04091772112744396,12.417909464929268,0.0007092046766556169,0.3425930588777464,1.7952651266282889,1.0
1,42.68744051142162,0.03917838821913611,11.780073305717373,0.003586717829196393,0.21053429515972766,1.3617026340931335,0.0
1,43.446671827316436,0.04036497178700992,11.984689147441122,-0.00474487840255582,0.35707275949620987,2.3733064972593962,1.0
1,42.22058193953191,0.03737030832727321,12.449662370258917,-0.0020745055904140023,0.03430599058716441,4.094231898176019,0.0
1,45.04656643396866,0.034526861890977895,11.541493589931303,-0.003845022364564663,0.15766535627780037,2.304084701155856,1.0
1,43.18172434484049,0.036358816846475794,11.424190054098059,0.00018521598762231525,0.026906968767708747,1.0189990665092312,0.0
1,43.74098073483285,0.04352497760873665,12.004699541431672,0.009550641125004223,0.22818978021346248,4.3752582537979965,0.0
1,44.92042730000534,0.03769654326606672,12.245968785919509,0.0020982174889715268,0.3278432252707801,1.0243998768219695,0.0
1,44.6382730759648,0.03987755332588977,12.41132452415873,-0.004887361989896176,0.3437828547672883,2.771854232708389,1.0
1,43.071716103965265,0.03963564939926069,11.451966758804033,-0.0012333879898550378,0.36045257723895646,0.8545136650424459,0.0
1,43.514031084848895,0.04147688081545402,11.912304506391434,0.004335246725314024,0.3964562162690691,2.476254196092465,0.0
1,44.901414697176406,0.03790068517640821,12.15877628341836,0.0040359585744969406,0.027290795126564137,3.172117833515173,0.0
1,43.56860058951067,0.04340963540470415,11.763314787681148,-0.0014354781883952812,0.20433609035010858,1.3904524083580792,0.0
1,43.91563538960456,0.03819075441895228,11.720362090474545,0.004025991701457322,0.12504786767134485,2.368056523090001,1.0
1,41.76613350911367,0.03663365324013909,12.350130401106108,-0.007722588235513234,-0.035141981093402164,0.8046527176391516,0.0
1,44.30090105920388,0.04154773617103856,12.730716142923917,0.0027682045162210575,0.321024499520031,1.448982216375211,0.0
1,44.18517092633693,0.04028866455586631,12.169893200611517,-0.013145804662908248,0.24215440730987023,2.286541226876202,0.0
1,45.05641354022599,0.03678976689491163,12.10395936735539,-0.0049246901224069,0.057689581057036324,1.9021141088468847,0.0
1,44.184640872629785,0.042312689105604116,12.400139153369501,-0.0026313074584950807,-0.028164071072715374,4.171394413873697,1.0
1,44.52849163432353,0.04438105930298794,12.11273573339605,-0.003940064760600375,0.4505671709225147,2.5411651739420633,0.0
1,43.17529547248028,0.04354306613868149,11.690777095217623,0.004519450572395458,0.18102534072682744,4.017201812306569,0.0
1,44.608663057559575,0.04165194861643456,11.842413120785862,0.001223486782525077,-0.0015988201249166126,4.633045584516585,1.0
1,43.227646280570234,0.04266043197336462,11.583501124213122,-0.00432936433444346,0.3250751382170305,1.5827460332676484,1.0
1,44.59083734687948,0.04325091688500185,11.13105554304592,-0.002198179458119309,0.00046479943109691696,4.3806494608433475,1.0
1,44.97231630134535,0.041294791095810746,12.227686294185562,-0.0029073541178500427,0.12497487559347906,3.3441945987137522,0.0
1,46.31028688562724,0.038969408681981746,11.254680535665496,0.009153878839181475,0.10192332877081718,1.6291883674662648,0.0
1,44.10161328557068,0.04668652711665516,10.748861024111102,0.0008992997333449611,0.4549683583078813,3.8899671118787484,1.0
1,44.72915168103923,0.04016613922114373,12.756145089762406,-0.0017701592319466766,0.48173897712512986,3.7506963446983663,0.0
1,45.90532214205989,0.04082446217979309,11.951724862002509,-0.007019807225186969,0.4301003668877564,4.804145471316575,0.0
1,43.04859894498996,0.04199951840605668,12.085304645141209,0.006152840563903758,0.14905551983423543,4.017164594884084,0.0
1,43.892720202050455,0.03918745870916521,12.096862139660008,0.004237550392423466,-0.004069122324082443,4.012037703285355,1.0
1,44.08265252205848,0.04359685066853971,12.419264008449098,-0.00649940160680208,0.4170866565144588,4.328650515087938,0.0
1,43.904079668344906,0.040722847088987324,11.980287921593776,0.0012583456232672652,0.12139792901940574,1.6629368875593613,1.0
1,44.057728419953506,0.041568831818847074,10.897707604635244,0.003859370456006255,-0.013794710698567081,4.4067314885807916,1.0
1,45.27808144912596,0.04412470530788367,12.119246802412208,0.005568232601329992,0.4158979445570299,4.3101833341855285,1.0
1,44.61153186731143,0.04239598025560615,10.757651960528746,0.005982261225958915,0.3612942780271218,1.3646759715505077,0.0
1,45.54015820170872,0.04174336667930671,12.399764083730842,0.0071347967798869585,0.4069755923318594,3.2361819811273245,1.0
1,45.88703635324881,0.047291431071419664,12.184836019503464,-0.0008964537584838422,0.29446337768399844,1.6090587015131173,1.0
1,44.257832772578126,0.044265369322435834,11.767138477895887,0.004358988321809343,0.007503470967838051,4.5049328997895515,1.0
1,44.303916709317974,0.04652384181213064,12.94212864535369,0.0013960391350563753,0.3165354827397334,2.4372511708270665,1.0
1,43.42542716729368,0.045907078896095035,11.44895115474339,0.0024761202529948252,0.297807389771255,2.0518742776243153,0.0
1,45.88815321733621,0.04338866112990483,11.967232261477005,-0.005502873159931094,0.5338530140743877,2.0790138919159147,0.0
1,44.110422216069004,0.04290348658428096,11.79037514140586,0.002766477217845146,0.18118362914137282,2.0508492470325703,1.0
1,45.55492393709343,0.047706700887738165,11.23404743430031,0.0016317472734994926,0.2637073757190636,3.979844953261887,0.0
1,44.893710205013136,0.044029205353126294,11.862644676376169,0.003751167569522932,0.015091175081095552,1.8675204833135357,1.0
1,43.617634943710726,0.04386878272191528,13.037767306299427,0.0009619129493171995,0.04677405634882449,4.07920332789228,0.0
1,45.52787272887242,0.04754939186925711,11.759644963305364,0.0017040109194686802,0.37125745554269246,1.9832493485604512,0.0
1,44.39207548486559,0.04757850739932632,12.840369580470073,0.004571705794904956,0.037705258049619675,3.546777247888225,1.0
1,45.42960263794409,0.04768251698799936,11.548896314093367,-0.005529290154361958,0.379629242987369,2.0864766688341394,0.0
1,44.773690807020316,0.04506681630469902,11.7236611862878,-0.0021850577010555147,0.4649129440054486,2.727943587151965,0.0
1,44.590489759684104,0.04420127048121991,11.506289859669842,0.006022156647384034,0.46641769166506764,2.940217398675506,1.0
1,45.79794633335791,0.044598958342493084,11.244880054772748,0.00019244892013104355,0.37837636314587564,1.1659543095703362,0.0
1,45.613578443208404,0.047896235289094764,12.644270060004999,-0.0021752858619101425,0.49704100576723564,2.754017701863235,1.0
1,45.536789026130776,0.04660949122537991,11.578478667657512,0.0008866905679825733,0.4762519601548287,4.5439723779123895,0.0
1,44.2494804757932,0.04728530312172485,11.769819361554353,0.002608375563208846,0.20450302234427528,3.945217440087092,0.0
1,45.99472572980061,0.044562586256864226,11.81998843050452,0.003411893097101806,0.4479303813351299,1.8655168241645936,1.0
1,45.66853757024053,0.04916329293776997,12.182866812805814,0.0019960619785560443,0.34909509279967865,2.876185953312065,1.0
1,45.3173567655669,0.045884476408351735,12.535361229647295,0.005294095405169261,0.18119280982773214,2.1453297077093483,1.0
1,45.21401484303772,0.04661008326474944,11.762836872336214,-0.0017855720552751478,0.20241802856371693,1.7352528906590081,1.0
1,44.14940892635468,0.04322773142035581,11.852823323607305,-0.0016041801999190234,-0.011531259597146272,4.509626384396958,0.0
1,44.57533949534202,0.04784282050573127,12.327271752113791,-0.005715579204167249,0.2654273552047319,2.9346447912579143,0.0
1,44.877157614836776,0.04852353704265748,12.178751613265453,-0.0025145339500541853,0.4672516131077772,4.882432842690729,0.0
1,46.98184953793904,0.04776322987590162,12.628351234080936,-0.009925982518254696,0.3266829268864717,4.057034590634908,1.0
1,46.13451010674466,0.05043244967694555,12.552747480999805,-0.006157955019167792,0.10392151799805668,4.827808318030181,0.0
1,45.74166541470291,0.053069760523489336,12.84873824324175,0.0054008707679280565,0.0461249485560985,1.2459168808395944,1.0
1,47.2496290493173,0.04713574336889827,12.847100662466529,0.011297061224870295,0.17256594950943668,2.4487307295039797,1.0
1,46.820636312539854,0.04544080922870944,12.094691789825996,-0.0007796770915764481,0.20812044957240405,3.914984946043494,0.0
1,46.265674639221224,0.0483196833387043,12.456590329281989,-0.0018715124006678286,0.4878591356373463,4.463313291903439,1.0
1,46.64097997940554,0.045944567709709214,12.54892970919199,-0.007580482833494486,0.12796503136854764,4.49951536227077,0.0
1,44.92455228492043,0.048703124188332586,11.768392342102725,0.0067199058156888385,0.48772575580396677,3.094021416946576,1.0
1,44.72778499769465,0.047953362550330364,11.678430087548445,0.003704206532180454,0.35632540751254654,2.691659336305839,1.0
1,47.094661074276196,0.04897805096636656,12.484537786980015,0.013117093931378837,0.40075260592597417,3.980468554037269,0.0
1,45.00312719863273,0.04578578372404024,12.389355180301905,-0.001776762829598975,0.2819405804297294,3.3894318145886553,0.0
1,45.27020749022114,0.04765273140188135,11.569879682516047,-0.005350826038512205,0.41709718763740994,3.4799051689306184,1.0
1,45.95079541595024,0.048315352521703846,12.722553360603591,0.001893498430646301,0.24715380307983734,2.1768446484570547,1.0
1,46.80729120774584,0.050005544047656975,10.796680140302598,-0.0010486066976083208,0.3792448799725233,3.7823845631565147,1.0
1,45.13807147475137,0.04545314993127879,11.422121816749605,-0.004384592539049668,0.42690040409594116,3.7745410864321713,0.0
1,46.06482944011243,0.04767564128264423,11.823550204307539,-0.0007759634163368663,0.5022986298204666,1.2374887513371298,0.0
1,45.61641060546718,0.04851900026476432,11.695383867949303,-0.0026402848207911418,0.25746409935875625,4.183146088057254,1.0
1,45.438256460411885,0.047535922278898926,11.412665634656433,-0.0034617876611995617,0.1720121607836434,4.96743095693568,0.0
1,44.97762708914457,0.048498713628871065,12.59457148541556,-0.005286323042897357,0.3478812623587739,4.851535726460575,0.0
1,46.66264581249977,0.050179483164264224,11.85859825234664,0.012089576611096917,0.3666402328469588,2.2173418143276122,0.0
1,45.821068505452665,0.050923629081771664,11.636209680269971,-0.0016640099066941262,0.457343445816459,4.83801467160113,1.0
1,46.20801448748695,0.050333474847626646,11.49041836904771,0.00450301212591788,0.5573607363303179,2.237579368338144,1.0
1,45.480441108581545,0.05192184577052321,12.457698242165526,-0.0031203486257985282,0.10581147305965397,1.6053423830334492,0.0
1,47.12442412106579,0.05292378417498681,11.918082734836624,0.004551442587186374,0.4507182818209944,4.00827005582542,1.0
1,46.20429396750923,0.049038607619044966,11.2124527711638,-0.0040585092373404295,0.48631215582372805,4.821539479064683,0.0
1,46.6136656140001,0.05184942845622688,12.105090949975187,-0.0022407487177412413,0.34529700669321983,4.686484112939767,1.0
1,46.3544456690139,0.05071779695954048,12.501366765006772,0.0009620455401469281,0.1140041730157388,4.164614397048661,1.0
1,47.08925641025924,0.05297223301812033,12.523039572235582,0.002856003337136812,0.5157566754889616,4.904655277060337,0.0
1,45.97118014600616,0.049945633087312175,11.661530903437392,0.0032138193206212367,0.33226446633321094,4.389346546038351,1.0
1,43.16429261325639,0.05015883609507628,11.694935730213952,-0.008873594630565987,0.05477676545854647,3.9913342064625397,1.0
1,45.954100161205524,0.05175030015766342,11.435435016799357,-0.0013158343263438737,0.32216242679226786,5.175352514647782,0.0
1,47.122256499480464,0.04871108105665801,11.72984968979587,-0.004490529070177402,0.47512777265650075,1.633413290297733,0.0
1,47.318790272746185,0.05106398973697514,12.582673915499804,0.0010163238057119871,0.5527776707317539,3.1640728506223716,0.0
1,47.25643821987573,0.049994258090811705,11.583008147599575,0.0008230349421401455,0.6085316994560405,3.1784641623368683,0.0
1,47.8465221015048,0.05173244343772218,12.824915268184867,0.0036308181038955155,0.4859350751956899,3.90090376257451,0.0
1,47.74017273953064,0.05509417138778007,11.438770106472662,-0.005630573539576662,0.3298407239411575,2.661327018917853,1.0
1,45.41680872218826,0.05153160913801027,11.139394126209318,0.010200662624582564,0.3968093465602294,2.142263870919684,0.0
1,44.53379556888703,0.05291800965088961,12.057554452539824,-0.0031539790790320195,0.03403791210244297,1.4967263395376942,1.0
1,44.787165394580654,0.0519567389936351,12.184839074044826,0.0014315923436089748,0.10706783234608977,1.7928693647846323,0.0
1,46.97882544216541,0.05360002605185521,12.322419915763959,0.0016152408313747024,0.4274586119038438,2.6559277909521732,0.0
1,46.76662771077912,0.05531229895849073,11.219319175671053,0.001332921420513011,0.243968573622769,2.7601254487512894,0.0
1,47.76403172538186,0.051003461417920996,12.409445131792953,-0.0019452781525547663,0.5876458996946943,2.9999392343772113,0.0
1,45.5050381175097,0.05114798602424866,12.732817765697996,0.004445601919074684,0.497110470887781,1.25206831435726,0.0
1,46.72692875328893,0.05084848227312458,11.111236743322651,0.0021482916801666523,0.47867073876985566,2.746863606906052,0.0
1,48.06610610758672,0.05120201776635422,12.12260324791621,-0.002607718724824153,0.5246307170362356,3.313589465925469,1.0
1,46.04398822524016,0.052943397681172,13.049950398112173,-0.005172020075521797,0.3043217391070869,3.32971810851519,1.0
1,45.49483382612993,0.05505578454334997,11.238999546191927,-0.0025403190566483055,0.28617227802452533,3.230323297215747,0.0
1,46.428435827157045,0.05479368356933394,11.519088836762249,-0.003964382298026053,0.3888194711728248,4.016272897206702,0.0
1,45.73169680190455,0.057086083137453544,12.668169063378718,0.0026081984891233806,0.13688721473382437,4.89165672198942,0.0
1,44.24050197291255,0.05396894734569346,11.463829640954938,0.0042089362956057325,0.07148076041473073,1.1584948311967223,0.0
1,47.01796630624845,0.057187237842347874,12.660723183253458,-0.0017053524058074118,0.331476995541517,4.721646510490949,0.0
1,46.44285759543267,0.056340834044913905,11.255169623263665,-0.0031886258966196106,0.34212580371430207,1.3255772732343132,0.0
1,46.802140817505936,0.05423918096372435,11.64806412784885,-0.006221002951466051,0.5566107754884794,2.4393702456652733,1.0
1,48.73526862981413,0.05709889479720241,12.687257980727246,0.007000016120222274,0.22554338820263378,4.24287810386984,1.0
1,47.3744552847962,0.05221651716279552,12.688304012235482,-0.006222486669406738,0.22645438712777127,2.388368908762848,1.0
1,47.46093720987116,0.059083552977157824,12.865780567241263,0.005756452728001293,0.28372175336758587,1.8202036520917142,1.0
1,46.5550253758612,0.05498880409868148,12.33958574479246,0.007735554338008542,0.22657027775795946,2.839308485305459,1.0
1,47.450548189002454,0.05641723303016938,11.984706674056621,0.005379855131120596,0.4318921155224148,2.788859530377921,0.0
1,47.372030741099294,0.0555691433087541,11.955593117540687,-0.0010974807918331195,0.5287441605267601,2.187651614387118,0.0
1,46.75701314938712,0.05536052973160288,11.623854478461631,-0.003783149507403984,0.25535836687073316,3.01018974754994,1.0
1,46.15732099295836,0.0536997566521525,12.879369052956708,-0.006566597196560389,0.25559825330640557,4.938803819580531,0.0
1,46.98551454221343,0.05603844324315618,11.339868394931157,0.000680298616393594,0.5762287252847569,3.5763938644131983,1.0
1,47.30687883285099,0.05535112578629757,12.00060662678464,-0.004352105729737711,0.265284278966483,4.528774036511692,1.0
1,47.70515016209298,0.05567882138689578,11.16982628467833,-0.0019807245784512714,0.16431952113291812,3.2467500892136583,1.0
1,45.136926712911034,0.05847898236908618,11.870294278099937,0.0004998142773819532,0.009799272508881518,2.7216705284539566,0.0
1,48.59043500589716,0.05715013228526915,12.736557060127957,0.009922455799998427,0.6568198107114054,4.110439363981008,0.0
1,48.689812467816395,0.05992969123076417,12.57469345164414,-0.0037680366403285153,0.28848300527620363,2.453882818271419,1.0
1,46.810913329616916,0.05593456017842514,11.719525182714587,0.0030096755488780292,0.3303098492200323,3.5831307531952197,1.0
1,47.934281643190644,0.05718973503243807,12.07370648764656,0.003305916396862927,0.6162406748756295,3.214077948403599,0.0
1,47.72275418953894,0.055748876238269095,12.560492100220964,-0.00023805142619611486,0.1440619012010363,4.846224013445094,0.0
1,46.89206823611088,0.059791181091495005,10.878014445210155,-0.0024111918364472986,0.26500235466773836,1.9821856773118554,1.0
1,47.84416486663296,0.053529029159345334,11.886247441450923,0.00663514581611562,0.3378912274138215,2.3387637225733875,1.0
1,47.33734355101818,0.061605344367855516,11.613110830566375,-0.0007655631061277671,0.3204705259840738,4.578785865523165,1.0
1,49.38698512774842,0.055033411106838986,12.002785352267965,0.006736088384899794,0.4295489224055953,5.718885618708022,0.0
1,45.63136890327246,0.0557424435576859,11.892469348682305,0.0033299632409247693,0.1460799956955197,4.890443531732286,0.0
1,47.24763575768777,0.054446952118058646,11.522839033374273,0.005700032556357263,0.5949411280576544,4.324266024176114,0.0
1,46.7861792646139,0.05454024731107175,11.914612650317995,-5.2921508719871116e-05,0.3230744385857142,5.181222561244533,1.0
1,48.16357095332519,0.05772463649605483,11.206088631099245,0.0020225814165784144,0.380293211227983,2.89816639679328,1.0
1,46.686840145306746,0.05816368235528589,11.568069735144295,0.0028690955095737125,0.490302349829693,2.7095336653074305,1.0
1,48.48623180531766,0.058583089015180334,11.465680947747707,-0.0022764944834967734,0.6087025594880658,2.7226508694935423,1.0
1,47.3068345953855,0.05792034222016854,12.39022367722719,0.000349021364106051,0.40468195927801415,4.713292045731883,1.0
1,47.89362428591326,0.053621199749640386,11.93834272811208,0.00119954080341543,0.5665975724046535,3.119293787234718,1.0
1,48.62378695452337,0.05664115260788702,12.226875571388693,0.004761315327661729,0.22132115737660762,3.964755503575482,1.0
1,48.56728316871466,0.06186012182065791,11.71165651839889,-0.0009167341861960904,0.5760635474277926,2.9401311594338075,1.0
1,49.10440769134857,0.06040764301622329,12.14247104435197,0.001280361042903712,0.6857543625760881,2.7368599971223504,0.0
1,47.416585844755105,0.055380227692650885,11.74323834548625,-0.0036333189499960727,0.24840647688386158,5.124002099644692,1.0
1,48.40160221462983,0.05633372716362536,11.19839320813205,0.0006893181909977951,0.5590095393807217,4.930956041472175,1.0
1,48.56046687293849,0.05731873260015618,12.050090582125467,0.0013222522228968953,0.5643420059362874,4.586758719971747,1.0
1,47.02275580779509,0.059451300801293974,11.492457681037504,-0.0008249915160645917,0.3616717645573657,2.8809020036801027,0.0
1,45.22399382195686,0.0579738359685323,11.619910166929893,-0.00430500319359688,0.4283173205205014,1.332935596688296,0.0
1,49.300997146661146,0.05877048771062876,12.221377957954171,-0.0008215479686859256,0.3264208203616165,2.2137239529743855,1.0
1,47.41960427548396,0.06005581689954549,12.372971391843297,-0.004679769686569926,0.444402178141034,3.9499804076188894,1.0
1,48.432669090039255,0.05906628366266628,11.947335499145982,0.003568701950344943,0.4756728574635122,3.08268135129621,0.0
1,48.99096842197588,0.056208946594302395,11.327812451278868,0.0038393738280129088,0.35538620527614073,5.738685505799444,0.0
1,48.083075770221065,0.06190066477931809,12.768032572673036,0.0013465332193436682,0.4692493989563772,4.795121876962094,0.0
1,49.09971052893851,0.06094087406332743,12.073162497434442,-0.0005104359734609898,0.5716643892569727,2.385023238395198,0.0
1,47.3374061749138,0.060550374961038336,11.800694331207355,0.0023665505768794897,0.2739894130362849,1.7877389517814135,1.0
1,46.74714932543452,0.06212422926271871,11.846699885493347,0.001766404059415406,0.5801942151927335,2.021163756181894,1.0
1,48.5956933618418,0.05889787453121259,11.892286165986313,0.004117862372031428,0.40371052863985946,5.374042951608074,0.0
1,49.29336185271467,0.05933338962200126,11.744784333400057,0.0011031659339527393,0.4519110800256069,4.727930780089669,1.0
1,48.94637632828538,0.05963089210323068,12.00388409462188,0.0012873595903342924,0.3175663068798483,4.389070286960117,1.0
1,48.234982356902805,0.05944451291763349,11.888255770457762,0.00046540385060090257,0.6107470967667257,4.032327946165313,0.0
1,47.94778952580688,0.05956760637596922,11.740265105016464,-0.000880016370702338,0.23768754413466378,2.1746286371414745,0.0
1,49.68723462017993,0.05907059530298882,12.93916036071829,0.0018821280257352005,0.4348998283284842,2.751029728712098,1.0
1,47.38738123658076,0.06052350501293159,12.368115435289177,-0.0025321402170026003,0.4150454205020728,2.6214874055309996,1.0
1,48.60343336053822,0.05922153176975765,12.474023435304694,-0.0025887099776746624,0.5097840255337703,4.435548984768042,0.0
1,50.017325533289295,0.06357165483677091,11.408642871971661,-0.005591497632672406,0.7246994034052066,4.71986548054022,1.0
1,48.73720813823186,0.061681955827880705,11.965956056231674,-0.0049446935651167,0.5153516033562201,4.237929688863001,1.0
1,48.80895740990388,0.06160377521823153,11.477371010997508,-0.007330352631517616,0.5665620562883317,1.9794603475620116,0.0
1,49.54209054993357,0.0634281547908506,11.141844037786164,-0.0002558682868279143,0.2891980495915063,3.4466639866866076,0.0
1,47.31984725362606,0.062251147351147215,11.84422326005123,-0.00422352062734704,0.5920510767338542,3.7243206232085893,0.0
1,48.14146744525043,0.058679705907705194,11.859781710993103,0.00026964091640616224,0.6098138140163198,1.6669927119956665,0.0
1,47.763934801213765,0.06424204242956219,11.379235160497625,0.0025312969647704746,0.5979691398667861,2.574807776975698,1.0
1,48.006744461850616,0.06335168092988408,11.896940865370933,0.002046628722207252,0.5914256326239709,4.074872767977127,0.0
1,47.32940073806087,0.06398450769767683,11.948406554600743,0.004347653712655211,0.5001120784516774,2.485498842310253,1.0
1,48.952881892643056,0.06318666418498572,11.215914794105998,0.001946156982179538,0.20900665297849685,2.7764175476711817,0.0
1,48.84706190970947,0.06267566619820518,12.426582228085046,-0.004918313898372225,0.19397876814551857,2.900494533201063,1.0
1,48.79014503082572,0.06609750619824638,12.231934921185834,0.0029497125186316066,0.25708951160140897,3.9892208216585274,1.0
1,46.548247126446086,0.061850483816161525,11.365031986946565,-0.0027958498193739927,0.19629848995240737,4.633157091849827,0.0
1,49.861259138364225,0.06641348048113219,11.826911060871101,0.004765614955931485,0.48857375521079655,5.490144285725523,1.0
1,48.84093290678845,0.06598012594625716,11.989276627939697,0.0005139929135204972,0.22989305300498067,5.690118018699454,0.0
1,50.40306971468743,0.05919114945620821,11.66681505268575,0.0012386164809511631,0.3960492171552976,2.8377980832116405,0.0
1,47.58237962105965,0.05943842571001218,11.393036839076732,0.0022731697989950704,0.35570505417759113,4.410900558605128,1.0
1,50.00238371958183,0.06692552069273616,12.877970571426818,0.0024423689035287573,0.33029229984144093,4.205629839350544,0.0
1,49.14078446592108,0.06442714855027971,11.653360581649324,-0.009040338742193139,0.5670690702951023,3.020491823438079,1.0
1,49.336916165729974,0.06317739772773522,11.439093716029314,-0.007117151380196285,0.5273165805168235,4.767029625847952,0.0
1,49.07343441154369,0.06838299705934016,11.443646404953602,0.009752154035469359,0.5540308412145308,3.2009072103939333,1.0
1,48.22170338658377,0.061872843490255056,11.558615415455433,-0.007252025605750824,0.3104708237403287,1.9446502481358188,0.0
1,50.1696994493509,0.06674917248330813,12.584183024562874,-0.005294747045133632,0.2676575826624722,3.57064069323617,0.0
1,48.53847149347643,0.06448312971346212,10.531689066573612,-0.001446847699033146,0.4861201444484376,2.4920643073658875,1.0
1,46.00237974507296,0.06497512845249101,12.237955685414533,-0.0038101705884463328,0.1146237466333887,3.6149340688779406,1.0
1,49.57458557055139,0.06631674043209804,11.775103303160922,-0.0025513568500778604,0.5286133555223989,5.773031314945795,1.0
1,50.5632105845636,0.06558816616294882,12.370559377219381,-0.000552669879236732,0.4956924450230554,2.6802618929177253,0.0
1,49.93478635465129,0.07202957114977819,11.71302734985319,-0.007814680254544607,0.2745755381236135,4.196362953698796,0.0
1,50.48232391338134,0.06596326651410263,11.692839441303384,-0.006304297526436756,0.667421522598924,3.718133213848083,1.0
1,49.446620065860515,0.06514498016569699,12.181234103136282,-0.0031380113805043555,0.37313883139468346,2.0345154954486544,1.0
1,49.41992095886789,0.06588080732092087,11.590574466824696,0.001092539396972287,0.22524491776714461,3.55724021125456,0.0
1,49.59129099073845,0.06620145884758662,11.90422740355725,0.0008092155644368483,0.5336233575042919,2.812640917254611,0.0
1,49.46823877746302,0.06732038847507857,12.207727205852144,0.006723124543680919,0.5534107516980087,2.1197692628814604,0.0
1,50.24337642131198,0.06495051762025539,12.2005772565652,-0.006125230475268842,0.2931925716369678,5.272000261029862,0.0
1,49.4705656327567,0.06925166289872861,11.729435976721264,0.007531952988925407,0.27076262722916444,2.1826190054179175,0.0
1,49.40600928133004,0.06714677968686422,11.491597204529892,0.0008989120959166408,0.44955849996938296,4.093256751830004,0.0
1,48.11648521820801,0.0683831052753745,12.018414397411448,-0.0041857816262057404,0.4045902747833609,3.8840220484173464,1.0
1,48.51017392792384,0.0629415038891999,11.793930954636938,-0.0030918211772161044,0.2307622683406435,5.082197412618115,1.0
1,48.75670720428037,0.06731652604925221,11.831486300720957,-0.00321010160985241,0.22057558664567778,4.3059478672653375,1.0
1,46.460888831703,0.0688386051333873,12.801377913661403,5.263939357242933e-05,0.5184239450349764,2.060926949060398,0.0
1,49.55219221491524,0.06523000083720688,12.700738463451172,0.007667123094640587,0.3322175596342486,4.279967464479334,1.0
1,50.14611391941609,0.06661391931443049,12.477898219922446,0.0028330007259156197,0.26666285539652024,3.971345780790638,1.0
1,48.10706546342851,0.06685232952171877,13.207475482448823,0.01062673065916269,0.3766535550209472,4.033537977821593,1.0
1,49.5783103456713,0.07141204835638519,12.239808891334409,-0.010695443790369005,0.6619126764399189,2.74094924302662,0.0
1,49.42573095681965,0.0666859229941645,11.52245586710215,-0.006764212808311131,0.2667065340423475,2.9676498527758786,1.0
1,51.12294489379613,0.06920509836517674,11.63180695498568,0.0017666064997899126,0.557128906865748,6.040869736655686,1.0
1,48.49896059159358,0.06948889746579777,12.52926130773821,-0.0019082286024799716,0.42141307275723894,5.553473076044375,0.0
1,49.78047426248966,0.06992628634910958,11.649033686071146,0.006850901273955615,0.30617797617290343,3.5901115006681037,1.0
1,47.94351641591071,0.06640613109912806,11.435608671580342,0.005042267686806215,0.400356890987511,1.7528566559312062,0.0
1,49.31292528535648,0.07369435679066713,12.574040582355824,-0.006556074182894309,0.35864194712532677,3.5608107286410435,0.0
1,49.16118304246075,0.07061210716653249,12.131635849592834,-0.006513280602456793,0.6293456342345105,5.555292284982588,1.0
1,48.94991882255307,0.0689171728304043,11.87172845690205,0.008816832571514362,0.4824973133805931,1.9451398380453973,1.0
1,51.20870048279099,0.06808658183603161,11.511047675913128,-0.0009679939945198592,0.6484705321697671,5.669736940493611,0.0
1,49.917750827226094,0.06906775679044926,12.231498422447439,-0.005674565622282633,0.25683633762827385,3.993515215234904,0.0
1,51.28233216014689,0.06923905497062484,12.082693181871928,0.0071431767896520506,0.5642062635988089,4.931287461325128,0.0
1,49.57948832049766,0.0722191580667396,11.3818745064272,0.0031353409899438954,0.6818153595212914,4.907001581091197,1.0
1,49.76755388419639,0.07028753465758314,11.854968911308058,-0.002581181831117409,0.6045547768753458,3.4719391358432987,1.0
1,49.11531207681345,0.06755327129414657,13.017573593541432,-0.0006456696288849147,0.27073730233104193,4.987559545260989,1.0
1,50.067330078933665,0.06984116496079501,12.185708207249403,-0.002625152129215725,0.46465221722492916,5.64597780854797,0.0
1,51.746370716286805,0.07059910275822487,12.618365164179043,-0.0061683507616263,0.8272682790778141,6.220215212417823,1.0
1,49.60168319119872,0.07034862200699353,11.923527912137967,-0.0016553836454166158,0.4768241016424959,2.8234433503800145,1.0
1,49.52227260177845,0.0685998853622155,11.639882500098683,-0.00041618144482822054,0.3519140558029138,4.231929255162597,0.0
2,41.586342908091105,0.022473746488924737,11.972658660747026,-0.0005226522809182121,0.0731376609715696,4.243809372082578,0.0
2,40.09345211061014,0.02189701245054749,11.89080376843315,0.0026882796854456594,0.31176620563913016,2.8822452256038025,0.0
2,40.15741512825563,0.020672018031591095,12.125635770811519,-0.002325444825009796,0.29633264820289346,1.4810855337294133,0.0
2,39.820852483229835,0.020202585928370414,12.05374037212207,-0.010467387354891692,0.2753001780144095,1.5665372976879604,0.0
2,40.21670024112745,0.024941158106164,11.779539721109765,-0.0036963220889751087,0.40695738089070277,3.364983337095396,0.0
2,39.415863878674365,0.021540536303076997,11.907891963451954,-0.0008442239393378367,0.38954826499161027,3.844983496011983,0.0
2,40.91672865964679,0.01850181152052954,12.227823652825737,0.007023344885169544,0.3387316959821151,4.866114075928437,0.0
2,41.184646362148655,0.02020980886241546,11.816101804937173,0.0007397080135083816,0.19714902644485333,2.119843769490624,0.0
2,38.080150459310914,0.02041169938479168,12.10788950151202,-0.004387814687398218,0.3921230449261106,4.145235391569775,0.0
2,38.46495801613002,0.019946652738063786,11.822187677948177,-0.0017054026828495043,0.021556748354598088,3.562139581490148,0.0
2,41.06543556467006,0.02363101329292537,11.990007086696261,-0.006165797515296259,0.011830644498447507,2.2778398373183166,0.0
2,39.8450265684864,0.0220141791441957,12.017314348672118,0.0073031858705424795,0.4202352952399541,4.1993032677443445,0.0
2,40.73152694241642,0.019462132732747838,11.966993118429139,-0.0015071224247172963,0.3820315573979199,1.064019013968002,0.0
2,41.23115240586441,0.02052415955731984,11.992628658182083,0.001120830348501981,0.2615645991465493,4.042778182741175,0.0
2,41.255136593195566,0.020036136938968507,12.059164251625266,0.0008824135711596884,0.27375677967329926,2.5363561715044622,0.0
2,38.632884627799186,0.021334983078118853,11.873839330491428,-0.004045820736455706,0.37450888998113147,1.754897698273823,0.0
2,41.10616364133876,0.019641012902518375,11.981608019589064,0.0013559601561354015,0.20243414939840376,4.717406750184527,0.0
2,41.579278949370725,0.022238133930927054,11.943398620353825,0.005276379201648912,0.22415100170164381,4.96011699439922,0.0
2,40.97538821006799,0.021648587188615887,12.232623911208492,-0.001704324933628962,0.2607169279619711,1.670310514516645,0.0
2,41.11812122072125,0.018977751205728057,12.004371652324442,-0.002904504237416059,0.07288135072103946,1.99538427685748,0.0
2,41.47353396859298,0.024571721870328883,11.960085902142518,-0.00033467457565950246,0.4111197970968139,4.993320612626727,0.0
2,40.05956725723367,0.020298576416693432,11.877613754791797,0.004877377815220526,0.36268591204917944,3.93530340225207,0.0
2,38.40829137071997,0.0193079931261151,12.01909675674207,-0.004493188743196923,0.1545798186573551,3.8596305854980617,0.0
2,40.81291004199908,0.018315663412942114,11.96252125717671,0.004670583734789749,0.432163420051089,4.146539162367155,0.0
2,39.733263025727936,0.018103142473603034,12.022326859634974,-0.0028115227141373286,0.13416942822364475,3.472085350202725,0.0
2,39.51410363375993,0.01917354607520452,12.143393329242103,0.005897167430301624,0.3764020758424841,2.6261209305417164,0.0
2,39.900813012861875,0.022978692249826498,12.03227145878452,-0.0015607240499795152,0.09812314346622569,1.4170869753118764,0.0
2,40.67008779854174,0.017736924729588443,12.073823581017088,0.008956508243398038,0.4015172697980236,2.451014562805151,0.0
2,39.62882035989472,0.017057486461351776,12.026416722100969,0.005405759739116112,0.49646005608050714,4.472751146580242,0.0
2,40.04603657721467,0.02140116905650954,12.055291597350145,-0.0008679239831836998,0.08588522553993894,2.7370729673052945,0.0
2,41.39020515445914,0.022526419259802644,11.986553072626622,0.0024413915198512,0.17412497323982468,3.5399696850733346,0.0
2,39.37144853536943,0.02039282055759701,12.090522329325402,0.01163642515517216,0.13612483128466496,4.854109182975538,0.0
2,38.47707868783733,0.021294008145812417,12.048371930872127,-0.0031422681506762255,0.10776934762254614,1.9283710072556528,0.0
2,39.500614113419296,0.021620051793423883,11.91977422034266,0.004342133971734462,0.43531567349035644,4.474698168275104,0.0
2,40.79842835445337,0.021889862202220434,12.117840281815623,0.011110192495960748,0.24394963999701608,1.154780388053565,0.0
2,39.04748501616762,0.020043773816870485,12.132027057756513,-0.00046587803384547994,0.3334190464099007,4.051640087419915,0.0
2,38.46561141981573,0.021761117794698543,11.895889630417287,-0.0031170036308887164,0.10210530530379747,3.7169700633896383,0.0
2,39.494727767737224,0.02047928767247805,12.065283951009683,0.002027814797429791,0.3863641769294909,3.2847852114578044,0.0
2,41.91033909978196,0.021514797227945623,12.261823665808732,0.0045608759590779376,0.11967440930787665,3.91731037046009,0.0
2,39.972907158808844,0.019718966554839484,11.973648270562133,0.005979970425036363,0.1129381329779846,1.620413478976153,0.0
2,41.16051566578748,0.02096032825568497,11.954795646382589,-0.004179237360580562,0.4558615472562529,1.3760913858238415,0.0
2,39.329098322301846,0.026236281876944323,11.96433730885483,-0.0025363654457968518,0.03803841563670385,1.082087921462107,0.0
2,39.512380997320186,0.020631252329718835,11.934217071987664,0.002854918571407827,0.2500040160868484,2.831888409506313,0.0
2,39.27756024097039,0.022625823745269773,12.240077428625227,0.002687240860272052,0.08917903199279048,4.3727881007328175,0.0
2,39.758755422783864,0.018740822963183353,11.944167244303722,4.8781447329752746e-06,0.13794160595127297,3.942632304479779,0.0
2,39.825164295787644,0.019954449231731602,11.978105944489007,-0.004002086913443421,0.3726378131800541,2.5911483281607235,0.0
2,41.38521405753003,0.019175945260240954,11.978999215045095,0.0013397111417983113,0.06015421071931604,1.4459696989426112,0.0
2,39.986467245227814,0.020109140901741908,11.963719691846894,-0.006786592431544601,0.3542069038170174,4.482129485488205,0.0
2,38.02368222264202,0.02172695734452942,11.805942316263122,-0.008280649351306379,0.3653569721616729,1.3480522316387757,0.0
2,38.637441962980176,0.017229762193360525,11.77398274080236,0.013769854264901321,0.39164241307491815,1.2532720351764195,0.0
2,39.518320392528565,0.020784227200834542,12.086840171980406,0.0027714493505014985,0.13967767439137546,2.576867490792781,0.0
2,39.99287797961414,0.01716840455118308,11.962647984757446,-0.000991615122792037,0.4130337426135388,2.6475542167143535,0.0
2,39.20888572426061,0.01892653354881313,12.039172872914289,-0.012226502720425546,0.15534085436272366,2.066204143724859,0.0
2,41.02431299090164,0.021570474568843596,11.948844957397794,0.011865606327929712,0.07637364638596256,3.757214609420739,0.0
2,39.93953539326101,0.018928954730848876,12.112842128391323,0.001683290513849332,0.36496803782855536,1.7819068498427209,0.0
2,41.66312783493713,0.022490537593354808,12.03816887267158,-0.0002146069686445743,0.3519299776330143,3.8949732290785066,0.0
2,42.006461132123135,0.022442484596336725,11.892395862526483,0.007468914657159723,0.3972337988681125,1.1931717390774295,0.0
2,39.76395500473016,0.021950264936047927,11.85025531855804,0.008129394514487832,0.293541608593153,4.823652544988468,0.0
2,40.122376207188964,0.022264158304608338,11.825727592270598,0.0037908081742041915,0.13218428213660843,3.3766089265050097,0.0
2,39.37709800103844,0.021513370778401122,12.0456486563183,0.005179316825700301,0.02692966934814206,1.783056278357161,0.0
2,40.63830797927788,0.022387298704224977,11.981367180439733,-0.004750340485505891,0.021071629765700595,3.231080702455973,0.0
2,40.123376595843055,0.023460697426832898,12.187953388102713,0.005844367898463824,0.41159296686495767,3.205154515302594,0.0
2,39.56901632141047,0.017694551644817796,12.097841028462387,-0.009798025319920991,0.07877781056047989,2.7052127248262763,0.0
2,40.24825664296444,0.017409453618092506,12.04425195673803,-0.006065697182459481,0.17603765909479352,2.7829889754889314,0.0
2,40.00934651329106,0.01922586161264851,11.982094467023943,-0.0027223729896841977,0.37660360744701155,3.204461411349648,0.0
2,39.261104476118646,0.021896490638195504,11.988605701544849,0.00019923621568820966,0.3129209129432172,1.499556252978651,0.0
2,41.27040920024589,0.019231242331141356,12.005378255259336,-0.0008366113754054701,0.1622060743164126,4.959556179930903,0.0
2,40.63132340982843,0.017264046572687108,11.874359863945557,0.0004274607070609038,0.03356923149891211,1.978763704968126,0.0
2,40.02845717478125,0.02301358360447532,11.823544174874051,0.00018387983574561312,0.4880307866665966,4.58677023889876,0.0
2,41.31064452841103,0.01883585793324564,12.085191734035611,0.012431028451116913,0.07084278020528267,3.872222552995196,0.0
2,40.47328598743209,0.024652656551924366,12.127132582539714,0.003789922517579028,0.36895902001143394,3.3213621505392408,0.0
2,40.09418233414063,0.021345352375983874,12.165272644964189,0.0028064831761585424,0.33103065424941147,3.0358797071810906,0.0
2,40.75982172154337,0.019005683178981617,12.044734590628435,0.00041850991380300295,0.13630578601546933,2.906648983531712,0.0
2,40.78972930238879,0.020007697552115216,12.01173359690779,0.010671468450002086,0.34559016890919936,4.732276477296229,0.0
2,40.404025109793714,0.018440097690496822,12.092434474021685,0.0015131079149473666,0.37554989435623465,3.1014498712913627,0.0
2,39.88069130397102,0.01634968027299224,12.167113170583223,-0.0031391101574098947,0.16130825715558333,2.3881643210612347,0.0
2,41.85147418560906,0.02204235981980597,12.004235182575798,0.00728486842526139,0.4305429468296528,4.425860076533839,0.0
2,39.581118261997176,0.018598835657366457,11.953200618381507,-0.0026656823945932517,0.48948491808790295,2.497904175188082,0.0
2,39.77613859280971,0.015442331847229863,11.804848288451986,-0.004588443608018235,0.15907083848292836,3.369633734742951,0.0
2,40.098158962471395,0.020798655482640385,11.889906192258522,0.003146779225987471,0.47604967389406433,1.7121934964141747,0.0
2,39.80388237786138,0.01923887973376223,12.124693215544267,-0.0030582812123124904,0.46912599753106066,1.939507227247141,0.0
2,41.00920502945738,0.021554461461662403,12.02051055024891,-0.0022646250077245317,0.20912016230914038,4.280372407215238,0.0
2,41.98507416749271,0.019529387247404755,11.951664378387251,0.004746965639549684,0.049582058451922706,2.707665012224543,0.0
2,41.00366162023264,0.020731333475592965,12.064298395115543,-0.0006955116239786413,0.29630718692389185,3.1000920250195696,0.0
2,40.5138718795769,0.015811790636657413,12.00754465301274,0.0017286552272740643,0.04752082591135903,1.590950777445559,0.0
2,40.7346528623096,0.01650850065428654,12.225817871929216,0.006099327213587925,0.4980483426597446,2.9511531991964666,0.0
2,39.01376918506958,0.018885938087102833,11.889143106744001,-0.005313295905628128,0.20553546797501115,2.206119056227808,0.0
2,38.67977024026335,0.01990785595432108,11.982742440444175,-0.00672520035374081,0.4209802895109725,3.6798605248740173,0.0
2,39.7808016189787,0.02372122309245537,12.04821535230793,0.014202321482884766,0.36925065274649843,1.0108926167834777,0.0
2,39.61023027670006,0.01966224463760509,11.906866438532354,0.007894416603701796,0.012673218059816693,3.1798222053607246,0.0
2,39.75094322005478,0.021420988344377064,12.14848799072586,-0.0012255730697653842,0.2584704072639102,3.8035286817636025,0.0
2,38.56858045469273,0.024937880352350707,12.055057731150768,-0.0031391337558896093,0.4907266446861025,3.249613689041309,0.0
2,38.1236824854896,0.019934448747398126,12.051670834703211,-0.00018574571895704013,0.4144135635605321,1.2078450057976995,0.0
2,39.14318515768419,0.016641405203089415,12.03953369424459,0.0055971396691004,0.09587653331981971,3.2693677487185164,0.0
2,42.000863442127304,0.01700678888007018,11.822364905403095,0.008038545330296165,0.36421585121331734,1.3063572689103666,0.0
2,41.58378710996854,0.016781150069194544,12.054893493738152,0.005837298591243107,0.024508623859037904,2.3823624369860252,0.0
2,39.983223711587094,0.01910734143388065,12.068776014492528,-0.004693290937660524,0.4646141165615756,2.339024772705762,0.0
2,38.00694373086014,0.020166379447301194,12.117558254404134,0.008805308225050625,0.47589568269096555,4.066474693355087,0.0
2,38.955679749010045,0.020982997378426682,12.069313462620965,0.004895384147600523,0.41608915153562576,3.964608185229896,0.0
2,40.3344034897329,0.01908789414206266,12.16262227612146,0.00036290389657452955,0.014724668215048642,4.2997465107794,0.0
2,39.03369260133109,0.020179316378312658,12.136143596709775,-0.002740283829751008,0.1044708948490321,2.9811380289079166,0.0
2,37.81796096171233,0.0211922601206966,11.98269428096886,-0.005267159228070338,0.19004769172984798,1.7865730784859535,0.0
2,40.06148084693251,0.018937384356804407,11.938141507013892,0.0025286970912576727,0.15270190991233257,4.935819534658554,0.0
2,40.79516465414262,0.020936406615994912,12.22500618470576,-0.002395368624870202,0.050012805460891985,1.5302066435831856,0.0
2,41.57994025435974,0.019907386698707428,11.978594913300253,-0.0015787124314158149,0.3937383888494359,2.6669404975078423,0.0
2,39.697669688598836,0.019966981237159703,11.883793279023799,-6.37610128104065e-05,0.1084663612717855,1.8849955524356354,0.0
2,39.75007322986506,0.01890453811034119,12.209951124242945,-0.010715170050229107,0.2423182594886122,2.7204460734146796,0.0
2,41.29236270415628,0.020260727999627522,12.046146063512701,1.0900548547784506e-05,0.1208426403914441,4.293509604392559,0.0
2,40.0558113047008,0.02143922104676767,12.161851356173191,-0.00873534399509138,0.08225961474795584,4.589554574307584,0.0
2,39.98309619181805,0.02238034071540935,12.023337081387576,-0.0020484316475084304,0.38388880432513406,4.172387656609098,0.0
2,38.67921600291715,0.018411979600285025,12.16119676418622,0.002701642862662664,0.15817002790063706,4.632372530103874,0.0
2,38.407716788961714,0.019760192097948784,12.006733227419597,-0.001565629751617508,0.3272338295135886,2.4880438972123553,0.0
2,41.39608472403037,0.017049687826197153,12.04241573977563,-0.0031373756009634994,0.12415208786439091,4.336798024074755,0.0
2,39.81472092571026,0.020349579696320143,11.950098571390512,-0.0018688826537418888,0.44366523965107413,4.254000664093853,0.0
2,38.435259248489274,0.022887607835159137,11.964716212166287,0.00380855846662642,0.49152345320670143,2.740902094753206,0.0
2,40.560041438751746,0.014935692979199583,12.11279522057842,-0.012209844359011934,0.35794174707051185,1.9252496380554809,0.0
2,38.471444067948426,0.018263254102396837,12.108439554940633,-0.0026940600153456664,0.09830046345642562,3.0642995123626804,0.0
2,38.60777657206889,0.02236586334486533,12.132892910436142,-0.01038106767739456,0.2724191749638471,4.7100651405891885,0.0
2,39.741915144826464,0.019273393079102166,11.966155253817586,0.0006537915930304505,0.37710583299533057,4.330930539326623,0.0
2,39.03288574882358,0.021430502833746395,11.963058149500105,-0.0013241627690908462,0.4809451635595392,4.141464204246191,0.0
2,39.70270418187858,0.019480994530676386,11.916938294027121,0.004923206776649532,0.22092217365414402,2.057759117104321,0.0
2,41.849881374831725,0.01933554329940196,11.928975302508343,0.0012055367154816842,0.09619456474371646,3.643587899749613,0.0
2,39.97772223873863,0.019555887641554172,11.907216374871101,-0.004490651188929514,0.4255330420909305,4.40810300305531,0.0
2,41.99237112247607,0.01728662039457726,11.911836224145524,-0.0057784745370973644,0.25361088640824375,1.332929556970638,0.0
2,40.27466699119106,0.021845548420857952,12.072471253073793,-0.0043770802784445844,0.2867666698586464,3.6004613545934956,0.0
2,40.21912607186876,0.019337653767477255,12.110905149885902,-0.005617701498231124,0.004465376021350553,2.281798250197763,0.0
2,41.03735113835367,0.02228666219647948,12.032285163100008,-0.00017474879400562908,0.2989703268980393,1.516538974775509,0.0
2,38.93918161709753,0.02355408516652264,12.013247209063866,0.003517028830298178,0.3139558397980683,3.4669782298820264,0.0
2,38.781976848485066,0.02104220418276796,12.014876225452673,0.0069274538413541835,0.23742690832342211,4.6357539387602955,0.0
2,38.084106141967304,0.017951785305928714,12.011784376721886,-0.0026850259902325814,0.07247135254713105,1.4277970909734745,0.0
2,39.08498988729343,0.021026219260971094,11.968889062980118,0.005138162853701274,0.3326438940149564,2.635485952138853,0.0
2,39.68648660066735,0.023088702912400512,11.937055035498211,0.001106389463828951,0.30938418005741264,1.107410698838271,0.0
2,40.88004953315644,0.0166476736673504,11.996209079499089,-0.0125962127493499,0.4304567410105885,4.286611193260938,0.0
2,40.706779535300186,0.017752481340100483,12.029218629943127,0.0023765731345073825,0.07463530713201938,4.128059778902967,0.0
2,39.867730942075745,0.021561814818716215,11.90367970486142,0.00742933036612998,0.45620088184703284,3.647224354828079,0.0
2,40.466673960111436,0.02154699678467652,11.999740336896965,0.001903486286004081,0.4066296903916857,3.4521831746053095,0.0
2,40.59020051280106,0.02017618980523298,11.965747079899163,0.0051850438324046655,0.4282240089144477,4.995110397160182,0.0
2,41.26101879018038,0.021763603618841103,11.881859596927494,0.0037719195279770678,0.11465605798461365,3.087691832821196,0.0
2,40.90311125717248,0.02121791190987578,11.767095399673385,0.009134904115197306,0.3123940650639726,2.8436223521336834,0.0
2,40.28653681202841,0.019521404788914,11.970320561133772,0.008550888856967889,0.17887475983214596,4.0874218675406695,0.0
2,40.28159045673139,0.019349510095927724,12.058872856360168,0.0017647973801881503,0.21787832772260668,2.4788193720281058,0.0
2,41.374774996018296,0.02079080999519859,12.014471600092003,0.0003919992833172585,0.022754819861252606,2.678081272264726,0.0
2,41.44769549955148,0.02193609957036644,11.96457976320326,0.0047512678515350465,0.43063101508929646,4.179930445596735,0.0
2,40.36529348740082,0.017871992755696422,12.172008266447282,-0.005303123683976146,0.02735648351498332,2.665578262909364,0.0
2,41.23191528290703,0.020676686327876562,11.996282780148306,-0.000432551016238565,0.36226710843756116,3.973274883722594,0.0
2,40.472122362775146,0.023596155072353433,11.817512173450403,0.007429215616861574,0.2443215799997267,1.5601173751098636,0.0
2,39.8664346955295,0.022259793239155782,11.882739986113185,0.007144775635524363,0.11986175855148418,2.8432456676700504,0.0
2,40.37821781731935,0.01912967750450679,12.034439738908102,0.00018612751400475707,0.48807043173807796,4.651005183252294,0.0
2,36.41600093414785,0.01866812006458405,12.09919664981217,-0.0011100561585083006,0.018681201746167386,1.7637097914718147,0.0
2,39.188223852835264,0.019230991994440193,11.984434256805697,-0.0010163667096500014,0.3269880046797629,2.5544172623736134,0.0
2,39.53368612095005,0.023540982683632184,12.030624746895125,0.0006924868007731018,0.29664877063996564,4.639228966068048,0.0
2,39.29227591900894,0.020053255662667052,12.07047820505399,-0.007064156353697645,0.24463635845204462,1.0182145409465426,0.0
2,38.17353181301022,0.01807072949112993,11.949847737735906,0.0002116365224005886,0.23947995009936607,2.828211885508575,0.0
2,39.57178776188792,0.020997023308752517,12.117857408213295,0.0024858898387970585,0.4350751945938183,2.196234171892028,0.0
2,40.31168339700983,0.018652611930900533,12.055791538400937,0.001615111998510268,0.4807732454288251,3.9090874979951935,0.0
2,39.71912964450733,0.021056009755362145,11.937767411836312,-0.0071401303930999195,0.35209189822529313,1.4725258181937164,0.0
2,39.31791121507866,0.019124831534967968,11.992460309232946,-0.00710202750974287,0.2880341933087795,2.9350571909119503,0.0
2,40.70135772841087,0.0233404264915363,11.976702390327784,-0.000347950997293946,0.44504357526422933,1.8690322426264872,0.0
2,40.2898940447019,0.019097789573769473,12.052665718913532,-0.0038902356254517374,0.25542584909320043,3.7469631005082267,0.0
2,41.98910447417417,0.020566701565039792,11.829910216192802,-0.001903079693740723,0.3143606851829902,4.638200625582771,0.0
2,41.5542145519096,0.022312519806978803,12.217233953750316,-0.004470637163204531,0.10545924653795741,1.1796185765399283,0.0
2,40.805827139231226,0.01644387521444549,12.025017982825403,-0.010926015570134687,0.193073648573717,1.9660938074215841,0.0
2,39.63501961163535,0.015873388008182953,11.912868748626233,0.008387481430349362,0.19141760863178686,2.8694973795086907,0.0
2,40.09687508889556,0.02581255494832045,11.946815188921942,0.008501067698028884,0.10506324570141001,3.579622016501714,0.0
2,41.232901964140055,0.018498102133575233,12.156739877149223,0.008397790000255851,0.37207307793736616,2.6340404529062273,0.0
2,39.642909816115825,0.0208294814990539,11.98955167875216,0.002392233480811128,0.19178604312238817,2.107565740819473,0.0
2,39.97312179648921,0.0192044489504223,12.147577339247224,-0.0003972050938364443,0.28044257195198685,1.1948085845426308,0.0
2,39.7508154249108,0.019597522427531516,12.153854686213116,0.007406772716045489,0.34118987428534286,3.204842585597919,0.0
2,38.371326608585306,0.01960920395818819,12.103412822840614,0.0014650297810838596,0.10173029971389563,3.3037918484962354,0.0
2,41.37339677174707,0.01835304762296976,11.976026095519783,0.0006483022094706838,0.2327106168990708,4.62509088348941,0.0
2,41.17001921349157,0.021022598452422873,12.038103527401935,0.0016861220009273866,0.1046395811620302,3.352218936906418,0.0
2,41.28068069026615,0.01887459555009618,12.10420488205269,0.00624110513117642,0.06975304397944454,3.3319685882800036,0.0
2,41.51544286989486,0.01555202811729996,12.00752292568826,-0.0031561016553051536,0.1534410974338387,4.236594072617834,0.0
2,39.989152644108756,0.021625222134565095,11.849436926189881,-0.005631058859290668,0.1996340612982378,4.019005896177667,0.0
2,39.18642704360739,0.02144801321898698,11.997412189269612,0.0049170068783207475,0.396917754692098,4.688769708307959,0.0
2,40.277146163988085,0.019772866309547846,11.792572558294609,-0.001160719469837879,0.42998538343155834,1.7913875237642598,0.0
2,39.09681565152491,0.016608621641174486,12.052840191933072,0.0024760876216811797,0.3038270190557745,4.8971804945568005,0.0
2,40.87408287116362,0.019218223285697642,12.174692497117121,-0.0010338794033286516,0.2811253374564998,1.231086082112502,0.0
2,39.60440540737501,0.023144074377981768,12.123524125218582,0.007562518090083634,0.38838366379849504,2.739531395813813,0.0
2,39.49802523313292,0.019187614947579663,11.928259710312014,0.005937864198873439,0.193628880919531,1.6389424947272841,0.0
2,38.79377095709263,0.01945352045509546,12.146111217065389,-0.0059167011560314325,0.02470790941462575,3.7882555635092223,0.0
2,39.469037574671475,0.020423089778720035,11.845943894093041,-0.0008228793207435146,0.03190346871468436,4.434334061387077,0.0
2,40.00615341302092,0.020876266663638985,11.887835587521824,0.005080477454241548,0.3862033155673464,3.1775822877208744,0.0
2,39.80250844639452,0.02010283701611924,11.91839327463481,0.004048156749625431,0.3324359358051986,4.647996565339404,0.0
2,40.04720193647925,0.018766959332213888,12.050972183262711,-0.0030687843449607516,0.127732625306063,2.9344802130517063,0.0
2,40.287641736884375,0.017858453294387143,12.086615372478814,0.006941932992670986,0.2104150263201131,2.178490829438806,0.0
2,42.19078393491713,0.019358681026977183,12.17616455755576,0.004582885410980048,0.3428054725972568,1.8834187869662546,0.0
2,40.76585284292372,0.01814207236926943,11.857285815120608,-0.00393814799655186,0.15209093371501808,3.5513945272090344,0.0
2,40.08625690741363,0.023102874701290108,12.007791149591363,0.003727350495764886,0.032370699496768074,1.8563740274669174,0.0
2,40.851402587717,0.019245692927836323,12.016960092493056,-0.01215231799782166,0.33623999467128685,4.502965083859058,0.0
2,38.74765028672295,0.019482650629052453,11.928224707361258,0.0009271586600186214,0.16522919857104112,1.758871007896749,0.0
2,38.662628400908446,0.020279954898548475,12.050581400311769,0.0031234655592749156,0.03142693459705087,2.8567874252415533,0.0
2,40.29137669158439,0.019241085705408327,12.0966347155968,-0.0014025772671097318,0.0918147573396117,4.983289811052778,0.0
2,39.38846804375431,0.021376091180578274,11.928678485476004,-0.0026015927689456066,0.05321656319894513,4.127803199186233,0.0
2,39.237525086116875,0.02227353771080059,12.142826930449436,-0.001776034229940345,0.09040297083218807,3.0494849494441145,0.0
2,41.43098778664228,0.020108733989850313,12.008314651759065,0.004204141032872311,0.030302332152742195,4.629095026691776,0.0
2,40.08687450186606,0.01997431448770947,11.901580015632026,-0.0007963858827497661,0.047917433281959465,3.228949207546615,0.0
2,40.99981062021804,0.018106356141423176,11.936398475244799,0.007214693787021095,0.17916391392267927,3.770265463472416,0.0
2,41.00396427431907,0.02422572245195112,11.97532509568022,-0.002511184904103335,0.45754764202909076,3.7031746748365415,0.0
2,38.940467018124444,0.02149240105969058,11.999749448670931,-0.003999821975403916,0.3845680427985746,3.2674975435427838,0.0
2,41.694336439567635,0.0165305167445551,11.87723771736188,0.004532022341150242,0.17114823149560737,3.0579649909529163,0.0
2,39.02674542534099,0.01863891434202197,11.94214690017184,0.00028201210482509115,0.3751772692512205,2.121972879299357,0.0
2,38.21076130857875,0.020885727531446262,12.0731406425182,-0.0005560550072183331,0.19651633050466538,4.446031005104256,0.0
2,41.6028720173551,0.019567822759168445,12.144294057045544,0.0005563200802146258,0.39260414631625357,2.9210928491954786,0.0
2,39.66550653901625,0.01902898974568137,12.006661807780887,0.006585443071025012,0.4494557308645969,4.882284013927011,0.0
2,41.730748585985125,0.016694472926225935,11.951048369252161,-0.0013372178167851453,0.36231224474316825,2.2602161406845713,0.0
2,41.432310360355885,0.02210638022722479,12.096087489511037,0.005072087443449301,0.2948311812260573,3.2905931375864093,0.0
2,39.99028617904213,0.017201618779931874,11.922898677477281,0.0021035744266991027,0.12383923664217567,2.7167510326408726,0.0
2,39.268000016731506,0.022057058912358776,11.899795037624752,-0.008825215923405919,0.40838882402056087,1.962587478393854,0.0
2,41.18401875811554,0.021738949958538246,11.873107147905726,-0.00548051944120131,0.25085050932004943,3.0604120390240994,0.0
2,41.24972339149041,0.020397759097908176,11.994069123143294,0.0013968418658773856,0.39340570471809516,2.2291354072263414,0.0
2,39.58792061072331,0.022650905540145552,11.879762000345197,0.0034514368765199877,0.4293705600778466,4.24997576724339,0.0
2,41.842814189633145,0.021920259601401103,11.981614898097094,0.0064356665803393534,0.28738915511280827,2.68400962748976,0.0
2,40.7971308464887,0.020984795451509258,12.080676084810495,0.010151494876491578,0.2265597721439777,3.9123810807860715,0.0
2,40.815270848372,0.021802655001430117,11.887022485130297,0.0019259370343740736,0.3371015740783628,4.070967522040183,0.0
2,39.55087097058908,0.019352880917349886,11.967689676351783,-0.004334434998816955,0.4152118678511304,4.742500959389417,0.0
2,40.90793962910371,0.02029613069280428,12.04571338152199,0.010895644973261199,0.11247642691264714,2.56313945240159,0.0
2,38.477085360253156,0.02176200554652042,12.07295667838184,-0.007274191849404303,0.11717690444981527,4.683642989362553,0.0
2,39.946675211052316,0.02072568444137806,12.086554815971363,0.0037100102666963505,0.03197222541646072,3.1056878567014716,0.0
2,39.8388195658977,0.022604941747468143,12.153324921979808,-0.0017353695047505995,0.12093039184697901,3.8856354866620935,0.0
2,40.9545241831847,0.019566022548704893,12.056722166054145,0.0026842350055706603,0.21020186485319847,4.353060767289868,0.0
2,42.3995485026003,0.021578610769582198,12.032286256798734,-0.0010475923364844236,0.17102733296325634,2.73786674719905,0.0
2,38.32888763728457,0.017475809805691706,11.974948491196917,0.0031307466087586284,0.44246957943107756,4.641359860553415,0.0
2,40.653997109543404,0.01989440887123575,12.232050956587482,0.0009282988631264671,0.16816248501050368,1.2026384042087797,0.0
2,40.978991155881914,0.020191761419492405,11.997860980515197,-0.0037167648818150194,0.23625750825487796,2.664668310567421,0.0
2,40.01424198613923,0.02090520795271833,11.884200492691077,-0.0019880993679542904,0.4532569715671401,3.788091233451177,0.0
2,39.13045182957008,0.01796661121567198,12.004396889897349,0.0023023783893251866,0.07399846164272789,3.838076463416201,0.0
2,39.79926062045962,0.01677047564984139,11.947624179123993,0.0067728953042522225,0.2944184863437076,4.714509320800175,0.0
2,40.10842370379433,0.022568319319153235,12.085770860784873,0.004239022505320387,0.22310234393809303,1.943327461567363,0.0
2,38.67432876502769,0.023021825776211008,11.928116771743428,-0.0029591244130375612,0.4941910139338553,4.1364327409535875,0.0
2,38.722412168805455,0.020049339947278446,11.827182428499299,-0.0026123824550173527,0.343150085379118,1.091126803077484,0.0
2,39.07406711046012,0.020120760182779612,12.044360948995193,-0.010968989027423768,0.3642636984033942,3.5598527297386213,0.0
2,39.32852854711253,0.01696908216180643,12.067573405409515,0.0034293780287824073,0.3630578563430105,2.706592359312286,0.0
2,40.29490468336168,0.019854109473199714,11.98932135599584,0.0003005885382674268,0.4874349980209322,4.718020158755982,0.0
2,39.17129563642648,0.018403002447225453,12.043988483604886,0.0014856628769928785,0.44412473397802293,3.8948337217325206,0.0
2,39.78422212749259,0.01875065837802635,11.84214073518023,-0.003875926635645456,0.24571156344161238,2.0683963881608696,0.0
2,40.077953883918134,0.02165117073881011,12.099549380137319,-0.005150686889888919,0.39802006444788857,1.677124209584694,0.0
2,39.63854101872539,0.021427549600150267,12.05591840274399,-0.00688702207623156,0.15721014181746923,4.248594118195642,0.0
2,40.49169790444855,0.020447374087526393,11.730962305600956,0.0025389296728216687,0.055607473847108846,4.024634324204665,0.0
2,38.574788772173186,0.02062543579187652,11.949170302749323,0.0056045491662483436,0.3545653939334759,3.203776033103494,0.0
2,39.78622056381569,0.017766821672589746,11.82855906671967,-0.004012340224139936,0.16271407760083545,1.3603246243594445,0.0
2,40.10076679969326,0.017518127903336213,11.942111250428475,0.00484989915757402,0.44412845435264875,2.0759705948300557,0.0
2,40.33120461450445,0.02101750017680466,11.980395944782966,0.000633557702213024,0.3599358903094119,4.081661490017748,0.0
2,39.33815370539416,0.019252775465252316,12.228653564611246,-0.0023009809317419325,0.49993568379389347,1.710645240202029,0.0
2,39.31367434306489,0.01918501512507774,12.17637020459465,-0.0024283977462113476,0.1206842797552844,4.328101852790802,0.0
2,40.39652597371102,0.017340182992579653,12.205440293746738,0.009219505101477767,0.37970137471936116,3.1376150042002706,0.0
2,39.44856780377555,0.021367688896325412,12.04154798326455,-0.003908877678900613,0.334377185399133,2.5378618160055244,0.0
2,39.46772738076941,0.019439286536048737,11.989228476699207,0.0001260360473797667,0.30900498069323995,3.262287993817002,0.0
2,39.82986734295121,0.018131381610200656,11.983080960390982,-0.0005194736471141428,0.4786270355323776,2.120617654558505,0.0
2,38.45166286383431,0.01862093147734506,12.03810771129204,-0.0045199113499221405,0.010426762423289437,4.657539435628094,0.0
2,40.090443629837985,0.019413215262934255,11.879045172988064,0.0004701305715561763,0.04823910846287166,1.5857678582781505,0.0
2,39.714673264583084,0.020929029847341594,11.8555574584586,-0.006640144302842619,0.26497119704535477,1.6934208216925573,0.0
2,39.72250445973742,0.019113938081769807,11.962517087364105,-0.0066558208830736236,0.24139396468438884,2.7394137201455915,0.0
2,39.345854695460005,0.020463831668873052,11.918948252039366,-0.0071145635156126645,0.3314007856430238,3.42444937945363,0.0
2,40.237085786196566,0.015447591163050015,11.99823979808526,0.010585573058158833,0.21986553295980638,2.3566326841686163,0.0
2,38.81795843536893,0.021519190817533243,12.076810923905137,-0.0003904317821699841,0.24939266102651036,4.640666003175322,0.0
2,40.462954740736606,0.022778191927364806,12.003029692036156,0.009894155604933511,0.31450599517625655,2.7715872174191603,0.0
2,40.67920500028589,0.016891240252350094,11.97413269370473,-0.003338638338071009,0.35715207023850293,3.6913019676426106,0.0
2,41.8011321423671,0.020581057933701727,11.865628392520973,-0.0010130061731040132,0.4298085629230189,4.665244580259344,0.0
2,39.00480573890147,0.01748705358347135,12.112589899574498,0.0008196044421262504,0.1149588972924448,1.5703872764505538,0.0
2,40.04149931522389,0.02085143670491217,11.958467966719418,-0.007550659257363255,0.2374745318371097,4.302073989002734,0.0
2,41.40816494634968,0.01986481912263601,11.937576833818461,-0.011534759616850061,0.3477171317839554,2.2829774018250153,0.0
2,39.14482788587781,0.020763245034245262,11.922831080376454,-0.0022366476747309703,0.04899890006323965,1.504289098846618,0.0
2,40.62284460357006,0.018818177159037282,11.942555352336882,0.00608234204413515,0.29352171125625565,4.8916636157465945,0.0
2,41.860007094230774,0.017024546719068757,11.90368805882971,-0.0028071847938021814,0.04239213883349052,1.5595847985099849,0.0
2,40.24119288040908,0.017433281654725654,11.953044682303522,-0.006212887146494476,0.10167470566349285,4.389617508877535,0.0
2,41.635692728068214,0.01892416638013555,12.020198667319512,-0.002643962341156173,0.07521654457255139,4.798173429625187,0.0
2,40.356121561467276,0.023916385727237505,11.918988549919998,0.004067819101404332,0.3405483239076853,1.827647292293007,0.0
2,40.68769373011728,0.019088726776107602,12.004846261025556,0.0021872175119327614,0.3450486961969537,2.4078830447682877,0.0
2,40.34817852471431,0.020007055831411855,12.032158057775739,-0.0026828353671962796,0.3432502321417724,2.7449462096033104,0.0
2,39.82139490397091,0.023706022949895187,11.995380929166203,0.0015349822692513563,0.2046658354222446,4.235454450929856,0.0
2,38.7519750140244,0.01868067330006345,12.099751732347688,-0.0017339340305148555,0.39631987645074257,1.240108266897996,0.0
2,40.39930808855428,0.018906588304564445,12.050340126477082,0.0030445463175029193,0.3927046231641557,4.948291610055469,0.0
2,42.4561960063359,0.021786003902108678,11.920013518627774,0.0025777218374981683,0.09937344424976646,3.676370773129159,0.0
2,38.39339706271407,0.020286649233882483,11.991635020172897,-0.0051634482323239155,0.2204686302579446,3.8182703384901457,0.0
2,38.66207986406643,0.019122301232497533,11.98648887580592,0.002261299223233317,0.4795956624477934,1.314774369738923,0.0
2,39.47715672320765,0.020670875594994906,12.11824837445596,-0.000802953117207929,0.3334910261626156,1.7773684844338806,0.0
2,39.39055072918244,0.019833689187542837,12.00706217368633,0.0012090129691595085,0.22739191076519533,4.330131051565812,0.0
2,39.22724662522668,0.019317609845872347,12.034217597142238,-0.0031028350511668975,0.4619322458602225,1.6690791527311246,0.0
2,40.966822161416566,0.019625650496702996,11.842258013430346,-0.006482741379382595,0.028516177524832986,3.54808301738015,0.0
2,39.7270332569324,0.02216746652591771,11.961934331890529,0.0020830735271165626,0.031492026101495874,2.2080260107687057,0.0
2,38.89174539640004,0.02120003203238144,11.881271656167545,0.0038334630232373748,0.12567554809357534,2.804795789878366,0.0
2,39.319231216470925,0.01964748966238867,11.973341965826052,0.0004765559819433297,0.3717109595038658,1.499208194454245,0.0
2,40.51078768103717,0.019635671613184087,12.03603565333253,0.002996746519469195,0.4622101542663254,2.997533738219405,0.0
2,40.54009416921137,0.016918110000661273,12.073784101262923,-0.0012183747950243536,0.2915386855937092,3.361323705783331,0.0
2,37.913027422253094,0.01966618962249685,11.822568580500096,-0.0006359500132220859,0.351011344459541,4.65503216029685,0.0
2,38.51059003881655,0.016603496678483015,11.937418958190982,0.002769375840737175,0.07964350588730978,4.2281137256556764,0.0
2,39.91255661333678,0.01921389538547539,12.23786470950178,-0.0008682594865174847,0.10108831418787506,4.2768589976304225,0.0
2,38.77185951132343,0.018435392076417763,12.107328604175029,0.003260117497997352,0.24654166989605852,2.5518950014084476,0.0
2,42.195482583675044,0.01924206384862416,12.244446720514302,-0.0022176272058112103,0.14204494362777603,4.624486565854358,0.0
2,38.866420258784615,0.0203830725523372,11.86945502892371,-0.00046937810580735024,0.22247251125577416,3.5237106677684005,0.0
2,39.1359065754,0.02506393212428602,11.950865711223637,0.006646510300245825,0.33727563859463183,1.444376611337285,0.0
2,40.14405958944925,0.02054984361408829,11.952797139508757,-0.0044216648273009106,0.4520591422733629,1.3214305008588645,0.0
2,39.47940814752976,0.02056646875067114,11.977590725724864,-0.0027562986418414545,0.4178837133688518,2.8624079223351213,0.0
2,41.19422594565712,0.01896775358479203,12.028028362217569,0.004041471763350379,0.38839093096547567,2.343168222396963,0.0
2,40.15996188259497,0.021717724847557615,12.106786535708684,0.007145851014694793,0.3717552275588492,3.8105565190751856,0.0
2,39.078729258589775,0.0202437471847338,11.875665505223456,-0.002254168677253196,0.3324993711987525,4.3949497643784685,0.0
2,39.01614554568612,0.020022696739089043,12.08062005633563,0.005153733473968358,0.33402472286989304,4.5056076595645145,0.0
2,40.96799869216936,0.019433793828064337,12.01444672427807,0.00582094417191058,0.12842717105253398,2.1709266113935506,0.0
2,39.46796265413906,0.017297151566783752,11.889487112591231,0.009554885136963955,8.615971113784537e-05,1.6679127359526595,0.0
2,39.80620042297487,0.019921727694903586,12.07225273783286,-0.005806504110870699,0.42370471974021007,3.28871523132277,0.0
2,40.50694416107622,0.020404234432943688,12.15003258090823,0.0018347271548603192,0.3907828015123141,4.485902549689056,0.0
2,39.49906324165049,0.022303829583956894,11.886030360131898,-0.005096780047363966,0.011909768482161354,4.275337761470999,0.0
2,39.30189266287843,0.019499048883488985,12.067453140421435,0.0048819490609046555,0.2899838602661523,1.9323414909867394,0.0
2,40.795407108352684,0.015154841332190876,11.888526965656801,-0.007534257772516021,0.35329700492640126,2.5175273342538205,0.0
2,39.083448281726156,0.02139013729599085,11.977162658850773,0.0009591799444710698,0.03944748697560563,4.946059437592831,0.0
2,40.24556796106072,0.019061198084853487,11.891539527599694,0.0015628022830861774,0.16868654097417063,3.3621378980253636,0.0
2,40.16762731417837,0.019030166969550764,12.019965074759634,-0.0018209684172223514,0.48951902815743475,2.190296804340578,0.0
2,40.66713170661702,0.021904738020818583,12.16534388741436,-0.0016752841524530113,0.007617213343819984,4.155031928714739,0.0
2,39.648797651957175,0.022967940529883386,12.239813554607325,-0.0038458957048962713,0.18201331739418497,3.371304315568836,0.0
2,39.923739806991975,0.01948298238832645,12.06430614191109,-0.0023697732635024945,0.21477485360359816,2.4140288633093925,0.0
2,39.211551484561745,0.013919999665394357,12.03346488712178,0.0012117239259595426,0.44121063214840817,1.5836168351128999,0.0
2,41.50809518140793,0.017674181771760847,12.065833448127103,0.004488842475364733,0.1290109592711155,4.739498439845711,0.0
2,39.5695356369739,0.021220207271245416,12.16530248556097,-0.000513559657144328,0.46158506619173895,2.161421595153998,0.0
2,40.90576198668933,0.016722237242384228,11.97983977483163,-0.004540025115809298,0.3376517599931427,1.1680825381779028,0.0
2,38.105785559415246,0.01804968292696721,11.88970493241313,0.005060758896984654,0.2868583915069352,3.497627102995043,0.0
2,40.51665953111548,0.020299939104794128,12.126718940485677,-0.007501468321111255,0.17564650542097748,4.228122350282847,0.0
2,38.59628232565785,0.01640784368812812,12.19293177480396,-0.006482119034036427,0.2760955366079475,2.4600848272677793,0.0
2,40.50937801856073,0.01770097914809495,12.094667656273355,0.001182292270565683,0.4545302539659848,2.9544549336076864,0.0
2,39.813717816826355,0.02108178114943881,12.08078253851179,0.005173061777784334,0.10717105763275014,2.256110006197363,0.0
2,39.16806722340473,0.02349416400195125,11.938456099923789,0.001538709543795693,0.03387647507836916,2.470928558418092,0.0
2,39.22236347717834,0.022644288045056363,12.028519217846203,0.002445413465583076,0.333620523119789,3.3882966211872603,0.0
2,39.85021489689044,0.019289643322129766,12.096362065659694,0.004895350447861758,0.32324726772596396,1.9665461619401272,0.0
2,40.0457113831486,0.021602429642583545,12.059875137689959,0.005550222238918881,0.006438666205713872,2.408560554099651,0.0
2,42.52774808338539,0.01969139990873368,11.952783340295264,-0.0018308795323030832,0.2010154936030205,2.7914849816374945,0.0
2,40.39013280871524,0.01897263406508781,11.892414557318054,-0.000125659340091741,0.3236618350656102,4.9079903751113285,0.0
2,39.161326968983005,0.017389655016885112,12.016040483204712,0.0009206110088362008,0.06731043033083162,3.312830945633472,0.0
2,39.592342021586624,0.019599485295810147,12.024339840909073,-0.003334391263312152,0.06165288245482253,3.044451933569229,0.0
2,40.39709780721656,0.021208661196346727,12.01536142875973,0.004734124802663353,0.0031302152941741768,4.346461287310876,0.0
2,40.48317306552864,0.018104402613678825,11.852482932953322,-0.0016376680455795587,0.45573679465569106,4.444486293719171,0.0
2,39.6541112009045,0.021731258637656844,12.029726189073017,2.934822368051544e-07,0.06572678708798507,2.8834474712446796,0.0
2,39.534901659526646,0.020537768276172097,11.981029382690213,-0.0019584588609092056,0.4212386578744956,2.8205117988075292,0.0
2,39.0811780231451,0.018664098647694912,11.988153982275076,0.004222074221265265,0.4662834257642379,3.8661961933583204,0.0
2,41.37541803069487,0.017100162894772213,11.778724299325983,0.0017396656850914578,0.4958865290956589,3.1715754181063494,0.0
2,39.62651819595178,0.01868121215879852,12.19052591578294,-0.008654929245764277,0.0570103859320778,1.3702602016600758,0.0
2,42.727976850116505,0.023520774872631888,12.064565949269799,-0.004785257947166689,0.2832844008818306,3.578620604539203,0.0
2,42.336092463441034,0.02105345763792861,11.937905777798607,-0.003666221205263285,0.2607316452714962,3.7928918255494466,0.0
2,41.71865534489073,0.019586956030277183,12.088438753831932,-2.0583251386308826e-05,0.1558971583918834,2.2972560672954816,0.0
2,39.5936885554857,0.019277837838215777,12.163664888022005,0.0026081948863638546,0.30198816357736014,1.2576415525131681,0.0
2,40.15338434411105,0.02263296770237984,11.8820414472006,-0.008774450817569125,0.417206140147979,3.0685322749552255,0.0
2,39.580669609974684,0.01807171513611535,11.919756261013864,-0.002978898287460303,0.36528498588462627,3.700279620486476,0.0
2,39.415692263645376,0.020644981695290925,12.026054537276964,0.005435747993180499,0.07849823830348202,4.301479763358537,0.0
2,38.59713698390698,0.018090285646224922,11.745964762522814,0.0036675118551536844,0.46884404743931185,2.2473497969056386,0.0
2,38.9821007979018,0.024127122023740587,12.194952368048643,-0.005532825075780277,0.3250551487276638,3.383825218544623,0.0
2,41.159317364893454,0.01799513097368436,12.01860606926086,-0.005339175526257377,0.4913556462691099,3.36619438348112,0.0
2,42.000765168473066,0.01962413465669463,12.086931828659703,-0.002798247780152961,0.44478323355769545,2.407285136575015,0.0
2,41.344175344271356,0.019322665626516817,12.148309401615352,-0.0010673807067645197,0.2081992580262509,1.534836181978808,0.0
2,38.4578943198889,0.01785113652558443,11.989586818513123,-0.0030028733595000284,0.4123158447390693,3.990919425908968,0.0
2,41.21445288983389,0.017958473773699846,11.826468845407462,0.00039947818667853075,0.10994363209048663,2.1537086825818683,0.0
2,39.96566430603809,0.01807914787447405,12.031549310009394,0.0022901893464733493,0.08073692143023825,1.578101089843826,0.0
2,40.365116158439136,0.017843808841024014,11.895283613257964,0.0070171706410317785,0.2511840237123421,2.6876539765822516,0.0
2,41.75995914255122,0.021703425297185212,11.876146029743598,0.0069822830485034406,0.47414616163903994,4.138336289328802,0.0
2,39.44298903397727,0.01716649351553098,11.835054049498673,-0.013225238214790444,0.4429959004076022,4.9783840810382,0.0
2,41.23912486631153,0.020838623880451216,11.852459467350497,-0.005384775957621202,0.10222444310796064,2.545281404931836,0.0
2,40.35814900288751,0.021587294016532144,11.849810536207466,-0.0028031874778967503,0.14756240252082398,1.2592838169488756,0.0
2,40.78723407329474,0.019622548950897142,11.968533254177169,0.0007562324507758468,0.43224983388728394,3.2632233627503426,0.0
2,38.930263594744346,0.021752161155900892,12.00310846659866,-0.00042204662924299205,0.48572586689817443,2.1049856035627417,0.0
2,41.21183598035329,0.014936619148817509,12.139907558094702,-0.004608636322845591,0.38558898357118854,3.399970289932587,0.0
2,40.47349372900542,0.019660607719706635,11.839682699171188,-0.009061699194276197,0.10757867254826797,2.0175475167866663,0.0
2,39.57824797720852,0.01817446599081132,12.128980847440435,0.002742552025902838,0.4635002144411177,1.3058877949478545,0.0
2,39.14882104850701,0.018034601458261957,12.137625130462572,-0.0019116598420145258,0.21368032862757808,2.652679052295286,0.0
2,38.568838635551614,0.020015128076348365,12.087690885587676,-0.0016669401125547249,0.27496871112244375,3.329492862214608,0.0
2,39.21127255905907,0.019552402134075986,12.073698601070815,-0.0039203007941602435,0.057536101752992286,4.620131622185649,0.0
2,41.0218507332487,0.01972872224285447,11.999269238858178,-0.004545307016853706,0.3271120615811516,4.681728351805255,0.0
2,39.7913725377511,0.019667143033760347,11.974015577122081,-0.0005160347301541775,0.31325160609805563,4.3743036260269825,0.0
2,38.18125437136119,0.021509942884231713,11.889136163125933,0.0015314209112060675,0.29270934327895587,2.5169246996935293,0.0
2,38.956740983273725,0.02165572702655518,11.991800852369295,0.0034171453038305613,0.15466481448408947,4.552834305095111,0.0
2,38.74108241311281,0.020419465087352012,12.042212539399912,0.003720787808402768,0.48240882006257463,4.623367170819982,0.0
2,41.127277852518226,0.01783557025344812,11.902475687557814,0.001057673387312476,0.47928839316647187,3.5711088003828237,0.0
2,40.339665262594885,0.017770021224208482,12.178812056186036,0.0037437681857966504,0.18121544075875035,2.7502557434351607,0.0
2,40.1574414626669,0.01811326872702247,12.082037066483695,0.009228761789133615,0.10182281946244842,2.914720247697596,0.0
2,42.395024527007514,0.02212205840454318,12.012104927365463,0.0037495992001227393,0.2689447754462926,4.317460266832249,0.0
2,38.934266024233814,0.01729526685712022,11.96332881519141,-0.0007195813171283383,0.22441521512115414,2.960971873056156,0.0
2,39.97523796096561,0.019817276968909694,11.96191858786824,-0.002829828664085834,0.250958608717457,2.539687407318336,0.0
2,40.2371921415836,0.023110834669098964,12.016645059533499,-0.0027134408365997735,0.1921836398677519,1.4715996272016594,0.0
2,37.98745277187024,0.01876714476072494,12.017810807923471,0.0058653010953349,0.19707875391249602,1.056838958287968,0.0
2,41.150075854242544,0.017244140916369277,12.004606440672127,0.0001080897545290335,0.18811905536606505,1.360101125116652,0.0
2,41.448135280667096,0.022007072942106933,11.952449876740458,0.003679480964971631,0.06960956745070929,1.3017770183946533,0.0
2,39.407452776634614,0.021284025758731603,12.075150605097482,0.004402408709634658,0.4493824593256735,3.9283140047492178,0.0
2,41.57660320544334,0.01870776278943149,11.895144674541806,0.010655494197482329,0.49177824324329494,3.1254041851251784,0.0
2,40.17550752909385,0.021173426345632997,11.832041419663415,0.001943581469278937,0.3321010483611685,4.418237782790838,0.0
2,38.64511441406252,0.021181592929803487,11.981107913731616,-0.00014140031960738138,0.16104126314300693,4.701372843234805,0.0
2,38.697220087922176,0.021517479823573302,12.124121292282494,-0.005654092855455288,0.07660032972533537,4.893268584311932,0.0
2,39.792704522002765,0.021836618424391954,12.01497369110438,0.0014449445880314442,0.42186100229942114,2.0912766322251914,0.0
2,39.963447560436755,0.017797633719015847,12.044147261924321,-0.005749693394683091,0.15300873383174712,2.0825291073903323,0.0
2,37.237083553665954,0.02063633464452022,12.13448399497507,-0.0007069541265055814,0.21268790362086942,2.2792996414755504,0.0
2,40.36741143245062,0.021614736891598926,12.167516763099385,0.002255188568103751,0.34496450436224446,3.268171027453631,0.0
2,41.16070994011867,0.019564323041987113,12.03077719753779,-0.002314490303829784,0.4136666966082219,3.916473460285434,0.0
2,40.94201681400015,0.017951324563329235,12.085228866677008,-0.00161661645358269,0.42539365891959385,1.1673629145726885,0.0
2,37.26463727701224,0.01966830492371906,11.97800217129438,-0.005798842787572803,0.25191575521994586,1.7032756210779674,0.0
2,39.94656163978536,0.022992168966405612,12.107138209416583,0.0030010470516495026,0.41515584112016435,4.357885594141009,0.0
2,40.51414074734202,0.018750388620081375,11.947533111438496,0.0034595681833970416,0.22490902248722466,2.4139474532925824,0.0
2,41.08682619991335,0.01881184819281682,12.261040970769585,0.0036984882171185785,0.07186014389011308,4.709805510420335,0.0
2,41.601747026069894,0.02185550841290878,12.04860202999236,0.009703613373136246,0.36231216671055855,4.163958738922775,0.0
2,40.75511454917437,0.020668006581052674,12.13252836172606,-0.0021727828256989106,0.3450994391681858,2.504092275010256,0.0
2,39.23771612388068,0.020351254651679397,11.84767772419973,0.0021211691479586844,0.3877618922856359,3.449491445129748,0.0
2,41.87298129871981,0.019362529594380225,12.11390302314233,-0.0020934111324026703,0.13007260125765369,2.7186057111178776,0.0
2,38.38163348085576,0.01869673090243285,12.031775149833706,0.008314607332297653,0.3379623012379998,3.056085240035622,0.0
2,40.62541749874556,0.014999735233444549,11.990954537145337,-0.002979229304075499,0.35526833054872003,3.0328256775451146,0.0
2,41.24380903061676,0.022744215395444863,11.966894405234754,-0.004950616054845195,0.4202669944528912,1.4407365461482202,0.0
2,39.01189141626066,0.021024154035473586,12.127635748833086,-0.002065042522533843,0.22191642980010706,3.5239591025680093,0.0
2,41.082008689875465,0.021368955329125295,12.094153212821011,0.010852668522407592,0.2750843417993293,2.0455525905885916,0.0
2,41.10273369935276,0.01893545744875527,11.99710748967699,-0.001399383721525264,0.40435879565409366,2.514917471407718,0.0
2,39.30691253524421,0.017587465577944546,11.955112628007463,0.006714112458725935,0.14601056003203566,4.986816813869112,0.0
2,39.82040927431226,0.018075152838699576,12.080461553431002,-0.003692309881787566,0.166095719111352,4.3714603710351385,0.0
2,39.567795177865385,0.021257399273130913,12.033881522232155,-0.0071861821051423394,0.12171701514394245,3.1933924812016135,0.0
2,39.39612846889708,0.021828591723428836,12.040729520765266,0.00038084599047271474,0.10420244632101128,2.512075179983167,0.0
2,40.13705004895799,0.017355985016625643,12.041729015878742,-0.0028358767586312873,0.169595873808839,2.7981976922786114,0.0
2,40.10883833271376,0.016779366334301583,11.919400143774045,0.002862780628596039,0.2986327306939273,2.470785380520541,0.0
2,39.536936385265996,0.01952289880263919,11.950409025576581,0.0007328268334688923,0.09578642506849527,4.637851769559337,0.0
2,40.99022694722861,0.018463434983911228,12.040014235606954,-0.0024314087953696806,0.2068392846979102,4.5315695897838975,0.0
2,39.97306833084303,0.02073988455687245,11.909356555850549,0.001078330210437792,0.051957629087418244,2.531050356167669,0.0
2,39.80271978645649,0.0228973410121683,11.912244680435661,0.004046312848745858,0.37815374044744854,1.4934998846803786,0.0
2,42.17978338810375,0.01954604347413965,11.970894585592072,0.005535883076226516,0.39877745663475284,2.0233287058149347,0.0
2,39.432177824265544,0.02161104425519822,12.201010580722574,0.004338760843047994,0.25464897717117624,1.2174166206082249,0.0
2,40.127802084818555,0.01932854091515208,11.978073843579294,-0.0022937772010750185,0.4417987963925779,1.7453887566493869,0.0
2,41.1259264969372,0.014754813914127682,12.039518068728364,-0.0009301620811698359,0.40581452774788335,4.70031043955138,0.0
2,41.034281663961096,0.021110056802113135,11.966982441970677,-0.0027778064248437416,0.11667909537682064,4.620165391026667,0.0
2,39.58470989519466,0.020695203020632234,12.041446355680941,-0.0045338605307626454,0.2170941204141545,4.753422673307476,0.0
2,39.15627275265333,0.02098250047134271,12.030111267809975,-0.0016851581516634316,0.07658147773913776,4.407941757146477,0.0
2,40.37383839900339,0.021542652375547575,11.881828965865013,-0.004237621150248523,0.3187900356136946,3.097825129498623,0.0
2,38.6340307117002,0.01937492125549231,11.889098653976411,-0.004065015794979223,0.2683664610407266,1.2201403193891815,0.0
2,39.10434174517082,0.02170036449875497,12.0098639986855,-0.0019301824788985154,0.11710727725650671,2.007117120744153,0.0
2,40.79664904207466,0.022242560460767447,11.987553621792483,0.0041749123897702215,0.14240015676544865,1.1925673105795074,0.0
2,40.44483232441784,0.02013336254155081,12.05865329357691,-0.00985199012499587,0.0526566072374588,2.904123036143981,0.0
2,39.36495028369001,0.019847269316922413,12.185888095045668,-0.0010450811341735677,0.16318292460489053,3.2315811290563405,0.0
2,40.25338470132966,0.018503883461682448,12.047344292632024,0.0061264163191713525,0.1227477345762813,2.559668352588156,0.0
2,40.363510597948085,0.020329118794371003,12.069547605879665,0.005345477663187521,0.10905669752465208,2.4551841005953023,0.0
2,38.83426851006853,0.019827254606224448,12.045762435336371,-0.004709246992121923,0.11037929827365739,4.725535833602478,0.0
2,39.786383936125524,0.0206171957812859,12.079074476727204,0.0014727547878254585,0.3606122220503305,3.9200210289494244,0.0
2,39.89213659109051,0.019413763015402652,12.016761395921018,0.004696262441097867,0.09626447908975067,4.348468712201971,0.0
2,39.329745507019126,0.016890204698928577,12.107779820001133,0.0024094380514251626,0.3978738046396057,4.5772703665672285,0.0
2,40.40261148967763,0.015486157490570189,11.915704350029475,0.0012781324486581503,0.3682382876521371,2.891121889042487,0.0
2,39.92296892529276,0.01885611202227192,11.95840615571585,-0.010203346098680637,0.4248784491330974,3.626649505780153,0.0
2,38.87765137756779,0.022411887696551936,12.024324718585948,-0.002002509513550143,0.131304110577656,4.317387741655879,0.0
2,40.50859702126825,0.019026210920348733,11.879618128317613,0.0043643394748262634,0.39177285951496954,3.3168428376934664,0.0
2,39.876119415278424,0.020382815765963073,12.024668305514775,0.0009926817772519592,0.03661482237838676,1.6684147508675786,0.0
2,39.501862070055935,0.022242486056799127,12.071770964861631,0.0060037480368513516,0.22645458331218166,2.5983126951988518,0.0
2,41.04230494482094,0.01873607808628628,11.961222997858128,-0.004653551943768937,0.4099964086620911,3.249200859130079,0.0
2,40.19738252554011,0.022010072307705412,11.985369469032113,-0.005761738504624588,0.10531338323437672,3.813488325195942,0.0
2,37.94899078504637,0.022772571198459074,12.141032788547875,0.0057998658671977775,0.3284308673201158,3.6279158853383846,0.0
2,40.73396231394856,0.016644390668517774,11.868412295210783,-0.003472924930066361,0.07963668623737702,4.381862443787215,0.0
2,40.75766199544701,0.019869045184276842,11.785101396147436,-0.0021257491281565784,0.06431611435488138,1.2660963619839882,0.0
2,39.873338583402386,0.018429044659365724,12.103056239567087,-0.0070528532606852655,0.3688754273853522,2.87240753336193,0.0
2,40.48348106943233,0.020890284520216965,12.063092308245336,-0.0020352664727691953,0.18700803300384056,4.571533497825902,0.0
2,39.15731383343102,0.01947542942538726,12.115852217494439,-0.003813049717928369,0.05450885100001657,3.2961132305106795,0.0
2,40.83019404874576,0.02216160041383988,12.00398394968852,0.00687107174429929,0.4941448756079014,4.939063592474511,0.0
2,40.086938447042556,0.022242882401373173,11.940463202466468,0.0007091874996038389,0.20038603084652024,3.6840476104991704,0.0
2,39.020780653289535,0.018935473312720656,11.997711286859575,-0.0006857534278029786,0.4123127720049739,1.5359688463190397,0.0
2,41.35866369148833,0.020354045771592295,12.066113136712175,0.0031489503572516776,0.36483038955540276,3.2904874914692415,0.0
2,39.88744407598652,0.019331643348561866,11.883084998427725,-0.006129929247489032,0.3049873952815334,4.225404314079792,0.0
2,40.07541595255376,0.018411468714592323,11.885370148548956,0.0033373181430261653,0.2887409577993459,4.271254824960145,0.0
2,41.49616303902065,0.01633956777490254,12.081352465302775,-0.003384798631343835,0.1689707127846845,2.7590982634774046,0.0
2,40.95903851552354,0.01934583509466468,12.194609504975194,0.0015631366397820406,0.3826588028652358,3.0631811209016986,0.0
2,39.96455394853165,0.019244380791923234,11.912756317754154,0.0008230318704587613,0.2613690187598753,3.890752064459517,0.0
2,39.749274102678484,0.021435759433263087,12.079378869944735,-0.005086017565711577,0.18202587450977448,2.2363717824009446,0.0
2,40.65377284665836,0.020959921478723394,12.000419812563045,-0.004332803292514021,0.46167883277647026,2.2780054798113754,0.0
2,37.62060252839515,0.02049141949622863,11.96161268836154,-0.005418174696374098,0.3109861743187283,4.105646079847602,0.0
2,39.57563091787839,0.017558210612279374,11.793764821794626,-0.0028081019882688343,0.20770141074571968,1.4828814162125918,0.0
2,38.57763993340342,0.018295442979309892,11.869315156866831,-0.005512047046253367,0.05208825688122459,3.9499727126057556,0.0
2,40.441784271855724,0.018161440224077237,11.958614134373825,-0.003710179777755053,0.20802961699915645,4.592228273188913,0.0
2,38.50514225542095,0.018953823016243695,12.080000741094965,0.0045604855155819655,0.4238801704709308,2.007355912996369,0.0
2,39.792357081403274,0.017215591363438226,12.040269139424229,-0.0024013142653692434,0.3367734009199968,4.437348421418374,0.0
2,38.97208444798812,0.023007455732424263,12.087708141298066,0.00010076010686531224,0.021015485276949464,1.2929807257722432,0.0
2,40.32574151830709,0.019662167313568474,12.114884628207468,-0.0021856205187236917,0.15864240791833373,2.700186074785039,0.0
2,41.660053488555086,0.022254908945609983,12.069714819883506,0.0018810470825033065,0.3969282782901138,4.641926793579994,0.0
2,39.796284966126265,0.01974249619750969,11.7637286855589,0.0015205254534666824,0.1065929922335429,4.880384857514116,0.0
2,40.207518120787896,0.0207629649932635,11.950529708822065,0.0011599508392174716,0.40786471054362844,1.8852414111588507,0.0
2,38.39730225871072,0.02056051354475821,11.954465207923423,0.00021918841600782076,0.31013035944463124,1.7607614973368624,0.0
2,41.15356386687821,0.019644508469004496,11.79473610736905,-0.005182871901628132,0.3342884356674852,4.878783413578513,0.0
2,40.08039535094115,0.02106621821747999,12.120601668069035,-0.00593898169844597,0.3870311991694742,2.082971921587411,0.0
2,40.345749140662356,0.01655993316357083,11.83404828800752,0.0014380254975543288,0.30927309263033875,3.8150590815467496,0.0
2,41.117848291040715,0.018513435400510845,12.033082785721541,0.0011325486167287342,0.2645862818180979,2.0574465602401024,0.0
2,38.88188846304501,0.017115922328470774,11.825431799995599,0.0010721997267642135,0.1652672932154604,4.4072962612021485,0.0
2,40.48193213852113,0.02148131996126322,12.077503851154733,0.0019025786016125675,0.33538949383973343,2.706076868376197,0.0
2,41.67463282839625,0.019041849266547586,11.976175214109992,-0.003904806178799925,0.030641246370635478,4.638978022585064,0.0
2,40.82705532914159,0.021198022224050022,11.981926452388501,-0.0020254656202874084,0.4934657389390926,4.743561881177024,0.0
2,41.70132675733648,0.01769616127898169,12.010113255421642,0.002336448007476199,0.15809015080365657,3.7469217144449023,0.0
2,40.56020508386328,0.022984535765042193,12.221313380419916,-0.005887406214212573,0.1342330050232895,1.8765175473349363,0.0
2,40.067846299224314,0.020951789532855286,11.943305447089095,0.003088866058598303,0.3493420039450541,4.5685700977008405,0.0
2,38.51687452228142,0.021916841735336926,11.977500119941226,-0.002733218100430291,0.0006895047935176479,2.350796270208879,0.0
2,40.43485856006153,0.022026504887232304,11.938689208786212,0.006251892099819585,0.34987626734806737,1.4124565994213532,0.0
2,37.79621119920938,0.01774042621478335,11.982560780513378,-0.008386668567718521,0.19784095660653078,4.790212172865111,0.0
2,41.37492770598447,0.02114524208249927,12.02893941207781,-0.005328060430591497,0.15169837536924835,2.3448316212676414,0.0
2,39.13109947938306,0.019616933364675522,11.861287143230596,0.0028334852624096693,0.08021273040435489,3.7254339149762674,0.0
2,40.04690736383353,0.020368838946360743,11.990767783850208,0.002511489298888757,0.2552965872975672,1.2798600194893184,0.0
2,37.89403503168469,0.02229444922663387,11.979059469494858,-0.004159899721275131,0.41651541333681447,1.2187481839243062,0.0
2,39.82654751117231,0.01879793421161235,11.844577110048721,0.0028731230540794896,0.4287516611044547,4.119674417703332,0.0
2,41.22387653162849,0.020314099625934987,12.017297399004025,-0.0036912620988533333,0.12923482311949885,2.1609051213230903,0.0
2,39.57215228770205,0.01965608535377697,11.843176705055088,0.003340684100307782,0.46292551320316083,4.724752917014888,0.0
2,42.326235350630796,0.02131340246259216,12.106639129527945,0.002697190112709952,0.022168166009565338,2.829042462298371,0.0
2,37.98534262270333,0.016487807186929965,12.072440563903967,-0.010815222976727714,0.4036868578262917,3.180605443752697,0.0
2,40.71853912028536,0.020338873356983495,11.965029745824367,-0.004116706084647203,0.3570044672481311,2.4282818499574192,0.0
2,39.125468498859576,0.021846451606061787,12.077584465030476,-0.0025468429114094454,0.10662068578872386,4.7735964611035975,0.0
2,42.720544061219464,0.020351422039229183,12.155214112815889,-0.0011487978410866316,0.09042491679110781,2.259036562377686,0.0
2,39.85925561246648,0.017101718696401605,12.115301785793685,-0.0010055256191979665,0.26935361941885405,2.19694548974037,0.0
2,39.64937829293997,0.016643372247977524,11.800741338208532,0.002925208186738032,0.4297802199307058,1.3467754227965862,0.0
2,39.92568967489516,0.018149664317790908,12.081788264559558,-0.006925265484690867,0.35700951899733857,4.6456797752875225,0.0
2,39.27031708643568,0.019727487044890357,11.950044889131744,-0.0011778796573980082,0.49472223681529826,1.427207036465357,0.0
2,41.261952177525174,0.01774955106201221,12.005026219511405,-0.0018466739762273874,0.4093669608795224,3.0522625925736198,0.0
2,41.22255540098664,0.021932139124646175,11.895076045448226,-0.0006779463884277639,0.20333458894552292,1.6619879394737946,0.0
2,40.34854282469565,0.019802685241449944,11.963285677485244,0.0010167744812555988,0.26384557430070216,2.2761521627916843,0.0
2,39.08569775555566,0.02520259644441877,12.088604714207198,0.0068574302579926475,0.39866149204086304,4.1261185454590095,0.0
2,40.6078750237157,0.021041916769527158,12.041721984435585,-0.0044837462269299464,0.27472314768210226,3.1044461871107107,0.0
2,40.03658963479829,0.02005083142879726,11.991799296981002,-0.009792011655344433,0.3702222950594601,4.338441490958003,0.0
2,39.50445970223837,0.019143519797304318,11.826910678627183,0.003185992103560633,0.43308690764815494,1.0616350413488167,0.0
2,39.287464241659386,0.02196943909175915,12.25491522317885,0.0040893914802448365,0.004167813369530982,1.9828931795185256,0.0
2,40.191247353082595,0.022455763087237894,11.892318939701441,0.0013774448756547087,0.22185518305336138,1.7713400184875852,0.0
2,39.152409879439375,0.019942385811185643,12.07856343930286,0.0032701424826892312,0.20949578829803778,2.0031106360275888,0.0
2,42.04035471179893,0.019490671512830227,12.045675259348998,0.005194341065726016,0.2880994311951019,2.4507164286999648,0.0
2,39.76957400708417,0.022849293400216266,11.880081786059305,-0.0005308477169751194,0.22132590768121352,2.4285150839047134,0.0
2,41.63148828886689,0.021778283811671673,12.109447880352482,-0.00461559881457506,0.2096074395712338,4.723642326475687,0.0
2,41.1330440466596,0.018944024979071165,11.880516244389382,0.004003698883337235,0.025390414684491214,2.987799901044471,0.0
2,39.85947147522883,0.022795598334574712,11.924549555855117,-0.0003558723117500618,0.2750105670026048,4.889824726190141,0.0
2,42.46185210945822,0.019001846403341797,12.128162609479725,0.006134155305329049,0.20094401509915294,1.3108640574975619,0.0
2,40.24292911126479,0.018907278381754822,11.965094330152834,-0.004809289879619353,0.13559453087182993,2.6593325280521456,0.0
2,39.95747028930154,0.01998277588225149,11.950624233028636,-0.0061286592246610795,0.2561368717591102,1.3257637538226392,0.0
2,39.83498842265955,0.021001216193329085,12.106352980322995,0.001072725761322878,0.4995034078705131,4.122332058848876,0.0
2,40.84512543670423,0.023608155066622546,12.086232626620168,-0.0030325445728781727,0.4895092491627065,2.882837795067558,0.0
2,40.247404563110145,0.020058631847980225,12.013507163778556,-0.0018055305260156027,0.2998118369509022,3.494977146812782,0.0
2,41.428138305910686,0.018893516669439975,12.031077267604264,0.00800620245152769,0.21986968500977372,1.6239641959456543,0.0
2,41.71307951861911,0.020538783391415443,11.955506730579819,-0.012686826575336665,0.3889356894707924,3.9317128718782066,0.0
2,40.24887244437015,0.023417799280758208,12.152202335247328,0.0014631109225560057,0.15178141530541944,1.2537760624705263,0.0
2,39.84057910449847,0.015352632415933154,12.050333653121744,0.007263929391539113,0.3621835318235636,1.5343731194972343,0.0
2,40.07389692156859,0.021192901486339927,11.870425125161995,0.0007463554990990172,0.0310402329219589,4.803419772663887,0.0
2,41.72198735093341,0.018524388397145743,12.028854352614278,-0.004050268223343186,0.1446812209150708,1.7350982967637907,0.0
2,40.15756321641706,0.019922417925256883,12.027007495333919,0.0060410023904486155,0.16223669818666808,2.374033894757346,0.0
2,40.10212514702484,0.01734595064330966,11.949336346213162,0.0038322009017378905,0.23373010658149523,4.686737962788473,0.0
2,39.169635368321785,0.020082763771903444,12.024704845626294,0.006190065461970673,0.1787672274559305,2.1182510516651063,0.0
2,38.50883665588688,0.01984707938747302,12.019390462266045,0.00024659965693245805,0.26762267252245375,4.559947971622083,0.0
2,39.926295800382846,0.020473724024937526,11.790546924330549,0.0028351767882784074,0.03933960498798367,3.433962387198761,0.0
2,40.03856021471514,0.01926653195881223,11.916738941485011,-0.0025728957084411234,0.2727132543108821,1.6386550630191619,0.0
2,40.469615739481895,0.019521171148774392,11.991879723624605,0.0034845420907090668,0.2805542785271826,4.5651295795390965,0.0
2,39.85894448352979,0.017818884948893946,11.726847125435752,-0.003847965582869426,0.06622198889536313,3.1391939206245523,0.0
2,40.038084845600366,0.021319028998740587,11.991795256394779,0.0015240652195243787,0.022784950778961532,1.736928384951638,0.0
2,40.11242751770849,0.01952849696896325,11.940073007882004,-0.006620073910390657,0.2161134773408636,3.5554072746314365,0.0
2,40.24287705022918,0.018728473283423603,11.952600345359736,0.0024203374667690373,0.35912437685299153,1.3210853146174495,0.0
2,40.096226514265446,0.020371331310985345,11.915417351357721,0.0047872863831768106,0.42678451462420675,4.467428264736365,0.0
2,40.921579960561786,0.022434763055152632,11.961645350253336,-0.0017849602790274014,0.39992559983821596,3.9658467334483016,0.0
2,40.207239052324155,0.01982665046235951,11.994487993344773,-0.0031482824447823664,0.21369623290884238,2.077204565078433,0.0
2,40.9959906610101,0.01902243076806652,11.954478887585521,-0.002005808421805081,0.21337283418800335,1.5630954080419803,0.0
2,40.47584507406765,0.02087799934983558,12.050800248118982,-0.00681669893915721,0.0009972842916388114,4.87447092352779,0.0
2,41.02151184531887,0.020977389268139697,12.126411108359196,-0.0015856699910223588,0.12315302903704878,3.8283690573197773,0.0
2,38.3744787677687,0.02023421282264658,12.011926221600667,-0.012055931512250755,0.10151492690794078,4.417680539147581,0.0
2,39.17850426150309,0.020895165607988323,11.961787077207712,0.005785785122641872,0.017003330389610938,2.214318462527598,0.0
2,38.736439742517334,0.01818096651631805,12.08946890794668,-0.0001924993169093014,0.02892978305761601,2.848537288484929,0.0
2,39.5861194996074,0.018597930309640354,11.977974266815282,0.002943925273319117,0.1470192336709356,2.404529261667114,0.0
2,39.78369411089761,0.019978768796812194,12.054765688216719,0.012146908299742258,0.42400874071440814,4.562654873092468,0.0
2,39.187345319969246,0.015737295663144496,11.85565515464757,-0.01094692685172477,0.2107336624262544,1.6283485556484516,0.0
2,40.32407327041034,0.02410446170134514,12.093365856056927,-0.004555826603857766,0.3780944479359743,2.07301434011098,0.0
2,40.740569579038954,0.022615154016702495,12.221788455471806,-0.00456150264061239,0.011558192721368321,1.2046430973092255,0.0
2,40.57711451383717,0.017918608634151546,12.034593074737447,-0.0013096343439373535,0.3655501517335758,2.54319735170207,0.0
2,39.255008842993504,0.021745028505338146,11.891457302374517,-0.0030537662121094865,0.12507661649333202,3.497083852904043,0.0
2,40.11194389495907,0.01863369701249594,11.98756711322442,-0.0025599014089304323,0.3372731027363874,1.7238052534271011,0.0
2,39.12348688877939,0.019197913997805405,12.071719563136028,0.0026064471738760594,0.20168992299409605,1.1678241125215973,0.0
2,39.785976157844836,0.020675929015442695,11.946046358154266,0.0014510922659611823,0.12381207249351217,3.8465929140489514,0.0
2,37.99919104411949,0.020891520919779024,12.088477947719054,0.00042663616050111087,0.07030507787915624,4.850543916936929,0.0
2,38.41653297598515,0.019351577866786783,12.02971230733394,-0.0019287528128021133,0.11126501613371259,2.980694330406683,0.0
2,40.2503951763607,0.024799617007839544,11.942648700808643,0.0034131636702076674,0.24793587661780336,3.38093509964451,0.0
2,40.412209416985775,0.019816352464126476,11.89765840213465,-0.005861062227746055,0.06306073942506929,1.8682865813178458,0.0
2,39.85677465516024,0.024573373858782385,11.948321071154115,-0.002755122905836951,0.167182672421129,3.5330503649588656,0.0
2,39.99674348114832,0.018571733002114087,12.109328395085255,4.8354113411121875e-05,0.06605474257672184,2.273243593013167,0.0
2,41.29746968747866,0.019829557980555194,11.884681532190225,0.006139881580141863,0.09774133889320868,1.3745261885405013,0.0
2,41.236841858560815,0.020126030402310223,12.019255138866464,0.0003257784035931642,0.35166151804094803,3.6445379751082734,0.0
2,40.83398634268404,0.01957058872042963,11.938259488733562,-0.00428670428589673,0.420461202194518,4.670212337145392,0.0
2,40.294924591134944,0.017651745306359712,12.026712081552395,0.0037689763370680673,0.42554710328993706,1.0918182738122333,0.0
2,39.66343510035855,0.018486962789230062,12.083998604162861,-4.457187959341377e-05,0.23485859211149646,3.324286111227638,0.0
2,41.23982290827064,0.0217270749542869,12.094667268627074,0.004668365907830604,0.06601840709018403,4.905739202576847,0.0
2,39.08327637177368,0.022222488540018782,11.963769688323843,-0.00988481411792205,0.390202136641074,4.581041851348443,0.0
2,39.49742883212707,0.01884327951666323,12.072445151476137,2.9413794177632238e-05,0.19064016917841592,1.995509925149487,0.0
2,41.11557750238842,0.02093560737467043,11.870726604571423,0.005180569371253647,0.1134364323687373,3.7627064899640033,0.0
2,37.20548793028518,0.016888660622095243,11.892079303759031,-0.008286572496635513,0.2876637379101629,1.7977731830509942,0.0
2,38.589422630954,0.018115887531817424,12.062600356496043,-0.002899602982402522,0.14304899013373418,4.100866152748574,0.0
2,39.59357559157894,0.020632052183470067,11.972122350832093,0.0008050893773878005,0.4855129801670713,2.2385812709687185,0.0
2,39.24238730318868,0.020957420259103906,12.010155795139186,-0.002262476001986938,0.12251732467942872,2.493934950196042,0.0
2,41.39750497656081,0.021410864055125274,12.023856391681013,0.0038254239258525232,0.4386319766958389,1.6898665074266725,0.0
2,38.464416014956974,0.024663955157890667,12.212025811863422,0.0017401622454254386,0.22170506099215714,2.7459952818652265,0.0
2,40.50120292959422,0.02036634810203103,11.93219397143328,-0.006650990881122929,0.05485676718162391,4.051961680165535,0.0
2,38.7749252449262,0.02153728434283103,12.015175013819427,-0.007192559496554741,0.14080510963806253,1.644539765664315,0.0
2,40.117529145949646,0.020316689208217484,11.945577777225427,-0.0038458076075396455,0.0414974454694062,1.9400253001730419,0.0
2,40.151292513626444,0.0173537512364896,11.870401508343987,-0.004426466947859879,0.3692597066668554,2.1315775778398374,0.0
2,41.40169463904472,0.02026006348533354,12.12202657057111,0.006256953298941944,0.24667785001640247,4.226998549858905,0.0
2,43.178217738532304,0.018496255823216554,12.027413599738711,-0.0009489924897606142,0.3765830605661213,1.8453842076128786,0.0
2,38.987026939131965,0.02071146896329236,11.8290350658478,0.007408804728713643,0.0903621789278578,2.3807249488468294,0.0
2,40.06567787004763,0.023698630157301274,12.070962245329657,-0.0038975047175163354,0.15074676580532076,4.285151146088579,0.0
2,40.497782259295136,0.014904790080178549,12.173953672420472,-0.007083619835910446,0.4731500364357632,4.833262590734732,0.0
2,39.76424638710281,0.018205123110242832,12.26776111477094,0.003720824151661391,0.2461550811228072,3.5918727303068176,0.0
2,40.5856703876529,0.020871855443613082,11.846527186455102,0.0035838245685348097,0.43390061072442737,4.970094277776656,0.0
2,40.06611446813806,0.021171750618543997,12.076998424733224,0.009165839436844968,0.3601562073370065,2.425558714629762,0.0
2,39.310248541365,0.019262581630566867,11.884434812932158,0.004609711029307372,0.03673930268842601,1.6780145724868833,0.0
2,38.63003910515866,0.018417870564896882,11.904211814997938,0.0009977323417563774,0.34973780461799614,1.7221111398781712,0.0
2,40.98625073570955,0.018122642740698896,11.983371631242184,0.009637841208688915,0.3852600673206067,1.5399087291018878,0.0
2,40.97249053224767,0.0181629077791497,12.039420053088566,-0.0009269791720193878,0.30111836806439396,4.979612315528646,0.0
2,39.34983825840544,0.017943765601867657,12.047318990200642,0.0012529854230267487,0.22129204055310842,2.137890512306175,0.0
2,39.880988578908585,0.020718515907233236,12.034622794600772,-0.005157245042653842,0.022998595123268184,2.3669635201078885,0.0
2,40.6681701186968,0.018106894629588637,11.901476425047504,-0.0028603957693457234,0.05726795837545512,1.382903509317614,0.0
2,40.89232113865151,0.0167555025928228,12.12182982159583,0.0011946297171631958,0.14012598955698796,3.592232650489009,0.0
2,39.25972312263692,0.018228467733678595,12.114852491744877,-0.0037935963513147466,0.3260732367931475,3.4206714524508786,0.0
2,39.49044540987653,0.02324794956245532,11.958045410275878,0.004312120295649662,0.46251238744275924,1.458244223998066,0.0
2,41.57057096818936,0.02404005924119044,12.105709499579396,-0.0018309872182753434,0.3135303784093381,1.3602647308896034,0.0
2,41.197462852463275,0.021392693734604583,11.900670742630838,0.0030359296513463286,0.04742301093950807,2.6562189469045756,0.0
2,40.635151725352316,0.020123640677913297,12.082963327481268,0.002103754009031014,0.13084435144747164,1.533560560809733,0.0
2,40.62588288425427,0.020529300585064903,11.956458661381438,0.005461532252112647,0.008362683538127191,1.216335632874868,0.0
2,39.52770348819568,0.019726588494283232,12.120682558844004,0.002888351052001701,0.3705964441307251,1.0790585226286544,0.0
2,40.89881512222334,0.023484900674693703,12.032275442093471,0.0035740208014286134,0.257385521819277,2.6175463391570224,0.0
2,39.85011509100046,0.019079993900493652,12.038563520400531,-0.005493499857554223,0.3871647564013283,2.0265552152936777,0.0
2,38.559471204813576,0.016230428027675214,11.8301906909695,0.004713175389643003,0.34547348500010605,3.9777392615252722,0.0
2,38.705381471291275,0.01735181694603049,11.954277616077976,-0.0016255745522865944,0.20239191222260228,3.7236103096870155,0.0
2,40.100146341270445,0.02299573709007107,11.994559890201954,0.003226299479879771,0.40322879479881946,3.0921123777006416,0.0
2,39.57755617029997,0.01797086739507066,12.208021865340625,0.005495894313628741,0.0891369914691944,4.388467784026152,0.0
2,38.28939966312845,0.01935291074155258,12.035965722359917,0.00320531291031106,0.1321692942771724,2.132627816721224,0.0
2,39.570667901767806,0.018946881184307127,11.906091394738432,-0.008521525116230383,0.4406004891729148,1.749290827441087,0.0
2,41.402377367731546,0.02031041735357666,12.00820734135871,-0.0006115420656853434,0.4558155241869725,1.3011054550839805,0.0
2,41.02063735669597,0.020017036737971044,11.855202674942005,0.0007021250272059483,0.1887402891122229,2.623519294700939,0.0
2,38.92921868298329,0.021471903390409205,12.086671853790603,0.007209127569171962,0.23525661479910576,1.2700384775733626,0.0
2,40.66900023844913,0.0187271690813019,11.82446599736106,-0.0002774783171353526,0.06178183963034406,1.7450965972343626,0.0
2,39.14089319630524,0.022427189802017404,11.909868232817018,0.004565063918323738,0.1622658250146825,1.0155806692261744,0.0
2,37.84989424309422,0.020188864204104123,11.885618576284694,-0.0004930583444484048,0.11368123603262775,4.445396551719186,0.0
2,41.18842919944222,0.021233191661153682,11.908160058861409,-0.001426644005426607,0.03993426510945702,4.197284459626053,0.0
2,39.63117965568609,0.023402620762471574,12.078662429909704,0.002897367071250052,0.02484643564042499,4.696608694339844,0.0
2,41.03178798026741,0.020864042932077543,11.956395932940648,-0.007253117951279959,0.44436451907860547,1.2681590585362073,0.0
2,39.92988362326825,0.021622637423578613,12.014220989008727,0.005469579207662202,0.07705070172346185,1.6581197579513436,0.0
2,39.87642603980161,0.019928141734847256,11.89532958156496,0.0028390039968006152,0.12944235698484363,4.488129217132093,0.0
2,38.15578248476119,0.019040596082170867,12.0298878236748,0.0006352733120569172,0.17543739505777578,2.306644998411719,0.0
2,40.74828769888302,0.017698176717882992,11.90122371690557,-0.0021889318892086866,0.14136865800728726,1.7257990060825694,0.0
2,40.75980882331627,0.01849844433405638,11.980985838283393,-0.011600098639921312,0.22638808080787381,3.203954048834315,0.0
2,40.14320986453656,0.019298557804425197,12.034830508664704,-0.008073740578322308,0.27095944438812747,3.8279812848729313,0.0
2,38.68204656898517,0.017873882236090585,12.04113997787896,0.0010982423516023695,0.2971919181429814,2.140446999106439,0.0
2,39.11604691413171,0.020935343132131433,12.147484568090926,0.004124415028973954,0.33146086634111616,2.1941115765300605,0.0
2,41.568594194901515,0.020944644150650095,11.938869824500312,0.014259255218572407,0.13550857728355337,4.679507250479145,0.0
2,40.692648739241534,0.017778231085059847,11.855280529100582,0.007039315795223315,0.1045687477058232,1.3890860335527648,0.0
2,39.9673315030743,0.018905586013575157,11.97810168312322,-0.0015096859018999254,0.07259123955568719,3.3595376132244814,0.0
2,39.856874931010154,0.018894986148682114,11.930867986582102,-0.001642885189905291,0.03128045038491983,1.7029197844637585,0.0
2,39.170460092228765,0.02122567843651863,12.18981647098562,-0.0035707015072882803,0.4781515198771334,4.51800363731698,0.0
2,40.412063883853556,0.019306536475663872,12.068459574159872,0.0027351094603240383,0.144396012379561,3.6368602800620002,0.0
2,42.44036883314796,0.01748306940700985,12.163285253774811,0.0008910922061067414,0.0011726656870125196,1.3705383866417056,0.0
2,38.0332437365705,0.014989475590597358,11.904523654019753,-0.005710023246649789,0.3407992075290572,2.5650375546024833,0.0
2,40.28384405721511,0.02078362311544087,12.102052580728456,-0.007183564475158889,0.31065436338126023,4.412356159612094,0.0
2,39.95055039202651,0.018757963888251322,12.107599291925968,-0.007611952224894735,0.2597654482310585,3.100085476876793,0.0
2,39.53132416960047,0.02202716783107641,11.880710656778236,-0.004435300657419207,0.057792030769193814,3.465548198336724,0.0
2,38.50417245066825,0.019411197340230103,11.9870428707871,-0.0036930874072939744,0.23052242894646907,3.4626121233323057,0.0
2,39.72313349621965,0.022736803074025033,11.88251125204041,-0.003553339893004821,0.4190349513371229,4.632310069028678,0.0
2,39.50502933525012,0.019411885017153598,11.82764797208002,-0.008217001895003764,0.239421293819286,2.2447481057312424,0.0
2,39.730396881290964,0.015694064160235416,12.081955480319142,-0.004318989086650538,0.14902159610277282,4.426075143930404,0.0
2,40.22142848605106,0.01730251583287866,12.068980146583774,-0.0032053210603219143,0.3423237355600608,3.214574618685987,0.0
2,38.39586246991611,0.01752044680725728,11.934774361593194,0.0018048344155378701,0.1788327122911892,1.027719646887804,0.0
2,39.211143745160605,0.021573024418858347,12.047187671572914,-0.005298484744060661,0.2991654807418171,2.645978276854695,0.0
2,39.985577238695456,0.01757332772521392,12.051767268802742,-0.00043563131032274197,0.08677656750589247,1.5711579752951979,0.0
2,40.650142935932266,0.022614492137763897,11.91795916964506,-0.0004376589541304881,0.2998769316970343,2.6588629906151415,0.0
2,40.33021815320688,0.023795995341431384,12.090022777434708,-0.003393634080986815,0.23764788363020894,1.7365066896895054,0.0
2,39.73168962238066,0.01759327753818435,12.048930088978663,-0.003555451163914536,0.4166428435179499,1.3341744664052486,0.0
2,41.17603193513191,0.019505572124257433,11.936881650352024,0.004858406569518954,0.46729007562495317,4.245239220537215,0.0
2,40.56908904207338,0.016792309190598313,12.149472652606699,-0.008944490683765651,0.4205609993793163,4.370830857615621,0.0
2,39.463878814776336,0.02081977171717617,11.863262297221548,0.001096360985540314,0.21677150481806157,2.6949715886397674,0.0
2,40.959306097518926,0.01928456612397895,11.75724558460167,-0.008972736667954964,0.39698206325665225,2.018240317376978,0.0
2,41.86548304874604,0.01950793995547212,11.895761332345229,0.0001336418558368899,0.2862541433554026,3.497750774389453,0.0
2,39.88592089267722,0.02208868999932021,12.092093603125385,-0.00015564454669728456,0.42676784558513703,2.961556928060614,0.0
2,39.96932485557743,0.019681569366834503,12.0396981005975,0.0032331592166137783,0.4592675383309104,4.943114930945601,0.0
2,41.11066531155866,0.0160747256929314,11.95980233159001,-0.0020610752430872824,0.2648250291107948,4.761105498215311,0.0
2,40.85082259713227,0.019532098276716384,11.970933344148516,0.0004066352323120341,0.09193494550160047,4.7490320559295185,0.0
2,39.34943919530209,0.021628846251709896,11.902390260764477,0.002841555748459345,0.00897205362833381,4.83455961350529,0.0
2,39.27451869889077,0.01785579027616175,11.944568066010962,-0.0025150731439839546,0.2871117310228015,3.2084521942462665,0.0
2,39.07217595114438,0.02168474389892416,11.978334168344281,-0.004962436389975327,0.45829167299703694,4.3196443113260345,0.0
2,39.9935734408551,0.019467318433940704,11.824337883059746,0.006759103562734875,0.1241785867868323,4.034352665132498,0.0
2,40.66745634280646,0.017059021699720938,12.066937072923475,0.0014622838323364482,0.15906817333530293,3.867481031924814,0.0
2,41.10454987031643,0.02048983399211588,12.061286231756302,-0.000846102334951133,0.41146432040173925,3.0968213736516588,0.0
2,40.11996595915429,0.02107897048151353,11.908069275850389,0.004628873438981739,0.28610345566760975,3.496467498531094,0.0
2,40.29917499667421,0.020814019560380335,12.117029316291655,0.0042035738995271485,0.21486468099425193,2.5433916429340537,0.0
2,39.561229325297106,0.019395831402742873,11.901199640612871,-0.0007674228149782301,0.0573399584487434,4.858930152559466,0.0
2,40.167901224423595,0.02234919520634259,11.97785870229021,-0.006357923904694869,0.35061518538624664,1.9394127743459029,0.0
2,38.20242922015893,0.01971754893802021,12.087580159376035,-0.007712550757194878,0.02740667541559283,2.9694224943929473,0.0
2,39.91967479924971,0.020126731375119493,11.935067143701424,-0.009142280334371793,0.056889252874393115,3.465078827666156,0.0
2,39.12548356182609,0.020274902900147274,11.95778852293678,-0.0026552834359117213,0.4154834283724782,4.096718664406952,0.0
2,39.052457617996794,0.018522070458367425,12.043925957881996,0.003685945685544169,0.31160501420096937,2.27660812461175,0.0
2,39.97213417104225,0.02053268021186063,12.07876686464891,0.007939638783780569,0.43198646863796797,2.971765359105098,0.0
2,39.28179173634897,0.022038414321219432,11.777104395757158,-0.007624146247677498,0.263656659182293,1.6654788769167053,0.0
2,41.65362660427127,0.021464866763902354,11.880715620667369,-0.012161570352406248,0.48413910001112165,1.6794734496938615,0.0
2,40.93867221295084,0.020108206586329808,12.108352524507643,-0.002513100249000178,0.21849948738109615,3.1753993918061116,0.0
2,40.66204093033681,0.021695517922772627,12.10898739500771,-0.0016393276935407844,0.3230788023041467,1.7499310132620622,0.0
2,39.898740599840316,0.02067416831290592,12.062933660204765,0.0033957375574790254,0.3640058407457794,3.8330542046084672,0.0
2,40.45566175902205,0.019233348084695952,11.865204042996245,0.008450967032559164,0.2716905706094983,3.0018785782196957,0.0
2,40.24032768218555,0.018989734088390733,12.012867899179696,0.0025405180774756737,0.4769440131129181,3.8770336513124,0.0
2,39.810475464080824,0.020086950594481578,11.84423951156936,0.003865530904287577,0.4412281570666025,4.468593458696111,0.0
2,42.93391019261691,0.018581980702117563,12.055013171798905,-0.004320786105765218,0.13890749915630457,4.9840042846780985,0.0
2,40.097199796895936,0.017961199387127418,11.844977890023952,-0.0011603346200861142,0.15307374003430907,1.7205244076789854,0.0
2,40.40065286739909,0.01971609403025554,12.758130808396231,0.0007930534024715143,-0.060820590769993965,0.4744075858791621,0.0
2,39.504335322051844,0.017423868742600726,12.719899168968032,0.0018142503797371082,-0.06236819644364355,1.2114432241862285,1.0
2,39.401859506394956,0.019022881480254793,11.952928761227128,-0.005983949890140414,0.0954873246352661,2.654311033524956,0.0
2,43.06050343083053,0.018060660662222155,11.525380095190577,0.006308426475315337,-0.08955603978920207,1.652819857866499,1.0
2,40.9940215525937,0.021419868528214706,11.489824059253095,-0.00028458428301578425,-0.17650596645640698,0.31124542701640845,1.0
2,39.24381154178753,0.024013157287194945,12.035107552227853,-0.005482931241177915,0.013288974137798226,0.7239295481524775,1.0
2,39.36470290601515,0.023683934231960673,12.633328944246195,-0.0036307244646470583,-0.13065272835040498,2.0246452398243253,0.0
2,39.45369430188446,0.01980335060105552,11.140796443672553,-0.0027632417340808404,0.038038882606323765,3.643793047801852,0.0
2,38.36894667030456,0.021486610825540906,13.182980285381541,0.009605135004672928,-0.22632218527640374,2.8081579442517217,0.0
2,39.73585407685928,0.021743607010561015,12.149761526703347,0.0033762004757758074,-0.24805048799182128,3.229541358811518,1.0
2,40.48611549529467,0.018257423679492728,11.729925828443932,0.010518440581221802,0.039185891488940805,3.988920286380144,0.0
2,42.1723044611435,0.02095824481533342,12.572102458853621,-0.0025856709894744295,0.22984865108986197,2.176672244537887,1.0
2,40.07361397658037,0.02198714662743806,11.177353878380378,0.0069463721939466636,0.15691062521065383,2.201856761694506,1.0
2,41.31639016284244,0.024458345208451557,12.338258489338394,-0.003199603820371835,0.14628668848450482,3.7972964976930617,0.0
2,39.82025584680032,0.021879192056091068,12.275378806955734,0.0038110124837830235,-0.22842267641100572,0.5210121819527334,0.0
2,41.24947667946051,0.021851773735981822,12.670773039733199,-0.0015370781396739795,-0.17621929067997746,3.0102329231033766,0.0
2,40.6192086865948,0.021869821390972998,12.430181517699332,-0.004229999203604709,-0.08685892192304892,2.1892509290761266,1.0
2,40.56232241359034,0.019046360275395465,12.007738340224629,0.004864896845207004,-0.17207310920261776,1.9295340228908557,1.0
2,40.62621463355982,0.019552286574498937,10.999328924355956,-0.003626638771732552,0.17103436990503268,1.4856019636673272,0.0
2,39.30961432859451,0.02458429248844694,11.435151657571442,-0.003715788808327417,-0.12533935990232692,1.9277005400530292,0.0
2,41.17757124851247,0.021072757801463258,12.467654250682388,-0.008661116286081611,0.2948328054409492,3.655724346575467,1.0
2,40.38435043866577,0.024909951993175642,12.457501039645498,0.0007949729420652509,0.2185667599551878,1.0124159976046943,1.0
2,41.94381548478139,0.026638941809863637,12.253529666706847,0.0035509866843975667,0.29072828772568493,1.384242265185144,0.0
2,41.69900075231305,0.02563178504174885,11.560972044776877,0.001359710191743875,0.08139947431829325,2.794006512042536,1.0
2,40.30637855822343,0.023598619909687587,12.55122035367039,0.001214765202787134,-0.005199859189374018,1.7300790321821156,0.0
2,38.5623635962181,0.023756411958147844,12.147912122517575,0.006523596813546127,-0.18694206497632782,-0.09247200675633649,1.0
2,40.53021110391316,0.024888795930013495,12.153948780642741,-0.009301842901096263,0.12356876893654858,1.941610374351245,1.0
2,39.78821837257731,0.0231746081101498,12.648931360975439,-0.001457963210359774,0.0674987610334013,0.07916299985700159,0.0
2,42.08079047926046,0.02273670548778499,10.77066541747075,0.0020342657587167547,0.14898685295976258,3.379345951440206,1.0
2,40.684897992390496,0.026206508981975192,10.857760324421575,0.0013649722515740165,0.17843583572654848,0.3068231411781839,1.0
2,42.84286780068354,0.02974953937792698,12.067133335523932,0.002162397895332528,0.007314873437988409,4.559382127597953,0.0
2,42.20790377907201,0.021697820183660455,11.926723518737267,0.00975876832164225,0.11115180902745073,3.7865280385309976,0.0
2,41.67539526011384,0.02627812893159385,12.16974054244355,-0.004224263274280807,0.22545277750525644,1.1172953491002506,0.0
2,41.96760545844705,0.02743165972893845,12.057859762748029,0.008034382581089265,-0.027216878114626836,3.854803414142574,0.0
2,39.578941205033196,0.02455249332542888,12.033655070155445,0.0048280166632624286,-0.014556610738686693,0.5955393266669713,1.0
2,42.38906668360308,0.02481156823704842,12.434043159852468,0.0044496944628641686,0.20075136711119643,1.2689180638842368,0.0
2,39.98839683842353,0.0246217032614819,12.781244655407717,-0.009278678231423962,0.04018682665960527,3.507743308955651,1.0
2,39.73880278623151,0.027328395484867367,12.10282577143415,-0.0016950390587452987,0.12879233494343328,2.2411824191068934,1.0
2,40.52551810843432,0.02797049430139731,11.839735690909755,-0.014419858084921537,-0.07977765444055065,3.7997637611709103,1.0
2,41.937826331920526,0.021514177759982475,12.405720640344327,-0.0031703297288307583,-0.0035840838902549965,4.114983669460682,1.0
2,41.42623294755196,0.024873236958251978,12.668621401780696,-0.001860048009696704,0.1989579593574851,3.9280789043308473,0.0
2,40.18657614000111,0.02930152353387779,12.240328206642548,0.0029134219126127603,0.2174346948137268,3.968796061657028,1.0
2,43.814710057922206,0.027583775525848866,12.082612742576984,0.003907779049398937,0.026373290786566445,1.6408584261903223,0.0
2,40.40733687081516,0.029636708534994005,11.987855053396808,-0.003334723506840293,-0.18040406978520038,1.5582322235954482,0.0
2,40.87104680644547,0.027496083217878727,12.2719565692881,0.006291598079856294,0.22530195987504853,0.6871810004947938,1.0
2,41.09822155554641,0.028248902605799923,10.943553468591729,5.762955187145465e-05,0.09156521349254865,1.1545754379881494,0.0
2,41.215176179880025,0.025619656396087733,12.140383646377302,0.005421635630829046,-0.06364528197667765,2.1555990958395586,0.0
2,40.55173256830466,0.026397184212550693,12.471986865766272,-0.007867983111972558,0.01628929890107303,0.7344227054981857,0.0
2,41.220984335212975,0.027026768379901485,11.436608197252497,0.0030436761262802106,0.10754530972982404,2.958901017171341,1.0
2,41.51269595596699,0.025731572511438833,12.007789236427351,-0.009855406710056717,-0.10986008085274035,1.752086672281258,1.0
2,39.65099041462499,0.02519464617448567,12.702902833533125,0.005284695355997399,0.14619671905345522,3.8488544869932566,1.0
2,41.78354292045152,0.024125568659053995,11.791481896615503,-0.006709306663976927,0.1257165932595905,2.014707287336222,0.0
2,40.24960914414442,0.03039592136367706,12.050539082931012,0.007073658240830876,-0.16814646121432267,3.3941616138805677,1.0
2,43.31890516579927,0.025122012428961976,12.560829834934879,-0.0077465142012374845,0.20156379034000055,4.497551458674435,0.0
2,41.4300669866505,0.02733558217729326,12.643811807341553,0.005121467511379604,0.06470339642563747,1.0197368622277807,0.0
2,40.64036240179163,0.028895820803705827,12.177653289470973,-0.0011380911902287845,-0.07188366308584263,1.7374267258581653,1.0
2,43.26113532537048,0.02771437102273517,11.701125074599247,0.0008243960969767822,0.07868883596996533,1.4550568645586999,1.0
2,42.097454367903374,0.032068683719649924,12.235895613781034,0.004111033296194584,-0.14296310217927072,0.744420366522031,1.0
2,40.370514632221244,0.029508894193006004,11.390220670141783,-0.0005205330262063956,0.22168663077135137,2.3310104756916266,0.0
2,43.25975167446461,0.0332242330081742,11.948868638864734,-0.006648036929716324,-0.01681726049303431,2.391319604411543,0.0
2,42.134574381827484,0.030172341919774633,12.187210100259382,0.002520560132363774,-0.04763408839411479,1.9155888190161248,0.0
2,41.19963719725752,0.026282732277460707,12.511578086144464,-0.0037710725457021418,0.1683096985226816,3.015126375924639,1.0
2,40.90442750219842,0.03165614074122529,12.40025458695418,-0.006631412820503169,0.1488603069301819,2.764718822793475,0.0
2,42.5587809636329,0.03240991285075012,12.02974840186828,-0.0023443409170855636,0.2988955275786594,0.6680354141975804,0.0
2,41.6907440636768,0.02974441951603146,11.487314057826591,0.001206368196522396,0.21745493601230972,1.434155597241022,0.0
2,41.75888843864713,0.031745344156241126,12.016611762763263,-0.007945018979242635,-0.07164633486153546,3.1798555241522317,0.0
2,43.403370189026916,0.02605877844321141,11.496432012469542,-0.0033686090227071576,-0.06303699428620234,0.903947469959475,1.0
2,42.96306202417293,0.033403761485697035,12.70869977081737,-0.0036326082075193752,-0.06869062609266792,1.633358351400892,1.0
2,42.96529158230912,0.02998922300102634,13.037088319236812,0.010076689509333426,0.3819574938978223,2.193147614137278,0.0
2,41.44158177815858,0.030121816379024113,11.996694778355469,-0.006787002345559151,-0.030772091106578137,3.1461935813729944,1.0
2,42.0119427387474,0.03219831051400947,11.31557018924394,-0.0055896707114682365,-0.05750240677994031,1.814865394373617,1.0
2,40.39684037985924,0.03289076375942529,12.872260604559218,0.015111266301610287,-0.10552140643508554,1.3001848668292486,0.0
2,43.41248218966851,0.03415432957197889,11.640656222515638,-0.003535888932744309,0.34102215351278226,4.116075670634695,1.0
2,41.61119135345653,0.03390832205585077,11.125214387637516,-0.0059147652855042285,-0.025278290356966632,3.6701629658283443,1.0
2,42.64351346064074,0.03181936915178948,11.537727723240128,0.0010339438447526908,0.09662794460854726,2.041980888785338,1.0
2,42.728122245852326,0.03296072734852389,11.970420144796645,0.001976263591384868,0.20664595537220437,2.5546824476241614,1.0
2,44.60473959609968,0.03148788123448476,13.120221521270441,-0.001502308406834567,0.052877956444230344,1.4313973095757393,0.0
2,43.14680836525532,0.03089921379877712,13.777541522550903,0.0028827051701368974,0.25908639526289956,1.2573030579632518,0.0
2,40.95497307990911,0.032781322404351707,12.187900114304613,0.0016400127816414603,-0.16607503956325742,2.210808904585021,0.0
2,42.70626311310183,0.036542319066014455,11.677435652161009,-0.0016103536688369122,0.19824687909799288,4.540925824238386,1.0
2,42.40705240223498,0.0332731423711148,12.46661865948568,-0.004641208113468433,0.18149229797888533,2.213262815490352,0.0
2,43.984902267496416,0.031018995146257236,11.670650824878217,0.006303026116853485,0.425554658400783,1.991414316879083,0.0
2,43.44865831052939,0.027422460962059976,12.448270769386102,0.0033938574176158955,0.24977414954898147,3.8284453657330637,1.0
2,42.71527721126196,0.03407296646817542,12.65615257241315,0.002452520156747363,0.01407731683716229,2.3108975058875307,1.0
2,40.89378015936739,0.0314371779391606,11.818911222661105,0.003414776127040667,-0.10883516787639175,3.100650000863338,1.0
2,42.93540105283971,0.0345790683298724,11.339663595099891,-0.006993546853945258,0.16678563187517437,3.432728618003035,0.0
2,43.248526315619145,0.03239429129989313,11.071930603828989,-0.0051008963987312925,-0.08018647633379793,3.5313577031307606,0.0
2,43.80334346223772,0.03613474452655723,13.03039993455084,-0.0010186982774690345,0.2196161512111581,4.505419177196474,1.0
2,42.92067519841668,0.03437560453388615,11.563710941915769,0.010634105556064288,0.3955908700892889,2.802528704086459,0.0
2,43.02841506770543,0.029097551563291142,12.264678455886791,0.0018262721570329184,0.2485474887966116,2.8552021887855066,1.0
2,41.72707189951987,0.034914843479545,12.347817144728491,0.008112234307526266,-0.012549420466340083,2.4253823682056037,0.0
2,41.586870617556016,0.034364493523732505,12.808057773005155,-0.00010778403707092157,-0.10378750604090262,2.079597467514793,0.0
2,41.45986568028205,0.0334863291373992,12.054124167040888,-0.006564719595063309,0.31256160234954355,1.2973800647201055,0.0
2,43.519659837432336,0.03236318303739637,11.67592801382571,0.006228128721500148,-0.03637667018218041,1.5921331888430248,0.0
2,43.468542167789685,0.03453128724432042,11.902565842299216,0.0022920676898275662,0.3695458111583814,0.7541885425627841,1.0
2,41.92786488033156,0.033996037330602885,13.138651049124547,-0.002898963756830743,0.11361222707404448,0.5045366325493988,0.0
2,44.15349249905754,0.03806523736525531,11.779860239026915,-0.001422910580060055,0.2746802020114764,3.351852691306983,1.0
2,41.15863709584159,0.03349292951404623,12.086157298919847,0.004060368716486865,0.12537810692556509,2.3462972883038193,0.0
2,44.807969683850644,0.03547177705127233,11.59922940270088,-0.005320132735099098,0.231790314108328,1.1872274988421938,1.0
2,44.46326852435167,0.03953567723947757,11.561762658203632,0.0022360328738312615,0.11894861062802031,4.612491353622319,0.0
2,41.6978126593296,0.03422522859691473,11.943331358068214,-0.0023440458294483116,-0.10469827849151031,0.7272995433977287,1.0
2,43.36862176815695,0.035382967528046566,12.316472311111104,0.004761494217562429,0.3380056261752237,1.4435115227559703,1.0
2,42.99853407469998,0.03501351035352336,11.582136584725868,-0.004433736678681789,-0.046181286854101056,3.3332112239698652,1.0
2,42.318343365602885,0.03258368584941611,11.74343277464347,-0.0038843380540267915,0.05211078468010727,4.190718395173216,1.0
2,43.505130064014075,0.039333207125957295,12.059261748335125,0.002232840932716436,0.26547031328283477,1.274637145110225,0.0
2,42.310678988000376,0.038264054308687734,12.092472462007457,-0.004518934871512951,0.15041094955481396,0.5608438794150151,0.0
2,44.204543706659344,0.039302698244335944,12.021425433537852,-0.005782341196763788,0.4101579757154068,3.802185928016539,1.0
2,42.46034377573635,0.03780361027645024,11.992573350953254,-0.015355219126000763,0.3067841022793683,4.2346785763427475,1.0
2,42.67158311273168,0.035066876891090996,12.278587514674586,-0.0006045682616777832,-0.021992542668224133,4.095270501356427,0.0
2,43.59438084897955,0.037959671549572124,11.775497995531556,0.007204975221017742,-0.01694540173590485,0.993130766629365,1.0
2,44.451196148120815,0.03404753015657811,12.44398794482004,-0.006868793909688725,0.03420991466054027,0.8987624425200326,1.0
2,41.380676507169554,0.036165915615103635,11.60509404145452,-0.005535655092481365,-0.11719135768671807,1.7537631257778834,1.0
2,44.743223262155404,0.03964758454072978,12.285737322186291,-0.0057158346894428695,0.07033458778340122,2.6200262307827464,0.0
2,42.213652337922355,0.035931209962605036,12.407164121884612,0.003998682244369172,0.28791062914834065,2.45558100849143,1.0
2,44.46230235176199,0.04200896230305692,11.858075463203807,-0.004085001046265488,0.22976680314969192,3.590861622715719,0.0
2,44.32158888307395,0.036928681019236104,11.792161111936405,-0.00019006512292594888,0.28698357044812073,2.404458644646026,0.0
2,43.459650071788886,0.037636799960494564,11.844364067083685,-0.005943574540190059,0.10361099148025432,4.645758731802312,0.0
2,44.75071527536099,0.03933658341699567,11.77402091063661,-0.003569286506226317,0.22963661279961864,2.765519073537867,0.0
2,44.85821003085432,0.03791153911971327,11.639674530168628,-0.002326154249053118,0.1689159051546496,2.558577937833841,1.0
2,42.053781843829285,0.038034744788407654,11.734597972584764,0.003936258882764759,0.2611964995093194,0.7460681875438333,1.0
2,43.01288617942916,0.03686367175621641,12.33222853960276,0.0028669382442481086,0.22892682837566802,4.0619715762482524,1.0
2,42.63676003582832,0.041540529387239816,11.10571380502506,0.006076769138189872,0.26568812422606375,3.3640124611730116,1.0
2,41.68069146957,0.03679172837949973,11.82950850904167,-0.0006178540879820745,0.008132960203073941,2.6176681493196874,1.0
2,43.545283270407566,0.03512693295552426,11.956014346747855,0.006959027468812817,0.16543594623975957,3.5519057477460776,0.0
2,45.20427660206671,0.039487705944821316,12.346232403007832,-0.0015254434057558322,0.10679460763528237,2.722342992718047,1.0
2,42.881794603432205,0.04339962794249887,11.549947121648875,0.0019011076522839883,-0.022307292411433546,2.7589299664471576,0.0
2,44.00574993638908,0.041885474924421254,12.194275661237748,-0.004731278780753918,0.046450428479132694,2.3134577394072813,1.0
2,43.14064918183835,0.04269438280506821,11.588182099212379,0.0034049716696625794,0.03780962387924208,3.1253289203012327,0.0
2,43.530883569490925,0.04072106052503606,12.380975154199959,-0.006434307686265819,-0.02159972420205873,4.5821020092876905,0.0
2,42.97972834400492,0.04231920175670707,12.07540487726742,-0.008781815563383288,0.11607006023612143,1.0361379383766252,1.0
2,44.345049853616224,0.04167067310604696,11.75669772801372,-0.00041244773595512294,-0.0014246260885007397,2.2794160074759042,1.0
2,43.627144394767804,0.039558648607220796,11.3297112638416,0.005214753668498384,0.3559051161275276,2.3249305020427085,1.0
2,44.663327680716606,0.042556001456758356,12.282728812263654,0.0010345088014231236,0.2796054338791856,2.3486615533674056,0.0
2,44.54920005358071,0.043922112655588263,12.598692008558016,-0.008209018297720121,0.35794928924459923,2.700494736174367,1.0
2,42.80876620246708,0.03947218993822237,12.613517764981285,0.0005238173737762534,-0.04008842564309484,4.177701503626539,1.0
2,42.584028813482234,0.04123356133855106,12.762409994684644,0.004475485629355713,0.11271190439276346,1.3563684489269885,1.0
2,46.32266076563535,0.03829318643686998,11.681155966174478,0.0044975504080269155,0.48394309072043334,4.886484471489364,0.0
2,44.73056871724181,0.04265023913942263,11.282132983964553,-0.0026587221659340986,0.18234582699444912,2.690611296883991,0.0
2,44.25636104140408,0.04601897813998145,12.141122193951388,0.009951502860682611,0.4356827020376713,2.9534043620685084,0.0
2,43.09649259861987,0.04624687213480523,12.333189005065446,-0.004386507524376023,0.07125770696145867,2.594516506919679,1.0
2,43.287703147721125,0.04389884061879169,11.469622338055869,0.0013598678198987856,-0.02365088373138015,0.7129852575482614,0.0
2,43.522859108406394,0.04537957880116612,12.082225509003896,0.004669351686281689,0.23389944518224304,1.0343494793631516,1.0
2,45.34297912921733,0.03919569213382043,11.509907352643832,-0.0017302455769822834,0.09504955555104128,2.857579703037263,1.0
2,43.86011447195042,0.041134477265624386,11.570964786463271,0.00243246540371478,0.10292325339642239,2.207515191834818,1.0
2,42.94476646784401,0.04244478636911031,12.427654719226426,-0.0026348049251657393,0.16722477457829266,3.3210734958156665,0.0
2,43.04646365947874,0.044681983647708395,12.408299772040525,-0.0010276411777548956,0.07748322084079481,0.980205382927067,1.0
2,45.05277077898432,0.0392410280642739,12.086546741494187,-0.005013006756938923,0.317452915194806,3.396024379467643,0.0
2,43.23584631165293,0.04166500711309092,11.517759328191737,0.0060120732993601,-0.0058235379037574475,4.031942321957821,0.0
2,45.13460296207914,0.04663916198329167,12.709381094196058,-0.003575101076256298,0.42948048389118,2.1467253869652687,1.0
2,43.846664205945565,0.04362438130017282,12.411441644686395,0.0035733113502303473,0.2931102811150559,2.527064070004865,1.0
2,44.005981649568795,0.045046770959398075,11.221093505463287,0.0072531037004775435,0.11593562926508491,4.3850027784303425,0.0
2,44.45283863071828,0.042973734099899866,11.828226946565831,-0.0020340207461371734,0.45318596851993354,3.567140424516898,1.0
2,46.4622562447493,0.04410976962450987,12.450609556040597,-0.003927325797991751,0.5047643821954306,2.896737193517277,1.0
2,43.96661772089143,0.045804059344905876,11.726275680657121,-0.006815241522866812,0.0065388365532468296,4.562628680727686,1.0
2,44.50513260303676,0.04543176418318025,12.227187966308914,0.009591476046485324,0.021992127843412035,4.8370879361760535,0.0
2,44.03527115459008,0.04064278487830186,11.631070671039005,-0.0030706915280829966,0.21984182204482777,4.648753317447822,1.0
2,45.938066887467535,0.0489269379196903,11.576286294044852,-0.005139823890293185,0.05716619919205865,1.8457691217202439,1.0
2,47.395812010654936,0.04335769716683395,11.33467331047155,-0.0006817320875737422,0.44231054169292755,3.7153873955562626,1.0
2,44.7837814531865,0.045309593898992404,12.642733519963569,-0.0019715472346733213,0.30563434641927484,3.6934819795630434,1.0
2,44.18287275433027,0.04397354948661544,12.850720563407146,0.0021992876990399035,0.0243677878879337,4.548854737119603,1.0
2,44.76273921641994,0.050262605903751804,11.926522073092757,-0.004284340515293451,0.17264255289250247,3.810907293962896,1.0
2,46.16611014030621,0.04451510544883479,11.708959019884468,-0.004013049787130101,0.5248072819009675,2.0738940478482966,1.0
2,46.24888621489713,0.046057900832834814,11.952993702313812,0.0007741993907381282,0.2342142320424451,2.9983979071559332,1.0
2,44.62093879579867,0.04979664546566616,10.906548754197352,0.0011980527259945963,0.046305950259639655,1.920769766968904,0.0
2,44.51434440782256,0.045506128661116405,12.049991419649636,0.0065434246871693014,0.050636334215962545,2.862415209836186,0.0
2,47.03463253879119,0.04352147719348983,13.28579792208294,-0.0017754450415470046,0.2764709985309884,2.1364023498251576,0.0
2,44.296879709805864,0.04303628648286324,12.041081794020277,0.008875854971864317,0.2677809568884485,4.83023708626667,0.0
2,46.18270539907528,0.04799273493285788,12.68967143072165,0.0002340868223673414,0.3626420768886782,5.0330872186482285,1.0
2,45.8073446969747,0.04998178608394049,12.02211575316579,0.00659450427444359,0.0813277282110167,1.282488502642636,0.0
2,46.205696473694395,0.04517880262655019,12.239290237401475,0.0028455005067662647,0.08849130295922603,2.055225278440886,0.0
2,45.697338162208425,0.047854697387720385,11.912023383150009,0.007017372868650344,0.4943550938475502,1.564312005101549,1.0
2,46.082434485333685,0.04590071848227242,10.88709468263212,-0.002079155013304503,0.32299189314409094,4.503386493251254,0.0
2,44.579163065006554,0.044888148248278664,12.080254506170261,-0.0036531331825409366,0.2847414908599117,4.384252779636772,1.0
2,44.4133481815164,0.050034999817565165,11.9520325968862,0.006385859230864681,0.10363649373377819,2.8135131672004885,1.0
2,46.72612583174733,0.05000847788935301,11.192311304556103,0.007482780206017575,0.3505092576829357,1.9820183125888047,1.0
2,46.555601230186596,0.0429606500419909,11.345610166506313,0.00011871693797519569,0.3065322828965128,4.956818047687205,1.0
2,45.95003129344987,0.048579109001317206,11.522770297408726,0.0035257552178381856,0.5048007723656084,1.236748209120263,0.0
2,46.674524906887875,0.05014291049190388,10.572445831736825,-0.0042156688385049995,0.47201210521603204,4.782609262715261,1.0
2,44.96241976232142,0.04717901690362665,11.63139017987105,-0.006799798375742639,0.3001106409756794,3.531780581177121,0.0
2,47.48427526561254,0.051001445668620624,12.386711863280894,-0.00020568532477569683,0.21030625176479023,1.86564603820457,1.0
2,44.64622282458559,0.04899359419371437,11.445661361219802,0.00782737656866823,0.15331753311479637,1.4587888797001027,0.0
2,45.266610584929644,0.04813492771031701,12.317730672557687,-0.004685884793140151,0.3510987791310242,3.9109124649686744,0.0
2,43.09879404381113,0.047923177970298415,11.47840035495147,-0.00968847625213585,0.30222317410579,3.6218814552651097,1.0
2,45.18847006696061,0.05232162831027812,11.854095827342865,-0.003828983030843136,0.1454865346473993,2.407462887970723,0.0
2,47.764981859000564,0.05027388572968183,11.978866217982464,0.005298016567098961,0.5315883317992871,5.381814637875953,1.0
2,46.717683268451985,0.05018782562822979,12.578932670977483,-0.007109827696230911,0.4162092531753268,5.338594094074266,1.0
2,45.842118347807755,0.05116494969010071,11.764506829151703,9.539302153535747e-05,0.3186839083884046,3.1268715709165096,1.0
2,46.331576350990424,0.05013072474059344,12.306540133780851,-0.007050244491527692,0.47299781102585853,3.4508550748310296,1.0
2,47.00504373659853,0.04863644325934402,11.444488863398313,-0.0018844449568268954,0.23494678818878412,4.811170227060707,0.0
2,45.408491786418885,0.052048246563397946,11.588402502115038,0.0030502309408171374,0.15541632819034717,1.9210558943111389,1.0
2,44.51971108176824,0.04972513048635327,12.094388747625526,-0.0006722487318031763,0.4000466509623957,3.7462296880546115,0.0
2,44.73246444808942,0.051035274407267475,11.023764702724254,0.006494178825717024,0.09429250015985365,2.9849631076686145,1.0
2,47.85171498005531,0.05096086849205972,12.786304921858871,-0.0009497371681865219,0.6145590104496693,4.084862997282548,1.0
2,44.77689321552119,0.048808800514155634,11.506884188025847,0.007589005110046462,0.33267384420001817,1.56639895454608,1.0
2,46.09497381256905,0.0534454569956826,12.448237783789244,0.010268633975321696,0.3257274204639308,1.838463848143511,0.0
2,46.282773533660134,0.05296926035884248,12.119727732605435,-0.0027763665817873936,0.3725336645759124,3.872982378016489,1.0
2,46.62653133139314,0.050836441113346925,11.839961287328707,-0.003068577383951221,0.3865716093279223,5.317639279580887,0.0
2,47.08610719733406,0.047469750002834155,12.554911802429082,-0.003868779199588731,0.20339538331753404,2.5899881817194834,1.0
2,44.724214034112876,0.05005206536216838,11.96702419769113,0.006222994461303384,0.37538622793412413,2.671511784956804,0.0
2,47.21204202558695,0.05168102266430052,11.28577474550335,0.0030086123317143495,0.4697855941570093,1.792312298172782,0.0
2,46.150295422644675,0.05314615444668826,12.824241193332886,0.001793907546110043,0.1250851958123373,1.5820672661692916,1.0
2,43.72870526821998,0.05130922013090733,12.873232292235574,0.005407491159378359,0.2385851042155277,1.4611375378774603,1.0
2,46.89990941610611,0.051840756523715496,12.458426125221097,-0.0036510476439665348,0.21588625294340869,1.8182478177106776,0.0
2,47.46787920750522,0.05138794574926982,11.77256744563043,-0.0014550222916399746,0.6072290414493011,4.095419732682589,0.0
2,46.99710908445305,0.04928415238492612,11.911780125935472,0.002570206570447571,0.46474490521601886,2.511020271686188,0.0
2,46.603177868092985,0.05589132978321576,11.818653242832909,-0.002907813192388202,0.20588377173379793,2.8211654910941206,1.0
2,46.85739452823852,0.051059711000251015,12.492823973664674,-0.005227941972355693,0.3367087159523928,5.056260250987144,0.0
2,47.50705520767352,0.052022311996496824,12.05414344297007,0.0020303049157960906,0.1984943189576652,1.552553777824949,1.0
2,47.80871205017192,0.05384542431410106,11.833879449273459,-0.007467756196994321,0.5201926686788328,1.6491945072891698,0.0
2,46.86041264124528,0.054316892950440246,11.448743051003115,-0.0003832037882165837,0.3195735896379559,3.24131922267167,1.0
2,46.62315842452146,0.05462686341902867,11.655398664184961,-0.007345313832939208,0.3004961423216311,1.5866188712764397,0.0
2,46.59196295014269,0.05349049822011798,12.212857117519635,0.0016668774657789265,0.4577663339391204,3.572071905809421,0.0
2,46.45189715879317,0.05517035298552399,11.806573581906218,-0.00491903105381425,0.29701321860146773,5.105446187384712,0.0
2,46.77248491760427,0.048511469183289184,11.750432727444542,0.001313091854216462,0.24141540944619433,2.479262533381477,1.0
2,46.59844937380918,0.05141246021379577,11.502913980490087,0.0020615341972110247,0.5326162312300017,3.0671590842243353,0.0
2,46.18670958959467,0.05299933996119526,12.449168458234958,-0.0009718746547430464,0.08150186291476505,1.860166263926443,0.0
2,46.41915929946984,0.05703379472178975,12.121822869940956,-0.0062278689701732925,0.5562494444069953,2.985154772721109,1.0
2,47.04801607125863,0.05564421936549097,11.652071047735339,-0.008926493235185974,0.4177365234091942,2.5720483465405297,0.0
2,44.32116727668575,0.05618417814205572,11.088724013320567,-0.0016554284259144853,0.3007036436535333,3.9659226859732613,0.0
2,47.74929903188766,0.05649084941080239,13.12802902452711,-0.003566285074761586,0.5821555278810021,2.0767586923497046,0.0
2,47.74623276315462,0.05418272425987149,12.268976027483257,0.0009999998520244264,0.23877536649312261,4.427692805763222,0.0
2,47.38995087471668,0.05543321103980171,12.10489741683617,0.00043755192935769144,0.5489888567408019,3.568455408319187,0.0
2,49.09772980723447,0.05103835346382021,12.354336164096448,0.012839373662229998,0.5978857612378456,5.312373213884826,1.0
2,47.91277885839064,0.0556422273085799,12.18603628569054,0.01057713218416741,0.3489704513174169,4.098794079107926,0.0
2,46.24105319560486,0.055401943118409507,12.063958593962875,0.0016349482814880965,0.3028561100431017,3.73369950227882,1.0
2,47.249683165384845,0.05905347780455279,11.311734228754156,-0.005543304913056291,0.2325938674155945,5.204781555192059,1.0
2,46.34006717115758,0.05204550872841565,12.0946339818471,-0.007170493888015299,0.49850808375961436,2.335783872215318,0.0
2,47.062835936806955,0.0529602573455769,11.945965164191653,0.0067576643152899045,0.4719108049651177,3.921815037400568,0.0
2,46.74862540011435,0.054719866864250954,11.305801966747389,0.0007620168700751606,0.11738319890438735,1.6437860349303177,0.0
2,48.31331990371721,0.05401086627459335,11.726843899855394,-0.005896081797986193,0.5013305121927267,2.892642338306234,1.0
2,46.216973305014875,0.059932671978643194,11.6635646563952,-0.00416939449989434,0.4062834580723308,4.462197150681083,1.0
2,46.60825455944655,0.059390069882594494,13.013735515912707,-0.005208974530693878,0.3071792334619585,2.725160808392201,1.0
2,46.8946919388267,0.05534188957526184,11.828469607402043,0.005320003322235021,0.27640572884965264,1.9096063903735356,0.0
2,48.05061229519982,0.05957372686259246,11.828938020577878,0.007462951791810526,0.5759378100580179,3.8507865570635276,1.0
2,48.50406528446241,0.057292625584706366,12.139386032745803,0.0008989225031791226,0.35806373711103767,1.9337895052883298,0.0
2,48.82517420667154,0.055265273389671826,12.203195632459407,-0.004345225737917291,0.22391263136816825,3.090726628245621,0.0
2,48.054077681317466,0.055207485625879245,11.733475650002553,-0.009353628934359764,0.5782317212555501,1.960175784452511,0.0
2,47.66010622867282,0.05764615250081845,12.135767812560813,-0.0003686985735299938,0.4064493242848255,5.499251058195797,1.0
2,47.14480872705731,0.060474580134994155,11.502019942848671,-0.001962949349808476,0.21208614694734645,1.8866023076306822,0.0
2,45.14836128878205,0.0573442775004918,11.876386120408789,0.003106855917556946,0.07637540941838672,3.887573626760415,0.0
2,48.19981675441768,0.05836101909087942,11.626460547254458,0.007792195862198482,0.18186284939620356,2.7325662583799852,1.0
2,48.756789193679026,0.057837179579212875,11.717189355391042,-0.008816700467659096,0.23719978649520296,3.947084794624697,0.0
2,44.76306452708682,0.05758126448979449,12.218786211722403,-0.005565556840452501,0.3101017316234799,3.495005454415195,0.0
2,45.75026272993318,0.05501805468055354,12.766507788865338,0.008605935534360216,0.32858991933191206,4.347878861751096,1.0
2,47.5522444573497,0.05874347206353004,11.840323566874947,-0.0001550020264056018,0.5244161756320795,2.1625353624942933,1.0
2,48.27254002510682,0.05742613773186313,11.86392126969385,-0.0016266985481243165,0.5628816577273514,3.8564583581835405,1.0
2,45.786690697340724,0.060797157799720516,11.394238428277767,0.0035037011044939293,0.2667309232308321,3.662295662903324,0.0
2,47.51483961880689,0.059767272492408666,11.71954913676069,0.005527160335636011,0.3891507871573016,1.7512038677437374,0.0
2,48.056332594128364,0.0580950453626354,12.30256446727547,-0.0004063505662850731,0.4604238563171212,3.497978917224273,1.0
2,47.795113934498964,0.05972021577697405,12.34695293100983,0.0010140033307441444,0.14612152314384816,4.169784909392211,1.0
2,48.02941793551326,0.05771765261843177,11.617686032878284,0.006154589291779177,0.6025670317220562,3.387071651686069,1.0
2,47.75046988482303,0.06120703097006332,11.56650062891332,-0.004692387351504624,0.3491552501026296,4.627515382711854,0.0
2,49.65995063118717,0.05859091978086222,12.296420734105663,0.005095794362167675,0.4709961942730846,3.851111736237683,1.0
2,48.48161448208851,0.06169355830573672,11.570115535865929,-1.1486489991366991e-05,0.18677023493212844,3.2113665541752825,0.0
2,48.85071643074345,0.06062231148024687,12.316571930036805,0.000819410844705439,0.25712108015083734,5.5121895743080955,1.0
2,48.58983326423699,0.061258788632959305,11.805228628100055,-0.0014236261049674357,0.23780824584522592,1.9132903731676933,1.0
2,48.11439938717952,0.05979731967812216,12.177519757315265,-0.001702951574962077,0.34709606861314635,1.8183806993391713,0.0
2,47.36593131511328,0.05815874001579031,12.820585627242254,0.002798103546595624,0.206969232644955,3.3265061426784195,1.0
2,48.566955873253285,0.06204554738370621,12.112850820541532,0.007004265780263561,0.47355495504859146,3.0352636974007337,1.0
2,47.56792327453405,0.0633714751806433,12.929510711281415,-0.004348388740569749,0.31509719009622195,4.592213310736338,0.0
2,47.199002479167305,0.06273450321698171,11.778610402334577,0.0003521000997484528,0.3735453586534434,3.22311859222359,0.0
2,49.98434340311415,0.06761946620806299,12.050805554938057,-0.0019401455530532353,0.4050147938445869,3.6695823705136363,1.0
2,47.4063667819364,0.06487370904448807,12.178144982303587,-0.0007007302643107209,0.3458652941799929,4.7234749292365175,0.0
2,47.454534713494155,0.06128293110654699,12.883846960895118,-0.0011291040905680467,0.40604212690723024,4.523625761479296,0.0
2,47.31984409891433,0.059944841716828706,12.32434467058818,-0.0008480768133643624,0.23534693384268257,3.9168311066668107,1.0
2,48.81635421384836,0.06456657052240708,12.757239217649607,-0.0070802886226734975,0.25201806116087055,4.1293026848204315,0.0
2,49.357176722756336,0.0613975664764619,11.99211564689275,0.004831706148343056,0.5485060912773845,2.3427616134204943,0.0
2,49.489649297719346,0.06242509743263327,12.280972088797766,-0.002712897526889216,0.6634573819492151,2.772381372830333,0.0
2,50.12104426187325,0.06369906021129594,11.6988913280653,-0.0030124761301803865,0.48998858141502927,3.4406270407660893,1.0
2,49.2756292598728,0.06365253863021858,11.272294854717613,-0.0013212555534435836,0.40073792370567374,3.914695576206759,1.0
2,49.84325683683455,0.06463672802293433,12.333626511458299,-0.00025110352856843183,0.43158674842024003,2.6728225051527192,1.0
2,49.0444940169688,0.06177463701108721,12.578667735312344,-0.0021302913109848684,0.5586826766778993,5.337700026005038,0.0
2,48.30662418309154,0.06493955939294033,12.123583506153432,0.0016255234304490462,0.4967887043792472,5.459008660655976,0.0
2,46.59050791646389,0.06411942779536275,12.622752148501396,-0.0064991451335171795,0.08151238338300774,1.47600762163844,1.0
2,48.9625361085607,0.06703038108406686,11.293348376066096,0.0015481568378708916,0.47661666979130557,3.4654750638085123,0.0
2,50.33061791935456,0.0662160844766588,12.02551927458121,-0.0009132465387096055,0.39003771662623693,5.3437713248987615,1.0
2,48.9416519976267,0.0620496823688876,11.859740333536982,-0.0022546937597825284,0.29624779379532573,2.863580299279028,0.0
2,50.49411220775768,0.0664808094782499,11.142982238512014,-0.0028789047681511974,0.5470968732698321,3.2075446206447085,0.0
2,50.011921826441515,0.059771708419922256,12.295536482295748,-0.0051034205102023405,0.6245886076517886,2.690583354453441,1.0
2,48.64832750409403,0.06731433723410926,11.811567659308068,-0.0035752347152414455,0.3852700191926358,2.1456134268876084,1.0
2,46.98757698065593,0.0631974183478493,11.828876728601506,0.0003293228370071129,0.3124842258792251,4.143921873749667,0.0
2,48.67416869967267,0.06615036459173688,12.137478486819974,0.007642019097884058,0.49006815064711473,2.0169937573619117,1.0
2,49.579982353499595,0.0646915004420876,12.01156879797923,0.006792261801964948,0.6785717442590269,4.660807635120788,1.0
2,48.76587212493403,0.0667616782950855,11.468913031153393,0.0019280511495480403,0.408673247038736,2.784437704001011,0.0
2,48.74667225855305,0.06583190450243476,12.302425364223327,-0.0001720639381145897,0.3878809815827713,2.745887739205065,1.0
2,48.9655938597737,0.06785971928347106,12.136462448777714,0.00024766513280620825,0.6146823828176828,5.359548797270724,1.0
2,48.0437415980193,0.06925822417309134,12.824469683286242,0.002867964221301737,0.6290188094315547,2.8724717593801317,1.0
2,47.55312868238147,0.06757083828146382,11.803597267037437,-0.0021151445207656847,0.2348495266569621,3.7901903045799363,1.0
2,48.55317420499965,0.06541208368991261,12.069702961683511,0.0035251718844711184,0.467613145167496,5.0801249630352245,0.0
2,48.12306671383073,0.06483900226690346,11.757590649160843,0.00031982132406557,0.42246216709433143,3.660817818019313,1.0
2,49.75805304263238,0.06473717045928502,11.876426057191026,-0.002872550769783561,0.5593966546735646,5.279916828848568,0.0
2,47.62366517782327,0.06347157680230195,12.19110649532126,0.005367802293559157,0.6132710844232114,2.633276080993025,0.0
2,47.99129547946509,0.06521963944138212,12.32629078752989,-0.003718944999524875,0.29316579006308197,4.957047900707339,1.0
2,49.79887089794569,0.06797934652705494,11.423761225539527,-0.00693366164787833,0.6974233167285606,2.307212589938293,0.0
2,49.45159692299046,0.06830663574298065,11.603095150922487,-0.0025365366840620946,0.2316820534020394,5.865397138117643,1.0
2,47.49034850576433,0.06884804704056566,12.125967102601836,-0.0012896743476614758,0.2508415964180136,4.090840745212971,0.0
2,51.108585183891364,0.06728464998433441,12.536614353662914,-0.003638440744359643,0.5432907046965796,4.777237279756617,0.0
2,49.79380213091552,0.0691797937724967,11.679891223173946,-0.0036583382544108007,0.42055614497533095,3.719709624596896,1.0
2,50.212997022512226,0.06252144450645643,12.110511669741117,-0.0005524950528126172,0.49395028495683635,5.911968121395624,1.0
2,49.303103300397616,0.06929202327659159,12.84381434748031,-0.005066996566325623,0.5254677571437593,4.256302595252819,0.0
2,49.29001053301563,0.06825310063447916,11.769089066689137,-0.0006926888608888938,0.6621695842881408,2.6584060461008754,1.0
2,49.38881469286693,0.07215249921356329,12.068884013709454,0.003943111380010002,0.5371575222596777,1.9059953496840871,1.0
2,49.133864867928374,0.06894057951468624,11.559634220395107,-0.0018349392588429122,0.43624220448987394,1.9814952485511261,1.0
2,50.57470048806476,0.06491386720165793,12.63259825542251,-0.0015604500826346423,0.5834637690860538,5.355609315320754,0.0
2,49.66001619877427,0.06658979360378943,11.783192080162728,0.005209437265881561,0.49508666069427504,5.685718956485941,1.0
2,50.33529443339626,0.06627993751812716,12.448436004610338,0.0010769829590778714,0.4329378934684155,3.770342806265087,0.0
2,50.00367905778249,0.0680651435166034,12.230446215557821,0.004189671945953645,0.6131486752033097,5.161683706046267,0.0
2,50.022954276000256,0.0679902579150953,11.945928271583679,0.0015032421719204808,0.47833214708919564,4.08624549713211,0.0
2,50.048042723585795,0.07204596204726577,12.110363491445744,0.0016350176143567824,0.5100831165281532,2.701328038122882,0.0
2,50.31385014402794,0.06620144224022463,12.028922848831586,0.004099444662860326,0.33254816362207895,4.793769339567206,1.0
2,49.06799299031142,0.07080375126772803,12.064640543375477,-0.005959680499536117,0.30239017254429906,4.377763746679647,1.0
2,50.03329298371195,0.0636691639439102,11.548804916720261,0.005053739478360409,0.6030976768823112,4.827753927506745,1.0
2,49.71904048426272,0.06617495869003336,12.199474079128741,0.0007175453959196878,0.3933456753627562,4.8409003114942495,1.0
2,50.68393655984841,0.07369543781694067,12.435606373385989,-0.003978057928571144,0.3431565551230856,4.180956573696232,1.0
2,48.68723273250724,0.06602611638822738,11.827766519430563,0.00584388277968415,0.2594700657579379,4.260844423442303,1.0
3,39.99700829531974,0.021042421546437963,11.89719824190677,-0.004479412584293133,0.01771608688004772,1.5914305449345982,0.0
3,40.44516362241893,0.017970378000680597,12.08565637125244,0.0005736505166501602,0.32387327191660903,4.489892266354869,0.0
3,39.987839196863405,0.019927339013978803,11.828136915021501,-0.00292782313885601,0.18149911905425314,3.8669809419999135,0.0
3,40.031958265795105,0.021837351724821374,12.125997358547464,0.01089851434846153,0.41171848306176373,1.1642304353190887,0.0
3,39.96294761730251,0.021200208450264553,12.027553393597543,0.008113261350647124,0.14698411560414615,2.8863028779265445,0.0
3,41.09630141726174,0.021453649507171914,11.883269233647217,-0.004047555363165934,0.13360004410925924,3.4579778175070808,0.0
3,40.47567376363884,0.021835248066270303,12.05681947381012,0.001995436615995481,0.4560942702234457,1.3944729843252754,0.0
3,37.890759832783836,0.02301715167933519,12.014654929941708,-0.0008997395398285332,0.3208388091348248,3.860989444442458,0.0
3,40.30265930926835,0.021925927370558547,12.013420265062843,0.004906804180881979,0.2887492610327483,3.0466481209795138,0.0
3,42.41745787707022,0.021985877523503557,12.013479222900374,0.004423427357665161,0.06467564418824573,2.3012364696567325,0.0
3,40.485819558792194,0.021007670090593844,11.893246539714237,-0.005635836165111655,0.13633785994994357,4.576963797877028,0.0
3,40.67973583471161,0.020055032078248894,12.034746285692751,0.0003105066169318099,0.4928135450342368,2.842676373314516,0.0
3,40.875083372271405,0.017809165926569663,11.80068880618835,-0.0017782597677406123,0.33584599401525644,2.1362137513835915,0.0
3,40.31998113649687,0.019103159969746052,12.013559089707266,-0.0043447178446373745,0.04887259355604434,4.675479699073775,0.0
3,40.15798534031295,0.019789091902633973,11.964034989047859,-0.0017342975429961599,0.19518633258211399,2.6354016856992746,0.0
3,38.73752114375383,0.021751340731449686,12.009512301132109,-0.0036907277443950404,0.39624963388706314,1.2066067722504128,0.0
3,39.41916113334571,0.01865896552380645,12.117304805808361,0.00087067342670843,0.0911585756437826,4.026671994452311,0.0
3,39.47551365234518,0.017453322401691118,12.074756489757172,0.0027474806730782074,0.4172212495569663,4.586159264783098,0.0
3,41.658840971916895,0.020899059783431338,12.167516335815792,-2.1755351971441383e-05,0.2754406160332808,4.8935008617158235,0.0
3,39.388569348512675,0.024470357890850978,11.949466523306242,0.003675580597229652,0.41213244123621146,2.3548548775779796,0.0
3,41.63542321161263,0.02315516655015749,12.013212309987633,-0.002484668077512767,0.39556611430325395,2.678068991721544,0.0
3,40.38375776205378,0.02285935670426713,11.940777658805509,-0.001729463910207643,0.30387392300044336,1.7608063618964565,0.0
3,39.79702951094442,0.017845690188443612,12.047796400532409,-0.0038433023965558856,0.20093986453872847,4.405181896870596,0.0
3,41.171020867584474,0.01901291233789148,12.128403769489932,-0.004780582995144543,0.3443046090482663,4.065056793912351,0.0
3,39.8331882887604,0.021854094141330705,11.989620041004006,-0.0008424881790239522,0.1267661276684901,3.758213692849272,0.0
3,40.35301966502057,0.021565233247432116,12.066204117902137,0.0011563731873973342,0.18322446773533013,2.7503625061529684,0.0
3,38.83308111848901,0.021799593967766935,12.08469069792712,-0.0030939020055995516,0.2632484867503344,4.164217032715612,0.0
3,39.70562351653788,0.020477830245268187,11.953990775401788,0.0008795282888339989,0.0028423266740627007,3.364562237390636,0.0
3,37.98173162090548,0.0199350867210208,12.053382942370202,0.008870068856360809,0.09166504244474777,2.1241565437847254,0.0
3,41.246339441917,0.023346080351196386,11.967840698919227,0.003140926014887785,0.34816161106770876,2.9387386825520374,0.0
3,40.760363616356,0.022164993406509893,11.952087709390167,0.003545166670101181,0.04670530585974586,4.463997123242391,0.0
3,40.20758785499151,0.01852006953038219,11.733937874744166,0.005543591835491233,0.0934199402400619,1.5245816466836235,0.0
3,40.372635615872134,0.019394407768290853,11.985909889884578,-0.005352505493316751,0.2402541691751564,1.9692703906044593,0.0
3,39.68812777108967,0.019646417274006473,12.030004152752111,0.0008572125222842828,0.35628274927526316,1.6880050907578465,0.0
3,39.78497139045372,0.023055198981758538,11.614551731274684,0.001980860817028231,0.44430995370536525,3.601981487931005,0.0
3,39.85300513569216,0.015229183309290167,11.982413373387056,0.003991331114501719,0.185811984546924,2.169873401072261,0.0
3,39.64144588141162,0.02120216454462761,12.16071914217097,0.002786123613757062,0.3062014010403625,1.2996730515689072,0.0
3,38.12482401293993,0.01718852353763356,11.965703648924798,0.0017773758657509578,0.1206549682036493,4.12682738529481,0.0
3,41.545793953158025,0.02028282837075692,12.086069670375934,-0.00013185744138066434,0.07390049408923732,3.7240852260370714,0.0
3,40.63953444845559,0.02191932415228587,11.962701592480451,-0.0024408984518882707,0.2584676967602924,1.842158400624787,0.0
3,41.555662564206145,0.018621892307805716,12.001593767150009,-0.002191032091803072,0.31956662433146393,1.648562581718108,0.0
3,40.15892585245636,0.02096586774904814,12.072796191694605,0.000816808298603637,0.32212107498401643,4.158888258155388,0.0
3,41.294081332898756,0.019306103639790396,12.03959535209811,-0.005296118017533907,0.4978361836428995,4.921616563472587,0.0
3,38.95150808995799,0.022251994752119336,12.019026669205369,0.0024059200917102104,0.17214667503951442,4.661008494911741,0.0
3,39.76244717955778,0.019274868432345042,12.095214234223224,0.0004282698889589855,0.3496846785511315,1.60470020691139,0.0
3,38.608321843413236,0.024593918443294758,11.875684620484199,-0.003075682063843655,0.09188450942852566,4.127152151172882,0.0
3,41.567364469257434,0.02025873982131193,12.121509588307067,-0.0019980176949183797,0.11045387694749892,3.20587322548985,0.0
3,40.43617735724134,0.019429369517194536,11.982816954020258,0.0015910345979038027,0.2346099930702208,3.103550151388732,0.0
3,41.641963031984204,0.018160009741913348,11.883669849332136,0.002109144057819717,0.20969193032068428,2.9216351299693386,0.0
3,40.30864132476006,0.017654634101959204,12.047319641549429,0.006147851930280135,0.22924782816730382,4.489775153891269,0.0
3,40.03906947022149,0.020797029626833115,12.013173982278463,-0.003991574343677708,0.2521877412765643,4.224854486215989,0.0
3,39.48051805803914,0.017281791270146975,11.812363944716493,-0.006924525525938893,0.3239749325772841,4.106657435198818,0.0
3,39.00384518710494,0.023111772750467864,11.81204268829468,-0.0005210956420887321,0.44174088219852614,1.929593882592099,0.0
3,38.85967451362159,0.023112322620022708,11.967447402055583,0.00275714575326907,0.22083328050961298,1.1029154456211425,0.0
3,40.84222586063698,0.020358771659461452,12.000600504446062,-0.00538913108266491,0.09817613139028036,4.369687986210794,0.0
3,38.718051211607964,0.018591420087990994,12.034629829026972,0.002480322062406013,0.25256846265522254,3.6205749815783768,0.0
3,39.33488126056466,0.02091612613196084,12.130403349559327,0.009936246461827409,0.21049293623984278,4.819475184753346,0.0
3,40.260349420450716,0.022887668012350315,11.88169019565899,-0.0035786956364338243,0.3494453113515137,1.8422958244869516,0.0
3,41.236745631504554,0.020422763655434106,11.941344184894186,-0.009145631491823902,0.31518188976759176,4.373334870482841,0.0
3,40.95069576900668,0.022293932240206208,12.027543963304474,0.0016238416603243473,0.2957599058763305,4.578467856773113,0.0
3,40.339143172355804,0.019564013185135187,12.03020268092263,0.007721075128273324,0.47002678806179393,3.3206850231058693,0.0
3,39.92777383780172,0.018173356276701517,11.924065503008661,-0.0044346271395276984,0.04845914328152212,2.7796693776489523,0.0
3,41.21451565093427,0.018160996744025115,12.134111201444798,-0.004035364765354434,0.042288916589029446,4.171525047400859,0.0
3,40.18923838265864,0.020141121988176424,11.92130117516962,0.0034689353988496736,0.45546747164404494,3.183997588495955,0.0
3,40.14721844527786,0.021587391830743027,11.97091156907891,0.00920953570341677,0.12569032613514397,1.0784960275417523,0.0
3,38.97296104702382,0.016639979331529352,12.073840157058518,-0.0014545054481498935,0.27340302271819533,3.784206698513425,0.0
3,41.837042334816225,0.018604878921685688,11.99534640075635,-0.002794109262993211,0.015519236574681683,4.199692782087661,0.0
3,39.73872421724861,0.01695481468906869,11.86611316796629,-0.00010727915840988538,0.3554973887693971,1.9932891762993754,0.0
3,39.79311048578567,0.020846836463426312,11.95795374475482,0.003906918553925405,0.18526326131596604,4.924524370791868,0.0
3,39.62858064098321,0.019366787329802057,12.038416369503723,-0.0076860402453295595,0.17130200548902808,4.216829779941352,0.0
3,40.016080219682145,0.01954594231999853,11.973320760002808,-0.0048810830755867535,0.07662102371503848,1.3692800419641777,0.0
3,39.49599275259254,0.01934628002605296,12.003200243360759,-0.00823409946348981,0.4845552921644677,2.5708278318399356,0.0
3,39.019133356001326,0.019956986227827187,11.886527728632997,-0.0005470959067126975,0.13737020215729323,2.569330703039671,0.0
3,39.117683912028724,0.018728582937862746,12.104193733192034,0.003346808426818651,0.31853692562329483,4.861960667622904,0.0
3,39.74212893267828,0.02054953082991749,11.851676396134875,0.0032916057039148855,0.13367731430013796,2.441498272496727,0.0
3,39.02491236311087,0.018087335954649182,12.063010759519953,-0.0038336574636423314,0.15277580599859986,2.134515577446181,0.0
3,40.96664599174424,0.01892223325260115,12.005856246340661,0.004652272136101201,0.37932794093265065,2.212713570106574,0.0
3,39.56545130928199,0.023181804835938638,12.017736485394096,0.0012928873128779657,0.2774437206179218,2.181813649517911,0.0
3,39.62910408166837,0.021584703182418286,12.03895604077293,-0.0006752836066653488,0.08421734419801652,4.5078002289682,0.0
3,41.481848273865,0.022242867743583646,11.922363545434024,-0.0015377437138312468,0.11003305169011907,2.818664835751711,0.0
3,38.108188130775275,0.021356552928385675,12.090844868662531,-0.012392311225231973,0.1926657232372319,2.339047902792979,0.0
3,40.01737601103653,0.022248596600878592,11.734080285358147,0.010493529762494439,0.01783690058875692,2.9521024806129454,0.0
3,40.1758903728854,0.018542873484596652,12.07716271039732,0.004757246069449901,0.05583787048667632,1.1310252290724159,0.0
3,40.49019966644512,0.02052658190088908,11.923840173437494,-0.004009209173831492,0.29300649975034215,1.236382409068828,0.0
3,42.031410300932016,0.022295842184346864,11.909264760876932,-0.0010533438084434936,0.37704745417856317,3.833863964252176,0.0
3,38.621936862709866,0.019507218960980236,11.871102565352663,0.000575103469877618,0.44219632463365405,1.0390448469850622,0.0
3,39.11305938806862,0.015487073347461112,11.98224565612571,-0.001841780682105027,0.12018965083236832,3.704444330153734,0.0
3,40.775494290142966,0.01590244559524116,12.110241708245834,-0.0023983981918697683,0.27363246091970866,3.101897941555416,0.0
3,40.20820206275652,0.017173884474882214,12.130898931698573,-0.0003409286080677354,0.33295622322992285,2.2629232305590063,0.0
3,41.42941405298599,0.020080955817482194,12.00110956571622,0.000912768285974292,0.0934410201981361,2.5932295941823287,0.0
3,39.79305258632067,0.02118608707401675,11.992270305420794,0.0037156826186122253,0.1462401159945772,3.4618451851162653,0.0
3,40.403219420350055,0.019126179854786502,11.867426469667679,0.002292569910585187,0.09177910426806074,4.970460301216624,0.0
3,40.60533927386168,0.019561457630351012,12.012587507528131,-0.0004514604690753225,0.06619811205684539,4.856334684475648,0.0
3,40.96012984752135,0.019866248159437046,12.124740679851513,0.007512743907662599,0.16390958716189896,3.4710656997437463,0.0
3,39.10965036651633,0.02032796778496391,11.984362756742003,-0.0017490193594029049,0.07038202339162081,3.209975599470459,0.0
3,40.46463058509911,0.01951248514329223,11.876063266787847,0.0012210517624018464,0.16365336924358626,3.472222337566155,0.0
3,39.90276945626401,0.021846226708400317,11.902222325797801,-0.005912697773326414,0.31468684728130947,4.807353229685267,0.0
3,39.89138819869769,0.017598014505001036,12.05877454855621,-0.003233281995267074,0.40571567661563457,1.7828916490486395,0.0
3,40.11999951559873,0.021472377230527508,11.968909675573443,-0.0032687983146995744,0.49005532364359483,1.2686247059907854,0.0
3,40.104563211506985,0.023400138766150796,12.113992740520427,-0.0106322119796574,0.4896852898310441,4.686248429269144,0.0
3,39.64395989258267,0.020058227474583485,11.954261368735136,0.01072145629886964,0.3684199193258368,1.1123051461294482,0.0
3,38.57683782185134,0.021485071995695555,12.056991962659103,-0.0011447149925220366,0.14361569799199575,3.819478379347122,0.0
3,40.35827242516714,0.020461117823938328,11.891800491874283,-0.002021690559117348,0.4586794335681418,3.1746839643658564,0.0
3,39.88116965849177,0.019895355257795178,11.808666061202167,-0.004567099650672057,0.26543807143354353,1.1926135735547825,0.0
3,40.702170425656654,0.018861813602758692,12.05177782304555,0.004163548685819067,0.06708919440033412,1.4222394630104933,0.0
3,39.93368102539135,0.019414898231746486,12.097410198731913,0.0022432806815525126,0.38971768226076914,2.393936891308933,0.0
3,40.36684659812668,0.02254052063296058,12.0608808773284,-0.0010823928650849721,0.30208014173003556,1.413314623113111,0.0
3,40.41247093532446,0.0248424786495451,12.06861166186517,-0.007808002250360531,0.36554330528657536,4.560927214708935,0.0
3,41.51060585205324,0.022813770108945083,12.066025456591419,-0.0019445418909123573,0.3587035230748013,1.320882434301084,0.0
3,39.776636195311035,0.021332354070135978,11.985954295649634,-0.006873941324804563,0.28449413517537075,4.786779309282371,0.0
3,40.240357493391606,0.020056058779912282,12.032811196780603,0.009003406311977987,0.16306111011927155,1.5430956110112741,0.0
3,39.93177381507735,0.020325170864736057,12.052795998938912,-0.007479358596549888,0.3691377262843715,2.349833504976493,0.0
3,39.90516655846249,0.01721762261923339,12.16041639240595,0.0032705482068035793,0.34740930662389413,1.4567956052550688,0.0
3,40.35354375649857,0.019702589493103256,12.079674183063219,0.00046134575476900684,0.3619951242855043,2.814647130343139,0.0
3,39.69720731527956,0.015291819715981736,12.04818461157068,-0.0023672998321091353,0.48786080991707154,3.9413526503058867,0.0
3,40.680292568616686,0.021167009273739473,11.9727986563309,0.002676199099244474,0.4805496672432686,1.061680334812495,0.0
3,40.28159122179832,0.018266784001250754,11.929668569706823,-0.002243957544467812,0.3055753003720677,2.486796125877633,0.0
3,40.79393022370646,0.020319164270803058,12.006221650583388,-0.0023276977737547674,0.0008758860798568913,3.015935754750738,0.0
3,39.97067691163137,0.01966979506364643,12.049118299029953,-0.002119761813775193,0.13851674655858554,4.148473219097553,0.0
3,41.736039419150416,0.021490411390566688,11.882235194719144,-0.001809742448242902,0.24146477905584118,2.410872189236371,0.0
3,40.203741091689004,0.018163623691474628,11.990625356244298,-4.288190339896486e-05,0.4921308624165213,1.8932250862588642,0.0
3,39.24029313043428,0.01940179895014191,11.862676341268195,-0.004731484148172838,0.4775745542035198,1.34152859751627,0.0
3,40.74808226559528,0.0197367862512172,12.058441062216854,0.0008740268704911683,0.42178674506002256,1.6800340444962067,0.0
3,40.40048533015743,0.017972863902473116,12.022994165873712,0.006484053559136083,0.40687971060957867,2.792979143832082,0.0
3,40.658063274407695,0.018617341579412767,12.112818148105958,0.003727057139636078,0.01327262393347689,4.7436205701110365,0.0
3,39.15374065569179,0.014478863431998255,12.052034199211226,0.0028549007529505917,0.4037109036155855,4.098700115632985,0.0
3,42.090444742841534,0.020542265696895056,12.184953276492536,0.00034385930941743993,0.23179383803762865,1.090538297548822,0.0
3,39.125010349391445,0.02382315650836159,11.91024964460176,-0.0020084716805351716,0.3797981652170941,3.555003996965466,0.0
3,40.403335513421474,0.017257444922834767,11.960342654494593,0.005752754626361748,0.14535510773136184,3.6078116803910305,0.0
3,40.12523282416781,0.017823435987030827,12.056513428692138,0.00779822018465547,0.40206396193439176,2.8935205281182035,0.0
3,40.99699401012136,0.021103078106485075,12.15658161126191,0.007143750504985727,0.19895718921939493,4.51978570151533,0.0
3,40.82576777754511,0.022379437232214378,11.810659773274105,0.0044773767209847475,0.4595261621374285,1.44088228165044,0.0
3,39.83491698452956,0.018663286460884845,11.936981143359745,-0.0022018523729514716,0.28806587542745693,1.8342439954647567,0.0
3,40.12516692862516,0.019157678910771934,12.140730391193543,-0.0006348802524986946,0.4505256855290992,4.967172208066611,0.0
3,39.58843315916308,0.02311676200771245,12.013320840039391,0.0009908759063217442,0.0712276401898575,4.463868873592281,0.0
3,38.91973303391761,0.018952889708372177,11.721882914387372,0.005184476956868917,0.3265356528682959,4.23825859494657,0.0
3,38.55755528976797,0.016719282744137927,12.043903416209611,-0.005203273750861797,0.46710707782156224,1.9862001822976922,0.0
3,40.58486372432318,0.021651417339141533,11.91176969935779,0.0021241534747320676,0.003924379242028153,1.2151473247763147,0.0
3,38.762156376627935,0.023030534475340002,12.067088079443275,0.0004594887534002784,0.45627739389389277,1.6315426645425881,0.0
3,41.80614522143571,0.021814247896495116,11.91838049453633,-0.003636124427795045,0.002297695393630561,2.9426520681740156,0.0
3,40.21755075483668,0.016182602643542834,12.043624624910585,-0.007428994638989958,0.2220193064577356,1.364385850780752,0.0
3,40.87493338460042,0.021510306728137595,11.933370168317724,-0.004104186473388102,0.49960553867585705,1.0883808300137368,0.0
3,38.51695156681777,0.02132536465826927,12.14099403445122,0.006299609821046185,0.048291475900752556,4.053042211055953,0.0
3,39.63823608018963,0.018508292332588654,12.153528770638712,0.0002237332988561656,0.4296282106363031,3.1348980439832332,0.0
3,40.18164059012047,0.01993725157411022,11.887499759512702,-0.004886753300731539,0.35989812711108243,4.961435679533056,0.0
3,36.314012187593285,0.019498436188824863,12.128991376769891,0.00474780528152595,0.4138649649663256,3.272097745739096,0.0
3,38.40441506594309,0.021853568772074543,11.990950600556566,0.0034322213544153842,0.24024986989146885,1.9811242105343405,0.0
3,40.29381676321554,0.02169683706324351,12.135396532687501,-0.0015535778472412995,0.019907113629795803,3.3241223276704153,0.0
3,40.863544318634816,0.01611163287190925,11.961720458279242,-0.0027888123363437756,0.30646403499741875,4.170530976405308,0.0
3,40.53794156411075,0.019988919928064328,12.096705650990046,0.0012881337735483201,0.12093366588193655,1.914963716287096,0.0
3,40.50895138408072,0.021508368694788182,12.241655745414631,0.0018322699658676767,0.10112860252469297,4.370375826525731,0.0
3,40.99508064796994,0.02014231762998003,12.104838844069612,0.006378814419899332,0.412338849337139,3.974694459090862,0.0
3,39.85279869837687,0.018792402753693763,12.085421811605881,-0.008182216459816902,0.14946665943952714,1.099928376824241,0.0
3,42.20976799718856,0.016574956598785443,12.102730659266529,0.005830881843744207,0.3838951411534447,3.887799884394246,0.0
3,38.54411352843154,0.0177924381717984,12.000724566635942,0.0016855825641763,0.030018149170768837,3.827839829871626,0.0
3,40.43201695965914,0.018695205793617484,11.927922627761323,0.0018788557918640373,0.28695883440913567,4.685136509650006,0.0
3,38.99683176186064,0.025781238320934343,12.106502228341814,-0.0019942227163456247,0.11116988934582006,4.960875865262134,0.0
3,40.58549944633628,0.02199417182454294,11.99226412469029,-0.002164807660166338,0.130529865226298,1.6782061451752788,0.0
3,40.77833808667316,0.019593657224807933,12.075280820614854,-0.0026593581305998926,0.26960749758726543,4.291846621189636,0.0
3,40.150961034891736,0.024868581252751067,11.817643886487234,0.008115592952688466,0.1391911333138327,1.3196339881320966,0.0
3,40.04783849425134,0.019387270285614627,12.083339184482842,0.0004657820407695688,0.4182592400498642,4.311699087614247,0.0
3,38.16647434486758,0.021160480062801655,12.037405302173648,-0.0053716519356035745,0.4148954122673779,1.8428457754469059,0.0
3,40.89545834062012,0.018170442794392772,11.990238892777326,-0.00283564699069358,0.36218694632321374,2.9319361469804845,0.0
3,41.43567728266607,0.02200735970323822,11.98511181236974,-0.0067340304891882665,0.01324209471910387,4.4127821622024275,0.0
3,38.295006143859496,0.022191682962395643,12.099876545370574,0.004116766339530956,0.2956971753984541,3.1895647087384322,0.0
3,43.1409630598132,0.02087398159745891,11.996020203443342,0.005100340489438154,0.4573243076899632,2.51639095986375,0.0
3,40.28853165365993,0.02014510523710553,11.970016935830262,-0.004268859520945223,0.242997310333865,3.109191268542417,0.0
3,39.39847951297935,0.02129413523855779,12.05177209541686,-0.003982020349952063,0.3974395209644306,2.4729474205759083,0.0
3,39.305900708181966,0.01772857418199654,12.08078443030548,0.008425109592769858,0.34915714961298194,1.7953896184759803,0.0
3,39.71129879968317,0.02016473283355376,12.145311308558938,-0.003155410040276557,0.2345887207257059,4.026371010871857,0.0
3,41.328926925512256,0.02253661461675706,11.975017256021824,-0.0024296409441290933,0.013727618793944296,4.871536711223864,0.0
3,36.66107629617415,0.018557547930199772,12.050511029832435,-0.0021215505337948575,0.16334801681437922,3.2545047793098267,0.0
3,39.71299061899662,0.016118989598806553,11.906724364047758,0.0059768717470560975,0.43473682437359795,1.5659746653447884,0.0
3,41.5315399590836,0.021093076002855426,11.945284050212399,-0.0003988523001804816,0.4484221398009499,3.6989234264610604,0.0
3,40.768046622216225,0.022927946907455546,11.969739651418895,0.0013056332779158258,0.44415466286884814,3.2290418614992458,0.0
3,40.46198034851418,0.022202126510605835,12.19482871572447,-0.003755766417258617,0.49495563300563705,3.99130969929997,0.0
3,39.10116654262647,0.020121342560853107,12.196881126390986,0.004932492087026393,0.318807497441734,4.480311503256093,0.0
3,39.353852651837045,0.01883826750470244,12.06923253895503,0.0017482139908375643,0.33204757697627124,3.3318709578413666,0.0
3,39.015759736403595,0.02199449535359218,11.938598053313449,-0.006248586211283773,0.3614428581029723,3.0911392020157282,0.0
3,38.819020680542614,0.02383114800661022,11.920296453596855,-6.879438724476191e-05,0.23565588425689532,2.3960666775271755,0.0
3,40.865194276731955,0.022391898788837523,12.035235406456064,0.006052750500666136,0.09594343167481817,3.377442100864794,0.0
3,40.04366878545809,0.01919702443943818,12.01156904585254,0.002691219858110847,0.3286531197713648,3.051558285629556,0.0
3,38.82642898623286,0.019029298096403878,11.94888280432988,-0.0017845453834833998,0.46667898427448457,4.124868732530845,0.0
3,39.993175831774785,0.02033613059751444,11.924777842599847,-0.0032490191030169957,0.24062713286069431,1.7257632921019517,0.0
3,40.127976447561146,0.021557128083767283,12.15092581109098,-0.006007141401105466,0.3587534237794759,4.131681786208272,0.0
3,39.999416760940285,0.019298966646900294,12.005118904998861,0.00434444814225191,0.47378133719768695,2.022887122794601,0.0
3,39.05031792988872,0.02043829702541169,11.955286643427272,-0.010577789640448192,0.4629578714147006,1.7112519342470578,0.0
3,40.71386531432626,0.018062162402016475,12.013591158843811,0.0016548884583665706,0.36455463000452343,1.666168796321248,0.0
3,40.77698030913328,0.013362474426262684,11.867430228071772,0.005954377670881887,0.15866834296728288,2.5382771449681263,0.0
3,40.8257736276742,0.020637755091299337,12.111338959928695,-0.0014706302563763623,0.30552090488656974,3.5234964414205128,0.0
3,40.01571714291935,0.016824973321410815,11.96960376678385,-0.006483424942567066,0.2948382992880646,1.1973770663573884,0.0
3,41.902744281181356,0.016978030308925054,12.1059347182109,0.004888906869060401,0.3376505380714828,4.4394126511403265,0.0
3,40.8783788325238,0.020668458663369936,11.848520142339135,5.748935811054432e-05,0.1628823976066326,3.7522454210153264,0.0
3,39.949790663593866,0.0228158654849999,11.714514435149736,0.002647534720073395,0.2841432210334119,3.960122200419565,0.0
3,39.54669163150016,0.018260993294269497,11.94953602093437,0.00017871456131352513,0.21676380057872086,3.138566345507062,0.0
3,39.7466645305664,0.020699092124026614,11.987577241311236,-0.0025143529585766144,0.319999960583793,3.604022907252026,0.0
3,40.43142456233263,0.019416308259738852,12.053658185059996,-0.008351262416670684,0.014249283548838532,1.8752458432742336,0.0
3,39.41209522033633,0.01885369441775278,11.990290176077922,-8.220986231066168e-05,0.10971665577271555,2.6643743534843813,0.0
3,39.105156867701695,0.020900017992969987,12.169046075560685,-0.006066914427368579,0.16261853458132075,4.328504066092638,0.0
3,41.59389185023992,0.019747327197527764,12.08592983510632,0.0030225996103643016,0.3469797596275126,4.938428207263372,0.0
3,40.54450975449298,0.01806132892737126,12.00663802415542,-0.0006236140927559328,0.4884650204259942,4.454358429368787,0.0
3,37.68338460612521,0.017313386214733197,12.10516727069394,0.012695294302522421,0.40544171063185264,3.610021559528615,0.0
3,39.65926073985715,0.020024109224169567,11.78080704239075,-0.0004978375340323737,0.37162503074276515,3.085360860693754,0.0
3,40.78744272473138,0.020718434644277115,12.095087126683604,0.005539278709942069,0.44583879647051167,4.648240404548519,0.0
3,40.29718570611541,0.01947554255927691,11.973628890424875,0.0058443858994344,0.028450736797684006,1.9248866535715141,0.0
3,40.504331194094576,0.01880032755408662,11.87271742549118,0.006570027077859739,0.10883005037728266,3.6585123442298624,0.0
3,40.22569891859605,0.019559996755650316,11.919969386530532,-0.006706744818115217,0.41492485271570684,4.289179136837175,0.0
3,40.85535958521737,0.02043806396746264,12.057693314778456,0.003656718189835495,0.48185420035907756,2.3873901404438302,0.0
3,39.62013144849722,0.022500273013111975,12.052354089261264,0.007663632490777906,0.48242252287949533,1.4857406124771337,0.0
3,39.11501561190505,0.021416822410259002,11.914860844373823,0.004505640078233972,0.060866149446788975,4.932245224041148,0.0
3,38.67682183606278,0.015452194449512197,11.937099362738872,2.5320377752382466e-05,0.0871939275010365,4.920446281427463,0.0
3,40.22937193604217,0.01769509550070139,12.10385612223594,0.012402652628249545,0.054608912983825086,4.118855415370132,0.0
3,38.83755428204264,0.021114437270270292,11.947327889615154,0.0033514870042883,0.35345082038845954,3.8536962340688676,0.0
3,40.17038510736529,0.019267027285339026,11.934070075838603,0.0014411026265167162,0.26473335488517125,1.459632297304986,0.0
3,39.54256411998476,0.017379664851027387,11.958281150931015,0.007002923576056117,0.10937510885018747,4.588437000905717,0.0
3,41.45988235846408,0.01628359203848503,11.933825422418856,0.006796290735764257,0.2578650642557247,3.2850814142669194,0.0
3,39.99538261207088,0.02264916676239376,12.041154121230857,0.004529562805667745,0.47591581588999776,1.4051999030348106,0.0
3,42.06250568758273,0.017913489020022832,11.807668792756996,0.009486990905128658,0.3694713423931916,2.349846571164008,0.0
3,39.33382510775179,0.020432707778865324,11.928078904446073,0.005642866005883533,0.1377629398678728,2.760938411953329,0.0
3,40.4298326817387,0.02038663738742956,12.108771311023359,-0.001285705761713236,0.3091055018299695,4.164971407694778,0.0
3,38.00473721929849,0.017379424610538503,11.926356761859338,0.0008273022089059361,0.16878447926786155,3.221424857858628,0.0
3,41.09216015220408,0.018137787902296088,11.956056471873335,0.001773696731485386,0.18348973082613024,2.003956596945634,0.0
3,40.159491404614364,0.01959233223406874,12.093031156626136,0.005367182507413229,0.1857059301623608,2.169987753088446,0.0
3,39.475663640362825,0.017807227258921993,11.97737318773309,0.0008798820078570388,0.048735334460112745,1.5073672292587545,0.0
3,39.08338344133975,0.021248241188392244,12.017633141794477,-0.014089735469446274,0.38248699718138407,1.9889234950545922,0.0
3,40.46995615404713,0.02194297926180858,11.957605454109192,-0.001995301206336211,0.29759706640425276,1.9584500120351946,0.0
3,38.25635995524024,0.02080544803019198,12.034391755894461,-0.010482296157045705,0.03715272575143608,1.8809105445292102,0.0
3,43.07513152869127,0.020461966754513693,11.943036394444725,-0.005663393801232637,0.36224802078763974,4.092702046107508,0.0
3,39.71970311943944,0.016177613465771942,12.024680755229323,-0.0033685436833544896,0.3294449963299654,2.934700524218381,0.0
3,38.38796509390383,0.015060401974464387,12.073424371266126,0.0007928782954624366,0.4549109567198788,1.2169154691471515,0.0
3,40.45767421203161,0.02342596076144506,12.02753027779264,-0.007642849263947944,0.4537013542953048,2.488787111219963,0.0
3,39.20869575837073,0.02008057957421758,11.803095738950642,0.003093260358365596,0.26491472941253247,2.3712026926996366,0.0
3,39.825064165517,0.016743742422409162,12.012099542833576,0.0026680252273495945,0.44083165749346837,3.1062631425265272,0.0
3,38.560510728139946,0.018610094783746707,12.037634032246592,0.0005390475638549054,0.05887675855185903,2.8285907795071905,0.0
3,39.20489694681233,0.019887952668483585,12.195858524963812,0.002845976238898767,0.4239371878930479,2.325772486138693,0.0
3,39.37799846828359,0.01772752124111826,12.0159401348457,-0.004500004156243576,0.4757794895969083,2.9993813515332595,0.0
3,39.41659772617654,0.019115773119840716,11.93274353316666,-0.01024791252230496,0.1692566908578224,4.546156993174977,0.0
3,41.61289607795978,0.02067942399892208,12.005820182068248,-0.006166389389910735,0.09030653840181851,3.1937828161616224,0.0
3,38.303080186958844,0.02054295691396787,12.071213337799694,0.0019082926794063565,0.2156319301817604,1.8542732249029372,0.0
3,38.40259389278267,0.02296175945643496,12.061946976139797,-0.007463825730786292,0.05615095167825512,1.8652504007127977,0.0
3,39.50589558985253,0.018842663136445822,12.099460972560808,-0.003145841590501154,0.22993098758126768,1.5741798194489554,0.0
3,38.11563216044276,0.018913135525556377,12.086730963808822,-0.00022609526106988443,0.20073446056002314,2.818387593111806,0.0
3,41.17856024006688,0.0205792876819246,11.953201109119508,0.0017980939042235315,0.19744227676215415,3.0785329638723193,0.0
3,39.94264804459702,0.02323425840727236,11.98602786975748,-0.004808734774448412,0.32479668636421183,4.061691221093405,0.0
3,41.2767525572432,0.01974537099530385,11.95213553652236,0.0018702688100879817,0.4493520282411887,4.823951060893849,0.0
3,40.07551724738316,0.021424753491063826,11.982612190259513,0.002667888265791567,0.28055900750807894,3.021489808173802,0.0
3,41.76559292446947,0.02395248806113761,12.112458269006739,0.0006731322667078735,0.37929891055452086,4.362741332845757,0.0
3,40.08568660479006,0.020278084096834355,11.881888406156362,0.0014823770472610315,0.4762059321059475,3.621086166000614,0.0
3,39.16054835499871,0.01876615492957999,11.991006317499854,0.0015301936572133044,0.029348472022665106,1.592890791726179,0.0
3,40.41397294397583,0.019831796712203423,12.043095702164887,-0.0015823651888891878,0.2977698861638078,4.061907689410612,0.0
3,40.49370425053398,0.020937387411078572,11.878177532818498,-0.0012148721165859157,0.23959500602376177,4.906299556271622,0.0
3,40.49037216786453,0.018688270409423117,12.141779070698103,0.003933932179451394,0.45641205581311417,2.3945677140785775,0.0
3,39.969310539421706,0.020151337387578887,12.255805190142443,-0.0042806955036794585,0.13358213548515419,4.293893562749597,0.0
3,39.42360137288742,0.019467211773114133,12.096130053928007,0.000688642059110833,0.01323741279166496,1.9011717751300234,0.0
3,39.48072087910513,0.017016442638135322,11.92370043577118,-0.006839192381749382,0.07627387110990397,4.2246149538727344,0.0
3,38.902265837970546,0.01863747393279322,11.893088147447724,-0.011259705443267548,0.03755913725620269,1.2311538804359499,0.0
3,38.32192531941378,0.0172903188521357,12.191353271757574,0.005312521314244815,0.4049831755123152,3.7283287019426163,0.0
3,38.284257498566355,0.020443440779517326,12.145001083499075,-0.0009982330594747394,0.1250700168571247,2.5545354660052815,0.0
3,40.13055949490696,0.017913556517595845,11.858030481536609,0.00734605739703858,0.12166805230831457,4.066416305810766,0.0
3,39.06369400580717,0.019889205324092437,12.069189328608736,0.008978492651127967,0.02767329630059706,3.6319886701843878,0.0
3,39.6856128681747,0.0191093383070351,12.02220412234933,-0.006026736149040999,0.4132342939190177,4.224442946816874,0.0
3,39.39247610115358,0.01809608314781763,11.998140783291687,-0.007670415584757351,0.42715541353364594,3.2376138231577927,0.0
3,39.597660868271646,0.01593311839617527,11.747576562489607,0.0002177801734522589,0.33300293085393995,2.9221542431525074,0.0
3,39.957888997732404,0.020957090270364107,11.986260441600809,-0.005008511646627059,0.06730814951957453,2.4733016035626636,0.0
3,40.27830845910544,0.02256134427592077,11.801407454650287,-0.0032657165383646164,0.3259714226966866,3.391275489720169,0.0
3,39.20756166659801,0.020878473220029854,11.963727032080216,0.003009224775202217,0.3918773782091964,4.4227522575685185,0.0
3,41.03200554766606,0.017839968886815005,11.797598959046327,-0.0022782778237587903,0.014506943151593898,3.9705789518853467,0.0
3,41.10576046872963,0.022763979739259827,12.301998368877543,-0.002612924490326633,0.21234211639328082,2.163066898933841,0.0
3,40.26247399547511,0.0215038669857764,11.92640006792504,-0.0020102152248033284,0.41211402273481085,2.321260693416798,0.0
3,40.19657395868775,0.01999560610257232,11.834979709590192,-0.002739677770201943,0.3245321623873385,2.7725696625871135,0.0
3,39.90559521685554,0.01966198515633589,11.877201482112525,-0.0020192229593846184,0.01301787796858983,3.630452603446356,0.0
3,39.25246643407149,0.021471711602342465,11.906716953382137,0.004009048365286502,0.4462302264431254,2.7317289070299924,0.0
3,40.32961211891735,0.020712594596833108,11.974752211563223,0.0028052836491930322,0.3985243416980944,4.994520918537441,0.0
3,40.218856530020396,0.017499550155920782,12.13018077936317,-0.002827722603904984,0.02956748012387761,4.834294592469643,0.0
3,39.93964387364991,0.018574860812168494,12.149877020608137,-0.012168115688356474,0.05508605725043736,4.176159747170881,0.0
3,42.55445134960393,0.019266197903183978,12.072502289894583,0.004256351822525162,0.41855859034753945,3.290354936812759,0.0
3,39.22342990099038,0.021335547390493953,12.110006976117825,0.007102391869886163,0.0082146339359766,2.004060933778062,0.0
3,39.9916807882063,0.013581252320230566,11.990816578218249,0.0009978420002524078,0.4362879574284928,2.5397743269520205,0.0
3,37.271815222140546,0.021369506472118466,12.052707288511893,0.002530327421798597,0.4372291801948751,4.619693952069179,0.0
3,41.12234893889845,0.0167951976799619,11.930958725160616,0.0043910689855946525,0.26948629138921126,2.5641117984371125,0.0
3,42.12928158880081,0.022097661399277255,12.093625584304657,0.0010284034038613578,0.24008957616388915,4.1036994629398595,0.0
3,39.06866803474355,0.019738092992357417,11.843861483019545,0.0011338215927174074,0.11933317033648472,3.8199615841795542,0.0
3,40.97718611548664,0.021807508960281923,11.91054547775917,0.005424765829348467,0.2238409192134968,3.783531607012528,0.0
3,39.04204139141389,0.016605863134438785,12.239023336758247,0.00043556154062541867,0.20725157661513827,4.353834390557658,0.0
3,40.052820107937706,0.020431221708449264,12.035951496499301,-0.0036626349219272786,0.3329294569414428,4.617649183190631,0.0
3,41.90489355195298,0.019464921351256232,12.003463299995433,0.0002327477401367861,0.15489240717488012,1.342831550501189,0.0
3,40.145396422587375,0.01992358746674741,12.096842919623551,0.0037891218863121035,0.13345809686433846,1.0912036483102785,0.0
3,39.40319430241101,0.019417211111029342,12.087143580242284,0.004127849014848263,0.08120824059839077,4.5003038582177215,0.0
3,39.58573284784914,0.017753161928307292,12.065213203016325,0.009594375051545225,0.011234906284973312,1.9948102880456515,0.0
3,39.79313419400992,0.0213000457612176,12.058059160492139,-0.0016365066483468099,0.26880584058945106,4.916670926592198,0.0
3,39.190469474904944,0.018242293100408296,11.926416453235959,0.0029684350733999373,0.16207802848259256,4.293458123768843,0.0
3,41.11704147380862,0.018143969531358255,11.95743092597854,0.0028766498214911583,0.20316770255655575,1.553318684938478,0.0
3,38.255359813332134,0.017006078648111916,12.18815451656233,0.005011177449863534,0.09458651562197484,3.7593242110989635,0.0
3,40.93312952858705,0.020684371213169003,12.058052185832203,0.0045102141354949185,0.4956630222478926,3.164344766980426,0.0
3,39.634317272264745,0.01754776390372049,11.930037297803153,-0.0024839315012271895,0.22113958718996451,1.90508678009801,0.0
3,42.497465349238446,0.01696816723625507,11.87610293802082,0.0026782704855840243,0.21734229145784972,2.4863383505075847,0.0
3,40.72232392889209,0.020217543669682723,11.756595440558405,-0.01168255500770268,0.2574250243676736,2.054396448437124,0.0
3,38.787036331540065,0.017927929447375653,12.035823935505586,0.0030868621675203965,0.15595495531869574,3.9119953592498247,0.0
3,40.56525954301826,0.019693721605537978,11.94728659098564,0.0007486131088712237,0.00966351145832034,1.6487123762478881,0.0
3,39.77053979055881,0.020975352593057474,12.13870006481592,0.003019655844627235,0.2572374772842847,1.977453484314522,0.0
3,40.24563182090229,0.019707677852673102,12.210130092954966,-0.0024450163252101886,0.46519868789529367,4.05632394581942,0.0
3,40.75365027549486,0.020747768508370387,11.866675029348393,-0.005360645881275721,0.03921948100272066,2.808356835868284,0.0
3,38.77037334678852,0.016649059060601892,11.974542254886243,0.010748579429614892,0.3120115628913219,4.6935018437861,0.0
3,39.59725111014626,0.018035502845037653,11.786995601034851,0.003384659769333127,0.08330404690891069,3.3840393295867828,0.0
3,39.89591137187311,0.014851321929584738,12.076941087085952,0.0007817649402335499,0.19209625202332425,3.565153556471223,0.0
3,40.80732854201512,0.021549285007254965,12.007559210469575,-0.0019397557827147435,0.21405951632700077,2.106431392420803,0.0
3,40.04556158697988,0.021544356672605743,12.003289444009008,-0.005078656396176642,0.24072887446764363,4.3134833098629635,0.0
3,39.772778425660526,0.017094482432088734,11.981158614166969,0.008395847866240865,0.4147763664759264,2.9193841397693796,0.0
3,40.65089673354556,0.018446386161292152,11.886596676708598,0.00333867929521942,0.15536120124169372,4.848607724871988,0.0
3,40.46480661989423,0.0211613556510348,12.095995417322698,0.0023312586648964605,0.07270894241293885,4.738290369457928,0.0
3,40.040396154349956,0.0234123764319489,12.004106798631462,-0.00876931286748189,0.12880082921319308,1.5849985577829604,0.0
3,39.80747933793121,0.02221362241618461,11.890065351686262,0.0037349940811866483,0.4320472934348322,1.7627264355409547,0.0
3,39.111115794354895,0.022326326550374687,11.92421372879131,0.004235098184160831,0.17706481673320146,3.6563821744653366,0.0
3,39.0020508784559,0.02165445519541792,11.944856112322707,0.00839821826652115,0.05134991832559804,4.036983723591822,0.0
3,39.83612059229611,0.020434037673484867,12.000932349652418,0.0008658805914731862,0.141678198296861,2.0001940702313608,0.0
3,40.08432716858996,0.024375835027336926,12.02524877403075,0.0012715148971363505,0.33481108296988876,4.043623313308822,0.0
3,39.57422385965899,0.020323861773845976,11.86990009677466,-0.002580673628066517,0.07412299162554825,3.8231835162888514,0.0
3,38.05250853330073,0.020020632251484698,11.952814273216582,0.0067592410115844374,0.37032865155570655,3.5409726261688514,0.0
3,39.20369890443684,0.019219662194023653,12.138426078313099,0.0038144882903321056,0.26444888761331564,4.676716900318839,0.0
3,39.73574071495322,0.018991878766005166,12.086563810626593,-0.00334365540544866,0.3537911620969126,1.641764119797175,0.0
3,39.378108316957665,0.02135319461611513,12.169807533928582,0.00785958290897402,0.15961069357017565,4.6079529661247705,0.0
3,40.10072151770997,0.017950699531460085,11.941125637447934,0.0030525342496122367,0.43653768396297404,2.479634314563175,0.0
3,39.273919008634635,0.02065677730011696,11.905970826997208,-0.004836443275790765,0.09766965008666606,1.1718113499488942,0.0
3,41.13499333809937,0.022156859245794188,11.992328384635591,-0.006229993245029906,0.21047525830829983,1.6429475222395085,0.0
3,40.43487571855776,0.022983651738423882,11.946102297994772,0.0024368235925854935,0.4717425701931294,2.1665958233826825,0.0
3,39.916016392579984,0.0228121425355611,11.955424588454346,0.0035101592229746176,0.38498881003165564,1.4283035516617222,0.0
3,39.00021058747697,0.021715638717882638,12.078726311742514,-8.867319862535833e-05,0.3290631890315103,4.110449790407026,0.0
3,39.13784265368735,0.01955480367774293,12.01978317530744,0.0023998735670601695,0.09704135801727792,1.4383833755066315,0.0
3,38.62663493482199,0.018060071925276835,11.994524208603684,0.005648898125909723,0.49545927795062955,3.973892500918059,0.0
3,39.733000848345235,0.02162618045581153,12.06154364932423,0.004295556232073914,0.14604859043665058,2.049222332278237,0.0
3,39.2623824460964,0.020588989270061277,12.18793029195261,0.006403847585258749,0.18658598893496992,3.4081068198005764,0.0
3,40.446165168658396,0.023104696313999033,12.014629167056041,-0.001601052075124862,0.4850042891308595,4.614930577503851,0.0
3,40.12025562824464,0.019646266663568498,12.085897069790738,0.002309860121006787,0.11511619961689457,3.880907790166369,0.0
3,40.15134268634929,0.018207608058316015,12.191353717722894,0.0034044323499737663,0.44642413909371187,1.0509912160793893,0.0
3,40.7024608657192,0.02168745919648994,12.000881515984476,-0.0001832888336755028,0.45309631196321887,1.7073218775385368,0.0
3,41.30151694970454,0.018653139823052292,12.077692224773463,-0.0017646165255292168,0.27267990390744373,4.7066459150757645,0.0
3,42.094083189260076,0.01900612763041389,11.949277108749882,-0.004917230390041,0.3435940749200573,2.992547250307123,0.0
3,39.21985420892275,0.019335611978934623,12.029717503267554,-0.0013124865704586908,0.4421694660004501,4.896884002121572,0.0
3,39.53254746151351,0.022774363101730786,11.94659744446672,0.002441690367478939,0.05811711840466127,3.0973778719785,0.0
3,39.702388528308326,0.019009313312585308,11.933517613635043,0.0006706644192913197,0.11735066542897932,3.3213911939472816,0.0
3,40.89498757976156,0.02282839409430087,11.928143055380497,-0.001516003029950298,0.3635004972520084,3.0445481045690985,0.0
3,39.734279588887,0.019978077394919105,12.051446621737565,0.005258870820040656,0.2321981979270224,2.2717860160261876,0.0
3,40.81051644503699,0.018574211822502056,11.910003569825491,0.0054585941686628395,0.0003947224589981868,3.604095704525353,0.0
3,39.66713659359582,0.020013260673513417,11.963284509169338,0.005295862807516095,0.08227350923022808,2.32321953339519,0.0
3,41.172528088930015,0.019732428660853712,11.931970476277357,0.0005256942739281563,0.45099776581368717,3.370229925744462,0.0
3,38.31483026391498,0.021121625767310873,12.075821164736741,-0.006856399924653276,0.44629460357214534,1.4155255133661697,0.0
3,40.42382492069552,0.02168387024922697,11.868340055834361,0.002380364242881409,0.17830532619710038,2.7070393253173997,0.0
3,40.81739805595429,0.02034333455409436,11.882304598152453,0.0009855228083878115,0.2261019608262232,2.9721231212892203,0.0
3,38.84900596559191,0.020823061147874314,12.21393221786493,-0.0007181088968363419,0.10115209187403906,4.56569586370178,0.0
3,40.79663605025695,0.017046825687796554,12.056890341780443,-0.0012254682916354347,0.00716323045383277,1.297482206294541,0.0
3,38.799916831619555,0.018329464388997473,11.922625580331049,-0.0005438340257168102,0.3755685349113932,3.501331738860423,0.0
3,42.46855963490982,0.018537353664870714,11.938017221261097,-0.005438224586285986,0.2614299097606195,2.691030286604797,0.0
3,38.78770305875656,0.019054809788198124,12.092181106125212,0.0003966723596299785,0.4324502963499161,2.532317570164443,0.0
3,39.64319806441805,0.02155164642453229,12.092069352273409,0.003931696234547234,0.4983716633242221,4.239589712800573,0.0
3,39.92923441679216,0.01796048569625659,12.128815200552932,0.007715801522320987,0.46008242778497854,3.8480010034329712,0.0
3,40.014014678068634,0.021137825422910768,12.051360688629444,0.004902646861582486,0.15988048297254764,4.977200517334745,0.0
3,42.12631794436301,0.021834362831500535,12.092349669125056,-0.0004046540603462729,0.14606059619938178,2.750666287039213,0.0
3,39.48620078623871,0.023523998858194263,12.16832351407664,0.0005708658194759569,0.18738463335117905,3.1047612339928743,0.0
3,38.85331920996774,0.01609437891480325,11.945660648081592,-0.004016505874237403,0.1548672718945066,1.482913624012696,0.0
3,38.58933844543236,0.022513183651185827,11.94723433080424,-0.0019993529034222756,0.140957788574068,3.196012261122756,0.0
3,39.34939217565985,0.022812644354241803,11.904374240256583,0.002552610715963973,0.30698956087054463,2.780569509753043,0.0
3,40.904730431151926,0.02207134255655419,12.200099357158903,0.0027293812058688956,0.32701247435735387,1.6870785260046914,0.0
3,38.78308572875362,0.01907501611244208,11.963103088579802,-0.002169078796827807,0.1034528793895696,4.566738966858264,0.0
3,39.59930464543534,0.017147281659962762,11.940161771866595,-0.00481821688289726,0.25652406812709116,1.7370589776294847,0.0
3,38.05188796163607,0.020475328589182523,11.926235836687137,0.0010135488577176215,0.12422192734345772,2.8973548022135325,0.0
3,39.311510469966315,0.021885415863539384,11.98036136893419,-0.005333478991805125,0.07895635962831304,3.999539015368216,0.0
3,39.38151049408158,0.016402035150911105,11.866616825835715,0.006061577078759594,0.31694684845012533,3.1098263368082613,0.0
3,39.308695577713216,0.021293392586103212,12.224411164756598,0.0017172431040339176,0.25739631638313754,3.9220569013693236,0.0
3,40.349516439517465,0.018211470761191218,12.022264671324168,0.003887414627394025,0.4182974015716471,1.2547605392807428,0.0
3,38.605698006639926,0.01923449024379198,12.13101034732202,-0.008352340816115524,0.4967566062708412,3.456118968965455,0.0
3,37.35821251356812,0.018805031586196317,12.027215521534073,0.002105799041282541,0.055543297717126905,3.8817671671940848,0.0
3,40.55600143477018,0.017853207645570468,11.98945947095593,0.0012462550933289086,0.3106137361411116,4.498995078447675,0.0
3,40.749436132654196,0.01938280845505333,11.960476813526277,-0.006806940020238006,0.08232106544810647,1.4756505193747889,0.0
3,39.83377610953006,0.019064775763221454,12.084316742570579,0.0013420597527763292,0.25042956508471226,1.4613719422779639,0.0
3,39.737934697790706,0.018117473379310415,12.071248274613033,0.0019817983180169616,0.37631894499840995,4.793861457839177,0.0
3,40.75744017297357,0.017704257222110966,11.96492026756534,-0.006322321638758094,0.4799689946620007,2.342299582704014,0.0
3,41.53907617151364,0.020939024434071425,12.259416761778457,-0.008453880185343743,0.16185929389745396,4.377321178175006,0.0
3,39.70974697249531,0.01636479177920928,11.908366871418936,-0.004074053533721177,0.2852644393298335,3.174572030173296,0.0
3,40.01082389815212,0.01948847208892964,12.018499051594413,0.0003402342015374846,0.4359973105131508,3.98713740994973,0.0
3,39.11915666514424,0.01724149588900877,12.010668546187306,0.0059615378924481365,0.43920965468919354,4.9159395919983915,0.0
3,38.69767987049033,0.01953634926971827,12.158886381625846,-0.003651838780688585,0.07412631422543586,4.305361728295652,0.0
3,41.98757323032332,0.0189278656295518,12.119768526908263,-0.009041267730317054,0.23641016039491208,2.185458535836957,0.0
3,39.02720394735236,0.022104192626324622,11.96209260106838,0.0017793429084413002,0.4014157552917064,4.97790793521552,0.0
3,39.78303407634757,0.018225503420379586,12.002474012341954,0.0015224481291726342,0.14781771227985502,2.198173628309266,0.0
3,41.7991931017419,0.02104209137964577,12.003527272717976,-0.005098986929526825,0.21245179230700295,4.686266469267472,0.0
3,39.53346767004099,0.019375871486273472,12.038332197261164,0.0030842184301259758,0.31896891266146143,2.738069046767662,0.0
3,38.97502780450789,0.02080439325248106,11.823656912605886,0.002599183382897752,0.022054231660097234,2.428905966123869,0.0
3,39.90680199449876,0.019289015753371254,11.923904498019338,-0.0018926079888052045,0.3558003530012441,1.2958436363404258,0.0
3,38.93023513720604,0.02138653712435575,12.026550467132504,-0.00450345978593026,0.41343716586502394,1.9894645200383594,0.0
3,39.9543085273317,0.019858748962194833,11.90752039726125,-0.005676933673087124,0.12040041174985255,2.939051819232802,0.0
3,40.41390693082691,0.01570731757897709,11.940901240197226,0.001823170380085266,0.4000721446746008,3.187206758790515,0.0
3,39.95308635938646,0.020157415464619334,12.061816225602515,-0.005184108203508302,0.4532576590402808,3.53748838535771,0.0
3,41.334996041850644,0.020070839893813697,12.029877223623542,0.000847660137672261,0.029123607982939448,1.5919061235608472,0.0
3,40.705488153746266,0.02434415342489009,11.903057231263517,-0.010884512355848894,0.4189071906405279,1.097016257706454,0.0
3,41.44665857495939,0.01952387374066822,11.891392981342001,-0.0015342819155857927,0.1658436087146134,1.5714349342248068,0.0
3,39.47411696890117,0.01918743127692218,12.092512034227425,0.006518301516979158,0.3338216846945052,4.486875168591636,0.0
3,38.992278926377935,0.017691756887839225,12.041730982003815,0.00012470309474111696,0.27494829712413466,2.3692036750642216,0.0
3,39.542686934521285,0.019694878828305007,12.027897176245979,-0.010602097678918832,0.09322058810260203,1.3885965315877562,0.0
3,39.28762037723176,0.02032645625451087,12.123766207769828,0.0009533593471980572,0.4482713765984883,4.87785193515577,0.0
3,39.899367004276655,0.020934341867109716,11.959927699096582,0.003498275970025398,0.46544229999109604,2.0114430801994665,0.0
3,40.5326746033066,0.021988096531239554,12.017856275712557,0.005362973522194674,0.2767011575558223,3.074142907743251,0.0
3,40.653423610559365,0.019278072540958542,12.091029484091305,-0.004873502550391499,0.2413097537171145,1.6239394652695043,0.0
3,40.6239109388233,0.018981363385416474,11.929414390858458,0.004077475941257123,0.4985439740943446,2.9090972153050565,0.0
3,40.69823864000546,0.021028510556719834,11.881068432267222,0.00039997000470347766,0.07631685989972453,3.3309452999064293,0.0
3,39.98188766269785,0.01881038522601184,12.044455823790107,0.0014685580885780108,0.17259438633776558,2.3559348099524033,0.0
3,38.772595050435186,0.02039367930574377,11.997821298170724,-0.011075391772261092,0.4791720943692137,4.322297458092582,0.0
3,38.30035018486288,0.019767840114419944,11.90486702151132,0.005985332314738375,0.28278555978527936,4.313909026946217,0.0
3,38.924820817768165,0.02595110657141577,11.949571640759157,-0.006944336584834073,0.4779567974002546,4.538373642346428,0.0
3,39.89074368008873,0.019748456282641394,11.982810372798468,-0.0007133473817780999,0.19913252918283525,1.8670683582376042,0.0
3,40.41656928741848,0.018225198578563088,11.98366964289276,0.00210826202493658,0.12525179998821,3.4990702427768237,0.0
3,41.38800348767361,0.018944000264371146,12.050169915542646,-0.0011925529497722501,0.2957899390797176,3.8300790196697396,0.0
3,40.7440116441152,0.01972253705858748,11.912602172344817,0.004106539506980397,0.11891091551697708,4.886758630672162,0.0
3,39.37903275441245,0.022154361694910113,11.776449167319742,-0.0019438461892296534,0.14094755862714553,1.0559229594822357,0.0
3,39.015176376242344,0.022123765639361123,11.914172473566802,0.005210116878616694,0.456581986807705,2.7655262695396874,0.0
3,39.786393486503016,0.018037765328952255,12.145755054632817,-0.000686266646016783,0.02958322553172127,3.4372100029846577,0.0
3,41.08919406918706,0.021450368430862947,12.005952170273158,0.003263471482990819,0.2478437515192885,1.2963798876482633,0.0
3,37.29776741321592,0.017452767127046367,12.105208986524307,-0.007589806616653876,0.28618917218094075,1.7934252555512336,0.0
3,37.9491150613438,0.01406034416783512,12.036871418068426,0.006366120080804605,0.28454068782759345,4.9322592249195445,0.0
3,39.77671612478408,0.02095268497282579,11.834686095227658,-0.006534902390158307,0.26954932050043107,3.593822429251612,0.0
3,40.4728445288364,0.01686507744106796,11.9889559353063,-0.0010722894079006615,0.36648622745168913,4.824359718424208,0.0
3,39.34758003651704,0.018526315949191813,12.05186656480431,-0.0029821049987578565,0.07941013685641424,1.5941767401322031,0.0
3,40.53338931026791,0.01889393315159283,12.071496385461392,0.004145633599910785,0.33548953838696727,2.8524314728045193,0.0
3,39.36038158267601,0.016946609495721326,11.934876630358694,0.002896509736792327,0.12262481113183865,1.7776216315935733,0.0
3,38.23234679684459,0.020396591146903877,11.858830972556433,-0.00666226609659779,0.17168377332009926,1.6501061163778652,0.0
3,37.350868344920585,0.021213296168715923,12.010651039823642,0.004764782934504176,0.2541484131206756,2.199920045576268,0.0
3,41.730727462823964,0.02537075610946863,11.98681666565115,0.0006420618264641251,0.3995156049923943,1.1418033544993693,0.0
3,39.45583660191357,0.022923029575566203,11.984557970108789,-0.008634688551801687,0.20769501208316055,4.019769610077544,0.0
3,38.17615289194025,0.022665255495192944,11.961672679124737,0.0008276972498209663,0.04594253701379236,2.588099561006099,0.0
3,40.484487212525245,0.019221883013402455,12.089987242814553,-0.0016204068265449887,0.2599062385605529,4.303087083507023,0.0
3,38.36607959740421,0.019203079264926048,11.956624290625353,0.008341135831867193,0.04947475452548222,3.5601665424670466,0.0
3,39.83165644787979,0.022252369073047337,12.077851593955973,-0.006007440954259693,0.3613842028100676,2.442008417166244,0.0
3,39.19721745425693,0.019064417456084438,12.163048158749161,-0.004661746853058947,0.3744671026097481,4.340540050276438,0.0
3,40.28338838549549,0.018172059201319424,12.075483170125256,0.0034335863622589613,0.3724764332033043,2.6899787032724847,0.0
3,40.74185060358294,0.021083517174290214,11.991898585572288,0.003032823388248158,0.23726444481644493,4.233569821203159,0.0
3,41.165767462741755,0.02145602803601976,12.068742289299523,0.0027152198411226004,0.07786546142098022,4.589492518804905,0.0
3,39.97587479531677,0.02507336879188368,11.922589328651128,0.0014994529005222426,0.35210528020809856,3.4149897624630268,0.0
3,40.38287312027175,0.021044442829281862,12.171371526837085,0.006722289757378708,0.01868814971336996,2.0500311055962515,0.0
3,40.3966564895732,0.018704543883806747,11.93694891784367,-0.003066514195792253,0.43633341930390834,3.567568564059977,0.0
3,38.744394225414055,0.01820512391120194,11.89941732622128,-0.005102844963128616,0.15953694744920027,1.1818761610527262,0.0
3,40.29206920382829,0.01916149889043376,11.955697673591484,0.0033699404503587833,0.006522183562606698,3.254003063101684,0.0
3,39.067772006244475,0.01761238498728096,11.804127272472464,0.008077949205644717,0.08720854590767263,1.2780273819202117,0.0
3,41.63314232614534,0.022196104184643857,11.895051589810409,-0.0064094579007032615,0.4261732759430228,4.15559749953454,0.0
3,39.50960592988967,0.019257683625793734,12.098910199021809,0.004308464415976069,0.046871390507429056,2.9565270981983036,0.0
3,39.179637049471964,0.02107445976242331,12.014705465443855,-0.007938113829749986,0.44397798322708343,3.73131393546602,0.0
3,39.429597285580776,0.02093485523571607,12.05816802269429,-0.0033176420126764133,0.39935940333809855,2.8762818594589348,0.0
3,39.794585210315006,0.020872701614840145,12.074107852700374,0.0011864386205798186,0.36980195481661393,3.3701552201796945,0.0
3,40.03883281430582,0.02211650978856725,12.083306283127147,-0.0037658499947693215,0.3441014160454851,1.5605183164548997,0.0
3,38.86254478063216,0.021589740247197148,11.872788686355833,-0.005934340942237873,0.2193261170330129,4.57676502390261,0.0
3,39.99759553301835,0.01935584712339776,11.798671452529542,0.004894311964589018,0.035517780818475564,3.60949395255419,0.0
3,40.07386248946051,0.01947436043180079,11.853108530040558,0.0019487693948306184,0.11459109451390143,3.3104477686675158,0.0
3,38.97740275459071,0.02150103061242356,11.937707669620785,-0.007324087961571409,0.4174950696478368,4.080304555425476,0.0
3,39.84759313074211,0.01770439489899206,11.919172381260731,-0.003642724611413233,0.34576164988961056,2.2083841569766753,0.0
3,41.21243126928027,0.018742971795926145,11.927808630832958,-0.003925448288821486,0.3154380593378394,1.7834999330911971,0.0
3,39.64496866743014,0.017044598440613058,12.0787290669051,-0.001665140763082731,0.265860910956185,2.581586808088562,0.0
3,38.771829383182535,0.015417352859225145,11.922076049959118,-0.006450776773909014,0.23233280973519538,1.8384932793777575,0.0
3,39.154361994342345,0.01953936626624985,12.136704528660307,0.006406002619230505,0.3517714687693293,2.149133279431832,0.0
3,38.55945947507758,0.020773413540163838,11.860211103742094,0.0010323282273996955,0.08240206830534547,3.4917826988072433,0.0
3,41.40843613575301,0.021113293484841946,12.14860856053452,0.0004376905508680899,0.45189351860530946,2.131421081580981,0.0
3,40.56102111872086,0.020768658170107118,12.154304612254766,9.717343973533673e-05,0.1389191891653186,4.66738904077104,0.0
3,39.12832515834954,0.02021869250134817,12.055835443030206,0.00372980488601211,0.2033444255197382,4.015841231218885,0.0
3,40.76373156381242,0.02093718210105338,12.13997252737372,0.0001785834108976293,0.3456384526101964,3.535062451417878,0.0
3,38.99754228357355,0.019329349812560334,12.223987307749326,-0.009693317453307888,0.37334631032969784,1.5725699608991817,0.0
3,40.16703897392652,0.020125846723826397,12.13087707262047,-0.0023605324285208055,0.17201377736487022,4.065244476738769,0.0
3,40.070253485512055,0.019778504293783236,12.183905370378653,-0.003957852560441681,0.0526570323032996,2.456679636109922,0.0
3,39.16312475253877,0.019405954381774088,11.974915879400815,0.015466689647174939,0.33568774075224883,3.79654580469013,0.0
3,39.83737898558438,0.020880225913525865,12.131051736338707,-0.004062791517533856,0.010712664740728406,4.391316170695536,0.0
3,41.79469659974063,0.01779188590667124,12.025281808076825,0.0036652877033970695,0.20356472104854062,3.2867363527106703,0.0
3,38.97899284088416,0.020086363883289292,11.927726891633002,-0.0057742550606559966,0.04412620055715205,1.3107488765502944,0.0
3,37.80996158648353,0.01743144554118362,11.880156689288647,-0.0008319529891034794,0.36816926880662926,2.69879259839104,0.0
3,40.02442244032062,0.02110719596579273,11.99789678141752,0.0005634119519003778,0.015699240309994533,2.268869308322986,0.0
3,38.795788480511035,0.019772635208994725,12.031443030951012,0.0009623440223029746,0.2629223391958258,2.749089765756042,0.0
3,39.70233670687602,0.019252761301747044,11.893684712344546,-0.006873686982132719,0.41113254147016787,1.3363129577167907,0.0
3,39.35267992676248,0.017953918249935884,11.84983919600103,0.00040369945717979704,0.3639747344712914,2.7125423264382786,0.0
3,39.42649418803466,0.020309324441368327,12.157542741915234,-0.012888740410274623,0.3602504162290789,3.8178741048955906,0.0
3,40.17823473908194,0.018172123213303557,11.977567891152525,0.0070328323956810245,0.04007992121008169,2.517445488374908,0.0
3,39.906954740579984,0.020946969213810753,12.115268087457697,0.005631277948583389,0.24161363402040026,1.1698303343342151,0.0
3,39.5120595024981,0.017681426225936873,12.178097580738036,0.0009854739139235182,0.19486602164736494,1.8418413031220453,0.0
3,41.12276905644689,0.01916483887564145,11.939755398422301,0.004575716421762972,0.17017430129705724,3.3002796281110935,0.0
3,38.85182538165443,0.020887340670161656,11.97171918754839,-0.012387794296680035,0.3422084854412806,2.1418537813670033,0.0
3,39.44016759042785,0.022539118531557985,11.948926905542166,-0.0007156739928590669,0.025613473682549848,2.4926056913704526,0.0
3,40.591230291610195,0.023089000609552702,11.963712999193989,-0.005687713048631331,0.4759472313865648,4.621184412983505,0.0
3,39.45583208997138,0.019760537458969052,11.860137882241727,-8.678683781614802e-05,0.048550353196952445,3.9932976482947944,0.0
3,39.33670471029579,0.018922153455427894,11.881171694575041,0.006063330866313222,0.28444721507620613,4.226692137528994,0.0
3,40.41090972790254,0.01777700020691801,12.011836784130983,0.0018388005392153436,0.0354432361079271,1.6200965515914767,0.0
3,38.23585288053218,0.01962131443897898,12.045821296427555,-0.00342016735797294,0.2600762777284869,1.6652182263760427,0.0
3,40.999618072071485,0.01644748103430043,12.261206307299554,-0.003372513047865144,0.3115446875951585,4.053238324441127,0.0
3,38.51906644502742,0.019531213966389526,12.028711773851752,0.00040587472513172997,0.3224946513031317,1.9707739247403793,0.0
3,38.88845591834594,0.01862894900639846,11.978854473889939,-0.003823418439310652,0.08453014132019088,2.8017547814473134,0.0
3,39.86831096621987,0.017321563946522546,11.855562832843122,0.002347064642116798,0.2687454128737765,4.114856827808378,0.0
3,41.843522235094945,0.022397059578894686,11.986034520094561,0.011439764629182036,0.2194149613201803,3.8247921859891467,0.0
3,41.08932583143673,0.019809105981134424,11.961454647506017,-0.001990869058404085,0.09967585973161752,3.8846344217041833,0.0
3,40.29705726901111,0.016982256881170332,11.955508850440756,0.001326266752033386,0.00420769391580561,4.549960535726083,0.0
3,40.983500393459444,0.021165532562925537,12.038301607290265,0.006132135248524453,0.09789953010416547,2.2224448123265343,0.0
3,39.15630907348317,0.018227570642664764,11.792355354703247,0.007375919433856605,0.0931429126626343,2.583106393301957,0.0
3,38.98692233357126,0.018685658868609033,11.947541757707956,-0.001696929100408326,0.26117323670118964,1.920517269063998,0.0
3,39.53850694927386,0.01965962497572716,12.021237151543929,0.005284467081459222,0.11004629844353658,2.793912636054348,0.0
3,38.740482148038076,0.019171761410998057,12.02368355824504,-0.0056825025754375915,0.246143357765503,3.589864444138696,0.0
3,40.84678619400977,0.021098525049007763,12.132340807857972,-0.009205729277608406,0.41842712421460276,2.0340190007782186,0.0
3,40.34388075247547,0.021731402611706807,12.014010639539352,-0.0013140951981474084,0.4175786023803823,2.372856157970193,0.0
3,38.655818519067644,0.01782595912572559,12.038648867797182,0.00013694412038517834,0.31019349037097915,1.914353032254092,0.0
3,40.022908652321505,0.01988410931262533,12.094579565804505,0.00014763702446537577,0.13156064317174998,4.466232157665236,0.0
3,41.20423910436305,0.01913596414453847,11.940272057742915,-0.005083259620352455,0.018450426800907194,1.1725460694549161,0.0
3,39.49565638212422,0.017703039252219346,12.132364346528805,0.003283447780222063,0.30828070799769647,3.475655843943345,0.0
3,39.84944618109362,0.02061153441347903,11.984704681017437,-0.0007528524663136208,0.09212406644327314,2.5919514136554214,0.0
3,41.339043116033324,0.022294350332042155,11.880627715247407,-0.003758385202067866,0.2773451029990973,3.352346079096702,0.0
3,38.41083171021517,0.019428128173283366,12.194744062522972,0.004599940934309591,0.48202241151021535,1.6951715798366638,0.0
3,38.83293458077897,0.01706615470903679,11.966355346716337,-0.0025762536470347514,0.30407496023762226,2.906426908387265,0.0
3,40.10991144563012,0.023984513216650363,12.025592102489497,-0.00401686419080451,0.09097272484625973,2.7040507461651084,0.0
3,39.90249566423797,0.020056280954605085,11.843636817723958,-0.008983386392559928,0.04207391514951281,4.8503237516309134,0.0
3,39.6318831546611,0.019901285779576422,12.015636088800003,-0.0062733358775817205,0.3153064621547715,2.9224787373158927,0.0
3,39.384853281674665,0.020352706772834957,12.026356883223073,0.0027912847008081726,0.47311223314346296,3.513363268464361,0.0
3,39.19180581578454,0.01739331627088331,11.886461873067448,-0.00016031592422623316,0.1404901237908206,1.0707971880198683,0.0
3,40.90400597151029,0.019765674209218098,11.961604648796335,-0.00489299567429913,0.2712087996001739,4.594577301124536,0.0
3,39.70262819769572,0.019369438334614842,12.048610847155631,-0.015225250182477784,0.33755335244362245,3.1137030168230346,0.0
3,39.21487526048661,0.01894836009435806,12.0079469179869,-0.004542145603237859,0.07172814801576144,1.7365270103508461,0.0
3,40.955934932186466,0.017515324797669575,11.995729366958724,0.0017098140671078508,0.2565189524607452,1.1152679642825394,0.0
3,41.338908089587996,0.024318999524312684,11.92416167866427,-0.0004590379329772571,0.29207865275322825,3.996742457663779,0.0
3,40.612694695122,0.018878924476771555,11.961031253654955,0.002195005141625746,0.28308612645371967,1.6244050145087932,0.0
3,39.14023930015167,0.020890159916960933,11.975659516424344,-0.0066406522077757735,0.4180850291734399,1.5656609852825958,0.0
3,41.99026786543397,0.019714079756009088,11.896591953113038,-0.005302342919568967,0.18681390459996633,1.8780601608872893,0.0
3,39.936608327857044,0.019601157770739,12.241371089897244,0.003426717731719323,0.29216917995153324,1.8782855146864077,0.0
3,38.540273789891934,0.01918991840514174,11.996669258693887,-0.0016782241895972273,0.07770513627294695,2.6621628094144976,0.0
3,39.77232811079383,0.023743470851696723,11.886286753454602,0.0024091041870422762,0.11385820867916102,1.7182404423559539,0.0
3,39.662818996276485,0.018552152495644177,12.108734940671056,-0.003742387876622477,0.02556333415129619,4.41768213309991,0.0
3,40.697909535516224,0.01811602382657287,12.100848600571409,-0.00042474442655814044,0.4037181704595927,2.287992403431446,0.0
3,40.5818144217706,0.0199543221087627,11.860779749086271,-0.003549509033531957,0.34359589636163723,2.7392319510756304,0.0
3,40.037382867898515,0.021743865768081433,12.049460606398231,0.004986303743997262,0.00011439022422871092,3.3736829814138303,0.0
3,40.9815048348942,0.022196733324627436,11.796139688671511,-0.0023043620458633217,0.26184360661825473,2.5588702209155993,0.0
3,40.61921457663085,0.02080568763717253,11.942880768989367,-0.009913354710430852,0.29967799947057666,2.029100519480161,0.0
3,40.07940221947818,0.018601686097090186,12.112567541373243,-0.003978065035924246,0.22790199779781095,1.7906025469135751,0.0
3,40.22597896274778,0.01886377774153526,11.858112272767668,0.0008417886162359413,0.24741034292425146,1.1175461607011519,0.0
3,40.70446847558508,0.01912935155156803,12.03858187045243,0.0004439013658224484,0.05134447558704269,4.438073446716248,0.0
3,39.87231789324905,0.019093273313078866,12.150267859884453,-0.009140969793482525,0.2980752585738604,3.963720543602631,0.0
3,42.28350256119102,0.017307026724204276,12.070146529846983,0.0010699256918925205,0.307402002816451,1.555179147579799,0.0
3,40.137490779060045,0.020756661069087672,11.975729385875178,0.008248240960607263,0.05840990285409514,2.6887994425049184,0.0
3,38.09060683825323,0.022144799189187585,12.163541456917573,-0.00105100203294501,0.37976622001078847,1.075201154488783,0.0
3,39.192598383742315,0.01909768802424437,11.977036803022905,-0.0018053183977510805,0.03983502688593732,2.859635045321915,0.0
3,40.66382023277308,0.016738945443714556,12.094290629843005,-0.0075011528038229774,0.22427471149680855,4.545035667796169,0.0
3,39.5603166509608,0.017933132630040354,11.996512963356071,-0.011480620271160214,0.3176457078330855,1.9411205540744159,0.0
3,40.18454849661423,0.01973942565799193,11.980234812663518,-0.0022224203154428447,0.42498591253712803,2.939661800167368,0.0
3,40.00197902999783,0.018606506001542233,11.947636138803984,0.002644670681630438,0.14164412805759125,2.1618511849921886,0.0
3,39.02887967968086,0.020836635024682817,11.967542314943495,0.002810795435281183,0.36188867335363123,4.048046054122192,0.0
3,39.37240343007397,0.020888400143859797,12.034596811007914,0.003637116934110869,0.007312143699406026,2.946679060499401,0.0
3,40.17699273248511,0.013908882828489951,11.955236693535605,-0.0013399944315627044,0.2593930828860163,2.87299829543447,0.0
3,40.30624378284043,0.018976166509268342,11.966236098040664,0.007849370809470244,0.33785707418581257,4.73555496347456,0.0
3,39.4422079530456,0.020335088693229954,11.909030525259922,0.0017690540632748705,0.2602835072116478,2.5134519947345044,0.0
3,39.54760921687517,0.01856667665034825,11.850637774701859,0.0038840838277271117,0.4524940026367833,4.169118272669934,0.0
3,39.56160754753607,0.02290175545539452,12.086937704730854,-0.006082181283733779,0.3515844556614494,4.911168511109286,0.0
3,39.25576464964019,0.021086785035226027,11.97162171987276,-0.002818068623147763,0.3164289856427505,1.955284364708394,0.0
3,40.0705327611501,0.022941253728548636,11.981123505788315,0.005689622833515393,0.016970142986091785,4.181339524739396,0.0
3,40.061176591852664,0.022175752781566797,11.973971249326265,-0.012565978913852914,0.20263088567362103,3.3310658526121153,0.0
3,39.65021360169062,0.019629204704352,11.632420277824952,0.013652914238462604,0.27078907362631116,4.000247455786045,0.0
3,38.659548968572814,0.01941632859809421,11.812588794253891,-0.0017637083665545793,0.4358084202764171,2.9461338431142603,0.0
3,40.23601653324578,0.019719995158853636,11.852502618728906,-0.0003691718986316188,0.1701843605288667,3.0450046393062964,0.0
3,40.170111812737595,0.018903297594629245,12.141431142307436,-0.0035448794880820747,0.16092053523261057,3.971646172509511,0.0
3,39.57621291860033,0.02125263509397972,11.95700564052098,0.002590026878866829,0.4970388757434684,3.8135736899891777,0.0
3,39.891109217421345,0.02190828904693588,11.878147840783738,-0.006198346758414153,0.3241325832915313,3.2599511028393433,0.0
3,41.58111882905708,0.01758651268012922,12.126738749312644,-0.0003591869482951668,0.49306189224369046,1.908543341023535,0.0
3,40.24651883301934,0.02149105551891745,12.063990102251042,0.00021511312191572875,0.2264329563313568,3.5223345775643216,0.0
3,41.68193993986763,0.02495270404532828,11.967637274550722,-0.0069745404013015315,0.2691663632756656,4.413737910684695,0.0
3,40.02712170048085,0.020088810063649994,11.944876398042235,0.005659433786086801,0.20598659241154893,1.8284961471530599,0.0
3,38.197279397986705,0.018657372935000683,11.99590709658238,0.0019291103860496841,0.14900030470826015,2.6924407308096887,0.0
3,39.69477213807418,0.02370733472240425,11.967050940151175,-0.0041622394133341385,0.3671622202978306,1.7600095423076039,0.0
3,39.85259047108329,0.020414556881912183,12.159636404997874,-2.9971043602857104e-06,0.3875438600334734,4.7590789778169,0.0
3,38.59853468303797,0.024790158995472957,12.050517139189601,-0.0025849179246455623,0.33131300720436285,3.8964518982321725,0.0
3,40.52867279984588,0.0215283293002932,12.016026610935523,-0.009722072751527581,0.024346658620983064,2.0975107424227972,0.0
3,42.85435260514016,0.0240137967701666,11.981370694488177,-0.006231283035327892,0.4276750756572976,1.358092017340475,0.0
3,38.855124471557694,0.022128332541256686,11.892599588633228,0.0010899336834439843,0.19311640096366228,1.587679526866196,0.0
3,40.27793277583722,0.021719662126997916,11.810660538957675,-0.001619095428051699,0.1031267575930111,2.9900546661190353,0.0
3,38.67080934890439,0.015259656654797438,12.186156578802317,0.0010626381306937166,0.2451230872741626,1.9670464832583225,0.0
3,40.76549492450903,0.019755525736802046,11.98203113215309,-0.001955517230736586,0.339545262650866,2.189615775987787,0.0
3,40.10881132652212,0.01595877855879546,12.015928141236067,0.0007750360558720429,0.48900328247112906,2.917356013125279,0.0
3,39.34391677970771,0.021061939516954946,12.16225637703615,0.004026645617461127,0.014830470790555828,3.210637044611501,0.0
3,40.61234410169011,0.020795220218869447,11.931651634080456,0.002728498085551605,0.36025146773197264,4.1892385363047255,0.0
3,40.41219925629902,0.01992768718542349,12.047240187256861,-0.009952623469561238,0.49303869974130854,4.287792673971996,0.0
3,41.11925838191902,0.02117784390950406,11.892833782672046,-0.004343024204068077,0.19303665564564226,3.3345040291976558,0.0
3,40.99598040223155,0.02019413691233215,12.046125519350687,-0.008193793877075478,0.11494228289326669,1.960380878104055,0.0
3,40.195228434992764,0.017696953506956294,11.895208428559588,0.0036946465171705497,0.31459362761980786,3.490992267843177,0.0
3,40.49902580292252,0.020166505820559618,12.061060835927867,-0.003381179481894766,0.35698172990534,1.1320890324047954,0.0
3,40.63872006481576,0.01814099554518499,11.848024608881957,-0.0029371455279003818,0.32750788354345933,2.6751319088362124,0.0
3,39.03067348912764,0.01829976942694763,11.982646963015085,-0.002926201131491271,0.3353767662875568,1.5313369673088388,0.0
3,40.88874743096823,0.021265190947819115,12.11703417889501,-0.0068887603747213415,0.4738453630056582,3.6155477779607175,0.0
3,39.96716323318364,0.015534539466690367,12.02250694261125,0.003743163713736619,0.24822915277868773,3.8006573361733262,0.0
3,39.49099366870046,0.017140380814932736,11.986411510537634,0.0012049117495497672,0.32436889007120817,3.759182074779803,0.0
3,40.4992051135678,0.021443875939178864,12.075701423373342,0.0001286459641582052,0.27476367706982496,1.7199410646511324,0.0
3,41.05781946462286,0.021071388876081683,12.04001151775957,-0.00269197501726817,0.38681243847264657,3.5800628746091023,0.0
3,41.71404337026795,0.02176738052902781,11.900909360431456,-0.004683376091820343,0.2681559880262483,2.5477998490165894,0.0
3,39.770720362887886,0.021335874637629128,12.059081332858485,-0.0009163025415664383,0.017291583753655027,4.885491283371978,0.0
3,37.98543137747308,0.01762137942046441,12.080380971342594,-0.0005301078766178721,0.16984742389951313,3.6396522842692645,0.0
3,39.14262404615586,0.015835583058957128,12.003643371518933,-0.004882331602577028,0.366175657012451,3.1517112729982815,0.0
3,39.24345694633292,0.021588840539495315,12.047355667146364,0.0017900101820712314,0.13980343038295784,1.7054098746891069,0.0
3,41.051331790081136,0.018760322048878415,12.018278287839395,0.009657413905356635,0.39035001036154265,4.7566779863770146,0.0
3,40.4110882657488,0.020247393274462698,11.98070755705129,-0.008911439669468495,0.27257941153862186,2.5263878979497063,0.0
3,37.82827620654681,0.021409965615665865,12.031838924504981,-0.00482289079521866,0.07419567334995247,1.5742980765197236,0.0
3,40.46910295168895,0.020095845959875642,12.08373620163364,-0.006530193755119235,0.47785962455571235,2.83202132609818,0.0
3,36.6491195166607,0.019091991076504652,12.030481392490811,-0.003497111703665376,0.454004164230639,3.4328484691048855,0.0
3,40.09917530603452,0.02237663696085005,12.132652413549032,-0.008181242633136902,0.1779041958769783,2.593352436242557,0.0
3,39.70168912994979,0.020161670811434447,11.942839404132428,0.002221625097069446,0.3497960502427609,2.8409977848427013,0.0
3,40.69007363745963,0.01991623575093432,12.05826742793281,0.014096435205393222,0.029895773107750268,4.691373857071984,0.0
3,41.05981828736975,0.021688249811853952,11.956984291761243,0.0018319101429376465,0.10944972648786522,3.3884070918743476,0.0
3,38.4690775068142,0.02393792879153587,11.861894247823257,0.002590790557876189,0.10075599836623039,4.82142823317353,0.0
3,39.44661149264101,0.020496363277864308,12.000844408598669,0.0005174304941177721,0.10096417731854479,4.905084872344594,0.0
3,40.4042620277275,0.01790357923115984,11.991667499120162,0.005028958713629092,0.19636368509042934,1.5834010829397545,0.0
3,41.43072603762317,0.01759800259956638,12.0862845570829,0.002174343584825717,0.42963473156433696,1.9858640376885144,0.0
3,39.97529096982399,0.022168127505318474,12.002296158852792,0.0008761731629199551,0.09844413146461944,3.269800462416035,0.0
3,40.2066813353006,0.02346327455476206,11.965124841336847,0.0066450246062787635,0.40803479369175394,4.075034992359374,0.0
3,40.27958609171366,0.020653440194200387,11.933966006540473,-0.010814706424686538,0.13472044949520479,1.8385599441026628,0.0
3,39.88114704435771,0.016017679754320256,12.07162745467813,0.005144252438239148,0.29327537576210955,1.6177983277844938,0.0
3,40.47507527556836,0.019178956280476736,11.844878000126378,0.00028541444992338626,0.1608403590721844,4.581946673242435,0.0
3,40.078180165531826,0.016063482717603505,11.979543901766387,0.010927390471536806,0.4495655446804061,1.3229985878702273,0.0
3,40.94827623495656,0.020620939528818445,12.091022563797264,-0.000731198971360796,0.15315658651423758,3.215592020299588,0.0
3,41.86241640839273,0.023763677749585103,11.922156701166378,0.0005663361304701726,0.034550250266282,1.4505416359976344,0.0
3,39.337510577342954,0.02002067536539256,12.001108059869997,0.002413135771392485,0.22020667745073724,3.751338879488602,0.0
3,39.78476776173516,0.021179467510705558,12.08146874229767,-0.0013002910428245452,0.3345451747284573,1.2651850867939674,0.0
3,40.55134442083495,0.022099722500513126,11.960871411845279,-0.0017766415420619947,0.4697987554215651,3.3579660805081972,0.0
3,40.06054811801998,0.020961234897932605,11.90900795120383,0.002840062580941533,0.41041016623637855,3.2100896307175617,0.0
3,40.916080654808745,0.02144442529253442,11.96085682445613,-0.004205773804756786,0.2969112086356359,3.955915383865218,0.0
3,39.81398234808887,0.016519123065301924,12.251191571335248,-0.0028537320647138036,0.3157469033448192,3.4180309280743595,0.0
3,38.51413270960031,0.018755893401309582,12.086131969414957,-0.007131781419879357,0.2468961699538983,1.291399991759981,0.0
3,42.01692196190118,0.02193487719625776,11.94680965315604,-0.0052551794292817955,0.273165578437681,4.585236349289339,0.0
3,41.819991930055814,0.022573174517261783,11.902267353564039,0.001673163280074135,0.1299831606600627,2.182369702991596,0.0
3,40.347018266378655,0.018649261040157097,11.95148388643937,0.003039748024219268,0.10003554618183708,4.32439209934582,0.0
3,39.87786352343753,0.020339749149870162,11.816147541697157,0.007347136286105685,0.23008962421002477,1.3363513541569816,0.0
3,41.56724605683869,0.01777874617407977,12.08300248654954,-0.00033829819516971156,0.04772865985968633,2.04650229444824,0.0
3,40.8136494721543,0.02114825320587154,12.01473347460568,-0.005949819023476195,0.1868128771829783,4.297619325983858,0.0
3,41.78324011194694,0.02009110550513969,12.020392484325743,0.004587040807787409,0.4238035836825853,3.159563614253464,0.0
3,41.03593517629595,0.01808720438465903,12.091820955197804,0.001852026894749772,0.25750018786321205,2.841572107156415,0.0
3,40.793986025508595,0.020479715216870913,11.933825250076865,0.008537972436407177,0.10969163276908883,4.665054913071366,0.0
3,40.01728916721693,0.01649566208880274,11.825576777643297,-0.0015837006562436611,0.35253808179973434,4.783712046390365,0.0
3,39.57261688136806,0.01857841958377458,11.960241788365792,0.009096969132793328,0.02166593119370286,4.398789187468051,0.0
3,39.91409452415956,0.02091919684555545,11.88199695544304,0.0004151552342022021,0.3068281588191591,2.7849641678582957,0.0
3,39.52914414289573,0.022341743531964477,11.906274799627974,0.0031592793185234312,0.0342863748604223,4.072287879638376,0.0
3,40.59829970194607,0.019683087154132393,11.91203434917478,0.00230720931121456,0.399087972334015,2.6729730581384614,0.0
3,40.807867162925874,0.019088125961859673,11.9126722405237,-0.0006949026707807133,0.13063355262343584,2.79559975085616,0.0
3,40.19876494600393,0.016086814733889832,11.94692330414475,-0.0017358144595520076,0.3193840131815047,3.5630773940016622,0.0
3,39.43663244739694,0.02131472149993665,11.975359845198662,-0.004169672241958057,0.18756588068066488,4.988911802182842,0.0
3,38.13848964714734,0.022023605994394006,11.939787950252642,-0.003475453109456928,0.22298147716978117,3.980795751753402,0.0
3,40.14295501985044,0.01864887571768517,11.93831622861301,0.001136551012011746,0.34801169366838836,2.0386124481530525,0.0
3,37.792838597326146,0.02176864705999695,12.137344778451457,-0.0007929317643440363,0.15718223925240143,1.1605585508003258,0.0
3,39.706718385028644,0.021281060587055266,11.931152002449034,-0.0002219815594370486,0.35162263314986053,2.3330696052260524,0.0
3,40.52387613361662,0.020313308128813646,11.982684154735091,0.0007725220725705246,0.3134560290046944,4.049234268946688,0.0
3,40.56702356528904,0.016615606320414866,11.941403555172208,-0.0014646747199952076,0.12045610829852704,1.0090378383451841,0.0
3,39.17991579805763,0.018556516388614427,12.155008701997447,-0.005258431083873071,0.4464933298368707,3.211373645952537,0.0
3,40.237347716324315,0.020281095037148596,11.901854089457077,-0.0038031266373150826,0.1414998144170314,2.099009433189196,0.0
3,39.98267663173352,0.018396320266666676,12.084360127095888,0.006879699793764809,0.37730108847232025,3.2760089667453114,0.0
3,40.13632171351347,0.019404638601651637,12.100092184108465,-0.007086523006007662,0.2307288653152212,4.395524617617111,0.0
3,40.51714817457428,0.021306046973648733,11.943696039534078,-0.0007713397414782715,0.35139208161676627,3.946957111748719,0.0
3,41.055262667088236,0.020986909092210952,12.019163868891999,-0.0020136414005680857,0.22915450233372797,1.0545713996062482,0.0
3,39.77005355929371,0.01985813618290989,12.035034551259882,-0.0011552514532608027,0.10125168290262482,3.5678252451023846,0.0
3,39.09077866938753,0.01585689007399425,12.011078123644074,0.000615058983406157,0.43510362509363626,3.2524178145901077,0.0
3,39.80255235602366,0.021809802234100763,12.060320286690127,-0.0048426068835084055,0.11644252776306785,4.110092290428977,0.0
3,39.74587444044831,0.020339649503683315,12.14356658039203,-0.011568196627779857,0.4507646029597488,1.5288993454089241,0.0
3,39.83511642978194,0.023411496994587538,12.047989630931257,0.002071576740540117,0.21749437361858387,1.7372354104847498,0.0
3,41.266807252048196,0.018186928509540356,12.175653021272478,-0.0082461538208392,0.12556808655854862,4.051388941978587,0.0
3,39.91382832359082,0.018049476054834555,12.058221463942008,-0.0032802913006188344,0.1978776792265901,3.8853285577217087,0.0
3,39.38954608258853,0.019666191233327916,12.023340575185012,0.009505270528952305,0.24599445209354875,1.404940670784566,0.0
3,39.79364644550829,0.017863378624347323,11.990914744390489,0.005300026734310944,0.49201254240747,3.169208624351566,0.0
3,39.882568080600095,0.020330586391929344,12.101670895846574,-0.0001084892764279589,0.4733980162773919,2.060696368730783,0.0
3,39.040810578243985,0.018779260337003653,11.900026471680944,-0.004556339102101716,0.3277493803697641,4.956097170827801,0.0
3,39.522556822928934,0.01768948535763943,12.118358015563485,0.005119975157163494,0.2181513743058915,4.1903232876001075,0.0
3,39.68604156795294,0.02200868938457353,12.095068432631487,0.0010982242978253734,0.2258223641373034,1.5378794024193527,0.0
3,38.62918255497263,0.01668696396583791,11.960156391381162,0.002414589536831609,0.39790553501333015,4.578944295170093,0.0
3,39.141727489122545,0.022416362555651496,12.07885246813683,-0.004378577102424982,0.10095161086838328,4.834444025781979,0.0
3,39.778518001446514,0.02222320715399302,11.880978105757476,0.0029205598192676876,0.3316163925827329,3.249026183234968,0.0
3,39.81496747897413,0.01645401298701608,12.0496032903737,0.005047540747500774,0.38970797511728184,4.559835914265449,0.0
3,42.21053392322828,0.015979182995065316,11.848811099450664,-0.004078333667741705,0.21961095482210496,4.344164334809584,0.0
3,40.63297678606266,0.02063205653379778,12.115143235895664,0.0006301183445860298,0.2025344052684388,3.8116416661101504,0.0
3,41.09058012053928,0.021908022903539937,12.169087634609284,-0.004511658630990334,0.3469932149478748,3.3490799006240506,0.0
3,39.429440095584745,0.02139189437807168,11.967757077516854,0.0033780935347933606,0.1344395746037368,3.785419177166648,0.0
3,40.0706687630347,0.020498296540797097,12.103278763008632,-0.002898602237561588,0.38774672583339037,4.602007406079203,0.0
3,39.7125724137392,0.017464456128381493,11.975286863162289,0.006614397806020796,0.051743433584916454,2.491062419518101,0.0
3,39.67191574786587,0.021212067866147696,12.042759054631427,-0.0018002476816475488,0.1998940654013141,1.2156744503385588,0.0
3,40.49624888678939,0.023113491415163202,11.991649729620116,-0.0044470161248418225,0.4324932240266494,1.6624687754614613,0.0
3,40.708414199947974,0.019243018850493968,12.078060883058598,0.0056890327924202936,0.43078709382623487,3.5036709656507248,0.0
3,40.100198574020425,0.019318601129185063,11.961393733619362,0.005481330792750725,0.13718633949991027,2.334128847384004,0.0
3,39.29429502166896,0.01967162909769517,11.85370664120699,-0.006019200252405527,0.20435931576906574,2.515215645769238,0.0
3,39.91834195798572,0.01843730532331421,12.170139014054005,-0.0013944584950643507,0.21948791706443038,1.2463138061715973,0.0
3,40.31080343398669,0.019909236254296216,11.890102884011526,-0.003279047485344771,0.23470554763481327,4.312866328999845,0.0
3,40.854278621688536,0.018329387849392007,11.833930205104421,0.0022331120840588864,0.2525428447513526,1.0303968279958875,0.0
3,38.34593753538159,0.01807218790505912,12.004100300914168,0.002206000844693918,0.22528279950548663,2.255392806423338,0.0
3,39.24448869089694,0.01957407446134051,11.840865634301062,0.003740134108847711,0.056682613026184325,4.717872314265099,0.0
3,39.36072142326916,0.022180100216905255,11.880589280308623,-0.0009540327264972378,0.46901966722487093,3.853749099523637,0.0
3,38.89719802538948,0.021663114247976102,11.871053742590448,-0.0012856217628902367,0.21193655197666933,3.3289632078513005,0.0
3,41.21638715950129,0.018756890385017086,11.841975030056448,0.004407660113084959,0.05792471574696051,0.8117386939239919,1.0
3,39.84482027953603,0.019982920152698525,12.091153163881232,8.1003585282826e-05,0.06055822188010185,2.7661353543094274,1.0
3,40.56369128741886,0.016486182688698427,12.078225645573387,-0.0039390738226155264,0.09878122197682551,3.8674112094876065,1.0
3,40.45650475190317,0.020350462175410845,11.883531043611912,0.0050210192633579195,-0.19227950380840556,3.5934304762049707,1.0
3,39.56925335112705,0.022000423552345463,12.121425607664937,-0.003562620600714654,0.14130079238299714,2.2589426765806504,1.0
3,40.33931428869083,0.020765110133620354,12.095326511592926,0.015220032701984345,-0.0493655976818774,1.3643979455277155,0.0
3,41.13525776157758,0.026977228905577737,11.868893282941043,-0.003378832319114644,0.20239680202642063,2.5634954372271066,0.0
3,39.19357609263402,0.019927516584237775,11.090949310736711,-0.009811667042306528,0.19377545834272397,3.610156731370002,0.0
3,38.025065864647665,0.01980962185068503,11.682029499826415,-0.005844034118984923,-0.06037850049570104,2.621176076459141,1.0
3,40.94373872264231,0.01801082294041635,11.869258628348007,-0.0011109483523917593,-0.1320382206372636,1.8809182777435196,1.0
3,41.47239214247974,0.022668927347159747,12.628452228547802,0.0016389868634263927,0.14015099319154675,1.6611226997849426,1.0
3,40.05515042137307,0.02069778967271374,11.597948672226963,-0.0027098951950116617,0.1828297180366187,0.49176351012983666,0.0
3,40.01055279210679,0.022490379659475028,12.263815760894019,-0.0005231828608395224,0.09189859017387819,2.9402873367442175,0.0
3,43.489560489358844,0.023482302859571254,12.704711260103936,-0.0027406960290882795,0.3383559084595553,3.6740208950278817,1.0
3,38.43729263743889,0.023842161120375415,11.522641357930125,-0.0008908361676144375,0.14468185564336622,0.47154104467118163,1.0
3,39.85171185027455,0.02256437753102498,11.94701749390471,0.00096771629494628,-0.0036046345329037166,3.283418669729453,1.0
3,39.46087821930522,0.023611060730621327,12.323731264921028,-0.010800044705975129,0.1485801499924279,1.6896212862086002,1.0
3,40.59407391375493,0.026017711272699365,12.507574426214845,0.003755998645971202,0.264972977981332,2.489324470133194,0.0
3,40.22228991901986,0.022135341838978466,11.55186158455119,-0.0005448193803185728,0.04479521219604485,3.7239042303634045,1.0
3,41.31933268390865,0.024985773593984024,12.77005171225377,-0.0015867070024321473,0.21027576916358867,3.3435613916390503,0.0
3,39.88304130378851,0.02678990608699518,12.125311074827323,-0.004099653029030363,-0.1005672387734387,0.24891803845849703,1.0
3,40.61079596833366,0.023320417168017894,11.704543103059835,-0.0007558272681305375,-0.189227349713404,2.856281009881475,1.0
3,40.7143547457842,0.02425018386874547,12.237695862638146,0.01066659604115395,0.2339779428863836,3.46524260163556,0.0
3,39.8653442874774,0.02207652891258328,12.40413382968756,0.002313084877321964,0.21643615627016094,2.606682162721752,0.0
3,40.06221330498987,0.028847627824640083,11.843693446679334,0.005225059656801772,-0.10314025529872961,2.0529629240867235,1.0
3,41.80395195645603,0.021475844207141548,11.988326605466508,-0.004480149709720825,0.14036162504605423,1.5910569446800595,1.0
3,40.608980124132785,0.025318802387258154,11.735765315522325,0.0027582623306347787,-0.12667095444200913,0.5470141928508093,1.0
3,41.115158614098995,0.02174607914667357,12.383502758586639,0.0007779149599554703,-0.17182566873514082,3.163649744835633,0.0
3,39.86189744881915,0.020385167997402153,11.822069171968842,-0.006743653150157475,-0.13281849155101455,3.7760078179577583,1.0
3,40.9947206724656,0.02817454027506483,11.60587841232973,-0.008104122530504932,-0.19432760473608562,0.688148805009356,0.0
3,40.90484607328587,0.025950592651172066,12.470986669272582,-0.003681309813644066,-0.058501869402272005,0.2900291276068926,0.0
3,42.00978125827283,0.02613061882700446,12.624316066749135,-0.0013031352456537573,0.19201705117303594,3.623028083678459,0.0
3,41.90399230871743,0.026430103155788913,11.780943219187337,0.0022496882319329183,0.3010772385182387,2.3357365895813498,1.0
3,40.0206266729519,0.024243280702581662,12.367080452922107,-0.0008721326805709964,0.09097173526769217,1.2223799544545773,1.0
3,41.285995856904556,0.027131186994718906,12.468336400792708,-0.001349185714237945,0.13113752208981838,2.511324530311202,0.0
3,43.077671560535066,0.02330144241285776,12.04002172083563,0.006471766364358517,0.3378694704879952,3.392414178318437,1.0
3,41.51671805411098,0.02684459096622559,12.132832535109674,-0.002089977737026221,0.3007179777744271,1.0049050110131583,1.0
3,41.70949281674352,0.025681273206939463,12.650173633052246,0.009087142300441456,0.1937069194642097,3.0854470586899048,1.0
3,41.27844314865153,0.029713518958300586,11.443509715617644,0.006106574506291285,0.12815659026857626,1.6823777593570934,0.0
3,40.1064616173401,0.02457896751845942,12.458254743865034,-0.006083483011276258,-0.17395682333552506,0.7921485126526614,1.0
3,42.21686505595473,0.026262425773946642,11.963072083660524,0.0027901010836797265,-0.11843997695369632,3.5416735245767716,0.0
3,40.29468150806679,0.027103844046199674,12.004250010543668,0.000680741587152147,-0.013598722687128029,0.6486029044968116,1.0
3,41.98280755473466,0.023715977025635937,11.53074230180769,-0.001983374401473396,0.11078758172429509,1.3330181012179199,1.0
3,40.0325818641654,0.025510455976258326,12.73220427245702,-0.006737910708048628,-0.18122231028460611,1.6745147785616152,0.0
3,40.73140839624803,0.022538041575352195,11.799032701106277,0.004317922044136282,0.2784084601914657,1.4749062777917228,0.0
3,40.43442989384167,0.02942490155721955,12.039092075379106,0.00409487703856906,0.029573289729429242,0.3401655307133391,1.0
3,42.32898554614192,0.031689961490041565,12.095198198356465,-0.0006976992746036695,0.29534662589820426,3.3830797620567807,0.0
3,41.0527233032802,0.026099431977071715,11.643288737980694,-0.0013311425564001493,-0.1636592893410293,2.818984898901768,0.0
3,43.414394660024506,0.025840366165994146,12.959549982389861,0.0005980410627828148,-0.042314060362540595,2.876088197552285,1.0
3,42.97899044713691,0.026269546681011533,12.40845738970408,-0.002503823773285406,0.24909424609929307,3.5121890608795554,0.0
3,41.58926904343485,0.025795394285885904,13.148990939932952,0.014969411603546905,0.04858839259333614,1.2661811044738633,0.0
3,41.91636183425083,0.028326598056826108,12.402400327546482,0.005722947024486941,-0.06507049351860872,0.43898445406400155,0.0
3,42.52122188019014,0.029745049119292905,11.447229325569957,0.0022648732064117537,0.21088266532830774,1.4877220594246496,1.0
3,41.65374203245305,0.026899903607510846,11.648902324143288,0.0018299027263310036,0.16255974390456301,2.5873265634127396,1.0
3,41.28365321558461,0.02836418729604782,12.796484389763952,0.00507224219491628,-0.058604642240171534,2.6005260988392234,0.0
3,40.061848653353756,0.02698608354837701,11.705051210255718,-0.0011765468598700193,0.1852734000425372,1.5652146582277249,0.0
3,41.916331744924705,0.023308444705066367,12.105012692648211,-4.031829309499776e-05,-0.007559358927378634,2.721227482516254,1.0
3,40.90779433207971,0.029425103475331515,12.200433110090222,-0.0017403393087872647,-0.12243403888180887,0.5457558235638125,1.0
3,40.97711255898235,0.03159324962430923,12.830477170940867,0.0023084160889131973,0.09368218226210506,2.177899899775719,0.0
3,42.603638131023125,0.03113918145216517,12.552531896993512,0.004486721863277562,0.20734470707681069,3.8904705608248378,1.0
3,40.266562073722895,0.03091714621303384,11.610595065520611,-0.001367819182020495,0.04701113200764889,2.6589521088016435,0.0
3,41.744845742805396,0.028729237326703468,12.340336604861056,0.005469812543588552,0.25158799755030464,0.5971004608644315,0.0
3,43.228098921411075,0.02908501364079214,11.823226622936117,-0.0012784925981443377,-0.0715984589076808,1.7374443286906882,0.0
3,40.89612013020614,0.026463309584470282,12.62486239984654,-0.006107873617981704,0.20880042775248406,3.3086056840002707,0.0
3,41.2635484016493,0.027323014118584628,12.135301457773831,0.002735875559489356,0.10585325533401155,1.7331812421046746,0.0
3,42.93619220563063,0.02582851435167445,12.171045370516579,-0.005442016631944817,0.2092322105846372,2.782751362701499,1.0
3,43.96695600548034,0.02679942368892669,12.3739245119685,0.0020712844052601584,-0.013766771179200492,1.0427580191484556,1.0
3,43.25016065616451,0.032529260486947806,12.910937034506993,-0.008356999880111928,0.06351313179069906,4.0706303604696465,1.0
3,40.42844972789402,0.02902379762217671,12.01598407351975,-0.005844422636086418,-0.12845341333088328,3.4312630722038824,0.0
3,42.03200651115649,0.03492897937421935,12.008247244034285,-0.006568308877158527,0.3231795787499915,0.8084295297699274,1.0
3,42.959885214152344,0.031668298252431976,12.058104992892392,-0.005879927619441966,0.29864938187094187,2.397828481129527,1.0
3,43.34329438887505,0.02845906667484981,11.855302763689664,0.0004247105571928611,-0.03985596632159759,4.512498656323293,0.0
3,43.64103392564178,0.03238295148690254,12.908225797980547,-0.0021555677943837456,0.09408342853643711,2.8364218008299336,1.0
3,42.46841138131247,0.034190535551167606,13.497622361737307,0.0008960546583774495,0.15300276219872527,1.5819374817967191,0.0
3,41.25250429143527,0.029757639899916616,11.701125841006542,0.008878561300462877,-0.16149840541520616,1.8450092592120768,0.0
3,42.809634491043184,0.034391527473634,11.779268456278349,-0.003604120377051206,0.38773920507198284,3.771360799551295,1.0
3,42.839087566176836,0.03358116136226471,12.245591854496418,-0.006316174530052053,0.030565267256560197,1.43325404911638,1.0
3,42.15785648910007,0.03206479922246481,12.35592371649587,0.011164756993444129,0.3160208591896144,4.122825529485924,0.0
3,43.49489427238114,0.029272956337706626,11.27514162854415,-0.003961644335483987,0.1875567616073141,3.906878546948117,1.0
3,41.10408696574149,0.03288635021908344,12.461051075237156,0.003828077993860865,0.18284945261391003,2.388002503963242,0.0
3,43.56967406826179,0.02976200253495482,12.233273278983724,-0.003092931985527077,0.270870157959944,2.534965735407793,0.0
3,42.42248634391516,0.02933724021970542,12.72443578163148,0.003461560348359994,0.35431731590137616,2.5380265999062566,1.0
3,42.33495110155115,0.03373209210889076,11.86049058065608,-0.008570296304309097,-0.04464149759642422,3.9355811953711983,0.0
3,42.786624723882106,0.035135402549463665,11.861543438480867,0.0038468947711412836,-0.01969822745853307,3.040712153560923,1.0
3,42.59192907312912,0.033226505146002436,12.532744121382336,-0.002512059531365241,0.2208879416033544,0.6593640473662599,1.0
3,44.75280612680571,0.0329902018668158,11.403673889097282,0.005469448062309071,0.058905012493489395,4.0051409789270505,1.0
3,41.988686762130975,0.0327476113217055,12.009372514892068,-0.001480760432422831,0.13758220216683203,4.027018841890875,1.0
3,41.40511884890258,0.033162333518342635,11.787332474245774,0.0034665338373193293,0.22598832082580575,1.4925532116798013,0.0
3,44.02138260208863,0.03670323593913244,11.307790928031817,0.002384683454135928,0.12948825393712027,1.0703349056628852,0.0
3,42.91067259293955,0.03422899662075419,11.870632181250333,-0.0027644166393407726,0.13143308040730567,4.092478597034563,0.0
3,40.6101622637413,0.030321697719939998,11.852731873737358,-0.009532897734056469,-0.13978767840798298,4.027627045284357,1.0
3,42.875447109341174,0.038445033947683574,11.451649388664501,0.0011655975124632077,0.29267435836293987,2.7651529440688933,0.0
3,41.5017268396703,0.03268793912492606,12.12300300837798,0.0023567411046640056,0.28064929725396826,1.470602815689579,1.0
3,43.067427660188585,0.03612759185221791,11.774280862958065,0.003341935422656196,0.16757795621896132,1.163478560293403,0.0
3,43.06154249432838,0.03148710999396226,12.212150509752739,0.007716016527920731,0.09928829632999674,2.8560936885290205,1.0
3,43.200819523595655,0.0349671022068649,10.927044704243091,-0.005948217933395615,0.3636678866276647,4.157534540659146,0.0
3,45.264547227847146,0.034017637573149004,11.634889049581824,0.004160088844021327,0.24622324663462292,3.4448610570214395,1.0
3,41.02461734145921,0.03213415830927466,11.335891131660008,0.007231586712269629,0.19862415563429642,2.983715083987952,1.0
3,41.5534199911378,0.03861528703779062,12.089473148124565,0.008189005224475682,0.060353163688666056,2.1093999051512022,0.0
3,41.59239355534529,0.03509810486377724,12.123153607624783,-0.003275477354431023,0.2956381565257834,2.324134963407831,0.0
3,42.01846354116679,0.03605546799675307,12.982050262474178,-0.0024480078623319848,0.04328573980484446,2.1605156279636675,1.0
3,43.432471409250226,0.03638656543638099,11.783159305325702,0.0018442004665567332,0.06515467376928119,3.392640417293338,0.0
3,43.90795383644729,0.03500665200562371,12.17474984853324,0.006649543035618333,0.024355801844324454,3.450369490968905,1.0
3,44.611524706917905,0.04133808814416372,11.435955917235104,0.003108343394439366,0.06376056647188474,1.5978290379705542,1.0
3,43.876024896601805,0.03798434511908149,11.780917118037832,-0.005424246135133657,0.24840551328647514,1.0746728349394818,0.0
3,42.827556628759346,0.03660605526474904,11.419167741895949,-6.9528805374892835e-06,0.17607943592973688,0.7069785712091189,0.0
3,43.449319682101155,0.03743740222880008,12.180272718994646,-0.00027671852436394535,0.19356486745420004,2.83362745847471,0.0
3,44.89711524072864,0.03865970356810796,12.067546978562468,0.002294797930376185,0.2508252112163056,2.3400117673431935,1.0
3,43.25608094843554,0.03628913686871478,12.111953033022,-0.005132725025530159,0.2738527528447954,2.293896268949865,1.0
3,42.63537274223568,0.03933250834515737,12.098803932134826,0.004596779324994026,-0.11662778886678654,2.101172622165328,1.0
3,43.12662449437232,0.03581768370456401,12.279263193315403,0.0003199641757849278,-0.08696540968086669,3.9251803033368065,1.0
3,44.484097598400886,0.04060053863418134,11.485655024460316,-0.0009608353564831739,0.26061453699818565,3.9455268184673025,1.0
3,44.31504384093013,0.03748663943393596,11.923638175357267,0.005811350008492966,0.011212964802892723,2.7257699568162597,0.0
3,43.28140336785191,0.037031216541522416,12.61947844702303,0.008101857967866935,0.30538991806225046,1.6602521949132687,0.0
3,43.59570564398939,0.03799474112968611,11.160334938258362,-0.00023185450024206734,0.05790960481515503,3.123559584156542,0.0
3,45.720483675426244,0.041947746821385905,11.250255858909005,-0.0118402588114694,0.3366097009323009,3.3382768447397493,0.0
3,42.22548665761542,0.03972685725397166,11.455292615552311,0.005308338685065305,0.016690772140394883,2.6323253033752065,0.0
3,43.24913129746777,0.04024247513526134,11.996884362163495,0.0008948572686205864,0.40833090730407673,4.191676802217995,0.0
3,44.21020322920883,0.04072465643073909,12.411079050776669,0.0020880398262612333,0.11855993045740441,1.3564774315454418,1.0
3,43.36860044094989,0.03553948833458172,11.260944830528668,0.007990721339500486,-0.06548460481774487,3.4614270216666236,0.0
3,42.60986753541669,0.037610292624111266,12.26361079308556,-0.0004032170926133354,0.2043615937484231,2.1699325225140846,1.0
3,44.34861054280543,0.04150728964771447,11.38345711164605,-0.002136718296928882,0.11357011847848483,3.8391452425106247,1.0
3,44.021836519801816,0.04087771037530985,12.575072806656554,-0.003533565601033537,0.13620465504161974,2.832455017995343,0.0
3,44.740106609354555,0.038244939764518475,12.331528982747333,0.004089406236393858,-0.011633679096439753,4.935143244598292,1.0
3,43.185474160933005,0.041494956894745125,11.927786881344622,-0.01151279241126944,0.12754759547937078,3.2655750937399355,1.0
3,43.25866797736644,0.038016818098722586,12.049454396337065,0.0072030877743811655,-0.06195702115234225,2.8345109810747733,0.0
3,45.33942428518164,0.04122150826451691,12.328761175649262,0.0006755555934742696,0.32003131383067823,3.394965132445216,0.0
3,45.18854984477236,0.04045296603358585,12.37853141662131,-0.00466347588138504,0.39176555629845905,3.179773996356757,1.0
3,44.183482447896374,0.03836235978281717,12.517723257954094,-0.0026157293893818794,0.11153315388688245,2.2076748477531996,1.0
3,44.09435723398898,0.03756736015144515,12.648201058389276,-0.0014553496246108883,0.4056687174672834,2.8585236346907688,1.0
3,44.67618978370232,0.041347842156358935,11.784059430880621,-0.0001945922525906458,0.4056690566626234,3.915151880800901,0.0
3,43.75727014055812,0.03964662400969522,12.149816675263384,-0.0056335297452726465,0.2491839461805304,1.305521710728844,0.0
3,43.18345680528536,0.04388927420219384,12.391975547575337,-0.008136539261597709,0.2141775360382736,2.774089471599831,0.0
3,45.44090725098917,0.03843418910770603,12.289166894993025,-0.0008566797767696727,0.41768800322457705,1.9528953604464203,1.0
3,43.59542741997208,0.042696842762523696,11.566104983067348,0.0013541339830336568,0.28362716421421935,3.23015356454239,1.0
3,46.18856799689077,0.038362072556344516,12.060057569771823,0.0021500690501523693,0.3306073833656398,2.0397664727738536,0.0
3,45.25264223453453,0.03966382019171484,11.874907544926444,0.00791786795382869,0.3291921093780536,3.1350700276897276,0.0
3,44.99163638680802,0.04192093733564449,12.02327359969778,0.00814053293584675,0.01033776795423913,1.599284267083518,0.0
3,44.34352225838816,0.0417633702172665,12.418051888352556,-0.0002061057056443185,0.39138306133999085,2.522012252211086,1.0
3,46.71756420760876,0.0426013200646939,12.081640816060617,0.000683941715101233,0.14354315133787995,4.419158154585059,0.0
3,46.08341860450177,0.0443940586515182,11.306870822060683,0.0005364652296292109,0.19896225208409155,1.3929174307324503,1.0
3,44.85518467832784,0.045832386687872206,11.611056883388173,0.007447796625115136,0.2143895290955445,2.3268018932252033,1.0
3,44.76033420455994,0.043814842059898475,11.80752061183092,0.004008655880939614,0.03226979269667527,4.606279513054942,1.0
3,44.05361807119699,0.043129994835270385,12.125093282049939,-0.0007070309927897476,0.22332033012615224,1.122484078565253,0.0
3,43.38251594468516,0.04476666339258513,12.216070024025147,-0.007314807733659579,0.15892357195201182,4.372843470615269,0.0
3,45.474827599316896,0.04272133895533181,12.130132488621427,-0.005951224776949796,0.47875667344827394,3.748478209305157,0.0
3,45.3602074993966,0.04301824679125369,11.057884990648736,0.0019381306304892562,0.43819852618383054,3.4426009290886266,0.0
3,44.33309196085688,0.04300126413496966,11.703306598930046,-0.006930094543692809,0.14401188620036506,2.189212307570443,0.0
3,43.28578858646122,0.04122382491962438,11.941242276648401,-0.00446397339651849,0.19245437714815294,1.3283223252150043,1.0
3,45.84464812829641,0.04267102528623283,11.99522079914973,0.006203567253919795,0.501180909084277,3.337120261203548,0.0
3,44.541972054244546,0.04315858689006957,11.863275900755845,-0.012230488617268219,0.3331193825331828,2.5512849587640796,0.0
3,44.948177151404934,0.042466179693829285,12.144066630625531,0.005951365002947914,0.30472493229361247,2.573990323185296,0.0
3,45.86048462307254,0.046606541177332525,12.19604588372757,0.005932460752190969,0.21848892165178735,2.8729657705791185,0.0
3,45.312441361916456,0.045212221500160396,11.705237880266335,0.0035382758809632286,0.14388201824099278,4.668644504746558,0.0
3,44.546963594228146,0.04188221444218708,12.029596317138108,-0.008996808203012128,0.04499702597244157,3.8733359117839843,1.0
3,44.64205752545864,0.04565293965173245,12.461031753073884,0.004360932202088893,0.18894716333659867,0.9755501947795524,0.0
3,43.73239588080292,0.04265956697127141,12.319861043947606,-0.0004504685712437061,0.32417837545060224,3.8517098858820864,1.0
3,43.904446734177306,0.046633311656923054,12.276418537151566,0.0054788745962260155,0.43541754912850117,3.091015525027242,0.0
3,46.55147194602109,0.04346904387669116,11.19467312636236,0.002701439017005965,0.3728352458961859,4.017611153531235,1.0
3,44.88592149709887,0.04302893072891104,11.764689823239607,-0.007289619767235597,0.3144337193844806,1.1955385169398802,0.0
3,45.067829910886516,0.04514037113957946,11.665417332707351,-0.0045893015927323455,0.2037806591557739,1.4707624331609535,1.0
3,43.9240111024634,0.042916876154129834,11.895269312214449,0.006530891417693926,0.4353905102965153,3.7242803418974657,1.0
3,45.32156312789341,0.04567485490802148,11.691802456006402,0.015842762361616535,0.05318389932185079,4.81900780099109,0.0
3,44.74807662428208,0.04814630168403178,11.900134334574894,0.0016939845001239565,0.10819688198374663,3.083830154387691,1.0
3,45.57279335281208,0.042971031858264216,12.383653552612579,-0.0021412671122135697,0.14182470293031166,3.231848913673418,1.0
3,42.89808489843618,0.04904876769360672,12.40349937802041,-0.0037905786804064623,0.2132263138138025,3.4387202722956696,1.0
3,46.252052173355295,0.04692632422248336,12.224590651115273,0.004415313088356354,0.49827737073892503,2.4695810404492193,1.0
3,46.638049408020414,0.0474344473132122,11.150512013148909,-0.005207550081318474,0.33293786221578275,1.7264152328402291,0.0
3,44.71853666628313,0.043971285354436354,12.129988023761012,0.008310136420442326,0.3670612876300856,3.934087857510656,1.0
3,47.24778597366151,0.04566113548422858,11.968715405806654,-0.0009080309620859324,0.4496377135234282,5.028228868244714,1.0
3,43.7029071405483,0.044634206409927026,11.575986627521424,0.0071228464477845685,0.4001736679825485,3.5055033564171167,0.0
3,44.011087201789344,0.04369583307567099,11.474360721623071,-0.004056230399026735,0.24204308086238246,2.8980378793937778,1.0
3,44.41402365942341,0.04590877119412617,12.264406662323907,-0.0029253345535810516,0.1937125367309213,4.119013100884813,0.0
3,46.59138932329076,0.04827971352816607,12.245765470994499,-6.554885062777887e-05,0.170550677280644,2.862059022426564,0.0
3,44.995958068770896,0.045962191912747086,12.861030621596631,-0.0037486205035427928,0.09968290376583919,1.0884114408755714,1.0
3,45.1187781514093,0.04821981664216089,11.400069072869991,-0.009512562054776373,0.2528233567735525,2.9849895805480724,1.0
3,47.445988100639454,0.049970482346595096,12.110073196246628,-0.012587621772516518,0.30903085565610033,3.008362480328566,0.0
3,45.25369933067351,0.05091774766740484,11.647630274321783,0.0050169819604395155,0.29658948467112095,3.0925099236404803,0.0
3,43.80540709316954,0.04746946826004311,12.74119490994461,0.002451321705245576,0.30359387580069197,1.1583903734442158,0.0
3,47.7430104351096,0.05136285830244113,11.781833728638686,-0.005461711342590654,0.14040516598036615,2.845854544583923,1.0
3,45.71796253128798,0.05476715487739372,11.659332332809928,0.0035674882398191205,0.10755583904301211,2.0374938845008503,0.0
3,44.408262147997284,0.04852626713588991,12.022969216689363,-0.00460409832704449,0.13932981787041507,3.342056060525052,1.0
3,47.16140361949148,0.05044180235856476,11.502204133541786,0.007272657067007603,0.2103816106975255,3.358453157640158,1.0
3,46.36071697539766,0.04692344738703812,12.089775206722043,0.007519776125513995,0.1348803415499899,3.207976988752099,0.0
3,47.44184938507785,0.04998621617015338,13.037487638397955,-0.004465606798577332,0.19759286558514844,4.101178158214175,1.0
3,45.08805531097688,0.052360834362200286,11.933942360451827,0.0015381623224610403,0.2793949377527212,5.012128986752839,1.0
3,45.535341866065096,0.05042326065479783,12.803069471391936,0.0054744062995640734,0.09463814567842752,4.8169491155148405,1.0
3,44.77375334262789,0.04883068726253786,11.830688225730807,0.003971653022902253,0.062078482135946765,4.182576894396192,0.0
3,46.818429582441496,0.050433447120345976,11.680348886710965,-0.004063289816535349,0.15041446781081808,2.4240149683625654,0.0
3,45.78189316140222,0.05354019982740204,12.152688985278413,-0.007657631204582338,0.07263767424324732,3.2626134939771765,1.0
3,45.60580365388656,0.05032472764452138,11.544685201724517,-0.0063819201012333985,0.48836390492209125,4.084118431997384,0.0
3,47.48784029854808,0.05056785028449806,11.648678169502356,0.00017069707745986142,0.37515270517847243,3.493793701055245,0.0
3,48.00320060817147,0.05387137152713798,12.228670623344668,-0.0041326335176800014,0.594414249101405,5.38368965575656,1.0
3,48.4696595787047,0.05096424556998683,12.049227278589537,0.0011732574892451841,0.18536243003801234,1.7693174813676271,0.0
3,47.954801784722854,0.04961422070004651,11.239679082615043,0.0011124107056177817,0.42534310677319265,4.352744972216614,1.0
3,46.36475649824604,0.05292326613013601,11.994003399828646,0.004758510248360208,0.2023285584125296,3.2501177053514545,1.0
3,45.85042427308007,0.0530936840081871,11.860775537760247,-0.001178071254086314,0.5417390787996144,4.058748572882394,1.0
3,47.05362753770444,0.04906101646435608,12.258552401866027,0.0007938807208887209,0.3531776066929016,3.0614806660285008,1.0
3,44.977794624095914,0.0521054201943154,12.543669152059465,0.004313828651171756,0.4265429635488266,2.66548194547684,0.0
3,44.40320898693178,0.05323212390238345,11.710303453003634,9.622212948780157e-05,-0.019521003185996436,1.8116653609581859,1.0
3,46.430470915510085,0.050889564488113236,11.53994589917733,0.007220280063254842,0.10487268783211542,5.095300981459985,0.0
3,45.57654230509787,0.05464415593351349,11.807832387521314,-0.0060623752550772484,0.5086503704874279,1.2672082910707045,0.0
3,46.7479731271704,0.04980832483167673,11.553186587287053,-0.0051961701022790255,0.19203538405558995,4.6306062050239465,0.0
3,47.60437194036143,0.05349486896229272,12.258661089837833,-0.0007209414779681692,0.3625839659003699,4.892999572247139,1.0
3,46.66443248820746,0.05247430309781559,11.946841631478934,0.0001101617711960813,0.4214870778075742,3.494864627599579,1.0
3,46.98842508543011,0.05165978826491308,12.044444190920242,-0.002976901030650504,0.15405709626998482,4.15409088926291,1.0
3,45.542983484027836,0.05263861803774254,12.091727304864351,-0.000552458626551919,0.2631353705543241,2.19643389202891,1.0
3,46.38593397829709,0.05255654620472281,11.843637893225008,-0.0024106525484498087,0.5662630325571909,3.141172170339568,0.0
3,46.40226847586735,0.05252724045780926,11.929588757385863,0.000551031827992285,0.2817224109258313,4.141151206613312,0.0
3,46.84971431248894,0.056256250952684966,12.119105408514159,0.007700908579394037,0.40866033644330135,3.5519336739133847,0.0
3,46.3248613632684,0.05390664767497442,12.375368605106937,0.005765765762581142,0.11115743083844953,4.50271518335126,0.0
3,45.688678836793564,0.05658637216992259,11.800221382269562,0.0006033760412973697,0.2527540808254327,2.3875552414283905,0.0
3,47.95130307109109,0.05072209999452981,12.055162452774477,-0.0024422869039768596,0.6463919244479054,5.249367477200771,1.0
3,44.60529683083412,0.05387571736835578,12.968000070579333,0.010276136187651582,0.34181601420791563,2.2801401670749772,1.0
3,47.637945569269355,0.05610969517049046,11.538529126792943,0.002215112802885135,0.3732442213661126,3.870879932365533,0.0
3,47.53448085984654,0.05265289077290556,11.556147215363366,0.0024852473039201515,0.3035279207227828,5.018045547007958,0.0
3,45.60745894030463,0.05185907608163058,12.15338713522378,-0.00012157357397285955,0.11343631874815881,1.8071316578345125,0.0
3,45.7158675704843,0.05099734595339324,12.342254569932818,-0.009709307137975711,0.4989013653323505,3.444874807117834,0.0
3,47.257732137910196,0.05442825237015381,12.077038134615087,-0.003506965577958725,0.147019708587012,4.30687092608241,0.0
3,44.72573527087374,0.049266679520102094,11.688347213201121,0.0038764512213640442,-0.0027725028608419425,1.7175201647461327,1.0
3,50.330620666642965,0.052771356868069746,11.944098384774563,-0.006408358721351121,0.7459550758721536,5.9434220154251935,1.0
3,47.2582764457096,0.05922673161119767,12.491688589079994,0.004631653699548435,0.19343099038959885,2.9068357264916798,0.0
3,48.86824632037667,0.0528456424065802,12.171264007960835,-0.0015996943124966807,0.4725739242927672,3.1636190279523495,1.0
3,47.83993122425227,0.05171676524275517,11.812330152972233,0.000138812908949571,0.26805038288159855,2.0452974573244536,1.0
3,47.2076958702469,0.05592430115636293,12.282985339741108,0.0003002919466259346,0.12787243014634392,4.6337686193672365,0.0
3,48.132586866268404,0.057261109042488434,12.003561478503356,-0.003416953969122203,0.2204522226787244,4.451692773579412,0.0
3,45.83068182007882,0.05348638682434786,11.63905009162649,-0.010389939293556421,0.5408070817962232,1.7663882323015714,1.0
3,49.33885958936789,0.059165113751340315,12.035611244498304,-0.0038752239514684636,0.4612176901537574,5.079044036391418,0.0
3,48.44852842979788,0.05912853114737353,12.964513344674392,0.001130816987216541,0.4410028991309658,2.881346980039372,1.0
3,47.176959568763564,0.059005577121197667,12.100402662875995,-0.0001481678303034795,0.19564743891549397,2.755663193343043,0.0
3,47.77469366874329,0.053485022944234475,11.814978320936353,-0.00023389860566743487,0.21319165272647786,1.6946053287038683,0.0
3,47.08813682819691,0.05157416646639464,12.614915456345953,-0.004344590443556142,0.20867485145203407,4.881547711406988,1.0
3,46.63705250098484,0.05596226744423852,12.250355467670506,-0.004451334330175345,0.4423266550542677,3.5535419045798866,0.0
3,46.78423300102449,0.05809916587352397,12.613206474132971,0.003683166468453333,0.09455103227064851,2.916392126884982,1.0
3,47.75968689914157,0.06001571284275606,12.361454366507564,-0.005800902770015305,0.2557917252479657,4.008458750243113,1.0
3,47.7028684716813,0.06124428922690622,11.683715354843761,-0.0008963940207078019,0.5898150804475109,3.5720886396117293,1.0
3,47.93474139405049,0.059111170750670496,12.774483161320031,-0.0003935655272079347,0.5500872812911479,4.40055743927187,1.0
3,46.57016151320304,0.05941060233414755,11.440273882742366,-0.002764125177789583,0.43337024481478464,2.8574333562728045,0.0
3,46.19197426906722,0.05684752636537853,12.113962201343476,-0.0013279547001726082,0.17402586187792918,2.8544373825032254,1.0
3,47.96950292799342,0.060126723041800986,12.809619490657456,0.003154544666156611,0.5558853661963855,5.099833221173311,0.0
3,48.09115242968472,0.0601057277931915,12.24055188528557,0.00576796596545633,0.4625272647099918,4.6536913099418635,0.0
3,48.29420196835642,0.054755351964915565,12.087725046978708,-0.002044487400044333,0.42533763379945827,4.322970261511636,0.0
3,47.971220114213104,0.056820317165250794,12.37344492596829,0.006904902785710602,0.37605265558096324,3.3330451394636316,1.0
3,47.30464973050364,0.05685217667121307,12.073953955950175,0.008113199608672503,0.2550674317608568,2.041835519122235,1.0
3,48.73085848629354,0.061515574365868075,12.033213455137103,0.0017729855686047717,0.5923216603717608,4.049265051852839,0.0
3,48.31403884538933,0.05501112879471806,12.874000945798354,0.0015879174652830754,0.4017015350554213,5.3677919992405965,0.0
3,47.59836041674318,0.05751153784449966,11.886183700302261,-0.0008891058810948768,0.14990424631388946,5.40905545153154,0.0
3,47.73756532394581,0.05980622191486729,12.567943934508753,-0.001904742700108681,0.4598017733036873,3.8031714383955757,1.0
3,48.143240699948684,0.06005338968169357,12.787696299635966,0.001992724613655744,0.444866344146976,2.130470837102475,0.0
3,47.55932457475064,0.05970274645665997,12.100460755334172,0.007869782527066318,0.34462681850222254,4.522969599462491,1.0
3,48.77840623636489,0.05710446638905642,11.61152407910477,0.002216682634079772,0.4700879577648686,3.552971098148343,1.0
3,49.096154911760124,0.06000448300114353,11.95314539852934,0.004637190486903127,0.2890224986105772,4.665626871255804,0.0
3,46.59502269069371,0.0573769165622298,11.77290608294083,0.007626251647512864,0.2747276391245401,3.6017397162822435,0.0
3,46.810294289506416,0.060638084910170024,11.69807836757687,0.0022155642528597216,0.44667543813469746,5.031956972009184,0.0
3,49.43912981298139,0.06330813724701216,11.797600689694212,-0.008582417310941986,0.6450274517966503,2.5714140303330524,1.0
3,48.22222279247853,0.060832641900339005,12.466234349253284,-0.0026224233150935247,0.2595876036076875,3.2844113858992707,1.0
3,50.418990949229126,0.060674246717778754,11.747600038913605,0.0019678826480021843,0.6846530874052282,4.309404518493972,1.0
3,47.818731784513226,0.06307628351918373,11.78047030619219,0.011803248013489791,0.30804820317781556,4.765949364070534,0.0
3,47.10785702023234,0.06174341258030346,11.382371822597436,-0.002440265815469913,0.19076405972638627,3.7561122365801807,1.0
3,48.62041995853037,0.06217210244035158,12.379877003108794,0.0058850759853496274,0.608978703961875,2.83709220355856,1.0
3,48.187645511334594,0.061623337456770615,12.684169550295882,0.0006352095002651699,0.3652672813381648,1.6999751506128522,0.0
3,47.83944391490188,0.06119990298994925,12.144768204576598,0.0014618989541590685,0.563581995487499,3.769030854287166,0.0
3,48.52001626924701,0.061855611835649235,12.349094450273915,0.0017982864452659284,0.34762156472467154,2.622107400594816,1.0
3,49.438378670895325,0.06458558328619918,12.304614856271957,0.007135708540524438,0.4612212868976834,2.0357565466978063,0.0
3,48.140063871410774,0.06295874343621181,11.916975822019575,0.006805167221716986,0.3940799281154756,2.925794250861448,0.0
3,47.83854380938545,0.0628007289189256,12.043086713768794,-0.0016884820054414956,0.23643425162143725,1.9422710638931595,1.0
3,50.318468493032434,0.06496883390227248,12.197653647274944,0.010085398547197363,0.30797708527150214,3.7122547498035594,1.0
3,48.54298317362443,0.06258060682046926,12.525462618560633,0.010421919190484628,0.268289444843833,4.6281127203475725,1.0
3,48.18655093967045,0.06372421013707869,11.573857678865071,0.0022877680175178816,0.311591159180173,4.830417989317876,1.0
3,48.23828536335411,0.05741116453118715,11.943151925365335,-0.007688532378709131,0.275030350504782,2.450238135059516,1.0
3,48.13727579324025,0.06372979757512831,10.863312576251309,-0.0026613558269691752,0.18609465889699733,5.59325170151009,1.0
3,49.44507089199537,0.06308371741833019,11.721820944495866,-0.005402426669166587,0.3567503268746861,4.991895933022837,0.0
3,49.85185951725603,0.06215822066214294,12.520630887956681,0.0028261695829382124,0.42845945389139317,4.328052089242297,1.0
3,49.70158018096666,0.061134279433420785,11.995659507469428,0.0046928216928294065,0.44508328072836323,5.7420009149750495,1.0
3,47.24723880602454,0.06097186479706519,11.167199543243111,0.004570821061232878,0.12113317500593601,1.6479904435431902,0.0
3,49.51237925590067,0.06493085298819508,11.819339324873596,-0.001985299732854778,0.6355863797129555,3.5962675715362646,0.0
3,48.467324322944435,0.06401462124344807,12.023809891092187,-0.011307965736938819,0.20924062140336183,2.8689050078026486,1.0
3,48.69119763210863,0.0669263807626647,12.027596517750323,-0.0007192968058215318,0.4227243428788233,3.2233341741193207,1.0
3,50.02161488561494,0.06481900667169294,12.53337207214879,0.001775102872615552,0.3651344614903069,3.401314784747018,1.0
3,47.59841064228218,0.06623925970967919,12.049330564381737,-0.008613736816212103,0.2571772840358423,1.7165130061156955,1.0
3,49.55464312132797,0.061120519573323186,11.673821716062706,-0.003964553268273179,0.7064967160680271,3.0529455431025894,0.0
3,47.80229743356911,0.06611036150064484,12.222195188524648,-0.010629196738709466,0.26651991123955177,3.8132408966170033,1.0
3,49.58613165933856,0.06383406696983847,12.810789949215257,-0.0069795157383751175,0.6091739008761887,3.3763016292209604,0.0
3,48.636382795222076,0.06608336992828318,12.714077263137776,-0.00041348343754900665,0.5940602021398619,5.1956916161778235,0.0
3,49.045677511582504,0.06619493810669431,11.31402126157393,-0.0020230150959683977,0.36212966641791333,5.317809078912785,1.0
3,47.7118729236135,0.06341136579200082,12.428019094295063,-0.01202961067682444,0.5848161708822621,4.329056127975477,1.0
3,48.889032246169904,0.06597469384689092,12.067785742875422,-0.0061197634755868835,0.39516905504847855,3.1388900547828626,1.0
3,48.3523234967308,0.06400377077797274,12.293385532255488,-0.0013819340952361584,0.17546082809301675,3.181694480677683,0.0
3,47.970184648035456,0.06442285628586385,12.635697208945071,-0.00021982477578594783,0.20719045920617676,4.164750372240977,1.0
3,48.16226827733326,0.06627028197210899,12.323278846573507,-0.0038181086746615547,0.4083977707866473,2.8546685747060607,1.0
3,47.6999406402455,0.0652223021719133,11.462178724208785,-0.0024893282835819065,0.47202693163914355,3.307800292005293,0.0
3,48.695452567186436,0.06674650212237135,12.003261074481703,0.0018544904459922437,0.3119257984686141,2.3930156132669635,1.0
3,50.764229478800225,0.06724408871640311,11.86892238879057,0.0037028741603927348,0.7670217693521129,5.558869429432782,1.0
3,49.50737317384179,0.06709081949699133,11.768982171226448,-0.003401995473958784,0.48578438882468816,4.146810168648184,0.0
3,48.56894217600175,0.06551921999745661,12.792734887271092,-0.006673941071465195,0.21698847523826315,3.5717057545328577,1.0
3,49.37539301741252,0.06603826960584454,12.242990013518286,-0.0027237528502037744,0.4674880185088839,5.798361788278789,1.0
3,48.82492689717459,0.06467872385139417,12.429247776662091,-0.0026006633957731413,0.4160649877936481,2.3742956604921117,0.0
3,51.12041953064978,0.06668133961502784,11.833599548901775,-0.0001468297851113314,0.803597437043719,5.764180799750297,1.0
3,48.63280840331859,0.060499968023671136,12.55516798631369,0.011547134526824787,0.652217308304751,3.3504676105487055,1.0
3,50.571272833050806,0.06872244494275076,12.091055959891726,-0.00241473019400105,0.3557073823503654,4.3458463028244765,1.0
3,49.07975323164473,0.06674268153784134,12.59523119979158,-0.004518909110477978,0.24840934702712414,3.1398552475971506,1.0
3,48.27412805580637,0.0675390044540811,12.41353239369371,-0.006983053137527677,0.30710826607986974,2.075246899780475,1.0
3,50.08531983090615,0.0690641910810382,12.504352140774737,-0.001987379639051813,0.6200928195640947,5.835856421694528,1.0
3,50.08265319807267,0.06984097347500043,12.45551613490888,-0.0038529181544275644,0.4197959686843755,5.080254831951396,1.0
3,52.863703961356116,0.06766184842148028,11.968133232756804,-0.0004811597336956105,0.5587524716856683,5.927727647306424,1.0
3,51.41702185672032,0.07159528200020437,12.486869683254506,-0.01323635334656721,0.7818968874493464,3.3069059901817104,0.0
3,50.33564553158217,0.06703635445789834,11.92524011711766,-0.0023202935369288848,0.35588731381015076,6.025194514053492,1.0
3,49.63956170570091,0.06730358975449269,12.329384571299192,-0.001509129149167987,0.5868937343361134,3.6986279283544636,0.0
3,51.59549881505883,0.06854970469349647,12.903765138847357,-0.008457875307987696,0.38776734409589897,3.4849056296486447,1.0
3,48.7029370029035,0.06768106744408581,10.786449511779619,0.006000945201306551,0.4523317304848765,4.574811932998546,1.0
3,50.043345415921976,0.06980842958415381,11.432105618140747,0.00047148408920167425,0.5994003339744447,3.271036101096679,1.0
3,49.109067778601855,0.06839875121088379,11.753912384329256,-0.00882552269713199,0.28795612540000903,1.9015679881080405,0.0
3,50.395991095248235,0.07000032228601627,12.264991364905613,0.006749896898428174,0.5805609742417805,3.567846514527388,1.0
3,49.34511271567395,0.06786823817199414,11.395837647802985,-0.005182156959350822,0.29728733822275244,2.13774739944551,1.0
3,51.138259147928025,0.07035086864680247,12.084529855372319,-0.0002791401750235316,0.6161381873875977,4.98988564341797,1.0
3,50.90488984634769,0.06975621619544248,12.071360421755616,0.0018086411362650818,0.39600679892847884,4.243658851393294,0.0
3,49.464508610644856,0.06856925419742352,11.940713712738411,0.010493976141945232,0.7048555628423577,2.1554821636278447,0.0
4,40.44904933486787,0.023302899502589958,12.172899525872328,0.008939922506835436,0.05526669436118575,1.0295793130278654,0.0
4,38.4792097533237,0.019263197578005004,11.788007719775623,-0.00762682101826294,0.097798543374089,2.5774754367798365,0.0
4,40.73552523646746,0.021500954431834023,12.192146690982756,0.007095652705689806,0.3881275521091423,2.606348180138263,0.0
4,40.056129928710206,0.020823214146619275,12.165461114591334,0.004241427480074657,0.2938569600753106,1.7412898391712157,0.0
4,38.86060876999926,0.021002685540836154,11.960106429485178,-0.0067565978353512504,0.24898780738569043,3.6330598728902475,0.0
4,38.2704853768773,0.021004996621233406,11.977160509674675,-0.004848171375297435,0.15739538050826585,1.983620935086304,0.0
4,40.28131606849593,0.01954584210401349,11.854253147281293,-0.0075813810657447194,0.447631748618755,1.8744373614781882,0.0
4,40.492564181968675,0.018481155792118335,12.159849788548405,0.004976826046017119,0.08414683222734981,3.0259286186954206,0.0
4,39.459728184313725,0.01829785537497387,11.941485464519538,-0.007299677631180385,0.30870067089783815,4.5354777014670375,0.0
4,39.086666706700925,0.017257360284025136,12.166476472159403,0.00047087072451100503,0.22141390433501273,2.840136539640302,0.0
4,41.014612268348834,0.021104834661859074,12.159972398181049,0.0028978228014330545,0.22774786497302812,2.4877225182399143,0.0
4,41.30272646573152,0.017730537106069172,12.071331534805678,-0.002708497329559295,0.49722011500199986,2.9333725688004253,0.0
4,40.38091217578032,0.02073462864542179,12.048993793457177,0.0038958259608689585,0.3886158264419781,3.7438594721884613,0.0
4,40.818710324030135,0.02303061516575735,11.912276623300484,0.00711744751898589,0.3535511829813407,2.6733057589671954,0.0
4,39.7911250221028,0.018611942521095676,11.926871081060675,-0.0023806958158257632,0.22076877009619866,3.3905144569206325,0.0
4,39.477800675578976,0.022437221918753074,12.038489296252644,0.010420244953488828,0.2158288885635194,2.1750421614176467,0.0
4,39.61467089727559,0.020229957228633463,12.041626599019862,-0.0007778172637297047,0.4401830050210754,2.775859768515075,0.0
4,39.75067523675811,0.020267115667560516,12.04152217417395,-0.004146325997516565,0.40723316910983637,1.3687896899775023,0.0
4,38.419906010493285,0.02073694229747176,12.230104206085462,-0.0046170954723078,0.3431888042161526,2.959669800272867,0.0
4,39.856634321405764,0.018307243133771724,12.082806493495761,-0.005271678769763552,0.35047853663004247,1.226162678713815,0.0
4,40.429130604727234,0.01894790771453082,12.026785401657738,0.0025661151882956346,0.4517324594187395,2.5234952380355296,0.0
4,39.2341343383011,0.019352788575368842,11.925087136743068,-0.0026865117413762763,0.12282370624950678,3.8434502082486994,0.0
4,40.676018651560945,0.01779475922687144,12.011320670636115,-0.0019340679629312795,0.37494475798238724,3.9069043892211965,0.0
4,40.70414355266507,0.020028430294394255,11.948474494848089,-0.002341364411644593,0.014681039867973422,4.685091541204457,0.0
4,40.47289671861447,0.02223838683538487,11.852550261242078,-0.004711009061471047,0.31662825888147617,2.0185335884598254,0.0
4,40.735281045042846,0.019050510442929058,12.090933107467551,-0.0011181783583616698,0.19677416132260017,3.5212174247106223,0.0
4,41.139480559186616,0.021055201239366293,11.981870933600922,0.0037915274433372014,0.28803443304652593,2.1081011606605036,0.0
4,38.254752420638994,0.02379378508134434,11.980816221573573,0.0021889413959451437,0.19767406840628787,1.1558330187277464,0.0
4,39.32994294421883,0.018167152160464356,12.072731493740685,-0.0018650318426164283,0.12536652072039417,1.4976669939397542,0.0
4,41.00672756373637,0.019141619132451895,11.948889066578083,0.0049316274927623735,0.3401622638946514,3.3663700277235846,0.0
4,40.76412080681966,0.017866766881621345,11.919809362704909,-0.0029704568708375824,0.34263610563876673,3.8504326713883628,0.0
4,38.71808237962183,0.01969913089254542,12.076951784950298,0.005482604644136456,0.28895482797433814,3.5037760236912483,0.0
4,41.15601121764046,0.02203914194311693,11.817342922025365,1.8875249581043025e-05,0.09865008722655083,3.3171744626917476,0.0
4,39.8292759092079,0.018390622182978503,11.960180134252193,0.004084223352853412,0.33836195576518796,1.502334023175127,0.0
4,40.98674053603768,0.019012781500345258,12.022761979727717,-0.0044036703968425754,0.13891180278218385,1.994486356110587,0.0
4,41.148719369030374,0.020982490628262344,11.968234648693306,-0.0020360549988541845,0.08453087346282928,2.459333143910213,0.0
4,39.946697141717046,0.018547841225612195,11.919838563712315,0.0008600214459019092,0.12038208158438268,4.550957299554574,0.0
4,39.002776888462115,0.01877915805179932,11.901153222174145,0.005635263568514488,0.4184964556101674,4.414740142272238,0.0
4,40.71833704164542,0.022537632638822185,11.918851529491592,-0.0007705068472157343,0.22526551058393568,3.7007416721247823,0.0
4,39.61011741817604,0.017169885653850907,12.095919211822324,0.001728952789658031,0.17767452803591843,4.430992214939751,0.0
4,40.65767079974503,0.019568439867301834,11.835590422303332,-0.007377437952421892,0.3899122981526668,1.217315374564302,0.0
4,39.00936283491821,0.02070013173001597,12.15987967493151,0.004336274434177186,0.05677900814986814,3.0532203910578946,0.0
4,39.15923654737291,0.02080267651318685,12.092239810980072,-0.0008718108314965724,0.4941523538659406,1.6897074932913534,0.0
4,40.745336719096436,0.020733093342089965,12.003838038912583,0.0017412337455587244,0.4299956311236326,3.8513605190810716,0.0
4,41.465121499225255,0.017400475209324973,11.954407681821953,-0.0018252119138222286,0.1161000797291431,2.9209382977294744,0.0
4,40.81706631379782,0.01668876387521143,11.952960547972616,0.008378425916950944,0.2783547427275899,1.207023195544604,0.0
4,39.950347462449734,0.01636427947261802,12.068345141483457,0.00510196433264987,0.09969019037821125,1.6030798701867823,0.0
4,40.94354865830567,0.02013409219034149,12.00457361803252,-0.00033693153122848666,0.18880857092953884,1.5431656747472386,0.0
4,40.790459106540986,0.02011551131825229,11.990558922849035,0.004937729713834107,0.20634572645227128,2.4689607379658356,0.0
4,38.768141712529925,0.02326313479692055,11.97143301966757,-0.0016035249170562218,0.0946319964255879,1.661968643282035,0.0
4,39.14094441405223,0.01772452658019468,12.125861809262943,-0.0013426705990527948,0.07073032594203743,1.1116046039123497,0.0
4,41.14545408032133,0.021539322946534198,11.862641828052352,0.0026173828395456163,0.32110966275183067,1.1359573429272736,0.0
4,39.83213578469095,0.020988143198635886,11.969887872474926,-0.007209385118236305,0.3875438339186324,3.4960893241353257,0.0
4,40.76101636990427,0.014243122795490032,11.968694986244236,-0.0034866750112409724,0.1114536330856245,4.611555847879474,0.0
4,39.44228390822155,0.0204250994865552,12.000147064114062,-0.005447731965305005,0.21482372538481848,4.954046087044507,0.0
4,41.143560928994376,0.022758014016378825,12.08708863440462,-0.0018712357428033234,0.31927184035440165,3.6524007355360477,0.0
4,40.921531089688905,0.019710840825135807,11.978244611640992,0.0007558974167389915,0.06623962625245278,1.1313278059152765,0.0
4,39.983146817726876,0.021058626448842044,12.01097349627415,0.0014353028949698962,0.48701419394468454,3.72304488755149,0.0
4,39.83431721508283,0.019671019819712088,12.066515480402554,-0.008280951935444914,0.47522505246885804,3.7249335113323436,0.0
4,39.44167365872573,0.018443097199287713,12.164304237603414,-0.004921519750257081,0.45846613505642886,1.689671059838989,0.0
4,40.13121714713487,0.018366679206741225,12.014290277824616,0.0028421265258832917,0.1869122799777702,4.637040689519846,0.0
4,39.39562445464121,0.01761408827675315,11.958550929187039,0.008771681360158467,0.3779529295032913,3.740818170814575,0.0
4,40.09978595980555,0.018395864583464643,12.11852174994024,-0.008307483736122105,0.038064167794591264,3.4546807702375393,0.0
4,41.31656774628067,0.020763159658875,11.812603078981995,0.00046535220236213116,0.4618612674017357,2.827659911521473,0.0
4,40.806809699834645,0.02124792011686175,11.9728856119491,0.0003239588257537006,0.3564217364515805,1.538045595555023,0.0
4,41.48559264168312,0.022775783630528117,11.998269506976937,-0.0068001349175302594,0.4025447254253496,4.549073503850854,0.0
4,38.35121038847313,0.01956186666948722,12.140146641966094,-0.00010140743534292383,0.34884163131691515,4.743951157121554,0.0
4,39.69614183904992,0.020884995178036086,11.760508798906933,0.003551731161724466,0.15050303229121825,3.444345651310571,0.0
4,38.91809632487591,0.019785646518094464,12.147069624503443,0.0030558005867466994,0.47275040311540695,2.9397079443801224,0.0
4,40.095410263767064,0.021080547141597093,12.070642921378289,-0.0025772396131183706,0.4346604721569785,3.43780297716639,0.0
4,39.88644676833726,0.020305369894274308,11.912729777573425,0.00152707016229955,0.420237933332088,1.201803772315945,0.0
4,40.84375085696143,0.019109021001110022,11.930956048648044,-0.00424185969519866,0.31561878650016534,3.6423883020072703,0.0
4,39.97695964634899,0.022967224651106344,11.880898067830973,-0.0012464388418108674,0.05655980270655947,4.363471703170962,0.0
4,43.396565500527345,0.018200422105436306,12.038622042031939,0.0001887420464704442,0.01947632082487727,3.1344635261985765,0.0
4,37.790827550234106,0.018685577067667908,11.807926978591238,-0.008813826983706793,0.41619645776916514,3.836841138698718,0.0
4,38.870332470891746,0.019650210442739405,11.952550933771208,-0.010548138644959546,0.3731498482684231,3.430977369216861,0.0
4,39.726462198419384,0.016858106574984752,12.074724106915959,-0.004965102138266343,0.09630137010549561,2.9702284250838744,0.0
4,40.31891424892985,0.020854099619522552,12.081716381402657,0.003094870507880095,0.4670570092873649,4.516790287882721,0.0
4,38.88242894953501,0.018952895326257012,12.0307118574983,0.012479183821565655,0.3229544440382704,1.0682899008943862,0.0
4,38.89165118929058,0.021291378136337732,11.969868491504803,0.004253513825064283,0.3184738429701675,1.347071704526356,0.0
4,40.91423118510823,0.018029883535252877,11.988592476287046,-0.002266409761882607,0.19644030431698006,4.65315877740715,0.0
4,40.2117828462699,0.02135597954938143,12.008295380809203,0.004769304403608708,0.17935286999210293,4.262978387203146,0.0
4,40.57192738523653,0.022736065866137425,11.898065804905581,-0.002654914878529943,0.46787500270488525,2.9395825497570702,0.0
4,38.18090598882181,0.017360418645374288,12.085539572896495,0.008380297720466995,0.49281889728444994,1.679548486079395,0.0
4,40.59352781600981,0.02036714663532551,12.043943223785394,0.002575095351029208,0.05431548337193404,3.5407993605872274,0.0
4,40.345266835748674,0.0198771646701266,11.944683144295324,0.011707531703346786,0.158200048552531,4.9273078036420745,0.0
4,38.751054269097544,0.024110765200290592,12.054879208220662,-0.0038090603143880546,0.0686349118271859,1.6866668167372438,0.0
4,39.56424649416903,0.018474162478404957,11.741349500266157,0.00255629855284462,0.17606301753788506,2.830971840820806,0.0
4,41.54856650267496,0.020574935506429855,12.012690395671445,0.006941782693083498,0.1083353756390425,2.606881419441786,0.0
4,42.720339095026816,0.020425402310866748,12.061691734835184,-0.0009795840774129904,0.04562766169531207,2.2966126103975086,0.0
4,40.757214759031626,0.01733093120942135,11.987779279377756,-0.00571108922841971,0.24444820733942096,3.150674840861117,0.0
4,39.783230554552865,0.01732753531530297,12.364510897131721,-0.004384889189182413,0.4130358019028862,1.8057361661739928,0.0
4,41.03343940184184,0.023140409977109994,11.955595079113566,0.007086019201808684,0.2042397320095255,3.8721435658974994,0.0
4,39.3600152752684,0.019640189804858526,11.976762189289891,-0.004077629480715232,0.09036825616251193,2.6768580569047224,0.0
4,41.18651570530117,0.019593375644376815,12.11781521981428,-0.002304198672385355,0.023366354710851245,1.026922810170086,0.0
4,42.333029423419696,0.01911286800909385,12.027344402658656,0.007105170668649099,0.2693514279569374,4.510163598064549,0.0
4,40.25577307238114,0.018956415941276315,11.982360136231941,-0.005794229385007609,0.19768579369866918,4.023129675483826,0.0
4,39.60677920144412,0.019157704666441525,12.027157614368061,-0.00963658238272576,0.1359416769627298,1.0645904345080304,0.0
4,39.94736030301945,0.018847510685177173,12.074086701053353,0.0004607943516184467,0.281791619901938,3.868295954199806,0.0
4,40.55452826307165,0.0220302915587858,12.021943086231781,0.008856705564588552,0.3297070670210514,4.945790320101434,0.0
4,40.7257961125543,0.019310895670471152,11.882129435066874,-0.0016101986559536297,0.21410109009376238,1.900027823653894,0.0
4,40.20124206698675,0.019081701142545968,11.92259411442551,-0.00015265061597700058,0.2313044064620316,1.25158878791283,0.0
4,40.16441690665748,0.016409127340211983,11.973616681393978,0.0026863036688174126,0.08975852300984966,4.713074403610692,0.0
4,40.75452543870097,0.019003066430575165,11.97773712207,0.0013654921272762026,0.24755652568416497,2.647551555337046,0.0
4,39.217823286762155,0.023570351769281777,12.027239259077888,-0.0013502431650671259,0.2638130600209435,4.645456877159447,0.0
4,38.99095843086025,0.02365347094502415,12.004948846597406,-0.008494632557708649,0.45357450052066395,2.5930660984057385,0.0
4,39.4913743385275,0.021826109991213864,12.00517797873474,0.005008331279754271,0.311551635146461,1.9680886963453306,0.0
4,40.686534670239055,0.021143437848496413,11.979158091312073,-0.001558612947961728,0.37545856570007197,3.8039493877915294,0.0
4,41.12833542471549,0.018961630134601472,12.072457025428434,0.005988769172379535,0.21312840255060767,1.4199132049748129,0.0
4,38.01336547443491,0.02254403689810702,11.96353571528874,-0.004136394239062582,0.08092957784097776,2.9833523015368937,0.0
4,40.81127982499823,0.018614296461245704,12.07654330593043,-0.001429049778470037,0.306363761893083,4.37645761731082,0.0
4,39.910010001596866,0.016609989191481718,12.037298163412046,0.0023494437977730474,0.3503371933414511,4.230385942621281,0.0
4,41.67156423085103,0.022647908393371514,12.071464775012931,-0.009660338622470996,0.07998706755794588,3.0736281867072384,0.0
4,41.0481129909901,0.020672159093470324,12.023674622950422,0.0023441998530543363,0.49438909469218567,3.2062212398785257,0.0
4,39.99150583959324,0.021036942409285855,11.998139957549702,0.00224112174980445,0.4562482654723947,4.119951647666454,0.0
4,39.35262494215537,0.01951200083093903,11.973155645241148,0.012970501553818044,0.02922472756170158,4.972296436463761,0.0
4,39.06191595300847,0.021483555217482967,12.100935768875114,-0.002970508789170928,0.19087595100326188,3.63310504218052,0.0
4,38.85794152569793,0.022351214698732393,12.061719948429658,0.0014953717403387312,0.11713599635988053,3.4037873516030888,0.0
4,39.62518771923112,0.015871366899197333,12.077267239644627,-0.0007142424290789303,0.02885978159589231,2.1011797105206274,0.0
4,38.91267100337663,0.02198937326727773,12.089935140107452,0.0005297735372295355,0.38750369025315895,4.073647157014033,0.0
4,41.140680225539654,0.020732697019872657,12.047974944496572,0.004000995146691076,0.291056549129325,2.0522083925270556,0.0
4,40.78262295052866,0.019096639413753717,11.875053619950961,0.00435056911255127,0.1524648437103825,1.0699803242642862,0.0
4,39.48324043375045,0.017397526172892076,11.890340690294119,0.008409346191170628,0.12377953012957049,3.3558024957923407,0.0
4,39.06350519533073,0.02004370423215907,12.023066244492878,0.0051258793762415655,0.03379856606338977,3.0838293717857574,0.0
4,39.85026447761627,0.022501456197029444,11.923836849735235,-0.0016686134408307857,0.18386314258238456,2.503392737337066,0.0
4,39.34885042777979,0.017644877585021226,11.994296994438871,-0.002307491222677209,0.0514267684757958,2.472301738275496,0.0
4,40.40413585573909,0.021138246456561427,12.066448856898958,-0.0055150164223767666,0.39474463981338387,4.584357351221596,0.0
4,39.604056036191714,0.021477512690834095,12.029987636188649,0.0006004387276564721,0.1999731244363978,4.717630663983085,0.0
4,40.81621636724624,0.018401697141192566,12.08044098395972,0.001985088783904089,0.2522311094084714,4.746235644440205,0.0
4,39.40148095791336,0.02191988294946092,11.837018253060522,-0.001197364821547573,0.24678593325635328,2.06224281985775,0.0
4,40.61380828177613,0.017538565365089485,11.901676217959327,-0.007691826984169439,0.2715642597308851,4.831118662975291,0.0
4,40.06898120543352,0.02051291688585133,11.877180420056124,-0.0007608892362149941,0.4640985030293765,2.572639535416962,0.0
4,40.95598852546842,0.0221238914342102,12.212636608163388,0.0007869647045131631,0.07245456740024131,4.673655909439793,0.0
4,39.5832052287346,0.021081582988517877,12.063918625830741,-0.0030496963650036048,0.07193800945725698,1.5960114519551536,0.0
4,39.39545103946368,0.02108159740382138,12.073376154947546,-0.003737311270767131,0.0010395453276793587,1.1582569391571536,0.0
4,39.736201355770866,0.016959513242488757,12.195740822827911,0.00884061266118423,0.13377545457435708,1.8614132783576887,0.0
4,41.00848457021624,0.020554693011005695,12.026891932152576,0.005742895836561127,0.051778535188268915,4.7817721765643375,0.0
4,40.89100645206168,0.021740103595182702,11.982969516916203,-0.0004234976219886369,0.3396506102069083,1.2779468304939643,0.0
4,40.33881253747363,0.023590087587618873,11.878988643153217,-0.004420558360975424,0.0727762501860803,3.3040589849636164,0.0
4,41.27403683682555,0.020796974574060944,11.963477381136409,-0.006106258956884829,0.24427882761037023,1.2213881037710084,0.0
4,41.132501563234094,0.022394457835529125,12.02742283259368,0.002216794089425073,0.25869074553355814,2.0956699441099764,0.0
4,40.325748649840286,0.01865046165653925,12.087596971237923,-0.009029000565757216,0.14927994596682553,2.3845163192684207,0.0
4,39.27265255417774,0.022882132842466145,12.088567005267628,0.0008841151423106298,0.2571747418152634,4.39987937942238,0.0
4,39.805905274927866,0.02008839714315971,12.00413440066425,-0.009051994275456214,0.16978027509989185,3.8569212562292905,0.0
4,39.68021279323312,0.018705597551146817,12.292462843173823,0.0038581173515810697,0.26449870398997744,2.7846436412097018,0.0
4,40.76113512723034,0.019259999705442635,11.921305390992321,0.0004770074892650463,0.30297898299362297,3.7616148716947215,0.0
4,38.91669273167051,0.02322209664205862,11.897830558726861,-0.005825489303010767,0.4988132353102786,2.476624298465708,0.0
4,40.65062354719761,0.019528607100489037,12.031449329894789,9.704765824961253e-05,0.46490212894934024,3.232787370280653,0.0
4,41.67098833787051,0.021237091179724152,11.889678109720302,0.0064467139217668345,0.35167937977294417,4.331321182766763,0.0
4,40.44887712293992,0.01831693870794352,11.940131056650673,0.004881389461716547,0.11942483864140063,4.442830174506549,0.0
4,39.48313765886795,0.023002610600727485,11.96144781150305,-0.0031638398291036823,0.2973050170587805,3.279259022767981,0.0
4,41.78506991748244,0.020205576662325496,12.042206366592158,0.005820568308672267,0.4243577948887497,4.670087536924355,0.0
4,41.25082870540164,0.02062294986126091,12.015362899286313,0.0008541248853064082,0.2445824329086569,3.9896120326394686,0.0
4,41.59692672682792,0.018880359622087818,11.960048554452479,0.0036196578257846113,0.3855588198770155,1.2333214845012157,0.0
4,39.660628492187044,0.016453112197814354,11.939731385294918,-0.0033816056750852748,0.24058011436015836,1.258557730144136,0.0
4,38.16117875765073,0.01985617245798081,12.110032937509525,-0.0016109015699003581,0.1041832274508872,3.695973845536467,0.0
4,40.15167370145014,0.021077669280773,12.099956088762598,0.003425864119358607,0.4579079004361905,2.8333732126533206,0.0
4,39.841004462680914,0.020912989216833176,12.00756555816806,0.01350983746993754,0.49276554174659154,4.318028372205886,0.0
4,39.2087284908125,0.020660503400582245,12.123025089635131,-0.0030799218219268853,0.07929912268559591,3.38108329798224,0.0
4,39.23363000692696,0.01979320959284188,12.021784106678362,0.007729123521564168,0.038259991416631944,3.682524670158527,0.0
4,40.30134579186222,0.021768760787893485,12.001595408015207,-0.0029584865558199913,0.3046815778108659,3.2950751746895177,0.0
4,41.13504104492535,0.020722530101170974,12.110066619740657,-0.00216670379928306,0.050396329925530836,3.582859749567832,0.0
4,40.882907315986515,0.020173400304888803,12.031627101912123,0.0013914427152034914,0.18214724953837613,2.0523114402821676,0.0
4,39.44239670362835,0.016516695267039652,12.165212494715663,0.011595802839639015,0.15957611255346216,2.8728534646103947,0.0
4,40.5306758877973,0.016511853987795297,12.19541395231776,0.00732534620926713,0.09076006358277572,4.970286715636196,0.0
4,38.7411960628154,0.022693276173745728,12.030736321075919,0.000866010370632689,0.3030834289600252,1.480024104065592,0.0
4,39.234890181123816,0.019805064609811445,12.025360539949114,0.0005837559435936516,0.32571812186983173,1.6745752971590164,0.0
4,38.40012269534916,0.020433109309007498,12.060771893223489,-0.003672684328735641,0.17393817004027728,2.906060170160422,0.0
4,39.95583669532546,0.01962121791965002,11.876923319117088,-0.0008788022440466473,0.3274820443433259,2.203064401260641,0.0
4,40.18200655282862,0.02256225668459976,12.05342692430997,-0.0012550718044609167,0.21916934391575843,4.859929278250821,0.0
4,39.76558359171482,0.022034220613411475,12.070434701976124,0.005864259561897665,0.10820445600749135,1.9751170901627035,0.0
4,40.148077913443515,0.02181567811265466,12.104672759287341,0.004084731204164942,0.20367985639393826,2.776024711746112,0.0
4,39.49614867073277,0.020859534362943747,11.958570091188268,-0.003337535911612726,0.2989267007866808,3.4772377278129296,0.0
4,40.05937104051588,0.019603181279687253,12.213100177740943,-0.0008423864562847361,0.07540310729318639,4.792687043645338,0.0
4,40.93781963958069,0.017568723893113366,12.008072685592932,-0.015085974466384898,0.39328007011762256,2.048987394041587,0.0
4,41.56471198272678,0.017189552169154205,11.927801221369027,-0.016901195960872823,0.013680825017427845,4.181120687319529,0.0
4,40.06732732456097,0.019483766108051536,11.774594377178438,-0.003576526944164462,0.46796412690245975,1.3132480980197854,0.0
4,38.976491474312695,0.02268102021145603,11.946645560253044,0.010173890726967812,0.19341340203771423,2.1440417795487683,0.0
4,40.238886836089605,0.01931922281044231,12.077270847120555,0.012016692656228699,0.31700759272354423,2.123147132286175,0.0
4,38.18799662062463,0.022011901265434262,11.820112190501165,0.00627179221046244,0.12813439151793604,4.436628941547294,0.0
4,40.41470378116691,0.020447894036190278,11.941157767646125,0.006676815873737859,0.381907639866881,4.677906608028067,0.0
4,40.325199570131616,0.024368281930531793,11.884582584022876,0.007936021516654481,0.33365739537813716,3.8055759616796556,0.0
4,40.82357781422419,0.02081474718465796,11.919824911846447,0.004777239841898015,0.09927566865548842,2.9583202003225004,0.0
4,41.25729472658597,0.022398164998385595,12.014724512242257,0.0011999533968200487,0.18337637212428753,4.471338258966077,0.0
4,41.42079050050774,0.017656180929292626,12.132761491960917,-0.009229661999514244,0.12254970454755282,3.1703602910840214,0.0
4,39.210809103174554,0.020971939739660977,12.023501417831039,0.004119761938638259,0.1357854584208827,2.904275894968835,0.0
4,40.769706501022824,0.022455119004317226,11.975973154573373,-0.0008840055479460516,0.30624930029607633,2.1231519260895713,0.0
4,40.53068258282291,0.017672440963571744,12.021481311290898,0.004836775317089784,0.3399019287269074,1.4177554083609856,0.0
4,41.45731250190823,0.02039114239513241,11.973959862079735,-0.008339692554511322,0.04363228012985837,1.847634613495324,0.0
4,40.809880460959825,0.022820233865839423,11.952999318510486,0.01113501917256216,0.37525064089825017,4.311632598028416,0.0
4,41.570326296497456,0.021788923855139575,12.069716501271738,0.00314164949117471,0.0987317339756768,3.038961844492803,0.0
4,39.24612406868571,0.023128653657852393,12.068928613906895,-0.003385768048451846,0.0768048897163261,3.9054307717853773,0.0
4,39.747691382749096,0.02053134262827899,11.940812695323045,-0.0023825374546392834,0.11265989110938335,1.2751636302793683,0.0
4,37.9601390580573,0.020114258326759244,11.886820280499274,0.0023963494932204192,0.009770218659237773,4.22551193617103,0.0
4,39.926108620532396,0.01934773385113005,12.04022881875391,0.005202656280925877,0.34125096895657936,2.291070849371719,0.0
4,39.67219713508383,0.023502743802232245,11.952913798361775,-0.004852382745334245,0.4321928392911109,1.33100267725393,0.0
4,40.74636266268384,0.02118296861762603,12.151484962682677,-0.0023400951517065336,0.1332182002250359,1.3551511100462297,0.0
4,39.39248921148727,0.023242622565248273,12.000756265090693,-0.0026137294620419685,0.14373901323092964,4.982018237712655,0.0
4,39.03576255398775,0.021685920956958517,12.197114305413702,-0.0030429066500520163,0.410154620608117,3.5986233159527847,0.0
4,40.16520452763911,0.021339404504259196,12.097277180330503,5.2477695531848125e-05,0.4765618851609633,1.328022999574439,0.0
4,38.237927449658855,0.018508855626600235,12.096340065395284,-0.000885359850607932,0.12026442347852018,2.885158799218656,0.0
4,42.03435050113922,0.022422992209708833,11.795807035916079,-0.0021284494391891223,0.06408054094646515,2.9098044941498244,0.0
4,40.215389208772194,0.01935232884950722,12.051145309761605,0.0001762318166403418,0.4475620918874806,1.676339697281099,0.0
4,40.62572902632354,0.020122862960125262,11.85099846945775,0.0017468398841411598,0.2106105676559068,1.314261795672564,0.0
4,39.35437377629803,0.022800618087037025,12.149678652107147,0.004690706309655422,0.31337639696304526,3.128752581244822,0.0
4,41.34047088286331,0.017384716900245168,12.006725287122746,0.015263679756779272,0.45249469496159217,1.8675634774080518,0.0
4,39.54247559387296,0.023715822608078654,12.066420893468699,-0.0010353260160683227,0.04497815342812489,1.0177939720606122,0.0
4,39.56376739110576,0.022488019075695264,11.963937068124428,0.00359862465745431,0.061965363696446785,1.8562090652679144,0.0
4,40.49668307915389,0.01931043005171128,12.00191614541137,-0.010913440007485958,0.38058079321800503,3.3219544831102414,0.0
4,40.24427690975678,0.021443745262900108,11.972864848422732,-0.0030937837884552795,0.46421649074587407,2.46980592089042,0.0
4,40.65093484108453,0.021864103407741843,12.198688176677006,-0.001661094753150202,0.41407821430597863,3.1657447021395293,0.0
4,40.107287247546296,0.01772821073723313,12.126959106029018,-0.008150368204957485,0.04605168717432745,1.4726314316579918,0.0
4,39.03057770258247,0.020598103798574335,12.086150777493106,0.002579428344465908,0.43938331746175957,1.151022432427883,0.0
4,39.65659145783141,0.017858438630448698,12.081284011184641,0.0025602911592803304,0.18310643024393936,3.8024488852979936,0.0
4,40.45586252995255,0.018777143454886944,11.906606292002566,0.006309585955535491,0.23527722299700898,1.785437116045554,0.0
4,40.16813288266142,0.020551883856685653,12.03013052877249,0.00351081233437796,0.23480459501443768,3.1152227664818057,0.0
4,38.59479386146153,0.018441766972846843,12.032446103193042,0.009800302152871582,0.46863396373207183,4.893825869712424,0.0
4,39.15264185975562,0.019304491751192514,11.918874253210614,0.00010564213160489392,0.34230620795535494,2.1466924407531427,0.0
4,40.95263249089551,0.019292915413723005,11.952215524924359,0.006462278329695357,0.31729509546391166,3.5414787881748406,0.0
4,41.27295092650229,0.02382513322881201,12.174787107931348,-0.007527306197714752,0.06288085486115375,2.468991412170438,0.0
4,38.70820392419733,0.019112782708765357,11.895156919801408,0.004826766376055505,0.001624816242773941,4.176590701179613,0.0
4,38.8470046695303,0.018417934874029877,11.793062793143589,-0.0028665768523593043,0.15195510800697853,2.5080057082293,0.0
4,40.125253314323714,0.020432098852112297,12.187075325615254,0.0029967036014717174,0.4380154762295698,1.0633999714862172,0.0
4,39.579922725098335,0.02063930987909161,11.858408280108932,-7.45159641366264e-05,0.033043092773128,4.973535071410852,0.0
4,41.60188420596539,0.023878135632986276,12.000867157070276,0.00011544680547041243,0.05595944887208032,1.3513234187370817,0.0
4,38.88279179245164,0.019318498597553715,12.094624800080906,0.00032694923408824254,0.37271653474752237,3.023080862884869,0.0
4,39.86123779838696,0.01923960092145708,11.826602182155932,-0.004494830123420728,0.38736839446623655,3.4174542096202516,0.0
4,38.943623675657484,0.017761221958834034,12.04853701753139,-0.0031858054753413794,0.3361106544586102,3.115244671515076,0.0
4,39.84110342559691,0.017693457044897675,11.965299289907547,-0.005131586704894513,0.28590917038646685,4.387395563565362,0.0
4,39.28220668868923,0.019672888613276596,11.999111792170144,-0.006596694318242573,0.3489881268183559,4.989357705465338,0.0
4,41.19731338070796,0.02021579452808749,11.885957657676368,0.002184658137831023,0.25818014548570506,4.0517539075884095,0.0
4,38.98167216669003,0.018608457742964293,11.95922761301461,-0.004762709002636929,0.24102080048231528,3.404096329325716,0.0
4,40.426121974346074,0.020075661340539612,12.085613362694183,-0.002726052047158641,0.41410307509151645,2.1914115419125575,0.0
4,39.013310920096394,0.021628981381946227,12.00373292927799,-0.0033650432824897216,0.3958957231161295,1.2076435132261518,0.0
4,40.06816736033238,0.02139723772085894,11.965352844864405,-0.00013279644772914645,0.33769880085176845,3.567344540979543,0.0
4,41.491031344293155,0.020621284938763824,12.121687498405207,-0.0007743487910448686,0.0742265181969829,4.8192708159000475,0.0
4,39.67719585068458,0.021058135566462542,11.944549513022219,-0.001662912920139456,0.47723850180244565,1.125184822454092,0.0
4,40.710659519994614,0.016441958857929154,12.147026887060075,0.002321644573829088,0.3500550079947066,1.7767979542157688,0.0
4,40.32304005196578,0.020192735303218506,12.181908403335093,-0.0006387506954694825,0.00808797884547452,1.797442112252726,0.0
4,39.93150761867488,0.01577811818533229,11.92564921113097,0.001649734071087624,0.20282780387012328,4.8813857457457015,0.0
4,38.84067324801574,0.018947196730535014,11.965838829321347,-0.006320350948157912,0.3306886846515398,4.931627110563939,0.0
4,39.791557634702244,0.024817924859613323,12.092027636034077,0.004169936427445519,0.46251991797230196,1.6105919473378902,0.0
4,41.93829778709009,0.022177188770149358,11.972215109583772,0.0006969836635904636,0.26851189723612107,2.1916495103408704,0.0
4,39.49685954600391,0.023344098367716663,11.9501183505616,-0.0027632378974234706,0.18207231532478957,3.8074238866521557,0.0
4,40.4283733512586,0.01932083277013766,12.122294400749979,-0.009115649736482347,0.15693211058304435,1.345046795419178,0.0
4,40.742414891828794,0.021859222009276907,11.925672682157124,-0.005697557976134449,0.44506321932062254,3.9573393091168185,0.0
4,39.8727193373809,0.02046535914781845,11.920473777480751,-0.005662367506675751,0.4536420233350635,3.409956796711633,0.0
4,41.875506293361326,0.02142135524429508,11.996399526387194,-0.003783664621382949,0.11452072888812814,4.495591206631945,0.0
4,41.97073424749408,0.02182458105148031,12.070386187832897,-0.0024521274671217464,0.0006991661395780446,2.2260198122002604,0.0
4,39.985312966427784,0.016656661116631583,11.86086747481004,-0.0015374174554976233,0.29534340043736085,1.1033394840782669,0.0
4,40.591086847692985,0.02112315190913724,11.841707114317948,-0.001502571171900284,0.22115060983731083,1.7704222894317425,0.0
4,41.07239798138598,0.021030641676967988,11.919438767198264,-0.004776855430638974,0.19963214928108142,4.0902883432328725,0.0
4,39.1691370367118,0.017812129403277935,12.075154247779567,0.005199570230006706,0.17052129974681074,4.489677230224279,0.0
4,40.65207138690881,0.02009235500682309,12.036053286617339,-0.003776002157711322,0.2295357617670501,2.0541229392465383,0.0
4,39.68919209670203,0.02050546906744915,12.019237908135686,-0.0012386662657580569,0.2583923161088957,2.603315606975329,0.0
4,39.59644961327542,0.02210311687265319,11.907523123711117,-0.0009083170674877453,0.11496189382143968,4.088210659004464,0.0
4,40.69858331428979,0.0211356817518126,12.260695333838186,0.00214228729240389,0.04672505195367904,2.2782132654610665,0.0
4,38.8851986569128,0.02034544410537779,12.180510588739697,0.005847624179437222,0.1609671336093343,1.8876968932920941,0.0
4,41.2266411404223,0.018588986007343676,11.933547047965092,-0.003957816868417247,0.44365069108760347,4.424194825140869,0.0
4,40.91639434782497,0.017553472772937655,12.025225915002931,0.004478242473720025,0.07831912743845826,4.4895773504768925,0.0
4,39.7652659710276,0.018713924047273747,12.064397812932903,0.0006745803550240226,0.09570734560819077,3.9751143703217307,0.0
4,40.84570543783935,0.02240460119824128,11.910680287134433,-0.003581196661732018,0.36007405504490025,3.3844159441637025,0.0
4,39.49366119726217,0.018950060052273846,11.847394266854423,-0.001476617701252816,0.3885539697275586,2.192202060483263,0.0
4,41.452487604829,0.02030972494962571,12.083273082512589,0.007068825484833793,0.3151202744231127,1.778057264224774,0.0
4,41.67458245665841,0.018695981988058455,11.897561879517799,-0.00017576457414747237,0.4432877022715785,4.846045543515418,0.0
4,38.612494466165444,0.022337866735796054,12.211477346197988,0.001965806171126384,0.3341343364710776,4.539487928611221,0.0
4,40.529357916984935,0.01950070502096132,11.993787776184803,0.0015056565560247718,0.19080759954078524,2.969118519555896,0.0
4,39.002490061486995,0.022554764809791242,12.075366344982815,-0.003468906614688664,0.2588106836945559,1.1289350408191003,0.0
4,40.25483659478305,0.017008412493807325,11.914863899788626,-0.002545251921258734,0.35844927861849046,4.391920367110694,0.0
4,40.080161685840125,0.02297176729450892,12.097206653016464,-0.0015169397404345044,0.06976983923295271,4.463851710305354,0.0
4,39.47771091255783,0.017606465213883468,12.016187184278303,0.004524560775303875,0.12236733053753551,2.529588621293264,0.0
4,38.78570559842616,0.023963355740008074,11.919589326560448,-0.0074849677946275004,0.054676206856706155,3.2443536285928674,0.0
4,40.74462973957038,0.021348096303766228,11.929833769159835,-0.0007912137936144051,0.24415431453520925,2.3880301692494053,0.0
4,40.45958582458353,0.019405934599692348,12.132224029902394,0.0027538535476066563,0.325037820587183,1.499032896786649,0.0
4,41.091493940266375,0.02101050653932335,12.101011218193259,0.007582991224453574,0.3197260451873982,2.12740131296302,0.0
4,40.34365848034488,0.01886958890696626,12.143539704190172,0.011640874327061398,0.16194620728859282,2.1932352079432595,0.0
4,40.46388370399681,0.023809570208709968,12.098628438267578,-0.00380058897319111,0.3334895234630383,4.060033032298984,0.0
4,40.650042515482745,0.0213699335617418,11.963263431736182,0.008440048279721397,0.3324126904680802,1.3969737706669272,0.0
4,39.829368014304215,0.022643396983336433,11.95383296140971,0.005215040912073179,0.2061151116540127,1.7141297969736815,0.0
4,40.61541297902805,0.021852089369697115,12.041152467075834,0.0006718637806698046,0.31722700100142015,2.2582958130029485,0.0
4,39.23553790182107,0.014740937132337328,11.981562275109908,-0.0013133400359154426,0.4996606398345398,2.213151150810633,0.0
4,39.72279761478859,0.017091497467217987,11.852892369860548,-0.0034941859813381396,0.02630182891147259,1.8783829800697136,0.0
4,40.29662921952651,0.020515539625548113,11.969832137015361,0.00026159345931758854,0.3504030679269109,2.8295396275773115,0.0
4,39.57115138512713,0.020520582981328795,11.909216808292031,-0.001971991713279976,0.01790820016754391,2.3943436533608207,0.0
4,41.08232640073017,0.020358603941919736,12.029829653830822,-0.002861755885972462,0.48696155499661864,4.722078636454365,0.0
4,40.65486692302234,0.01941794720246491,12.147534977073619,0.0009458440778582987,0.2764363953863525,4.36050280229414,0.0
4,41.43983220652164,0.020083380370830243,11.747194875898993,-0.0038613357608382162,0.4828915845286737,1.5974641255495379,0.0
4,40.899500766326305,0.01802479845808609,12.065307237977438,-0.0012708280586382205,0.17103398985801915,4.735391124962176,0.0
4,40.74581210514609,0.021199242800157326,11.820305282837024,-0.0013241377249868446,0.1727121192100936,1.3189676896967506,0.0
4,40.49164437268685,0.02158713518800142,11.771088765785315,0.01425092243476616,0.16942256651824306,1.692866329653274,0.0
4,39.98154340765443,0.019790359484867574,12.019468891855361,0.0005706986055480935,0.47304436165037533,2.0196284047442536,0.0
4,37.2341941588803,0.019792315232619272,12.091267309149552,-0.004759155356860127,0.4922475500072767,2.193660661523681,0.0
4,40.60663990265792,0.024261159357848,11.938238744335028,-0.00225244708963541,0.2955581227830661,4.327277265997388,0.0
4,39.63017754290517,0.019375273496152437,11.926093332959619,0.004566996806575279,0.33854536180096295,3.318331479516635,0.0
4,40.436469834686896,0.021434445721133864,12.07574810891324,0.004748377658261964,0.08636809500679127,3.4142077071350734,0.0
4,39.91367398671841,0.01629785967118609,11.954208322872853,0.009532663477620721,0.02283492848293489,1.6959692717878618,0.0
4,38.247475861476836,0.01653236739895115,12.083696170697156,-0.0008348377280785631,0.14795216907990338,3.9851017929944037,0.0
4,40.48029335045163,0.019702671708915875,12.026128895335058,0.004598401704559432,0.2741508384815487,3.41393560572962,0.0
4,41.94910498770419,0.019162892021962,11.928385074655644,0.001978513398394279,0.39516209621213955,1.262396294647444,0.0
4,40.62188438149306,0.019444720393947578,11.949922647439301,-0.00031609741851930487,0.3461561448549148,2.644942535723192,0.0
4,41.34123754649776,0.01883268115977053,12.091261993051742,-0.006500289878955158,0.3186635565435027,4.914836313541549,0.0
4,40.32980655649507,0.025585587857996327,11.878951865667494,0.009392258721772769,0.37526864096202095,3.6825819076420534,0.0
4,40.578592505271104,0.024373413357850877,11.941047792082914,-0.004494726746749712,0.4132608378808017,1.657654446263341,0.0
4,38.892408772065345,0.019183401754424654,11.946183618488808,-0.0019141609363994639,0.24720154123605315,2.4502188377200125,0.0
4,40.04483818391219,0.021497225412484333,11.931646328663504,-0.00014922085757567194,0.03600688068327734,2.9464116189311627,0.0
4,40.545170444084576,0.01829458476183202,11.993333766942511,0.001973100730963024,0.12591589648203066,1.2216854135188262,0.0
4,42.558122684399216,0.018583666132995395,12.172122790344867,-0.007035049591684707,0.34351897946703347,1.9523352182625295,0.0
4,39.84933420149556,0.023086132448002304,12.068573584438912,0.004125209724257889,0.04585170989437726,1.1468528891627447,0.0
4,41.6496550333491,0.023776391853253868,12.111964855332047,0.0024123791661267674,0.24204939005160686,1.4169654141815111,0.0
4,40.802424098056655,0.017586302263822916,11.981614396453601,0.0014488038065660653,0.4155460320251204,3.7985780435477925,0.0
4,38.86644551708375,0.019388054178100775,11.97351761767967,0.000429387427913701,0.23589036588131546,4.573904471213578,0.0
4,39.62931993580269,0.017010075812382522,12.045892441614129,-0.0012105060789296244,0.10707090091885563,1.7780539210564412,0.0
4,39.90414708436221,0.020883772391589284,12.014437006703107,0.00606974829322048,0.25198960435996426,1.3703666936117607,0.0
4,39.02654126720275,0.021318617357527075,11.984476636382052,0.0017920559282396367,0.2483753444675026,3.6250001973853285,0.0
4,39.68747256923132,0.020652917034309992,12.246450526202583,-0.0008233260095700694,0.07920030020671925,4.43458309586828,0.0
4,41.555521959029214,0.01623787087338953,12.12334525205571,0.0033968796901178654,0.23845716819648377,3.6138688257393707,0.0
4,39.92011381457146,0.02112192399710438,11.879673668698038,0.008272620842536218,0.22162763818358633,1.4155108629696609,0.0
4,39.212072669796385,0.019365917703530747,11.958412149679418,-0.0046331410625202974,0.14965346751075687,2.273770091940374,0.0
4,39.536740357410025,0.017770439996634455,11.978598676256055,0.007066756217024818,0.388008891206282,1.4205420477690365,0.0
4,40.753230151475066,0.01906132504323895,12.165968860694937,0.008997372763409804,0.2627184351153282,3.266595225632842,0.0
4,40.558933856870524,0.02201536177881891,11.975437813655498,0.0008411297192805878,0.24970862161181823,4.325801622128957,0.0
4,40.25821876499152,0.02560311997609542,11.940803047036257,0.006986388793249986,0.28759235314648013,2.327167368774628,0.0
4,39.1351690892563,0.018696647833063903,11.991301045053904,0.001429178326657816,0.05859634390553298,2.642978710923365,0.0
4,39.4453852718105,0.019502202042933868,12.121735789941216,0.0002056352035945435,0.46185404148737125,3.8719252849520207,0.0
4,39.91591751134243,0.019924831188266285,12.099319916919015,-0.002136999321261116,0.06244791961571927,2.975417556134897,0.0
4,41.16613143641737,0.019989003928613792,11.960915339896308,0.005731635462965067,0.18361576373642208,4.119700808719564,0.0
4,39.081773809915205,0.01850520472621401,11.977485557129635,0.002740476808777682,0.2429672260882766,4.570028034921668,0.0
4,42.30176125931275,0.023490125053036527,12.012012825461055,0.0009337528081812024,0.4751000889669218,1.8363113767836983,0.0
4,40.75054781947591,0.018328179344773935,11.94319565154805,0.0019045515042592379,0.47930324545772257,4.2404942929490685,0.0
4,40.308930600766665,0.02075195107888805,11.858228414476342,-0.0019053461928525612,0.15593984254188853,1.6979375014128375,0.0
4,40.20538814715006,0.018662276633474126,11.998965153954117,-0.0019271044905219486,0.2044973622207127,2.664349844648871,0.0
4,40.938614551548795,0.019136464831161378,12.108045803500138,-0.01687224800543695,0.2633382485253001,4.702114082000664,0.0
4,41.24499245152008,0.019566272065387413,11.948316692970971,0.0014310619116650555,0.30610341993738216,4.3697157398983375,0.0
4,39.228842337689656,0.016828582063959357,11.912445573522197,0.000575323065656584,0.23308095573883758,1.7184364300501964,0.0
4,39.0137868407194,0.021342554223558827,12.00550324665681,-0.0022065663875067355,0.15038314418944576,2.1850082849785304,0.0
4,40.90748151674219,0.017552816829476507,12.030611353404321,-0.006602358421548524,0.45804101415571385,1.5747152247763525,0.0
4,41.60364587344865,0.019025926191569946,12.041477775163685,-0.001723377506326668,0.1706941123711579,4.06197407006798,0.0
4,41.19264695120198,0.02371896189640795,11.852979300726156,-0.004874193851773839,0.42261912065189383,1.4977756807337008,0.0
4,40.08707977174419,0.017591140983003906,12.083505503032363,-0.0020378427280916492,0.4650745606656098,4.021645410629319,0.0
4,42.830140579413104,0.017335038674546204,12.027496325075333,0.011663606692002478,0.04079241927496652,4.554643653910211,0.0
4,40.44432804807073,0.023762830817060755,12.05239419472602,0.0006830310548596298,0.13130771729847823,3.6049700826544897,0.0
4,40.280193800871494,0.020668198737891375,12.103286804135653,0.004966059551535639,0.15593860958645606,3.561224845628401,0.0
4,40.38040845652517,0.01841266853716065,12.234349577087984,-0.0010988889846243334,0.2217360212899223,2.419878183115085,0.0
4,39.44218846222264,0.02121934071500643,12.114475714779115,0.0004561733600370252,0.4605417245068447,4.276052923824894,0.0
4,40.89363395254067,0.020042115229158095,11.928537204066016,0.0004660218720392501,0.09971347441864836,4.682786868410902,0.0
4,39.038770097402875,0.021135441850286103,11.886467160202141,-0.006091707572935765,0.09540550224611838,2.3178232795423193,0.0
4,40.167605128795635,0.01956697757612732,11.761491167982976,0.0008709482435261835,0.2610551139383484,1.8882438820362255,0.0
4,38.34835559926141,0.021650021672375046,11.970425466798382,0.010599767860404126,0.27249038832549344,4.093396052368911,0.0
4,41.64928941052164,0.019562523879462307,12.08355201951618,-0.004001261164498913,0.30298943931024996,2.000437430698525,0.0
4,39.547188688300935,0.017161310501434074,11.989022516994394,0.001093708668132287,0.052025211794174964,2.646963967708665,0.0
4,39.93023904210999,0.0230792685955353,12.078439026828084,0.002844991652880159,0.03802920012589406,4.369518306283865,0.0
4,38.43318257465076,0.018613715589107918,11.985085674329971,0.004297955212461577,0.06951134708812762,2.9599230665236242,0.0
4,39.43803929027829,0.018389321698573182,12.013488065658045,0.0018370882354358628,0.13009413562212002,4.6299969208869864,0.0
4,41.35964193027813,0.02093902947351387,11.811241616946164,0.012111848694359502,0.23226390213119735,2.198786597661026,0.0
4,40.71612078474045,0.02191395911745276,12.21237735768298,-0.015052106122709586,0.0880925205317879,1.6274527907698508,0.0
4,41.4525040642316,0.021293655615477046,12.119139636336032,0.007692311233873391,0.4610124946394323,2.4609986289824786,0.0
4,39.968948701363246,0.020294723547186144,12.006800267886716,6.696685909833374e-05,0.05595735074507574,1.9199305312170187,0.0
4,40.967436231497885,0.01717091898116379,11.945498950043445,-0.0017684257729811792,0.1993804577783012,3.6347882319854987,0.0
4,41.271971122222396,0.01994888343322134,11.977744628034554,0.0034665647060122006,0.00015208640226410663,4.179005195323986,0.0
4,39.52263645548562,0.02116357836469939,12.246659011936728,0.0006990590154845916,0.263346583250019,4.376400354689283,0.0
4,39.172434618609046,0.019450240625508205,12.017773258678753,0.007284080950077571,0.2582019070688731,1.7467673110015105,0.0
4,41.76869876753057,0.018839011756173946,12.116828030030781,0.0005589575956313576,0.3936969661629147,1.7746544261195885,0.0
4,39.70148716823704,0.019318391171728646,12.049697589965648,0.0015488838046933862,0.46925256145924865,3.983587169953346,0.0
4,40.46656105974823,0.01977188191893191,12.13337413886128,-0.007728327489621489,0.3176973362053873,3.6327518000140833,0.0
4,40.28399907685478,0.02034584133978546,12.007544922971507,0.0034527646946542335,0.24041652869984187,3.739036356515356,0.0
4,39.653369933867836,0.021507028842701975,11.908721764047947,-0.007551426837135279,0.4777777893888988,3.886129793717549,0.0
4,38.46024271942072,0.019669709400276247,12.052677464386267,-0.007361062271860678,0.004876360524921408,3.0019797608233056,0.0
4,37.695724486813035,0.018712726202219372,11.915689257262816,0.008006555583208085,0.11331431145148602,2.5886681998015506,0.0
4,40.06535558081695,0.019681092252151783,11.902721946555602,-0.009375753660098024,0.32412142066758165,4.809547501374938,0.0
4,39.573670043674774,0.020119894260188512,12.058309964834585,0.00953171939981341,0.3449671065558172,2.812121854277219,0.0
4,40.76082434905101,0.0170798736584382,11.92820664685479,0.00209597933711836,0.2905626617853522,1.8080049098296467,0.0
4,40.02112729389613,0.01952657419459426,12.014135169479461,0.0030011554827427105,0.2997518908548078,4.300298067344732,0.0
4,38.64294513091913,0.018078420394543458,12.03741791364365,-0.013132314648496166,0.18731796911945214,2.7682076546208587,0.0
4,41.05627039542962,0.019602979930649158,11.952760771367513,0.001362831328527016,0.36919931113388504,3.3793293431712246,0.0
4,39.58999762340109,0.01913462376148304,12.018297892722229,-0.0010145669352351232,0.25518359055271095,4.686769579273595,0.0
4,38.38136170525786,0.019549890736340367,12.010329739347705,-0.001848050327522831,0.315955753233456,4.591433839945468,0.0
4,41.000194273589464,0.0208073849138552,12.082511028367554,-4.657541578488429e-05,0.3735365862995442,1.3975698815084034,0.0
4,39.75740524217952,0.01680593117566105,12.013899975900877,-0.005027370407963268,0.19948148977909808,4.330561212516487,0.0
4,41.68388063639193,0.019367574635598832,12.05686619325615,-0.005611369620037864,0.09314649614020792,1.3264076324827974,0.0
4,40.39546676608201,0.016770360808501347,11.888419911928684,-0.011644969307542212,0.25738176692686543,4.564636333752905,0.0
4,39.41683507547761,0.018117317382821393,12.045220431674732,-0.005237726191786183,0.4455013231866392,4.755324753681959,0.0
4,40.20627618053451,0.01984181586926904,11.990810319559282,0.004916877387634148,0.024580054635801762,3.8687571670418937,0.0
4,39.460619153601755,0.019606407236045474,12.121503118154495,0.004496726767129262,0.15569796329224406,3.865368267222783,0.0
4,39.71874399743863,0.01910648758206651,12.013433178825789,-0.0006608955227411918,0.17479053009155793,3.637898376538103,0.0
4,40.73640999944914,0.019376171304527158,12.039382905647292,-0.0008222318873854833,0.0898528808044094,4.312315564296084,0.0
4,39.735081420626834,0.020074832094684032,11.941065212140636,-0.0018712703429256306,0.24369836991570726,4.446987064108601,0.0
4,40.521252238736594,0.021972678018651305,12.099070648708798,0.0005398262870933833,0.46382115150249376,4.042867728897669,0.0
4,39.123390338678604,0.02094992284609293,12.070189646829208,-0.0011582838473598095,0.32171041901082015,2.751808730725665,0.0
4,38.242528583222686,0.02039199643435995,12.013992858677591,0.002083307087350852,0.49472112946705576,4.950538405963961,0.0
4,40.5318945245922,0.02126385611595691,12.069048175421779,-6.831097623378363e-05,0.3994740759152104,4.211035771344355,0.0
4,40.42974509145937,0.017700304726978526,12.141149859451827,-0.002915874610999033,0.3740407230170377,4.138473265347156,0.0
4,40.3200654639041,0.019039927787873112,11.937841978970239,-0.0021017370809064567,0.13112578152938104,3.3136481519413548,0.0
4,39.22248356599612,0.018653671064638583,12.016835000333296,-0.004654546773352422,0.3833402916439998,1.4990133413931366,0.0
4,40.46771796910736,0.016842678823153875,12.054907093543942,0.005100556757821979,0.3760310572690788,2.119522235192496,0.0
4,40.22887479694322,0.021277441690236182,12.065048369836813,-0.002932754520931094,0.3701737145732652,4.284687244391231,0.0
4,40.5698301073989,0.016399758378133792,12.009113208708447,0.003306082813832341,0.2708080434919812,2.408693880058248,0.0
4,39.04233369403666,0.019096824685535755,11.965007309801384,0.006035860742596545,0.17542851001942478,2.2379002648069704,0.0
4,39.02858363978728,0.023817128172526535,12.15648307433396,0.0018800454183239951,0.052704684813334735,2.650986352025442,0.0
4,39.79463027193274,0.021110316914297662,12.056202256779235,-0.00014279926962055945,0.08684448427426772,1.9958559979420238,0.0
4,40.21870263968858,0.0223992795003208,12.053838192601217,-0.00013012310335353875,0.14974930902807715,1.1645877400272595,0.0
4,41.68373730445702,0.01910896103716351,11.922893345516318,-2.343835604768839e-05,0.3274153665463457,3.6498769400891047,0.0
4,39.29851734157656,0.018595167853681118,12.095343500917451,0.001089660014554925,0.2640571203312323,2.823593173645097,0.0
4,40.28182313356444,0.022148879487161682,12.186127691272763,0.003023664650570168,0.07322673060595902,4.675554415176226,0.0
4,38.5622616318828,0.021436158657346053,11.995696320873853,0.007479087361254861,0.43289796273136755,2.8135220530684575,0.0
4,40.50922186940874,0.020587601969546076,12.043944779672266,-0.0004496126446930141,0.4198276836735722,1.3471353037235017,0.0
4,39.79151649528809,0.021053390362727274,11.906998012680885,0.0012560133908675556,0.12076242253225605,4.127886029453975,0.0
4,38.79282698119203,0.021845420996079515,12.096610955028863,0.0030299402231463513,0.0652478518343318,4.21966210642014,0.0
4,41.5963140103424,0.020560176131577935,12.001774792503888,-0.01137501790592294,0.19758190919069996,3.551862252376889,0.0
4,41.20623484690884,0.018040076323175114,11.936321015622907,0.0027821254403621837,0.1813597919040178,4.242723547463433,0.0
4,39.73104232381161,0.019275293619521728,11.948481538262415,0.0005004316726569448,0.26069195454314736,1.60248356279225,0.0
4,39.08898028287386,0.020138773215377187,12.041354364171106,0.0031577648322650043,0.24117166179993493,4.3613482594453,0.0
4,39.779838228157864,0.019519889702268544,12.027736174881651,-0.005998010161974439,0.36837511170878773,2.6616856964559625,0.0
4,39.74398983414801,0.019464925484570145,12.050124760933604,0.0029050606730980978,0.054064710371755975,3.693715926775091,0.0
4,40.52038891952897,0.023949130854347807,11.862422737214235,-0.003699338919466433,0.2663779950948401,3.11351954769923,0.0
4,38.184080215890305,0.017062641964311363,11.909041132857778,-0.006081967914225085,0.04372415098046334,1.4087039934346763,0.0
4,38.97392940847364,0.0226786945971161,11.925213287551802,-0.0026666065334043257,0.24947835389055778,2.087995001252109,0.0
4,39.423157323712644,0.02049403764754126,11.902557079601618,0.003640153932193313,0.44704701081876175,1.7091938494276757,0.0
4,39.847988099134284,0.023199764933494696,11.970384090796976,-0.0032459985889428025,0.2820125225940202,1.2258598323637853,0.0
4,40.499613798561526,0.020960212054384055,12.067991863680701,0.013034734092042293,0.17643990016692757,4.4334287553534075,0.0
4,40.22091835592126,0.021057787863648387,11.929908821483329,0.001955571346075655,0.49491348571463656,3.639229779936302,0.0
4,38.390981081553704,0.020571658908522025,12.067557670536196,0.005111139286143254,0.14720378204214285,1.1957104998192287,0.0
4,39.7761849325942,0.017837034088577165,11.821921597501719,-0.00300565121496544,0.056719953103293475,3.858413820385444,0.0
4,41.22937153967215,0.01961167709250333,12.077155996386912,-0.0006230369927528447,0.32248201639164725,1.4990748253631643,0.0
4,39.50571994094137,0.018488905551178325,11.907797290759392,0.0031488736364744885,0.002272733724815734,2.943730481122474,0.0
4,39.32891772911772,0.026207907428851554,11.94176519080999,-0.0036054512329195933,0.3484641621975338,3.3190951033349636,0.0
4,40.17403737487585,0.021481032041072837,12.141923203101545,0.005932702438464471,0.3382399229169461,1.3694459237311039,0.0
4,42.159714944388476,0.01806659717515261,11.991716336969962,-0.0005348932659030606,0.22308838749203458,3.2590532589894408,0.0
4,40.495768094180455,0.02359211487502575,12.121521397329218,-0.00010251529854207746,0.21055619778451823,3.674745203245856,0.0
4,40.85508470474285,0.0171195519251011,11.951303420297458,-0.009934372369859645,0.4499472411841817,3.837167886927693,0.0
4,41.4434517565466,0.017228590504839512,11.930370770614898,-0.001525146644173141,0.3856047366451571,1.8432790005044692,0.0
4,40.429107297304654,0.018643899825546772,11.97890547581273,0.0014056836240501514,0.49448376578121395,4.000751048569963,0.0
4,39.861848377942394,0.01968595421495028,12.017140962415423,0.002759850955550117,0.1736255377026199,1.161349793316802,0.0
4,39.01785178471856,0.0186892926941313,11.951978625471453,-0.0054094251719440925,0.4643053436488886,4.491741464294143,0.0
4,40.47766646551578,0.01960217867430025,11.884598335986558,0.0038048975474843463,0.48468786963941374,2.5498117303938477,0.0
4,39.86177703032383,0.021016626898068835,12.0046222237747,0.0012929222475163286,0.2816418528997943,4.9133215922883,0.0
4,42.26780763292246,0.01895941493072742,12.03256375497023,-0.0005722855455060291,0.232776481654295,4.530637402471591,0.0
4,40.75479916038747,0.01791568904105753,11.818340437739304,-0.006924679442741152,0.45076967825755,1.5855183903443644,0.0
4,41.09973738710151,0.023637380354055736,12.002668420571103,-0.0006727078507243767,0.3848127835660813,1.0902783854432512,0.0
4,38.63193072228054,0.01963776907185594,12.135181991049006,-0.0019911899213212406,0.1548743053395455,3.939335262215045,0.0
4,39.28355743518104,0.02332881636357027,12.055867497178811,0.0005528913082605004,0.4182353526058679,4.901901782305366,0.0
4,40.93410994973319,0.01913767749561575,11.969449329672793,-0.0024625828341934236,0.1310854381929336,3.9588417292554223,0.0
4,40.9896553006418,0.021871989153488036,12.029505050346485,0.011288404411277507,0.21366526074462838,3.811887118931592,0.0
4,40.04448723987187,0.023629124144381102,11.941394380802913,0.007123304176530674,0.24731397919007114,4.174902827205004,0.0
4,40.87982968280387,0.019793166025376292,11.803409020824608,0.006131536744943558,0.11335238073225429,2.518396793202223,0.0
4,40.18346627807785,0.021219567250220808,12.014628707687015,-0.006442466310740035,0.35555825838129124,4.164674135549906,0.0
4,40.19777749966738,0.014400344138046353,12.122239376804488,0.009455304987734683,0.03918314036677489,2.4780919530605177,0.0
4,40.73805694682521,0.021818627061585473,12.053046559987603,-0.002770193351089531,0.37173365900464744,3.2243912656618994,0.0
4,38.742736734907496,0.024614657127665186,11.830191380685083,-0.0014704175443565229,0.32060933190894636,4.1888237945797275,0.0
4,39.422850369176395,0.018655853769746482,11.849443183744217,-0.003262063442680305,0.3319915846626638,3.4218519813332517,0.0
4,40.99347931582547,0.022344390051068017,12.076024150837693,0.0004633807005260548,0.48994275587053987,1.1502166904091804,0.0
4,39.87576627271068,0.02154036446901476,12.05930586505187,-0.002206538415161797,0.42132538970203576,4.7970873571726145,0.0
4,39.448250938220774,0.021410996528192693,12.040211558545133,0.004021755274564685,0.0008566483363176558,2.219683666771137,0.0
4,41.61067362326582,0.01912856695043898,12.140566695919627,0.0024342794166244876,0.38257801204851943,3.955535564696816,0.0
4,39.21813118513707,0.02241076087621417,11.966596669437482,0.001243147113520119,0.09477749556101345,4.6745479478187635,0.0
4,40.165577508331594,0.021289089139841903,12.082145910145767,0.011296988773393364,0.2708494655365058,4.6688620654815125,0.0
4,40.926147866449014,0.024361269904725973,11.990593527716744,0.00886179352066,0.436267702911921,4.328748153304736,0.0
4,39.83234759666005,0.016730945027951846,12.063764668558706,-0.005801657662146864,0.42039704048160975,3.0430347576206924,0.0
4,40.746926491488715,0.018914165438669712,12.065549181441773,0.007338766482267888,0.27183664521988055,3.94737741605398,0.0
4,39.128080873786594,0.016565474355957177,11.958864520835034,-0.00611072178497435,0.09903767021229737,4.178320250715256,0.0
4,38.78418383264395,0.015478425327601417,11.903474246994488,-0.002338822569638762,0.38131071022890384,4.956822912836724,0.0
4,39.2447367948275,0.020026114963890014,11.82802352732658,-0.002133898809931763,0.043053319703003246,1.188815838611501,0.0
4,39.33400904485717,0.021301932071378184,12.092577864700843,0.0023610138802621374,0.42011367123072474,4.735656816004505,0.0
4,38.99018160660323,0.016620479471328626,12.033383049220848,-0.004589131684306325,0.4156490112833705,3.7849442148570054,0.0
4,39.73123101464982,0.0185785706637168,12.002793681753797,-0.008913231750078273,0.43442234974259647,2.743103907697302,0.0
4,39.00803192623856,0.01671941431528929,12.023199830498697,0.0005280044200637378,0.401247883056145,1.4411099417306783,0.0
4,40.00750726412786,0.018271634623532488,11.929235815741274,0.0002052409755515942,0.4360575986420017,1.6158530073569435,0.0
4,37.95013685048059,0.020810478093281758,11.855213118973651,0.0029100861152113917,0.38876007568493093,1.8696515515268932,0.0
4,40.720250682268556,0.01875517745011199,12.126015379528914,-0.005155603607018428,0.41027502341384114,2.6276622602670305,0.0
4,39.73482711214163,0.02124112535709236,11.896047794106249,0.003649336274425662,0.07601994174529375,2.643654636862838,0.0
4,41.61384949881932,0.019111462384934844,12.175632077657735,-0.006642301291522879,0.027634590096919487,1.6654324756466776,0.0
4,41.181202582897555,0.019080560842122903,11.814680078771035,0.004561105462115681,0.17197853012904007,1.5090951758233757,0.0
4,39.587487768177255,0.015952187341114414,12.087561714721017,0.006198420445089948,0.38052783312805416,4.938282023150162,0.0
4,39.372090692418,0.021161831947211936,11.944336267319288,0.0005866728281025293,0.04240082640708004,1.1135700682586314,0.0
4,39.72755899078423,0.020237672974157843,12.016037216223534,-0.0028402145601793614,0.4436626318981219,2.436946407465972,0.0
4,40.160688671039686,0.017392241466121495,11.89950355916367,0.00238497129623794,0.28291648885447923,1.2428190655541944,0.0
4,40.17752132844994,0.023378765081415415,11.994632424954986,-0.005631115400916225,0.1807804276909738,2.8017033599165297,0.0
4,39.61274404115714,0.01828107185693297,12.126803129866934,0.00662631295312833,0.15169055812514864,2.246760212427367,0.0
4,38.20678073804347,0.019352580842905497,12.009453227637044,-0.005211577118038935,0.37925233715690637,1.042930880861253,0.0
4,39.24701801094901,0.01909075593983585,11.959198065166506,0.0039861856987851545,0.0815841192651569,2.013902306975384,0.0
4,40.82499618408934,0.020155230910418858,11.847189782746915,0.0007484174726237594,0.3430186662448553,2.172940428183321,0.0
4,41.44587500018563,0.01722884906978053,11.771040313033417,0.003053032985306559,0.14286714708743964,2.457579357811158,0.0
4,41.32313994380298,0.018476742785257277,11.992793093731859,-0.001453509187921892,0.03902417029254607,4.699422558732119,0.0
4,40.85425085457898,0.019322910472179027,12.00981981358016,0.003488239973545627,0.022735861711147443,1.6840296783541144,0.0
4,39.64602526317662,0.02117069249532903,12.002687626730244,0.007146241598540543,0.009299586650931169,3.8166367328764736,0.0
4,39.74378743241665,0.022096900448168158,11.890448046218944,0.0023573651797402194,0.45804693924322054,1.8197449042393465,0.0
4,41.958906865375056,0.020528008227364898,11.813751595500896,0.00037699970762387187,0.03735209164889847,1.8425247957856978,0.0
4,39.856592440291884,0.01849941380694231,12.048404392529925,-0.0024287445278722355,0.1623345446124232,1.2675671528755532,0.0
4,40.925082715010284,0.020750668843510237,12.092393466076263,-0.00794073219590716,0.034279742889140374,4.802563379315368,0.0
4,40.84347913319044,0.02026049126230339,12.082370934673513,0.002491390069044593,0.30292158727204377,2.748421596032305,0.0
4,39.5547823302256,0.021337643716087127,11.86853372077157,-0.006693055658969502,0.48688626476525076,2.456054432723022,0.0
4,41.52873075213413,0.01999016332423796,11.864768070122759,0.006882736440668152,0.40448711889563926,3.03075570967799,0.0
4,41.41367792164605,0.01817158126300017,12.048595572320398,-0.004687774887155908,0.05445844576986386,2.9157292016901333,0.0
4,40.28205717639339,0.019544003371397785,12.01657613574758,0.00014615673910569073,0.24033111476892532,4.8855798954780045,0.0
4,40.645278604112804,0.023618352873960753,12.019793634457004,-0.0020406014790308245,0.008664899435511075,3.5268040062678483,0.0
4,41.113825001657666,0.019036846240406493,11.969117121991271,0.003724265338221157,0.42146746115511563,4.441818275298704,0.0
4,39.500272753008424,0.019840427160514904,11.906101618657571,-0.0039692552747034385,0.28375570569249453,4.461820667211002,0.0
4,39.44347060097178,0.02080647029981068,11.942772905544507,0.0008239755561554374,0.39259290561152993,4.200107619723324,0.0
4,40.496289768128776,0.017641420081652356,12.026743013834128,0.0008340421313373041,0.14199445485537937,1.1822578615257409,0.0
4,41.062810971558484,0.01823641664733596,12.079093039943164,0.006924201320593654,0.45400568971124766,1.438251863964406,0.0
4,38.512911617249486,0.01963552769604806,11.95538332788802,-0.005714971546303754,0.28862330993876284,2.8447044190185604,0.0
4,39.82238140997009,0.021006963170752048,12.088490719729286,0.006150701518199468,0.21133532693064894,4.021996221487882,0.0
4,38.865020476875685,0.01873316394849594,12.010883232092892,0.009496816845031848,0.4075587849261092,2.835132080301681,0.0
4,39.72331370934205,0.0214492658006128,11.879222517382237,-0.002323589593565189,0.1094245048937082,1.9997891556703205,0.0
4,39.8014750399092,0.024256699377594622,11.892376345922347,-0.0065433286862045525,0.2952522067041675,1.7558752634976713,0.0
4,38.5936455337821,0.018366965448810436,11.950028834050572,0.0072751458750666565,0.22764214841083458,4.625981852565593,0.0
4,40.57966241033586,0.02144202573870861,12.24304212680981,0.0038540307442955046,0.34564298292698453,1.992648629474004,0.0
4,41.233883100915456,0.018893892119909626,12.001806007526424,-0.002287370940059152,0.005289802701145985,3.0854519178200834,0.0
4,38.62000647952994,0.018956704919257706,11.941247272315918,0.004477661812217917,0.23792111622673878,1.9841990333234283,0.0
4,40.50619955106197,0.0214155645538431,12.230981365267995,-0.012430916013314473,0.17034563069857434,1.3595802128481806,0.0
4,41.37296281321794,0.018064758650243647,12.033709328726605,0.011133376868475776,0.4391672494796991,1.7850719805384632,0.0
4,38.48816760159006,0.02256006724373469,12.171854738046212,-0.002972455913051968,0.09715156323047675,2.351506844287863,0.0
4,37.817192212950374,0.01946058350763738,11.992736858435281,-0.0028851126961918373,0.0835945847596174,4.174020401598854,0.0
4,41.68430340536501,0.02172269715952061,11.94598421289042,0.007968324665036218,0.13533450481352527,4.236137598067556,0.0
4,39.67508209993243,0.017690241029077687,12.151206195076623,0.006426300660990202,0.30794679420679144,3.9379375966467682,0.0
4,39.505220762229236,0.019069510860537837,12.074181644017996,-0.0031350862175931484,0.33290969752609995,3.2403896894527597,0.0
4,38.63732660761358,0.02412674719641761,12.111534720325716,0.0020707769323440968,0.4241544543572779,3.3111087430349317,0.0
4,39.124042284168574,0.020309024125615555,12.036035307763795,0.0003768063003612481,0.04274093284158226,4.863802500339661,0.0
4,40.952494923623384,0.019640779150727462,11.778857261646941,-0.004140951509985877,0.2710609360040799,2.426478995718659,0.0
4,38.89547126734924,0.019941447654729348,11.96722611308284,0.002008278477385535,0.003811522393228961,3.1525095580651743,0.0
4,39.24385977070646,0.021541954388972467,11.952303242463348,0.007959699666842061,0.10805175399194017,2.5392104881897746,0.0
4,38.379740803547755,0.022038537927449264,11.936004166475461,0.0025001553297712155,0.10220558740069607,4.788388872352018,0.0
4,40.38303255760785,0.02209259739124595,11.890714069638872,-0.0040267057801392095,0.3374354762970709,4.336194444067864,0.0
4,39.16544122032516,0.02163037689828638,11.985319480539813,-0.006878391745549275,0.05691533826852824,1.128315407282161,0.0
4,41.448690101636544,0.018068518511667242,12.004890010692215,-0.007256418134336886,0.4177513701581021,1.1160811348659072,0.0
4,39.694704006359956,0.023088484417660676,11.940657522848484,0.0019726091205178645,0.10720010445440925,1.4468843059045415,0.0
4,39.181454721975975,0.02010037090552049,11.96691801810327,-0.0015034343531874633,0.26578522815367317,3.4721191733987014,0.0
4,40.10698445235619,0.019346116321391785,11.966070382169367,0.003619452109711505,0.4849833492594648,1.3271050193219711,0.0
4,39.733945098817244,0.022569762793041064,11.904516461458464,0.003332220198250121,0.34122662947776455,1.0229949777129024,0.0
4,39.21168164623724,0.018420652528290362,12.076482289721952,0.0010434874129394106,0.1530589458020188,3.729283257116147,0.0
4,39.52313513105435,0.019151153852556613,12.095585433933625,0.002964845592366968,0.26599644334765593,3.4250439271874265,0.0
4,40.295277300925505,0.021007730938860023,11.888294258440233,0.0067642792255229525,0.14446807579598192,2.905848796572616,0.0
4,39.85593265331878,0.02412992117998456,12.128117522794458,-0.0017086086037144724,0.3470581944304976,4.869452128006584,0.0
4,39.2519749355112,0.021757671918148088,11.819460616252908,-0.005136760706898682,0.4645583026397596,2.0274234673005314,0.0
4,41.014465907534536,0.020351027371591748,11.937383031488979,-0.00665692974351791,0.15361876392772217,3.6610728584424947,0.0
4,39.106846181167256,0.02222430851881597,12.110333316828944,-0.005056364466826433,0.31894943684050653,2.054210968973566,0.0
4,41.136370204184765,0.01880461039364179,11.89894806249575,0.0005467232795952033,0.4347007192998777,4.863856365464101,0.0
4,41.80473922744096,0.021788523183294717,12.2566473865323,0.0031602765715313843,0.08396741176894179,2.3237127036942025,0.0
4,40.48247925885004,0.019085464328386214,11.884748112016439,0.0017302702381868768,0.36507374803095477,4.235722817493885,0.0
4,39.98978677292784,0.018114465722215003,12.085977652489698,8.763420520277385e-05,0.29611200232243745,3.304897148103576,0.0
4,39.748747877161364,0.02001147371209351,11.971188522464056,0.001767421696280842,0.15904123246824675,2.6726013427301782,0.0
4,38.83934156071039,0.022600511641809977,12.071599511395098,-0.0005750287211975289,0.12688505050041243,4.929580670185132,0.0
4,39.418382755724984,0.019432497887920574,12.12594450041383,-0.012049080283743404,0.3686725329648166,3.326220772525889,0.0
4,39.25902487323023,0.019214178949811627,11.861958980831881,-0.00014627165050725837,0.468905389464661,3.5991751930890823,0.0
4,39.77190401013481,0.01905955129722926,12.225248667942461,-0.011991997623293846,0.08169818298793102,2.8094599893897403,0.0
4,40.17239014879953,0.013054433985580503,12.113610652789351,-0.005373484787632525,0.3027254564432839,1.4662890199350986,0.0
4,39.925414164017454,0.022396444353001036,11.898588666255753,0.0020694974845808624,0.43534857402000493,3.9770765737998444,0.0
4,40.28249622460332,0.019922095065079033,12.088846248263536,-0.002269223590191154,0.3291878459306156,2.9651225920251845,0.0
4,38.07996393685072,0.022430579299716053,11.99152153895482,0.005798030535099989,0.05359009820368221,2.017590959112997,0.0
4,40.60341156373393,0.01994412725380141,11.94962580405826,0.008345436104582018,0.4275305885149874,1.779962311297202,0.0
4,37.87315931219523,0.022387193334564903,11.800690426437832,0.00015695600220230903,0.009270039178223555,4.72173011721025,0.0
4,39.551475585074826,0.019921275698606796,12.022809405593218,-0.0033159387134963254,0.389989314189656,4.336399551728828,0.0
4,40.802990638440924,0.01799270261650266,11.97916050793914,-0.01010367879296573,0.03659026814425004,1.2483736821274904,0.0
4,40.03446722684653,0.022302292897323973,12.064703196240934,-0.005311689475518737,0.045926898274300076,3.2361086692792176,0.0
4,38.93633597152723,0.02118995637490241,12.083135681422098,-0.012129186036955973,0.3812121406577714,3.004964798809774,0.0
4,40.88969320714444,0.019993037275557433,12.138517159433128,-0.004400220117481183,0.23052265757508605,2.023880927813524,0.0
4,38.94226197856707,0.023674724484535472,12.046219864007977,0.0009485659914448224,0.3852437040235243,2.312953901455304,0.0
4,40.52073730393045,0.021550567646895766,12.010254477345873,0.006562571770932834,0.10419165369206984,1.4171218812201225,0.0
4,39.61639366889478,0.02054553080945943,12.051366313606051,-0.007813521521261324,0.46095061756338634,1.9570457496451268,0.0
4,40.495980747847206,0.019458256343465596,12.072818568249378,-0.0027611965885856135,0.4168153238382434,2.8663661308948445,0.0
4,39.322781227586944,0.020216802946670286,12.191956421103061,0.004154907274163839,0.11926104644653168,2.5094210120068814,0.0
4,39.152694919627216,0.02206055043148833,11.822013215426475,0.006749214459866763,0.3171256453324457,1.3501930271068816,0.0
4,40.278616289587454,0.02133947710311975,12.055431147748296,0.005467825369684041,0.36367569943205147,3.8954008352800615,0.0
4,40.56254553254099,0.018332450944913304,11.855554915619212,-0.0017079843482175178,0.1607857975996695,4.834087637605128,0.0
4,39.971703766875095,0.022515863758570724,12.117902464048106,0.0016960750896450633,0.18308865095624682,2.2447882606935186,0.0
4,39.191301091872134,0.021081050846886974,11.901967355343544,-0.002660052957334919,0.09452080206789193,4.4287063614702245,0.0
4,41.31710922048975,0.023757041746351657,11.882970488242426,0.001029265363007376,0.08505996768857749,2.005331498650732,0.0
4,40.048611404509224,0.018065456515685568,11.965358628283223,0.008126782494217291,0.09035552426649751,3.466527069355314,0.0
4,38.075867125685875,0.02382036632298698,11.922095092858422,-0.005564778003603224,0.24081767374533364,4.2524847222884095,0.0
4,39.27157662482469,0.016570968020940515,11.888261937859102,0.003269876499197397,0.05596774049219777,2.402251773630365,0.0
4,40.939952145651134,0.02063507998725881,12.039499476525538,0.007156626827805849,0.08314746298319076,2.1628492620048427,0.0
4,38.62631028207711,0.020345581537981963,11.914389663817396,0.0018306091477267783,0.07409632104105002,2.9591800563958324,0.0
4,39.45989904900533,0.01954409823957384,12.006654401912499,0.0008412410834688438,0.47709693974253253,2.7391550345260973,0.0
4,39.47391818287787,0.022181390986488848,11.908642917326498,0.0005098916004252844,0.2211606791930164,3.8928708367661575,0.0
4,41.29669471522037,0.017473400887483472,11.917198955989084,0.0008119880548928824,0.1824805489429025,4.173871730378366,0.0
4,39.3556587551864,0.019355006833094015,11.893392628176775,0.0001565003135282385,0.15399226935585641,2.0411976512969896,0.0
4,40.23604110310045,0.021453737739844967,11.991718396072512,0.0023337789136450536,0.49678370246932413,3.9762201962777124,0.0
4,40.793630119987306,0.020944173693829407,11.918027315150969,-0.0016229037051544552,0.36916650953741803,3.2424498000293513,0.0
4,40.63981340525438,0.019568693067297027,11.817876536700433,0.0044452807092256325,0.3925406443071603,1.693774414245683,0.0
4,40.381351949138946,0.020591613285754994,11.961760544841495,-0.009396020192322056,0.4236070627772892,4.915937559559014,0.0
4,39.51765175772134,0.020848346275122154,11.950880263734554,-0.006963194265893835,0.057412447944622136,4.847365306689645,0.0
4,40.34332808520789,0.02337937307850273,11.731691099125298,-0.013834903979572788,0.2116977669689571,1.3198016723388633,0.0
4,39.23730315103525,0.016889770682781607,11.963489592633486,0.0007371815378459322,0.017189484444953218,3.369675662029872,0.0
4,39.01462901871149,0.021793368883324248,11.969126743524091,0.0024061029045869342,0.2320146362187665,1.960749519596407,0.0
4,40.54157328857158,0.02330162481788383,11.967345819848786,-0.005299320822173599,0.19194304396295075,4.389934928351828,0.0
4,40.264320485169485,0.020795861755896344,11.832414085413493,0.003180345530115895,0.02836453169242975,4.07055519237694,0.0
4,41.93035442939341,0.01980512865914434,11.954811319936113,0.0023526067892558674,0.30040256915886565,4.287687263351735,0.0
4,39.14680939958046,0.016582003771579222,12.115104609436212,-0.0030779912539805644,0.4904659989460631,3.3575080198056435,0.0
4,41.31611908311427,0.02108796082416736,11.914266590932685,-0.0017073264094179142,0.458584473978745,4.824343168800343,0.0
4,39.27685266465553,0.01745610699010075,12.09389736512591,-0.003999581075871791,0.38398311125684886,2.838002992859015,0.0
4,40.76681476553469,0.022362802646090665,11.994076887086296,-0.004988223387444963,0.23285249530215357,4.996947317241426,0.0
4,39.45539404991398,0.021163821605278247,11.928701581741816,-0.0018345895820546145,0.1576739061419437,4.335106114752731,0.0
4,39.96830480658256,0.02036784250143397,11.92427710830329,0.007711045430950902,0.23958604536938272,1.606814221628866,0.0
4,38.604757933680354,0.020298255284750606,11.874685346694495,0.001867229007196875,0.32125520772285987,4.9794986451300645,0.0
4,39.67454841055189,0.020969635691435756,12.136898989455045,-0.0009676394861634201,0.1933046591016303,1.6613240216444316,0.0
4,39.96641067218697,0.017819401606482727,12.143757205343139,-0.002363023160839901,0.12506855787392884,1.2258930337240788,0.0
4,38.61073656662082,0.024013007406171093,12.126388561304102,-3.873225051517637e-05,0.37916423124673304,2.192920035316374,0.0
4,38.81271506644657,0.019935262696221298,12.121417055985434,-0.0007640650287120085,0.0667216008662746,4.668710329410851,0.0
4,39.596564766906695,0.01964182998813889,11.948065204339278,2.0876052910999226e-05,0.48096835055454623,1.671003893505596,0.0
4,38.73404351702504,0.01951847737256439,11.917447768388572,0.007420116316488553,0.18816995107859813,4.979426190992242,0.0
4,41.11345128795123,0.01683855207601991,12.165338934182715,-0.0030657835157386687,0.34694322948121353,1.4626093622964484,0.0
4,40.37631112681121,0.01890289218053266,11.884535927021117,-0.001086782904039753,0.1530308948412411,4.548249693425355,0.0
4,38.79093851450823,0.01953984297430572,12.183011643864761,-0.0004084550676028912,0.13647147004952437,2.5336184357257836,0.0
4,40.466815240281726,0.021218541184363306,12.03642847550457,0.007839860967327798,0.4788534962145494,2.47062027032614,0.0
4,37.810399261894446,0.01980153217278528,11.837997711804547,0.004426628546152946,0.4520961077760056,1.5583371258110392,0.0
4,41.39333011194161,0.019546377894937208,12.022000664701872,0.0006439648696808922,0.13365089896575494,2.165574861654108,0.0
4,40.29804136002925,0.01993240393256192,12.090264661433416,0.004296704613612939,0.17946378381118078,4.444430547454037,0.0
4,41.99898856215811,0.019798160271604564,12.137035120245878,0.0010696622686561332,0.04742371943306417,2.910184508043577,0.0
4,39.06958010229414,0.020263690921841906,12.000831146752805,-0.0010930040337443743,0.2542833043143884,4.203562964258908,0.0
4,39.59467039028783,0.020600574987830043,12.114971316239933,0.0005419060274868025,0.20613573033357802,3.576782852270651,0.0
4,40.259229138520034,0.021556545642160738,11.937737731721606,-0.0007488610332446344,0.0933597894516554,3.9059849876272703,0.0
4,38.64476990876189,0.019593296159945588,12.080763401662553,-0.005663636755478034,0.17201594760268663,2.128797328825272,0.0
4,39.97331457419833,0.017225463713312093,11.91760577696576,0.0013895692531542476,0.024346280240448603,4.540321543220544,0.0
4,39.71666343372857,0.01960688087785506,12.107046980041183,-0.0031512135016020532,0.016318774623634846,2.363462756345999,0.0
4,40.05799980541852,0.023878889822821284,12.02960215715651,-0.0008256577030178784,0.36004221291047245,1.952275271177228,0.0
4,40.861954279953544,0.024519110801111257,11.887935289530777,-0.010050808376928627,0.4693173784555737,2.3515465737711323,0.0
4,39.074066791223416,0.019775725893383975,11.941783303551574,0.0030111896073552603,0.25731628622128155,1.8956302962797626,0.0
4,38.369498393373746,0.016510934255094638,11.976656534261751,0.009118913026903396,0.080761308492375,4.967830122338979,0.0
4,39.937121417809244,0.01639844886530929,11.920263552229843,0.003306358597150257,0.16859730811007734,4.638435455444509,0.0
4,38.828357622893904,0.019410207132194556,11.978735405578526,0.006601823842505733,0.08415928691105018,1.4991181022620421,0.0
4,39.863435909182385,0.02038759274625511,11.944534704845623,-0.005162640905507805,0.3213613347469399,2.0387524161862687,0.0
4,40.78229593751234,0.01899775250087681,12.170713886408812,-0.0008053969849310561,0.28041223227041845,2.248865662399706,0.0
4,39.079452079742794,0.018036901729820223,11.951633091157877,-0.0022923627121940967,0.13230669922536853,3.823775115545584,0.0
4,40.67766008578292,0.02107326809756252,12.117108767069412,-0.0007674029818044838,0.003099759432223348,3.851858359798511,0.0
4,38.04470425287492,0.021280783296479724,11.951925907601968,0.0039511080735798836,0.42666266725227175,2.243723654931993,0.0
4,38.223460127769464,0.022260516676071557,12.114695308031157,-0.002641760493148532,0.13343426819998472,3.946314519459876,0.0
4,39.29885181455104,0.016968062908952364,11.874785854742509,0.0008190311122486277,0.19826134820201213,3.672437731541476,0.0
4,42.06215500636378,0.019125865841261216,11.9925785020614,0.006596768368816559,0.403192525041017,2.476350197558353,0.0
4,40.37560396787309,0.019514900799706924,11.88470114255402,-0.010196898404014942,0.1566584062529613,4.274785750062846,0.0
4,40.036899092835185,0.01746604795942442,11.904996862729396,-0.0008133814661177709,0.42157133900369476,2.6173789445094275,0.0
4,39.92247056282458,0.02008846006168937,12.092637112542297,-0.00030414763895467286,0.10110362360702496,4.835219735933983,0.0
4,40.67507661577497,0.018626258544316827,11.895975815406697,-0.0030841519865577767,0.10849699673468066,3.5480328836937876,0.0
4,43.21693348254803,0.022664515903540374,12.135807575280664,-0.0045706847490422815,0.351718337841985,4.72218685950188,0.0
4,39.849070777751415,0.018421836288554747,11.980306007574667,-0.0014903251458877093,0.14090195118733617,1.6554732250431177,0.0
4,39.90802830876122,0.02308539154244936,11.94627803199778,0.0032435197116346248,0.44863146438935114,1.0171959532742019,0.0
4,41.4065837104825,0.021197942999404005,12.140213531835899,0.0006974735437576147,0.28703414307152303,3.8859389092072556,0.0
4,40.39307260818173,0.02116624175735654,12.106139022355759,-0.007069927798597425,0.2903780984700698,4.96778881117561,0.0
4,39.145146810096534,0.01928430933735173,12.025082322598283,0.0006043150668404798,0.004186599575387917,2.8830755027803843,0.0
4,39.41641482986847,0.020156639292999136,11.958829396089254,0.007532250559915547,0.3158671943399413,1.8231753660761987,0.0
4,39.40739014592351,0.019283938726753953,12.070205406720426,-0.006922508798955903,0.20616175673994303,1.8917792179161008,0.0
4,40.19783706500421,0.01864304446509976,11.93407022929202,0.0020168413804940682,0.40499003139392087,1.3518830013613132,0.0
4,40.106551987766245,0.02151213593038088,11.890578498711772,0.0033005426521790283,0.1344824989469499,3.3634427649910803,0.0
4,41.93609545580463,0.01856083749056298,12.061992323240743,-0.001344706970164915,0.3609402272199677,3.179370317194976,0.0
4,40.939134470580726,0.017928067108934125,11.99552489149014,0.00042077907473696095,0.13595675916760502,1.4801301198191577,0.0
4,39.594172120819536,0.01977566078599346,11.946315504069815,0.006458093266056661,0.47524261712590277,3.2338529448040925,0.0
4,40.728388798373615,0.023526522194218618,12.161006289921366,-0.005013463433099013,0.16253823456512434,1.020992715886213,0.0
4,41.330286331655465,0.01851312258933687,11.89116322204422,0.003825974486918057,0.1812551044258448,3.4825688449936356,0.0
4,40.395958033478685,0.019823878376063805,11.967472652170214,0.004960814013619972,0.3924315383711162,1.2454031491836028,0.0
4,40.29983083655725,0.019793823250550974,12.014145240566336,-0.00018364427550668393,0.4415910843183484,1.757736079206834,0.0
4,39.62862317262006,0.017272011010782726,11.957155913755287,-0.003989544459975665,0.2355311754499721,3.5626466863050217,0.0
4,39.97574996714535,0.02365222226369584,12.066449996968263,0.004613869126018419,0.311872877707434,4.51788003832673,0.0
4,39.613626347261096,0.02142306849380107,12.11946383786113,0.002900049839767499,0.21836545866604135,2.223222258447255,0.0
4,41.49220274900123,0.020672841745771282,12.088117448401368,-0.005348335043972795,0.4461113856005476,2.7872950315782354,0.0
4,38.14533168316193,0.020776845908553332,12.066159664413258,0.0008078457167488097,0.20618659542984563,4.029363998840408,0.0
4,40.14671656705019,0.02094556840499577,12.0473717655264,-0.007109322959931888,0.3727356319207279,4.105856696902143,0.0
4,40.844179585506836,0.020364671762630095,12.068119269518975,0.00026089012598724766,0.10943970843726786,1.1306631218157275,0.0
4,41.52888201417594,0.02205388287616941,11.966734369925952,0.010374773919534576,0.2811598287687132,4.46507397615879,0.0
4,40.19017506315067,0.021583487138253383,12.025123309138682,-0.003018386078286565,0.3047606519956775,3.4875724476831462,0.0
4,39.71051978024694,0.01821196838919428,12.040906006025752,0.008533925819516742,0.49929343168178086,2.3531248745215687,0.0
4,38.60460280135745,0.020800613867911863,11.948719273566631,-0.005779148611113794,0.20374563952521785,4.390214925882729,0.0
4,39.925458891865105,0.015859655794217633,11.931451283198005,0.0014764848947522444,0.16332982485795478,4.211124084042192,0.0
4,39.777975130426434,0.01940735108188429,12.182694376928364,-0.004370636638711909,0.47677886966082195,4.633144283590585,0.0
4,40.285276444700784,0.017425632758634145,12.044614987111535,0.007972184346495608,0.4776253639472606,2.3116209100506313,0.0
4,41.032190042164615,0.016752506281375618,11.976633675153982,0.003254593308820322,0.03019457752459498,1.8651493068452583,0.0
4,40.03654110006294,0.019624947665850382,11.917658204318101,-0.0003586560890831263,0.1624073083482684,2.405102983397519,0.0
4,41.068894189049146,0.01917088882676128,11.86788889910031,4.750079297875322e-06,0.4999687465342216,3.3132374219225396,0.0
4,38.38750495108316,0.021223361516404533,11.88525910169355,0.001282701398023598,0.09967858434179577,3.2485857180944744,0.0
4,40.32546654168753,0.01644275057481751,11.991316059867415,0.002729555251713048,0.052380356873031886,2.072212002050215,0.0
4,41.09105625342519,0.02009507818661243,11.719584768848154,-0.0042247734261358265,0.09677070050399844,4.221425454347038,0.0
4,38.776592748267106,0.020729623039666512,11.972447103453483,-0.008483769434711852,0.3280699558349957,4.203755184271683,0.0
4,40.786336498515084,0.01911716481670216,11.76549640593238,-0.001754367430177889,0.4825625225493151,4.965650697355377,0.0
4,39.836061526460114,0.021989207358357694,12.148898156964744,0.0007776087784160478,0.24354484290739908,1.4902474493275002,0.0
4,40.10751129256463,0.024894707826872527,12.136246410743082,0.000360372886297369,0.49857665858338435,1.4031792603063278,0.0
4,40.77039081176684,0.024092139882711108,12.066033787066232,-0.002594249688190805,0.15267667767169013,2.4731369118087185,0.0
4,40.81369269156549,0.02065270305077397,12.04718144500119,-0.004480592078817433,0.14876777657438994,1.086790566373102,0.0
4,40.809651966402946,0.020505573454479464,12.003639170290862,-0.0050861789838777365,0.3430286374480451,3.7819430125491715,0.0
4,40.22152773218151,0.019069813565206983,12.006996649901016,0.0024157020895958503,0.13750575517569152,2.1951785449248398,0.0
4,39.39667013703965,0.020573369217546236,12.10370797694634,-0.0020189510927041106,0.23759600545476078,3.6543230788679835,0.0
4,40.1758260361775,0.021777602801734124,12.013894802128046,0.0072121382287321425,0.24337644764842303,2.804292381460705,0.0
4,40.49909791207797,0.018345590974275645,11.983683072361913,-0.004494226768938429,0.0838903956264721,3.8959509587347343,0.0
4,39.97047464246813,0.018990418391336278,12.008644617559671,0.004000937600680265,0.3898416552674487,2.6860790879529812,0.0
4,39.15477781458259,0.019889185214848178,12.105866144886201,0.004808055784840306,0.26556689011989776,3.7523098795772127,0.0
4,39.33375962120288,0.016002924736721585,12.099549215299001,-0.001012081354643993,0.23048278315692527,1.6984885768118754,0.0
4,39.39406991299008,0.019733965204143215,12.111787066369045,-0.0034024965666056197,0.22424317793728793,4.9107570753627705,0.0
4,40.219414498288636,0.021044759998599505,11.89702283642537,-0.009620276612891691,0.09277927250721402,4.428028871971035,0.0
4,41.85868140819042,0.016321426059235592,12.051905615135087,0.0019519184291418178,0.02685994515536061,3.571148546207434,0.0
4,39.98068884802103,0.01776377840008999,11.935958108866776,-0.0019217790571916028,0.41326279754893286,3.679906084216878,0.0
4,39.09481150573778,0.020957429775095283,12.066854421717977,-0.0006559390237911932,0.25521239271784174,4.968965980789228,0.0
4,39.795285769676525,0.01987220648600752,12.144527676245142,0.004258162794423075,0.3460925825920541,2.193849924288329,0.0
4,40.186781596147746,0.020189910004898847,12.083126172203654,-0.007373804720035666,0.4856413885884095,1.180278738269383,0.0
4,39.30054003761705,0.019005449464406597,11.969390447519416,0.004613800357524601,0.2189909077819776,4.460534653904206,0.0
4,42.115103251014624,0.02362240986372618,12.117697015904673,-0.00041444191220828166,0.33549216172088553,4.48925555557561,0.0
4,40.07734541066671,0.021407970161978054,12.008050814743452,-0.0015692492613631748,0.16867040729166005,3.984390553209024,0.0
4,39.66480527573561,0.020150596656780036,12.031328260432236,0.008685302301185126,0.19719695173239765,3.287335927601015,0.0
4,40.23086339990207,0.016667870624666153,12.069736178293688,0.004917256511908231,0.07276486297048662,2.950409812597769,0.0
4,39.18503299067617,0.016114065523372884,11.931999050224974,0.007515959912152628,0.3556338657441543,1.2082346524343897,0.0
4,40.04243907374726,0.020952992182672627,11.873215798326141,-0.005722425725381105,0.1474556181047651,3.9835224821119866,0.0
4,40.05119334974244,0.020503546501144075,11.879784095461028,-0.008049378459676617,0.09492848964448114,4.634269112323093,0.0
4,39.910902819637116,0.020574932759085524,11.907057215190985,-0.0008266666832237485,0.08721906051191614,2.6155792139397946,0.0
4,41.89547212538207,0.021969964481531292,12.07964495368022,0.00496460427009919,0.18574111765829315,2.926172139894037,0.0
4,36.3195221147666,0.018792890033344986,12.03857079709914,0.007226061942466847,0.2048095325370614,2.8144309312903357,0.0
4,37.39343637601544,0.01950620770423363,12.13059092946083,-0.00016653991567764723,0.2117370459091939,1.109109139097475,0.0
4,39.59829712430813,0.017863261573888466,12.07072882668935,-0.0028816477692475344,0.34006795378394944,4.627385940404253,0.0
4,39.350803206187265,0.02366578975116217,11.96226762526202,-0.0018146680413979063,0.22032241442688205,2.6301345749851355,0.0
4,40.797331380349235,0.02154821875776381,12.114974846342104,0.0010295075018858543,0.15782938878612912,2.715910906456766,0.0
4,40.821594212288794,0.022585642499023378,12.02593626413653,-0.007648246155971424,0.37671295719055947,2.7078566322531836,0.0
4,39.009896537631185,0.01783924424564825,11.816961131028034,0.005280476998833301,0.2554765374952977,4.5578135852379145,0.0
4,39.56099614868393,0.023174122279914087,12.138654545210121,0.004391902908030176,0.2578927424626955,4.473215010565961,0.0
4,40.01153450086154,0.019724931924121565,12.064567142963254,-0.001671928596857404,0.2151964972008496,2.458214112435896,0.0
4,39.33054478588692,0.021143414046836666,11.97812357627524,0.00041616773649900756,0.134943716040286,3.892110681254988,0.0
4,40.839069332661325,0.01962703983962428,12.114589178425398,-0.00026654686920726643,-0.01760151366481849,1.7850095969325581,0.0
4,39.14601768937956,0.024396911124202333,11.493768464628822,-0.002613832925835911,0.14008560558077748,1.3272827145114041,1.0
4,40.54426657522779,0.018799533549447058,12.100760559724774,-0.005308726055027305,-0.11028453391639742,3.683073956918456,1.0
4,40.214286706041584,0.023044240208831186,12.291272247542889,-0.0011021733225780562,-0.19729576248975841,1.3539396426573838,0.0
4,38.55546147970813,0.021890202209408977,11.475322556378154,0.0005951988033397981,-0.2901624801149222,-0.1594381824979778,0.0
4,41.99536803355285,0.0207778518350252,12.184538701239806,0.00039833181676189724,0.1590062076031084,2.3063496086040196,0.0
4,41.5028748969571,0.023316333369155152,12.833070337521994,0.0014132598462552235,-0.1560309128736771,1.9585131802674818,1.0
4,40.96221423377062,0.021010962783803842,12.13968527136633,0.0030275632519199433,0.2011490325656889,1.9361432321985428,0.0
4,40.86610875956729,0.022316000885056607,11.514123674017812,0.001013450287796761,0.23814941440789136,1.0396188352635622,1.0
4,40.003527558490745,0.021495450892825233,12.515367826202072,0.0008211043372205323,-0.24114554046907136,0.6359424462946509,1.0
4,38.788579292371764,0.025873664792867845,12.29746929825978,0.0020220317644217096,0.07912188426203381,2.7733399630960394,1.0
4,39.58190998313048,0.01989317064862415,12.306757148494823,0.005213885065019876,0.07057281738090498,3.7149501651586414,0.0
4,41.089286747078575,0.022686707347564682,11.953974789494298,-0.007576361238459105,0.07051573857008234,2.9558708362068353,0.0
4,39.68611194398836,0.022466179594316755,11.518524258826291,-0.0027792515602274356,0.029924852560890614,0.5891336223534718,0.0
4,40.04436948877523,0.023243246764294966,11.66118355938835,-0.000463633326628294,-0.0064029563095080455,0.6701070886374358,0.0
4,41.32838154538152,0.02441437887608841,11.805867702255581,-0.004092090140575309,0.23479939420494847,3.030731308108638,0.0
4,43.18122203033832,0.023527045789794525,11.903944205708369,-0.0020660150756666175,0.022212106041703802,1.9781997890958711,0.0
4,42.597708396960826,0.023698931689105425,12.2284730334995,0.0035703635513333076,0.2023571678972534,2.0578564234806773,1.0
4,42.01984762558719,0.020620163984266006,11.681291309450483,-0.004139711850709984,0.06307439111972032,4.036826794280364,0.0
4,40.36606860052582,0.023895570174764454,11.285386637594131,0.002586143024425126,-0.18949394621764085,3.7444798769593066,1.0
4,39.489092381774405,0.02320587554544175,11.918051164895067,0.004328641386394976,0.10408745242208595,3.3959495379856124,0.0
4,40.628255013196814,0.025634746071398234,11.503856481189981,0.0035843866379991402,0.04813911073116639,0.3987960245539244,0.0
4,39.105331095392366,0.025008756890107495,11.859817328024283,-0.00019615117764820408,-0.03773993542983245,3.5570086296291574,0.0
4,40.493192304335814,0.02318094200862122,12.249255380331117,-0.0006004257931807326,-0.0444944530291925,3.0986919547688037,1.0
4,41.52772747928552,0.022665857880916667,12.116593280210342,0.008301749620634744,-0.04721067535870366,1.3378333010508925,1.0
4,40.224693520890234,0.02503112332570255,13.685164724804705,0.00615500951408024,-0.2051631434492632,0.9528144456526079,0.0
4,39.06299941396717,0.02331222477919562,12.541053995350211,-0.0077928674939073414,0.11945078739980919,0.8557670792814782,0.0
4,40.85862689211622,0.025385789376831242,11.745227647890376,-0.0015479350583472104,-0.05306915706033616,0.7375029161903643,0.0
4,41.58377432988177,0.02482699870969305,11.803104772387467,-0.0021610050796875726,0.16066490050413423,3.5257686131771564,0.0
4,40.96176575908673,0.025991345365469497,12.058293546009157,-0.004197975543378847,0.07649422316586182,3.1550999517163856,1.0
4,39.640705045987296,0.022120496862365235,12.01044489868669,0.0013648201863848965,0.02225131436358102,1.2553134596399127,1.0
4,41.46766701672321,0.02969508633689017,12.142478931699392,-0.00164193444072975,0.13161466496194416,1.3922199996247846,0.0
4,41.55661724539046,0.02621887192816568,11.202032040163822,0.005534750383063335,-0.10108251622056919,3.9104577706987156,0.0
4,41.1343090089986,0.025306814670482073,10.943473891963244,-0.0036595038018936467,0.15627637676172582,0.26469628113676913,0.0
4,41.22628620629793,0.027543085885797056,10.997554704641015,-0.0038362622397572705,0.15785519059237654,3.631840106663559,0.0
4,40.90725947166392,0.029230907160111157,12.374015214648297,-0.003245546660872953,0.11076424261316456,0.22979670149502918,0.0
4,41.693592128683505,0.026384152994768352,11.793659311778974,-0.009370050943972691,0.13226403836727957,2.1178090318856744,1.0
4,39.318079615785145,0.02395678729136849,12.080012999520468,-0.005955778659063912,-0.21433638649897185,0.9522352322268901,1.0
4,41.652289721775574,0.025044178798271644,13.237403204676909,0.001356467029680148,-0.13230933043903503,2.9305588758097185,0.0
4,41.46020158576353,0.029208993979790952,12.139862399634758,0.008352183346898077,0.07762534947812377,0.9931977564134158,1.0
4,40.27716927382752,0.026580336861380602,11.372318076138868,-0.00515010581365357,0.11048285831264831,2.4199308374734954,1.0
4,40.50027795722068,0.02501585317141764,12.151346718393441,-0.005315295651695393,-0.16484286457521774,0.8731394398405452,0.0
4,40.07518460909752,0.025117230144248937,12.412253821183914,-0.004402843872855907,-0.1542476758722008,2.319280317175517,0.0
4,41.06979430773056,0.03023157101230194,13.485972858718277,0.002036345638400567,0.2155643062643119,3.2520215684465117,1.0
4,41.48270179791341,0.028649707265255175,12.810487114734059,0.005352474941647782,0.2231501051207623,3.882122268012746,0.0
4,41.41205103882498,0.029192372501668687,11.821041216779651,-0.001955016912736952,0.0427181086150035,2.1785713725715667,1.0
4,41.59509438811071,0.028429625280875673,11.800545304969585,-0.001376236672323958,0.14759133102940514,2.8681729416135004,1.0
4,43.96857482728418,0.027872905894637152,12.169160628803937,-0.0010247183716357515,-0.051365155892881875,2.214370169456055,0.0
4,41.35599702402516,0.022067582389767706,13.202989349883048,-2.502684470918718e-05,0.10328064364958128,3.2871409300664904,1.0
4,41.61658320377598,0.03120631499616604,11.60533427726788,-0.008078748479219734,0.31118020309978134,4.12119957971869,1.0
4,41.27649762860499,0.028944314856534724,12.303212995698752,0.008926089270311967,0.02010695878679261,2.772136403605497,1.0
4,43.41455307784747,0.028796951321664085,12.071741024934257,0.0041751515794877046,0.001426844877719935,3.7649228816355746,0.0
4,43.44008175319383,0.030988557776742223,12.54035515645309,0.004819050480001251,0.10714518736570477,3.487881588292497,0.0
4,39.72661800649081,0.02612708455877836,11.644006892025972,-0.002821715348490655,0.23073340795768038,2.905968088884891,0.0
4,41.58391506881292,0.0269266901561288,11.751080965482434,-0.0033603301752131486,-0.11866084366375365,3.6146851361246393,0.0
4,42.75943620408246,0.025589088536632977,11.862990014459742,0.003095356901655623,0.24704266326177698,2.039518037363706,1.0
4,41.89056179527454,0.0315213911987714,11.735046257797348,-0.007002412445466633,0.11608455043631913,1.811200457957436,1.0
4,40.55552398628771,0.03203503132962277,11.618703167487734,0.0035545585757137794,-0.18502655278644295,0.8815713020953974,0.0
4,42.13374026569432,0.02965482088555236,12.49229985065362,-0.0046788892480789015,-0.037179573951841266,1.3979529783660807,0.0
4,42.12950561354075,0.027459113834500705,11.875214131887422,-0.0028617449741270003,0.06573124085861495,1.689538743005234,1.0
4,42.94520019575187,0.03134114194091778,11.240137381269447,0.002500334027556266,0.255755885788726,1.2766178627706215,0.0
4,40.54603726917745,0.028722816368388318,11.843128375864968,-0.0012787496252413364,0.24073108055874698,3.9705474985959364,1.0
4,43.23597351454241,0.03166964934541732,12.648484792236195,0.0022884337056270497,0.10808376561787551,3.257094793001407,1.0
4,42.839813030012124,0.031075356560442635,11.914376893675108,0.0004405095511573949,-0.008885230870600225,0.7153219172265866,0.0
4,42.25557917283935,0.03196482524891509,11.184730443801842,0.004702506152344822,-0.08510701458623493,3.3123778053594046,0.0
4,43.26262759660591,0.030106941858197928,11.964734504607282,1.767057042616583e-05,0.08360425535869422,1.7934255523106475,1.0
4,41.88679313845775,0.02942723564492053,11.680457358941332,-0.0008884673338027628,-0.11333578914656722,4.288001514024785,1.0
4,43.3193769670898,0.02894748108829752,12.069304097960718,0.005737400378520444,0.31567910162126384,3.3196648212635917,1.0
4,43.12201491355871,0.032670928921549644,12.817166810780485,0.0014888370146919456,0.34645961312851126,2.070737337298292,0.0
4,40.718318095986035,0.0310144804577865,11.774016133104702,-0.004139232694460551,-0.015757643809458655,2.2971228240329076,0.0
4,41.92555634740189,0.03027252979957143,11.026240826301716,-0.011717032747181022,0.14595263404558667,0.5652969725728778,1.0
4,42.36045050691621,0.0319349999053223,11.521150963061592,0.0027942083380258155,-0.05300081973332582,3.031688962558235,1.0
4,40.46292811354411,0.03241003569900981,12.365810253283334,0.0015697324409063487,0.11599063877142013,0.859166677484063,0.0
4,42.70185938407172,0.033423830377058816,12.086196917731252,0.0012966662902893764,0.2373428213880699,4.023419585205404,0.0
4,40.84070225949597,0.03119585415070357,11.637516865999832,0.006542482928361716,-0.1246057150979937,0.3612651607363807,0.0
4,42.03590396043024,0.032637442586063034,12.236776846245142,-0.004462403459652928,-0.09807272627633287,0.7323669151834556,0.0
4,44.011751954644886,0.03233120864299338,12.192211294552308,0.0002097995489477778,0.1774433934660045,3.8895483848112904,1.0
4,42.61142642428823,0.030654673377090783,12.185258553262624,-0.0012904689899503297,0.02466296730134028,2.583017352041504,1.0
4,41.79578220994341,0.03403762168045567,11.971781413076513,2.054987060722389e-05,0.21233660879424715,0.9775248276679256,0.0
4,43.13757494751386,0.03626838475226031,11.283260024259796,0.0007145539305812037,0.34544962597104717,3.449325216458537,1.0
4,42.247142412907436,0.030423087907949557,11.843164366426556,-0.0010481667868950805,0.10522515773855537,1.2279227541878979,0.0
4,43.08160208688008,0.035136965423413054,10.917594036324044,-0.00463957357091819,-0.05557705710768995,0.6754582320415454,0.0
4,42.40812165614136,0.033534793644161925,11.671669326410113,-0.0013743352511117256,0.2393312635586644,2.4078241648778045,0.0
4,42.905965475578626,0.03334191539567446,12.227838833863688,0.008874759034185355,0.35196476626957746,1.936661954250719,1.0
4,43.19834262065536,0.039237565112117165,12.24559405608421,0.004671297687960333,0.32891632611320815,1.0655032786923508,0.0
4,43.29372916949674,0.03646387785468509,11.390992318455492,-0.005890715786097651,0.0361777633154453,2.127603659870775,1.0
4,43.946594738853875,0.03591149776854845,12.047579466317952,0.0005118377272745919,0.1078709648348882,2.0000412313867253,0.0
4,42.7273715378768,0.0342995357229767,12.847899687238737,0.00011774751842839209,0.0560086749274816,3.91124106320026,0.0
4,43.59782843394481,0.03598086563913587,12.088759300498106,-0.0005509805341155314,0.3415322029268,4.474566294315212,0.0
4,43.51086101732946,0.03623916990414018,11.606910980871584,-0.0009239919390613278,0.12980776798862342,1.9903532327765445,0.0
4,43.24866911680735,0.031272968745072016,12.248037793600545,0.0032239096251210353,0.06790172935702043,1.8060705964549928,1.0
4,43.859403401254916,0.03738836423354784,12.088979102611306,-0.007261444947271706,0.004411832198522356,1.2932571988651567,1.0
4,42.3659877400586,0.03322328161743453,12.202014604335666,0.0001028434884216917,0.020907700644469535,4.215073349126376,1.0
4,45.13372351587883,0.034396975067457175,12.013921451044581,0.006314117144259504,0.38316271852330436,3.969267536111813,0.0
4,42.65648718978466,0.03409379724668365,11.49100711554688,0.0014904266536749978,0.0315426746951704,0.6096562272306667,0.0
4,42.278954529353236,0.03457012029402329,11.563184436690989,-0.007740594922014801,0.01636377472090572,1.1524395968765988,0.0
4,44.383523466325066,0.03430827209098383,11.444194385048165,0.000522241790584443,0.17835685992503195,0.9640964251082719,0.0
4,42.894110947059815,0.03659805095291522,10.930189706600089,-0.008405219025097676,-0.06073269238897655,1.0653030692517176,1.0
4,42.38591936764843,0.03765321874202231,12.056975397958553,-0.0076436725449870995,0.23465767084822745,1.7062766602901904,1.0
4,43.66561909679014,0.03813689483983269,10.886270852318257,0.0021555818687863547,-0.04659108877733409,2.3303125004566048,0.0
4,41.65199669714462,0.03672120262621291,12.047206101443646,-0.003092220923490552,0.1391776202621512,1.6671669946049645,0.0
4,44.802058722051896,0.03731384859581294,12.162689331694914,-0.0035454466102094163,0.35639097549146065,3.9304750280368217,1.0
4,43.275941796830345,0.03797870584004395,12.550013540422851,-0.0014354292220313527,0.2082022443172301,2.308307467464431,1.0
4,43.4326448047757,0.04011466733166377,12.131452991113054,-0.0012742603565598979,-0.023161303549385573,1.0825234715605572,0.0
4,43.08421570499935,0.03816765324803466,11.159490046826653,-0.0030505286296333674,0.376065593793462,2.2436610224779314,1.0
4,44.519968744357634,0.040580424061451036,12.18146156931866,-0.0025382573605597443,0.28813771544728545,4.264389475197444,1.0
4,42.60387900460804,0.03558153080761865,12.141739700933115,0.006201282485075019,0.30396761133472316,2.0010193145183237,0.0
4,44.118492852355196,0.03948318784543506,11.856587620050995,-0.00014792833237831064,0.17968595411024488,3.498112301916944,1.0
4,43.40140662473504,0.03874050202274739,12.508041457166323,-0.0003717486941150438,0.00404510822780868,4.014099021842287,0.0
4,44.47649271907797,0.04252352701461551,12.441735516782463,0.008763195081916414,0.46416763962483043,2.714634649137658,0.0
4,41.98184365947283,0.038295294016464976,12.504503004153724,0.001806739011953773,0.311495311015833,2.990845635543258,0.0
4,45.31880103561552,0.03660890278508036,11.213911288894977,-0.0098299237007734,0.17604939029188668,4.160674290108894,1.0
4,41.92512329893879,0.04404905781414899,12.4336875954177,-0.010605329268495771,0.13703633133080237,1.4353114639947577,0.0
4,44.3392359390585,0.03886309245422169,11.31967884346644,0.0008306603465754826,0.23434867963926706,3.407299172323645,1.0
4,43.51775933920423,0.03766736442675621,11.911139814169657,0.007114064721341485,0.3975656559841774,1.8812716380532615,0.0
4,45.68832956279742,0.042800857457148914,11.410745638509034,0.004363369348946781,0.48384096612112126,1.7687327652476945,0.0
4,42.985861097778646,0.03935628474062165,11.797083079573667,-0.00077218778096615,0.1608541785911383,3.8273283241743568,1.0
4,42.74755453454268,0.04270682217872333,11.696451838862282,-0.002821596007837203,-0.11119407866080641,0.6050128188316263,0.0
4,42.35319810386733,0.03975049757577899,12.581786414582549,0.0010611937715872257,0.34854134031084716,2.3447504359677813,0.0
4,44.9343101260435,0.04237292602133537,11.340022245794035,0.0025754233003413203,0.038504275909145104,2.172870180572853,1.0
4,42.95438855939261,0.042580187054568105,11.301143595232634,0.0017781283042686033,0.2990283613094508,1.0948635606266237,0.0
4,46.29745283831636,0.04125082174108623,11.47744285701054,0.0031600362407743342,0.41468827861375357,3.6909437322928893,0.0
4,43.6443388775333,0.04169142991047284,11.893817952874096,-0.0011473744538208542,0.37584423694296526,1.4867363062769197,0.0
4,45.07041932393605,0.042860045010422884,12.746880153615788,-0.004430996030273283,0.4978502745430005,4.976611041977353,0.0
4,44.959006785608175,0.042614352814430975,12.59681280975195,0.014787646236356691,0.292031599860585,4.722461091194167,1.0
4,43.13665214252074,0.04404465303284928,12.461023232040247,-0.003974273008090336,0.12074977743345892,3.6597724499759456,0.0
4,45.29936932997223,0.041196736140419285,11.315817668663998,-0.002083093052018522,0.13503029952889814,3.2878571400155696,0.0
4,42.54369488671614,0.04333570489040066,11.734164566252812,0.0020472161044718913,-0.0382700857709089,3.9794854494642484,0.0
4,44.4220483264,0.039220710831030806,11.981743897464584,-0.0034724283610982998,0.066974794661135,3.6373654858310718,1.0
4,45.14947800901271,0.044617936799822594,11.849710757489582,-0.003512264968021257,0.44058244521326045,4.289496486442701,0.0
4,44.25504981039782,0.03986189416236137,11.896791950873084,-0.003426624513729457,0.036395280231693895,4.83191216358601,1.0
4,43.67491504933831,0.041958757555140155,12.383241444823074,-0.006838819866465126,0.09414167223174119,4.454860447158699,1.0
4,45.25714233344483,0.03752674508648423,11.825443745842188,0.01004447425983322,0.3403944794889943,3.045524069437077,1.0
4,42.888916737302026,0.041003587064644756,12.948735962489986,0.0022375490836794875,0.28823341014300496,3.340024547040486,1.0
4,42.55088386103101,0.04856686982544298,12.125372257055195,0.0016619001318185886,0.0022843924039405855,0.5904598793287148,0.0
4,45.843236148681676,0.04410427340313697,12.20035563489019,0.0023976120127264817,0.16087507778988405,4.260346274245194,0.0
4,43.90660034402417,0.04156841234902943,12.07752151470752,0.004068988862637775,0.3963814740405873,2.418035650450653,1.0
4,45.55377805671115,0.04365127981436756,11.443508552331668,-0.00344353533785878,0.1053794814215646,3.2584509673426445,1.0
4,42.51615385670672,0.04038399091539134,12.134252599821584,-0.006480741368090515,0.11427910481508409,3.6480110473551766,1.0
4,45.96860047577437,0.043875654216609675,12.35513693137942,-0.0028987204427461896,0.4794772368092869,2.2753132351729586,1.0
4,44.89064679645254,0.04744796453929907,11.786920845478376,-0.009505612903740707,0.23170825079053392,2.4209856842256263,1.0
4,46.38155656132312,0.043105160553809224,12.45040302498436,0.0010392831088668637,0.2175597575767954,1.9380814054940578,1.0
4,45.6008987343351,0.04610366061357408,11.974207688507253,-0.00405948591553979,0.38648798795867473,3.095875028006859,0.0
4,45.39783857485619,0.04410616030373909,11.988543015421188,-0.003400504326831037,0.32396358204035297,4.002638634838962,0.0
4,46.624517759654736,0.043998256048405474,11.27496785939529,-0.0009383594817479015,0.4715501024561445,3.3817137232494243,0.0
4,43.04415011447296,0.04508286624222162,12.217532284055407,0.00387626250146386,-0.012934513449432444,1.8322558195377288,1.0
4,46.0434725301046,0.04515006371380559,11.730425839760366,0.004916158843441475,0.23361294503091226,5.068834636180329,0.0
4,44.0227714715456,0.04603297143165824,12.244657152878723,0.0011030361194320074,0.3581824671788674,1.4694735039527278,1.0
4,45.122666399452264,0.04473834884609373,11.877066030658394,0.005375384688613789,0.42165827694138247,2.416444822829067,0.0
4,45.46430652113164,0.04902189733955073,11.372239635834074,0.009606583767358014,0.4170079869605139,2.226437993445652,1.0
4,43.683238346756056,0.046958935243307756,12.520011595609816,-0.0038765629252693946,0.020516755778138066,1.2227816774073321,0.0
4,44.285421537056955,0.0468035576471266,12.349458913164812,-0.0049059612965357295,0.11266656921844787,4.726673383917684,1.0
4,46.805177099921416,0.044795369201895155,12.586496839205303,0.0021856638877021314,0.4616247956850757,4.100047940344419,0.0
4,46.18275909694269,0.03915629896509148,11.850181896788095,-0.010967995954665135,0.2836657339238649,4.62993430103081,1.0
4,45.72547648769333,0.04915759046372951,12.191638168951373,0.002245357742596313,0.5014174733828423,2.7391035841300866,0.0
4,44.51223928128167,0.049122520697508824,12.481491631118029,0.0014598608315526912,0.022913967262531098,1.5412440781215098,0.0
4,42.9007394159419,0.042567365120801656,12.239189341389967,0.004499778861773947,0.0860930770355989,1.9818823027139318,1.0
4,44.98691012245537,0.05052855469761111,13.164914779818432,0.0007182807490938645,0.03239418168976094,1.8830157819528162,1.0
4,46.194460641229625,0.04669742685405012,11.288933369316174,0.005053317558476309,0.511852783821999,5.142756918710417,0.0
4,45.76259923000562,0.049528459348937105,11.27499860054301,-0.001328353493922544,0.31122331931462305,2.7142207141854837,0.0
4,45.29910330140348,0.04766628955501345,11.72043303741763,-0.004946661387553526,0.3823319895146665,4.929645157213463,1.0
4,46.793891869620246,0.04945385939195807,11.727116653082536,0.0031527768203970037,0.21746751280534504,4.811008001622635,0.0
4,46.64265858953962,0.04651084884712571,13.305968921817207,-0.0016001646364750103,0.4806637362824713,4.706340426923252,1.0
4,46.09577292931297,0.04666948807934383,12.577731293931175,0.0031782693189975225,0.17477007479709628,4.284888486377891,1.0
4,43.48112508776585,0.04442529607837685,11.633794621051148,0.0034172764891064926,-0.05765797853245906,4.5214895941899815,0.0
4,47.17859116119119,0.047615573890487414,12.50318567320501,0.004213119900017962,0.4559257061236438,4.529408296069363,1.0
4,46.73424138147153,0.04989622561401483,12.620637942444471,-0.0052163184305295115,0.0943069449301131,4.758337258732017,0.0
4,44.793274977094434,0.047372787245426026,12.440129766970625,0.005529855400103919,0.027757515303351642,2.415486963262592,1.0
4,46.36615787984696,0.044323314492923704,11.931922514207264,0.0013458938530225264,0.3541319793537052,3.1615507055166856,0.0
4,45.80447413653302,0.047648553685016415,11.284155729252282,0.004440204011942938,0.20420313039892357,3.5585689259968567,1.0
4,42.57273792545095,0.05077282414048023,11.8615950978852,0.00733932782313706,0.2558793632037747,4.459791232512524,1.0
4,46.56285785341004,0.0501931840570069,11.962011482437845,-0.002574163575249949,0.3210515944514278,1.7878175472404971,1.0
4,46.49764798804982,0.04677869651185713,12.019360969676265,0.0059836468347611825,0.26435589483232624,4.4301831192410175,1.0
4,45.639263787562015,0.048786379700706727,11.751115638513255,0.0022630646314896587,0.531789043906883,2.2422306358208806,1.0
4,43.443196674334175,0.04778829531085299,12.317372112265902,6.57697734598322e-05,0.040692967795258994,0.7549252565262754,0.0
4,48.138940112620624,0.053130246362824415,11.466535476197784,0.009056111619000549,0.2512703048321055,2.2767920786985263,0.0
4,44.403244197536736,0.049087209799499924,12.439565576826434,0.0008835627496766187,0.38328249520934565,2.5581627874771957,1.0
4,45.94653800787687,0.05068738018623105,12.007216593960264,-0.0022637470834788475,0.21662075118558247,3.098686358387768,1.0
4,46.97363135913291,0.049437589158558365,12.241236508334648,-0.00251261998081281,0.34765007363376477,2.4264023835321153,1.0
4,45.289595593646155,0.04979595143811312,12.281092774812914,0.002349640082118638,0.3819946083865715,2.1601641090217583,1.0
4,45.37175706046856,0.050324752928040284,12.959953072470853,0.008103889711243784,0.4611878684291279,1.867643351118748,1.0
4,46.35880654211212,0.05338815206692406,12.19718046585424,0.0019361615957711436,0.23592006448580632,2.678129956009939,1.0
4,46.98111741046996,0.052419684019724036,12.101858769348183,0.00564419210444853,0.45494274382641586,3.238109453274847,0.0
4,47.97960779524017,0.051470630473797546,12.133615841508687,0.004073444095448413,0.20251493049958444,2.690848597904816,0.0
4,46.16082699110558,0.05205559133477073,12.218954738179146,0.002063317915320777,0.3315095724408516,2.6058158467205983,0.0
4,47.31799311923074,0.049666073276303666,10.743265909662867,-0.0011497801125663406,0.43670742231853193,1.6260370982532837,1.0
4,47.338456991226984,0.05413154442757065,11.563337706954444,0.009622648088086355,0.13300415706286073,5.055536856798876,0.0
4,46.658232367937,0.05670803366966552,11.655700981921173,0.0018761888990704429,0.3968949280648911,1.8351273459223576,0.0
4,45.640451664032085,0.05290574988573704,12.623389397987626,0.0006150183938550773,0.06879579308841763,2.312583927463967,1.0
4,47.243453149583395,0.053714204054533574,12.14061580131367,-0.005160544304164007,0.6022718612837363,1.694800442821632,0.0
4,46.27947081404769,0.054651867848851524,12.415432423920501,-0.00795600794982231,0.3083467067376366,1.6767061906672902,1.0
4,46.89657587507698,0.051604569752555,11.849121381538,0.0003582669506407257,0.5709439926618998,4.977612611181268,0.0
4,46.13547829059164,0.049937584978025584,11.300717677254585,0.0012349667094865586,0.3664840975355352,5.044636104797565,0.0
4,47.39227897979897,0.05124024387024123,12.327797145066837,-0.0010764739469419184,0.5515862379255968,3.6911181896009135,0.0
4,46.17926191550562,0.05258932335517022,12.437232349604026,-0.0028510217376571303,0.4216562584242679,3.0907756125883723,1.0
4,45.2200082294504,0.05016601441413841,12.183547096131562,0.00844583862072216,0.15249977481688598,2.7661761235534623,0.0
4,44.552847774833005,0.051440086736658105,12.158089326642072,0.0024622724775674185,0.35451595233052613,1.3620739136515057,1.0
4,45.39464332026267,0.05569718474571914,11.93367248940617,-0.0062347952508437126,0.051944788270320674,4.14679835067433,0.0
4,46.23634488730035,0.05251523574260994,12.130162844136464,0.010459111756268418,0.22223299813488712,1.5099812653558609,0.0
4,47.22837608865113,0.049210679573502704,11.943870177562614,0.0048586364650470126,0.153966826182856,3.901942437447066,0.0
4,47.11791275356158,0.05683173824712898,11.893177597925554,-0.0023489073839198537,0.4969793071335992,1.892246058946764,1.0
4,47.045714006441635,0.053657179945851396,11.331471846923623,0.014336311670380214,0.4166440936740493,4.759512931970068,1.0
4,46.38893638755261,0.056634766036921455,12.104018348006628,-0.0001938924449377544,0.3351904268640915,3.1545506150390494,0.0
4,45.78504309135285,0.05395152921348792,11.858403257929849,0.003982130713511394,0.16378097602910335,4.338219903990443,0.0
4,46.685321500527024,0.051537795020344196,11.693473022641912,-0.0014253069365265964,0.12058685003432493,1.7338610636724776,0.0
4,47.274258491282325,0.05637518385373186,11.861027960592736,-9.944270591308591e-05,0.1801213578707434,3.701517346740271,0.0
4,47.808136559605224,0.057821485592225205,11.670353890678918,-0.0004895961865659762,0.44521431605302353,2.3079029317032274,0.0
4,49.011559971426564,0.05733481142395724,11.620221060530504,0.002817628312309558,0.3371184531779714,1.8885215763903935,1.0
4,47.39570094758345,0.05438798158011061,12.044082126762016,-0.001550935736706742,0.3318708419051049,4.639309154418607,1.0
4,47.260828451131566,0.0581774361080369,12.324051840227378,0.003028087603069603,0.12351408406348403,3.170220747092321,0.0
4,47.13730294379949,0.05624166925855491,11.529072879755871,0.003804916401648775,0.3252423304642718,4.243183392629903,0.0
4,47.37113755472005,0.05601445364497048,12.813767866577725,0.0006440692361073971,0.3035559589594757,2.2907488584337106,1.0
4,47.494546460046614,0.05563023227961667,12.105382953025346,-0.0037565383056925956,0.5340316273638644,5.127223189149694,0.0
4,46.40222626963871,0.057719762661816415,12.258472366563009,-0.0057771537850927835,0.344088040305842,3.4744583374556566,1.0
4,46.8312704722111,0.05896474195174844,12.129383453147687,0.0009804418143077099,0.2983222167528775,5.247536914677671,1.0
4,47.35809528508539,0.05689345425034831,12.426353494168556,-0.00043371010638567357,0.4369855713106176,4.2463143797024046,1.0
4,47.131565750079275,0.06190630841288027,12.513195776122288,0.0040918254809388785,0.21581446523993492,3.555054944184295,0.0
4,47.44711174035356,0.05887368782947151,12.33645660285364,0.00415465068038079,0.6040045210256609,1.4925945713906983,1.0
4,45.32363723434467,0.059333011182420126,12.436812233912569,0.0031217425231779977,0.054896135879833975,2.631833142436852,0.0
4,46.774182299880735,0.059420014365737246,12.477690195167765,0.001292292831659089,0.25327976196018936,4.586056316842026,1.0
4,47.65047273317126,0.055283624685619606,11.646828705846811,0.0011617152946688226,0.16665902774337943,4.9227132719841205,1.0
4,48.23828058554046,0.05736494371220977,11.833469301414684,0.01080513588319496,0.20496985261776018,5.22607665841031,0.0
4,47.48853435006996,0.05456495870213096,11.81252258117648,0.006000167104940097,0.3078970369053525,5.407914742259319,1.0
4,46.46598513083708,0.056764354742182443,11.912330591318984,-0.0025308735849524193,0.2883595590213654,3.267374812400837,0.0
4,48.034263922544305,0.06028043050972445,12.68321674466048,0.0009404292613822155,0.6451859729190733,4.32316798460186,0.0
4,48.392945434964,0.05754071019991946,12.391780060257286,-0.005668145330073414,0.5554997189352909,5.354504573001275,0.0
4,47.688698289251924,0.0587464042170676,11.595266258710673,0.0025310775203902527,0.5387421388697707,2.029095782628928,1.0
4,48.41927307397063,0.05917051555034962,12.226181508594964,-0.004882122013196365,0.28573290082876523,4.596456504104575,0.0
4,47.78548157228098,0.057164834157329994,11.758955895107874,0.004372199838642158,0.19401059408477234,2.502855560976763,1.0
4,47.57990236170795,0.06159043385834506,12.430309969648548,0.0041551927197565645,0.19949626620323122,2.3142907669551858,1.0
4,46.7509021371578,0.06087893135170158,12.29075199938199,-0.003275018634318525,0.39945658604278395,2.6613327845555848,0.0
4,48.74752527098989,0.06002568728555475,11.105391258175228,0.006820990554014895,0.3335556085961685,3.1696394159523793,0.0
4,47.83346779497885,0.05950684949047581,12.009997595803538,0.0025700249399779026,0.32943522809951853,4.5132241776801365,1.0
4,49.30907714711494,0.05948384276174995,12.079624421475732,-0.008508551180481074,0.45017350066149214,5.194236036159678,1.0
4,46.768867337372846,0.06424107348407777,11.84651145731941,-0.0022712952950320804,0.31864601063561016,1.599586971929884,1.0
4,48.16258434649822,0.05931206850485978,11.671567196749391,-0.006168322943381952,0.24716160259845607,3.524029682400469,0.0
4,47.87826977535376,0.05923700134990037,12.05305670333319,0.003128205878442939,0.5490215791441126,1.6775235681534604,0.0
4,47.44849364930832,0.05816940458508214,10.92818100828549,-0.0006872844353685292,0.5664192386825408,3.5098616025317764,0.0
4,47.85776143159678,0.059712156219529806,11.311752602770786,-0.0021712978928975653,0.37091874362768557,5.087660633747148,1.0
4,48.529077289949896,0.05740339717380838,12.252103224439166,-0.0042859832228083075,0.2908771476984471,3.981252392398355,0.0
4,48.850580861919376,0.06195270308975234,12.095702910381254,-0.005507476634113732,0.4934415481136729,3.8671985131951487,1.0
4,49.66649468564857,0.06506673699639398,11.578999121328012,-0.005846969356820573,0.5479960315804813,1.9812659482726143,0.0
4,50.522983857753765,0.060327671717419304,10.586869556592768,-0.0005523408099829119,0.5013269906627527,3.8061836851501316,1.0
4,49.47401275797214,0.06256096958307465,12.562616017199804,0.007251938231462628,0.4029127530984503,4.374001399178442,1.0
4,47.98590591683628,0.06574191982169011,11.358842129581605,-0.0016490543643436616,0.30473339348934725,3.0201902282743087,0.0
4,48.81676118965083,0.06327282015238474,11.722764359472647,-0.004767357368969455,0.31507769105450206,4.380645871078991,1.0
4,49.49855273403375,0.06265479688004583,12.673750943719616,0.0028018284344167982,0.33894822101185096,2.5266462241359315,1.0
4,49.661168058248805,0.0669984931723863,12.209458130503505,0.0011570175926231766,0.47879966314884237,3.8286082825421266,1.0
4,49.24726005745982,0.06183291058705137,11.832943965350681,-0.00800327519303069,0.4062595366892938,3.2499286875081723,1.0
4,46.97637832274092,0.061139145893653754,11.726424999388655,0.011581052986692028,0.5875233293681106,2.150328111369735,1.0
4,49.477229389171676,0.06143956929949607,11.837878071302807,0.0029821836176816495,0.5371464338216192,4.4931432340544255,1.0
4,48.229071064265995,0.061360581174379925,12.276817610926042,-0.004250117028479315,0.48874669497736944,4.233603507714425,0.0
4,49.265674516143235,0.06446029773844797,11.8277764024735,-0.00920402358322112,0.32532597074091774,2.309592438059099,0.0
4,46.750518121375485,0.060279430510004464,11.558177764022043,0.0045425760836034805,0.4807512014244842,1.733347712776019,0.0
4,49.02726752277579,0.0642888754663109,11.751351446561348,0.0007741120715626597,0.5013997586199123,4.097078502938253,1.0
4,47.958089122193016,0.06585778085048594,11.458362189261422,-0.0026757646073479586,0.22822326271880272,4.237854213547851,1.0
4,48.62462605183927,0.06372202207137004,11.508309527556102,-0.0038999468373126307,0.2478880515081107,2.9950077764019825,0.0
4,47.80343064916019,0.062202374086515994,12.157996923182722,-0.003919806225581977,0.5838264361822302,2.6150106080967683,1.0
4,49.2667048027701,0.06449739780107733,11.826439473121145,-0.005357540060433985,0.41121656302673615,4.040670805578424,0.0
4,48.88488372040576,0.06303854026198492,11.731796260838614,0.003923348899709585,0.4827775671622745,4.835350186421255,0.0
4,48.53719535197551,0.06356733005204135,12.330022084080593,-0.0070441179003918565,0.3187464218726743,1.9342685606022005,0.0
4,47.85581514736806,0.06072737635247735,13.275331020699232,-0.0009736079314282805,0.31967686583970023,4.785369346492624,0.0
4,50.399583050989925,0.06659940651064644,11.230956949681428,0.0033652179034969875,0.4421031973160492,5.568988623376114,0.0
4,49.064086925323906,0.06734716462936155,12.16912650441227,0.0021179134765495484,0.5928788866323587,2.474345804304638,0.0
4,50.05521150977664,0.06688212685500673,11.518816008594191,0.0003804416517709784,0.41827609451500564,3.4756085360029325,0.0
4,49.201691260999084,0.06322819028059935,11.658018771040776,-0.005405426462106182,0.3013316742983284,3.6735079492747564,1.0
4,47.66693430440216,0.06671507339850204,13.170870333280961,-0.0006672233949783815,0.15324348644932143,2.120370485847284,1.0
4,47.67859839211657,0.06751703468614685,12.057499764618534,-0.0014742837213935758,0.3067790471246573,3.426749295061058,1.0
4,50.13599193165777,0.06553255158426646,12.317662296652308,-0.0003737934204328798,0.5193090163195304,3.9762569278028956,0.0
4,48.32639981426848,0.06541759907797118,12.258010089004916,0.005315343149214382,0.3145273071870444,5.655691725623431,1.0
4,48.2566787575299,0.06675367608752394,11.575439071849042,-0.007384797379912528,0.2764440236431156,2.0501473138679267,1.0
4,48.82936145734342,0.06753391108007722,12.709109398788124,0.009289281799796285,0.4109970240548749,3.4800673438054854,0.0
4,49.30038623616699,0.06662215729531074,12.287526755112774,0.0011041238613170396,0.25058186682398004,2.977957012850334,1.0
4,49.826511777365674,0.06529926381080678,11.392591879119333,0.004884474262133657,0.6381603156073583,5.881040390723413,1.0
4,47.52477408765359,0.06823635304059644,12.810155889540509,0.005131261494026408,0.48383142485850295,2.579409637525296,0.0
4,48.284147200653024,0.06858549603591238,11.869093442325635,0.0005367976869387588,0.34754959283599096,2.4103931963704106,0.0
4,48.64531595486967,0.07094036048172242,12.037527878296874,-0.005508382104848675,0.63032248589519,2.1189545554552938,0.0
4,49.72681864482041,0.06468143935392719,12.119702932016391,0.0009992275310282104,0.238942863293938,4.190486408487565,0.0
4,49.363559772281846,0.06750539301655256,12.403836873667652,0.0006144727828804295,0.6167107272463932,2.6481345837064905,1.0
4,49.968829250219926,0.06936583684750702,11.941117680536708,0.014960414953078363,0.25854547234185243,3.647122880084666,1.0
4,49.24261266401235,0.06745444447001678,12.20882639180275,-0.003813556011135481,0.21672924012796285,3.370498561684378,0.0
4,49.18225216124527,0.06864165092901399,12.324308876373573,0.0032897620585185545,0.2970553079186755,5.5687909386127545,1.0
4,49.71540185215188,0.07004873392151059,11.474202786555862,-0.00449817218795413,0.3888240204853094,2.8420760058586287,0.0
4,48.501717313787935,0.06996733313029893,11.458795773911095,0.004839892655990789,0.19675112965812708,3.077622844710653,0.0
4,51.96845445464503,0.06933462494299593,11.185542675704088,-0.005142695253643862,0.4726899527621174,2.9963579849919273,0.0
4,50.68320324331546,0.06957926474789239,11.322618728137678,-0.01388590811609247,0.5351303790724771,2.8010773517604557,1.0
4,49.69294230035797,0.07354760183303623,11.900382760726604,0.003907077216569932,0.43702135623034877,5.7851170537594285,1.0
4,49.234058593753666,0.06885562038708326,12.727849523789887,-0.0040853342105138385,0.37419033875083774,5.818085412272817,0.0
4,48.45782811913893,0.07186281533691379,12.046619578611036,0.0009540194978545665,0.26400892121573116,4.674061164857601,1.0
4,50.294978362414774,0.06876243587431063,11.8162228522225,0.005713130371994211,0.26972785314187725,4.580025384799871,1.0
4,52.013058014728614,0.07154260312748831,12.78025508343574,0.00048145479428913406,0.6963397868123531,4.352240494811946,0.0
